family,source,measure,value,unit,comparator,n,window,scope_note,dataset_release_id
alfa-romeo-147,DVSA vehicle safety recalls,recall_campaigns_listed,9,campaigns,,,register as published (snapshot 2026-07-30),matched by make and model; more campaigns do not by themselves mean a less reliable car,motriskindex-families-2024-v5
alfa-romeo-147,RDW APK,inspection_fail_pct,73.1,percent,national average 50.8%,2091,2024,"compare only with that country's own average; rulebooks differ, no cross-country difference",motriskindex-families-2024-v5
alfa-romeo-156,DVSA vehicle safety recalls,recall_campaigns_listed,7,campaigns,,,register as published (snapshot 2026-07-30),matched by make and model; more campaigns do not by themselves mean a less reliable car,motriskindex-families-2024-v5
alfa-romeo-156,RDW APK,inspection_fail_pct,75.1,percent,national average 50.8%,920,2024,"compare only with that country's own average; rulebooks differ, no cross-country difference",motriskindex-families-2024-v5
alfa-romeo-159,DVSA vehicle safety recalls,recall_campaigns_listed,4,campaigns,,,register as published (snapshot 2026-07-30),matched by make and model; more campaigns do not by themselves mean a less reliable car,motriskindex-families-2024-v5
alfa-romeo-159,Traficom Katsastus,inspection_fail_pct,49.7,percent,national average 26.3%,733,2024,"compare only with that country's own average; rulebooks differ, no cross-country difference",motriskindex-families-2024-v5
alfa-romeo-159,RDW APK,inspection_fail_pct,68.5,percent,national average 50.8%,2251,2024,"compare only with that country's own average; rulebooks differ, no cross-country difference",motriskindex-families-2024-v5
alfa-romeo-159,Statens vegvesen PKK,inspection_fail_pct,48.0,percent,national average 33.7%,535,2024,"compare only with that country's own average; rulebooks differ, no cross-country difference",motriskindex-families-2024-v5
alfa-romeo-brera,DVSA vehicle safety recalls,recall_campaigns_listed,4,campaigns,,,register as published (snapshot 2026-07-30),matched by make and model; more campaigns do not by themselves mean a less reliable car,motriskindex-families-2024-v5
alfa-romeo-giulia,DVSA vehicle safety recalls,recall_campaigns_listed,12,campaigns,,,register as published (snapshot 2026-07-30),matched by make and model; more campaigns do not by themselves mean a less reliable car,motriskindex-families-2024-v5
alfa-romeo-giulia,RDW APK,inspection_fail_pct,36.6,percent,national average 50.8%,1646,2024,"compare only with that country's own average; rulebooks differ, no cross-country difference",motriskindex-families-2024-v5
alfa-romeo-giulia,NHTSA ODI consumer complaints,complaints_total,195,complaints,,,US model years,"US market, ALFA ROMEO GIULIA and variants, model years 2017-2019 only; a count, not a failure rate",motriskindex-families-2024-v5
alfa-romeo-giulia,NHTSA manufacturer communications,service_bulletins_total,221,bulletins,,,US model years,"US market, ALFA ROMEO GIULIA and variants, model years 2017-2019 only; a count, not a failure rate",motriskindex-families-2024-v5
alfa-romeo-giulietta,Traficom Katsastus,inspection_fail_pct,25.1,percent,national average 26.3%,853,2024,"compare only with that country's own average; rulebooks differ, no cross-country difference",motriskindex-families-2024-v5
alfa-romeo-gt,DVSA vehicle safety recalls,recall_campaigns_listed,4,campaigns,,,register as published (snapshot 2026-07-30),matched by make and model; more campaigns do not by themselves mean a less reliable car,motriskindex-families-2024-v5
alfa-romeo-gt,RDW APK,inspection_fail_pct,68.8,percent,national average 50.8%,999,2024,"compare only with that country's own average; rulebooks differ, no cross-country difference",motriskindex-families-2024-v5
alfa-romeo-mito,DVSA vehicle safety recalls,recall_campaigns_listed,2,campaigns,,,register as published (snapshot 2026-07-30),matched by make and model; more campaigns do not by themselves mean a less reliable car,motriskindex-families-2024-v5
alfa-romeo-spider,DVSA vehicle safety recalls,recall_campaigns_listed,4,campaigns,,,register as published (snapshot 2026-07-30),matched by make and model; more campaigns do not by themselves mean a less reliable car,motriskindex-families-2024-v5
alfa-romeo-spider,RDW APK,inspection_fail_pct,61.1,percent,national average 50.8%,1387,2024,"compare only with that country's own average; rulebooks differ, no cross-country difference",motriskindex-families-2024-v5
alfa-romeo-stelvio,DVSA vehicle safety recalls,recall_campaigns_listed,11,campaigns,,,register as published (snapshot 2026-07-30),matched by make and model; more campaigns do not by themselves mean a less reliable car,motriskindex-families-2024-v5
alfa-romeo-stelvio,RDW APK,inspection_fail_pct,29.3,percent,national average 50.8%,1037,2024,"compare only with that country's own average; rulebooks differ, no cross-country difference",motriskindex-families-2024-v5
alfa-romeo-stelvio,NHTSA ODI consumer complaints,complaints_total,181,complaints,,,US model years,"US market, ALFA ROMEO STELVIO and variants, model years 2018-2022 only; a count, not a failure rate",motriskindex-families-2024-v5
alfa-romeo-stelvio,NHTSA manufacturer communications,service_bulletins_total,271,bulletins,,,US model years,"US market, ALFA ROMEO STELVIO and variants, model years 2018-2022 only; a count, not a failure rate",motriskindex-families-2024-v5
aston-martin-db11,DVSA vehicle safety recalls,recall_campaigns_listed,4,campaigns,,,register as published (snapshot 2026-07-30),matched by make and model; more campaigns do not by themselves mean a less reliable car,motriskindex-families-2024-v5
aston-martin-db7,DVSA vehicle safety recalls,recall_campaigns_listed,6,campaigns,,,register as published (snapshot 2026-07-30),matched by make and model; more campaigns do not by themselves mean a less reliable car,motriskindex-families-2024-v5
aston-martin-db9,DVSA vehicle safety recalls,recall_campaigns_listed,9,campaigns,,,register as published (snapshot 2026-07-30),matched by make and model; more campaigns do not by themselves mean a less reliable car,motriskindex-families-2024-v5
aston-martin-dbs,DVSA vehicle safety recalls,recall_campaigns_listed,8,campaigns,,,register as published (snapshot 2026-07-30),matched by make and model; more campaigns do not by themselves mean a less reliable car,motriskindex-families-2024-v5
aston-martin-v8,DVSA vehicle safety recalls,recall_campaigns_listed,3,campaigns,,,register as published (snapshot 2026-07-30),matched by make and model; more campaigns do not by themselves mean a less reliable car,motriskindex-families-2024-v5
aston-martin-vanquish,DVSA vehicle safety recalls,recall_campaigns_listed,6,campaigns,,,register as published (snapshot 2026-07-30),matched by make and model; more campaigns do not by themselves mean a less reliable car,motriskindex-families-2024-v5
aston-martin-vantage,DVSA vehicle safety recalls,recall_campaigns_listed,16,campaigns,,,register as published (snapshot 2026-07-30),matched by make and model; more campaigns do not by themselves mean a less reliable car,motriskindex-families-2024-v5
audi-a1,DVSA vehicle safety recalls,recall_campaigns_listed,1,campaigns,,,register as published (snapshot 2026-07-30),matched by make and model; more campaigns do not by themselves mean a less reliable car,motriskindex-families-2024-v5
audi-a1,Traficom Katsastus,inspection_fail_pct,19.1,percent,national average 26.3%,1425,2024,"compare only with that country's own average; rulebooks differ, no cross-country difference",motriskindex-families-2024-v5
audi-a1,RDW APK,inspection_fail_pct,38.8,percent,national average 50.8%,29537,2024,"compare only with that country's own average; rulebooks differ, no cross-country difference",motriskindex-families-2024-v5
audi-a1,Statens vegvesen PKK,inspection_fail_pct,32.4,percent,national average 33.7%,4051,2024,"compare only with that country's own average; rulebooks differ, no cross-country difference",motriskindex-families-2024-v5
audi-a2,DVSA vehicle safety recalls,recall_campaigns_listed,2,campaigns,,,register as published (snapshot 2026-07-30),matched by make and model; more campaigns do not by themselves mean a less reliable car,motriskindex-families-2024-v5
audi-a2,RDW APK,inspection_fail_pct,65.6,percent,national average 50.8%,3269,2024,"compare only with that country's own average; rulebooks differ, no cross-country difference",motriskindex-families-2024-v5
audi-a3,DVSA vehicle safety recalls,recall_campaigns_listed,26,campaigns,,,register as published (snapshot 2026-07-30),matched by make and model; more campaigns do not by themselves mean a less reliable car,motriskindex-families-2024-v5
audi-a3,Traficom Katsastus,inspection_fail_pct,21.3,percent,national average 26.3%,17390,2024,"compare only with that country's own average; rulebooks differ, no cross-country difference",motriskindex-families-2024-v5
audi-a3,RDW APK,inspection_fail_pct,44.4,percent,national average 50.8%,63554,2024,"compare only with that country's own average; rulebooks differ, no cross-country difference",motriskindex-families-2024-v5
audi-a3,Statens vegvesen PKK,inspection_fail_pct,34.4,percent,national average 33.7%,19635,2024,"compare only with that country's own average; rulebooks differ, no cross-country difference",motriskindex-families-2024-v5
audi-a3,NHTSA ODI consumer complaints,complaints_total,396,complaints,,,US model years,"US market, AUDI A3, model years 2015-2022 only; a count, not a failure rate",motriskindex-families-2024-v5
audi-a3,NHTSA manufacturer communications,service_bulletins_total,1824,bulletins,,,US model years,"US market, AUDI A3, model years 2015-2022 only; a count, not a failure rate",motriskindex-families-2024-v5
audi-a4,DVSA vehicle safety recalls,recall_campaigns_listed,36,campaigns,,,register as published (snapshot 2026-07-30),matched by make and model; more campaigns do not by themselves mean a less reliable car,motriskindex-families-2024-v5
audi-a4,Traficom Katsastus,inspection_fail_pct,22.5,percent,national average 26.3%,30550,2024,"compare only with that country's own average; rulebooks differ, no cross-country difference",motriskindex-families-2024-v5
audi-a4,RDW APK,inspection_fail_pct,47.3,percent,national average 50.8%,41406,2024,"compare only with that country's own average; rulebooks differ, no cross-country difference",motriskindex-families-2024-v5
audi-a4,Statens vegvesen PKK,inspection_fail_pct,37.4,percent,national average 33.7%,21519,2024,"compare only with that country's own average; rulebooks differ, no cross-country difference",motriskindex-families-2024-v5
audi-a4,NHTSA ODI consumer complaints,complaints_total,332,complaints,,,US model years,"US market, AUDI A4, model years 2015-2022 only; a count, not a failure rate",motriskindex-families-2024-v5
audi-a4,NHTSA manufacturer communications,service_bulletins_total,2366,bulletins,,,US model years,"US market, AUDI A4, model years 2015-2022 only; a count, not a failure rate",motriskindex-families-2024-v5
audi-a5,DVSA vehicle safety recalls,recall_campaigns_listed,24,campaigns,,,register as published (snapshot 2026-07-30),matched by make and model; more campaigns do not by themselves mean a less reliable car,motriskindex-families-2024-v5
audi-a5,Traficom Katsastus,inspection_fail_pct,16.4,percent,national average 26.3%,4722,2024,"compare only with that country's own average; rulebooks differ, no cross-country difference",motriskindex-families-2024-v5
audi-a5,RDW APK,inspection_fail_pct,38.8,percent,national average 50.8%,12661,2024,"compare only with that country's own average; rulebooks differ, no cross-country difference",motriskindex-families-2024-v5
audi-a5,Statens vegvesen PKK,inspection_fail_pct,36.6,percent,national average 33.7%,2206,2024,"compare only with that country's own average; rulebooks differ, no cross-country difference",motriskindex-families-2024-v5
audi-a5,NHTSA ODI consumer complaints,complaints_total,107,complaints,,,US model years,"US market, AUDI A5 and variants, model years 2015-2021 only; a count, not a failure rate",motriskindex-families-2024-v5
audi-a5,NHTSA manufacturer communications,service_bulletins_total,2445,bulletins,,,US model years,"US market, AUDI A5 and variants, model years 2015-2021 only; a count, not a failure rate",motriskindex-families-2024-v5
audi-a6,DVSA vehicle safety recalls,recall_campaigns_listed,36,campaigns,,,register as published (snapshot 2026-07-30),matched by make and model; more campaigns do not by themselves mean a less reliable car,motriskindex-families-2024-v5
audi-a6,Traficom Katsastus,inspection_fail_pct,21.6,percent,national average 26.3%,17745,2024,"compare only with that country's own average; rulebooks differ, no cross-country difference",motriskindex-families-2024-v5
audi-a6,RDW APK,inspection_fail_pct,43.2,percent,national average 50.8%,22104,2024,"compare only with that country's own average; rulebooks differ, no cross-country difference",motriskindex-families-2024-v5
audi-a6,Statens vegvesen PKK,inspection_fail_pct,35.0,percent,national average 33.7%,11256,2024,"compare only with that country's own average; rulebooks differ, no cross-country difference",motriskindex-families-2024-v5
audi-a6,NHTSA ODI consumer complaints,complaints_total,268,complaints,,,US model years,"US market, AUDI A6 and variants, model years 2015-2021 only; a count, not a failure rate",motriskindex-families-2024-v5
audi-a6,NHTSA manufacturer communications,service_bulletins_total,2896,bulletins,,,US model years,"US market, AUDI A6 and variants, model years 2015-2021 only; a count, not a failure rate",motriskindex-families-2024-v5
audi-a7,DVSA vehicle safety recalls,recall_campaigns_listed,14,campaigns,,,register as published (snapshot 2026-07-30),matched by make and model; more campaigns do not by themselves mean a less reliable car,motriskindex-families-2024-v5
audi-a7,Traficom Katsastus,inspection_fail_pct,13.7,percent,national average 26.3%,1051,2024,"compare only with that country's own average; rulebooks differ, no cross-country difference",motriskindex-families-2024-v5
audi-a7,RDW APK,inspection_fail_pct,35.8,percent,national average 50.8%,1539,2024,"compare only with that country's own average; rulebooks differ, no cross-country difference",motriskindex-families-2024-v5
audi-a7,NHTSA ODI consumer complaints,complaints_total,74,complaints,,,US model years,"US market, AUDI A7 and variants, model years 2015-2021 only; a count, not a failure rate",motriskindex-families-2024-v5
audi-a7,NHTSA manufacturer communications,service_bulletins_total,2868,bulletins,,,US model years,"US market, AUDI A7 and variants, model years 2015-2021 only; a count, not a failure rate",motriskindex-families-2024-v5
audi-a8,DVSA vehicle safety recalls,recall_campaigns_listed,24,campaigns,,,register as published (snapshot 2026-07-30),matched by make and model; more campaigns do not by themselves mean a less reliable car,motriskindex-families-2024-v5
audi-a8,Traficom Katsastus,inspection_fail_pct,17.6,percent,national average 26.3%,729,2024,"compare only with that country's own average; rulebooks differ, no cross-country difference",motriskindex-families-2024-v5
audi-a8,RDW APK,inspection_fail_pct,38.1,percent,national average 50.8%,1613,2024,"compare only with that country's own average; rulebooks differ, no cross-country difference",motriskindex-families-2024-v5
audi-a8,Statens vegvesen PKK,inspection_fail_pct,41.8,percent,national average 33.7%,586,2024,"compare only with that country's own average; rulebooks differ, no cross-country difference",motriskindex-families-2024-v5
audi-a8,NHTSA ODI consumer complaints,complaints_total,59,complaints,,,US model years,"US market, AUDI A8 and variants, model years 2015-2019 only; a count, not a failure rate",motriskindex-families-2024-v5
audi-a8,NHTSA manufacturer communications,service_bulletins_total,2021,bulletins,,,US model years,"US market, AUDI A8 and variants, model years 2015-2019 only; a count, not a failure rate",motriskindex-families-2024-v5
audi-e-tron,DVSA vehicle safety recalls,recall_campaigns_listed,16,campaigns,,,register as published (snapshot 2026-07-30),matched by make and model; more campaigns do not by themselves mean a less reliable car,motriskindex-families-2024-v5
audi-e-tron,Traficom Katsastus,inspection_fail_pct,4.5,percent,national average 26.3%,578,2024,"compare only with that country's own average; rulebooks differ, no cross-country difference",motriskindex-families-2024-v5
audi-e-tron,RDW APK,inspection_fail_pct,27.4,percent,national average 50.8%,5870,2024,"compare only with that country's own average; rulebooks differ, no cross-country difference",motriskindex-families-2024-v5
audi-e-tron,Statens vegvesen PKK,inspection_fail_pct,7.5,percent,national average 33.7%,11338,2024,"compare only with that country's own average; rulebooks differ, no cross-country difference",motriskindex-families-2024-v5
audi-e-tron,NHTSA ODI consumer complaints,complaints_total,124,complaints,,,US model years,"US market, AUDI E-TRON and variants, model years 2019-2021 only; a count, not a failure rate",motriskindex-families-2024-v5
audi-e-tron,NHTSA manufacturer communications,service_bulletins_total,1521,bulletins,,,US model years,"US market, AUDI E-TRON and variants, model years 2019-2021 only; a count, not a failure rate",motriskindex-families-2024-v5
audi-q2,DVSA vehicle safety recalls,recall_campaigns_listed,5,campaigns,,,register as published (snapshot 2026-07-30),matched by make and model; more campaigns do not by themselves mean a less reliable car,motriskindex-families-2024-v5
audi-q2,Traficom Katsastus,inspection_fail_pct,4.0,percent,national average 26.3%,996,2024,"compare only with that country's own average; rulebooks differ, no cross-country difference",motriskindex-families-2024-v5
audi-q2,RDW APK,inspection_fail_pct,25.1,percent,national average 50.8%,6041,2024,"compare only with that country's own average; rulebooks differ, no cross-country difference",motriskindex-families-2024-v5
audi-q2,Statens vegvesen PKK,inspection_fail_pct,20.1,percent,national average 33.7%,732,2024,"compare only with that country's own average; rulebooks differ, no cross-country difference",motriskindex-families-2024-v5
audi-q3,DVSA vehicle safety recalls,recall_campaigns_listed,10,campaigns,,,register as published (snapshot 2026-07-30),matched by make and model; more campaigns do not by themselves mean a less reliable car,motriskindex-families-2024-v5
audi-q3,Traficom Katsastus,inspection_fail_pct,14.4,percent,national average 26.3%,2328,2024,"compare only with that country's own average; rulebooks differ, no cross-country difference",motriskindex-families-2024-v5
audi-q3,RDW APK,inspection_fail_pct,29.8,percent,national average 50.8%,11053,2024,"compare only with that country's own average; rulebooks differ, no cross-country difference",motriskindex-families-2024-v5
audi-q3,Statens vegvesen PKK,inspection_fail_pct,31.9,percent,national average 33.7%,3018,2024,"compare only with that country's own average; rulebooks differ, no cross-country difference",motriskindex-families-2024-v5
audi-q3,NHTSA ODI consumer complaints,complaints_total,175,complaints,,,US model years,"US market, AUDI Q3, model years 2015-2021 only; a count, not a failure rate",motriskindex-families-2024-v5
audi-q3,NHTSA manufacturer communications,service_bulletins_total,1552,bulletins,,,US model years,"US market, AUDI Q3, model years 2015-2021 only; a count, not a failure rate",motriskindex-families-2024-v5
audi-q4,DVSA vehicle safety recalls,recall_campaigns_listed,2,campaigns,,,register as published (snapshot 2026-07-30),matched by make and model; more campaigns do not by themselves mean a less reliable car,motriskindex-families-2024-v5
audi-q5,DVSA vehicle safety recalls,recall_campaigns_listed,29,campaigns,,,register as published (snapshot 2026-07-30),matched by make and model; more campaigns do not by themselves mean a less reliable car,motriskindex-families-2024-v5
audi-q5,Traficom Katsastus,inspection_fail_pct,12.5,percent,national average 26.3%,4836,2024,"compare only with that country's own average; rulebooks differ, no cross-country difference",motriskindex-families-2024-v5
audi-q5,RDW APK,inspection_fail_pct,37.0,percent,national average 50.8%,12648,2024,"compare only with that country's own average; rulebooks differ, no cross-country difference",motriskindex-families-2024-v5
audi-q5,Statens vegvesen PKK,inspection_fail_pct,31.0,percent,national average 33.7%,6739,2024,"compare only with that country's own average; rulebooks differ, no cross-country difference",motriskindex-families-2024-v5
audi-q5,NHTSA ODI consumer complaints,complaints_total,611,complaints,,,US model years,"US market, AUDI Q5 and variants, model years 2015-2021 only; a count, not a failure rate",motriskindex-families-2024-v5
audi-q5,NHTSA manufacturer communications,service_bulletins_total,2653,bulletins,,,US model years,"US market, AUDI Q5 and variants, model years 2015-2021 only; a count, not a failure rate",motriskindex-families-2024-v5
audi-q7,DVSA vehicle safety recalls,recall_campaigns_listed,16,campaigns,,,register as published (snapshot 2026-07-30),matched by make and model; more campaigns do not by themselves mean a less reliable car,motriskindex-families-2024-v5
audi-q7,Traficom Katsastus,inspection_fail_pct,22.1,percent,national average 26.3%,2643,2024,"compare only with that country's own average; rulebooks differ, no cross-country difference",motriskindex-families-2024-v5
audi-q7,RDW APK,inspection_fail_pct,37.2,percent,national average 50.8%,5206,2024,"compare only with that country's own average; rulebooks differ, no cross-country difference",motriskindex-families-2024-v5
audi-q7,Statens vegvesen PKK,inspection_fail_pct,25.2,percent,national average 33.7%,2826,2024,"compare only with that country's own average; rulebooks differ, no cross-country difference",motriskindex-families-2024-v5
audi-q7,NHTSA ODI consumer complaints,complaints_total,670,complaints,,,US model years,"US market, AUDI Q7, model years 2015-2021 only; a count, not a failure rate",motriskindex-families-2024-v5
audi-q7,NHTSA manufacturer communications,service_bulletins_total,2722,bulletins,,,US model years,"US market, AUDI Q7, model years 2015-2021 only; a count, not a failure rate",motriskindex-families-2024-v5
audi-q8,DVSA vehicle safety recalls,recall_campaigns_listed,11,campaigns,,,register as published (snapshot 2026-07-30),matched by make and model; more campaigns do not by themselves mean a less reliable car,motriskindex-families-2024-v5
audi-q8,RDW APK,inspection_fail_pct,23.8,percent,national average 50.8%,694,2024,"compare only with that country's own average; rulebooks differ, no cross-country difference",motriskindex-families-2024-v5
audi-q8,NHTSA ODI consumer complaints,complaints_total,166,complaints,,,US model years,"US market, AUDI Q8, model years 2019-2021 only; a count, not a failure rate",motriskindex-families-2024-v5
audi-q8,NHTSA manufacturer communications,service_bulletins_total,1764,bulletins,,,US model years,"US market, AUDI Q8, model years 2019-2021 only; a count, not a failure rate",motriskindex-families-2024-v5
audi-r8,DVSA vehicle safety recalls,recall_campaigns_listed,6,campaigns,,,register as published (snapshot 2026-07-30),matched by make and model; more campaigns do not by themselves mean a less reliable car,motriskindex-families-2024-v5
audi-r8,NHTSA ODI consumer complaints,complaints_total,3,complaints,,,US model years,"US market, AUDI R8 and variants, model years 2015-2020 only; a count, not a failure rate",motriskindex-families-2024-v5
audi-r8,NHTSA manufacturer communications,service_bulletins_total,992,bulletins,,,US model years,"US market, AUDI R8 and variants, model years 2015-2020 only; a count, not a failure rate",motriskindex-families-2024-v5
audi-s3,RDW APK,inspection_fail_pct,35.4,percent,national average 50.8%,1511,2024,"compare only with that country's own average; rulebooks differ, no cross-country difference",motriskindex-families-2024-v5
audi-s3,NHTSA ODI consumer complaints,complaints_total,84,complaints,,,US model years,"US market, AUDI S3, model years 2015-2020 only; a count, not a failure rate",motriskindex-families-2024-v5
audi-s3,NHTSA manufacturer communications,service_bulletins_total,1139,bulletins,,,US model years,"US market, AUDI S3, model years 2015-2020 only; a count, not a failure rate",motriskindex-families-2024-v5
audi-s4,RDW APK,inspection_fail_pct,43.8,percent,national average 50.8%,821,2024,"compare only with that country's own average; rulebooks differ, no cross-country difference",motriskindex-families-2024-v5
audi-s4,NHTSA ODI consumer complaints,complaints_total,28,complaints,,,US model years,"US market, AUDI S4, model years 2015-2021 only; a count, not a failure rate",motriskindex-families-2024-v5
audi-s4,NHTSA manufacturer communications,service_bulletins_total,1692,bulletins,,,US model years,"US market, AUDI S4, model years 2015-2021 only; a count, not a failure rate",motriskindex-families-2024-v5
audi-s5,RDW APK,inspection_fail_pct,31.3,percent,national average 50.8%,1308,2024,"compare only with that country's own average; rulebooks differ, no cross-country difference",motriskindex-families-2024-v5
audi-s5,NHTSA ODI consumer complaints,complaints_total,61,complaints,,,US model years,"US market, AUDI S5, model years 2015-2021 only; a count, not a failure rate",motriskindex-families-2024-v5
audi-s5,NHTSA manufacturer communications,service_bulletins_total,1801,bulletins,,,US model years,"US market, AUDI S5, model years 2015-2021 only; a count, not a failure rate",motriskindex-families-2024-v5
audi-sq5,RDW APK,inspection_fail_pct,28.1,percent,national average 50.8%,1674,2024,"compare only with that country's own average; rulebooks differ, no cross-country difference",motriskindex-families-2024-v5
audi-sq5,NHTSA ODI consumer complaints,complaints_total,82,complaints,,,US model years,"US market, AUDI SQ5, model years 2015-2021 only; a count, not a failure rate",motriskindex-families-2024-v5
audi-sq5,NHTSA manufacturer communications,service_bulletins_total,1587,bulletins,,,US model years,"US market, AUDI SQ5, model years 2015-2021 only; a count, not a failure rate",motriskindex-families-2024-v5
audi-sq7,RDW APK,inspection_fail_pct,28.0,percent,national average 50.8%,675,2024,"compare only with that country's own average; rulebooks differ, no cross-country difference",motriskindex-families-2024-v5
audi-sq7,NHTSA ODI consumer complaints,complaints_total,8,complaints,,,US model years,"US market, AUDI SQ7, model years 2020-2021 only; a count, not a failure rate",motriskindex-families-2024-v5
audi-sq7,NHTSA manufacturer communications,service_bulletins_total,1246,bulletins,,,US model years,"US market, AUDI SQ7, model years 2020-2021 only; a count, not a failure rate",motriskindex-families-2024-v5
audi-tt,DVSA vehicle safety recalls,recall_campaigns_listed,15,campaigns,,,register as published (snapshot 2026-07-30),matched by make and model; more campaigns do not by themselves mean a less reliable car,motriskindex-families-2024-v5
audi-tt,Traficom Katsastus,inspection_fail_pct,21.8,percent,national average 26.3%,919,2024,"compare only with that country's own average; rulebooks differ, no cross-country difference",motriskindex-families-2024-v5
audi-tt,RDW APK,inspection_fail_pct,50.6,percent,national average 50.8%,8004,2024,"compare only with that country's own average; rulebooks differ, no cross-country difference",motriskindex-families-2024-v5
audi-tt,Statens vegvesen PKK,inspection_fail_pct,46.4,percent,national average 33.7%,819,2024,"compare only with that country's own average; rulebooks differ, no cross-country difference",motriskindex-families-2024-v5
audi-tt,NHTSA ODI consumer complaints,complaints_total,2,complaints,,,US model years,"US market, AUDI TT, model year 2016 only; a count, not a failure rate",motriskindex-families-2024-v5
audi-tt,NHTSA manufacturer communications,service_bulletins_total,736,bulletins,,,US model years,"US market, AUDI TT, model year 2016 only; a count, not a failure rate",motriskindex-families-2024-v5
bentley-arnage,DVSA vehicle safety recalls,recall_campaigns_listed,16,campaigns,,,register as published (snapshot 2026-07-30),matched by make and model; more campaigns do not by themselves mean a less reliable car,motriskindex-families-2024-v5
bentley-bentayga,DVSA vehicle safety recalls,recall_campaigns_listed,11,campaigns,,,register as published (snapshot 2026-07-30),matched by make and model; more campaigns do not by themselves mean a less reliable car,motriskindex-families-2024-v5
bentley-bentayga,NHTSA ODI consumer complaints,complaints_total,11,complaints,,,US model years,"US market, BENTLEY BENTAYGA, model years 2017-2019 only; a count, not a failure rate",motriskindex-families-2024-v5
bentley-bentayga,NHTSA manufacturer communications,service_bulletins_total,832,bulletins,,,US model years,"US market, BENTLEY BENTAYGA, model years 2017-2019 only; a count, not a failure rate",motriskindex-families-2024-v5
bentley-continental,DVSA vehicle safety recalls,recall_campaigns_listed,35,campaigns,,,register as published (snapshot 2026-07-30),matched by make and model; more campaigns do not by themselves mean a less reliable car,motriskindex-families-2024-v5
bentley-continental,RDW APK,inspection_fail_pct,27.9,percent,national average 50.8%,897,2024,"compare only with that country's own average; rulebooks differ, no cross-country difference",motriskindex-families-2024-v5
bentley-continental,NHTSA ODI consumer complaints,complaints_total,6,complaints,,,US model years,"US market, BENTLEY CONTINENTAL GT and variants, model years 2015-2021 only; a count, not a failure rate",motriskindex-families-2024-v5
bentley-continental,NHTSA manufacturer communications,service_bulletins_total,1062,bulletins,,,US model years,"US market, BENTLEY CONTINENTAL GT and variants, model years 2015-2021 only; a count, not a failure rate",motriskindex-families-2024-v5
bmw-3-series,DVSA vehicle safety recalls,recall_campaigns_listed,121,campaigns,,,register as published (snapshot 2026-07-30),matched by make and model; more campaigns do not by themselves mean a less reliable car,motriskindex-families-2024-v5
bmw-3-series,Traficom Katsastus,inspection_fail_pct,32.1,percent,national average 26.3%,30097,2024,"compare only with that country's own average; rulebooks differ, no cross-country difference",motriskindex-families-2024-v5
bmw-3-series,RDW APK,inspection_fail_pct,49.2,percent,national average 50.8%,70874,2024,"compare only with that country's own average; rulebooks differ, no cross-country difference",motriskindex-families-2024-v5
bmw-3-series,Statens vegvesen PKK,inspection_fail_pct,48.2,percent,national average 33.7%,1305,2024,"compare only with that country's own average; rulebooks differ, no cross-country difference",motriskindex-families-2024-v5
bmw-3-series,NHTSA ODI consumer complaints,complaints_total,357,complaints,,,US model years,"US market, BMW 3 SERIES and variants, model years 2015-2022 only; a count, not a failure rate",motriskindex-families-2024-v5
bmw-3-series,NHTSA manufacturer communications,service_bulletins_total,840,bulletins,,,US model years,"US market, BMW 3 SERIES and variants, model years 2015-2022 only; a count, not a failure rate",motriskindex-families-2024-v5
bmw-i3,DVSA vehicle safety recalls,recall_campaigns_listed,7,campaigns,,,register as published (snapshot 2026-07-30),matched by make and model; more campaigns do not by themselves mean a less reliable car,motriskindex-families-2024-v5
bmw-i3,Traficom Katsastus,inspection_fail_pct,10.5,percent,national average 26.3%,581,2024,"compare only with that country's own average; rulebooks differ, no cross-country difference",motriskindex-families-2024-v5
bmw-i3,Statens vegvesen PKK,inspection_fail_pct,33.9,percent,national average 33.7%,2581,2024,"compare only with that country's own average; rulebooks differ, no cross-country difference",motriskindex-families-2024-v5
bmw-i3,NHTSA ODI consumer complaints,complaints_total,159,complaints,,,US model years,"US market, BMW I3 and variants, model years 2015-2019 only; a count, not a failure rate",motriskindex-families-2024-v5
bmw-i3,NHTSA manufacturer communications,service_bulletins_total,312,bulletins,,,US model years,"US market, BMW I3 and variants, model years 2015-2019 only; a count, not a failure rate",motriskindex-families-2024-v5
bmw-i8,DVSA vehicle safety recalls,recall_campaigns_listed,6,campaigns,,,register as published (snapshot 2026-07-30),matched by make and model; more campaigns do not by themselves mean a less reliable car,motriskindex-families-2024-v5
bmw-i8,NHTSA ODI consumer complaints,complaints_total,9,complaints,,,US model years,"US market, BMW I8 and variants, model years 2015-2020 only; a count, not a failure rate",motriskindex-families-2024-v5
bmw-i8,NHTSA manufacturer communications,service_bulletins_total,232,bulletins,,,US model years,"US market, BMW I8 and variants, model years 2015-2020 only; a count, not a failure rate",motriskindex-families-2024-v5
bmw-ix3,DVSA vehicle safety recalls,recall_campaigns_listed,5,campaigns,,,register as published (snapshot 2026-07-30),matched by make and model; more campaigns do not by themselves mean a less reliable car,motriskindex-families-2024-v5
bmw-m2,DVSA vehicle safety recalls,recall_campaigns_listed,4,campaigns,,,register as published (snapshot 2026-07-30),matched by make and model; more campaigns do not by themselves mean a less reliable car,motriskindex-families-2024-v5
bmw-m2,NHTSA ODI consumer complaints,complaints_total,28,complaints,,,US model years,"US market, BMW M2 and variants, model years 2016-2021 only; a count, not a failure rate",motriskindex-families-2024-v5
bmw-m2,NHTSA manufacturer communications,service_bulletins_total,275,bulletins,,,US model years,"US market, BMW M2 and variants, model years 2016-2021 only; a count, not a failure rate",motriskindex-families-2024-v5
bmw-m3,DVSA vehicle safety recalls,recall_campaigns_listed,14,campaigns,,,register as published (snapshot 2026-07-30),matched by make and model; more campaigns do not by themselves mean a less reliable car,motriskindex-families-2024-v5
bmw-m3,NHTSA ODI consumer complaints,complaints_total,25,complaints,,,US model years,"US market, BMW M3, model years 2015-2022 only; a count, not a failure rate",motriskindex-families-2024-v5
bmw-m3,NHTSA manufacturer communications,service_bulletins_total,304,bulletins,,,US model years,"US market, BMW M3, model years 2015-2022 only; a count, not a failure rate",motriskindex-families-2024-v5
bmw-m4,DVSA vehicle safety recalls,recall_campaigns_listed,13,campaigns,,,register as published (snapshot 2026-07-30),matched by make and model; more campaigns do not by themselves mean a less reliable car,motriskindex-families-2024-v5
bmw-m4,RDW APK,inspection_fail_pct,22.9,percent,national average 50.8%,507,2024,"compare only with that country's own average; rulebooks differ, no cross-country difference",motriskindex-families-2024-v5
bmw-m4,NHTSA ODI consumer complaints,complaints_total,46,complaints,,,US model years,"US market, BMW M4 and variants, model years 2015-2022 only; a count, not a failure rate",motriskindex-families-2024-v5
bmw-m4,NHTSA manufacturer communications,service_bulletins_total,330,bulletins,,,US model years,"US market, BMW M4 and variants, model years 2015-2022 only; a count, not a failure rate",motriskindex-families-2024-v5
bmw-m5,DVSA vehicle safety recalls,recall_campaigns_listed,11,campaigns,,,register as published (snapshot 2026-07-30),matched by make and model; more campaigns do not by themselves mean a less reliable car,motriskindex-families-2024-v5
bmw-m5,RDW APK,inspection_fail_pct,27.3,percent,national average 50.8%,662,2024,"compare only with that country's own average; rulebooks differ, no cross-country difference",motriskindex-families-2024-v5
bmw-m5,NHTSA ODI consumer complaints,complaints_total,21,complaints,,,US model years,"US market, BMW M5, model years 2015-2022 only; a count, not a failure rate",motriskindex-families-2024-v5
bmw-m5,NHTSA manufacturer communications,service_bulletins_total,474,bulletins,,,US model years,"US market, BMW M5, model years 2015-2022 only; a count, not a failure rate",motriskindex-families-2024-v5
bmw-m6,DVSA vehicle safety recalls,recall_campaigns_listed,3,campaigns,,,register as published (snapshot 2026-07-30),matched by make and model; more campaigns do not by themselves mean a less reliable car,motriskindex-families-2024-v5
bmw-m6,NHTSA ODI consumer complaints,complaints_total,6,complaints,,,US model years,"US market, BMW M6, model years 2016-2018 only; a count, not a failure rate",motriskindex-families-2024-v5
bmw-m6,NHTSA manufacturer communications,service_bulletins_total,223,bulletins,,,US model years,"US market, BMW M6, model years 2016-2018 only; a count, not a failure rate",motriskindex-families-2024-v5
bmw-x1,DVSA vehicle safety recalls,recall_campaigns_listed,42,campaigns,,,register as published (snapshot 2026-07-30),matched by make and model; more campaigns do not by themselves mean a less reliable car,motriskindex-families-2024-v5
bmw-x1,Traficom Katsastus,inspection_fail_pct,24.7,percent,national average 26.3%,3560,2024,"compare only with that country's own average; rulebooks differ, no cross-country difference",motriskindex-families-2024-v5
bmw-x1,RDW APK,inspection_fail_pct,28.5,percent,national average 50.8%,13976,2024,"compare only with that country's own average; rulebooks differ, no cross-country difference",motriskindex-families-2024-v5
bmw-x1,Statens vegvesen PKK,inspection_fail_pct,27.5,percent,national average 33.7%,10772,2024,"compare only with that country's own average; rulebooks differ, no cross-country difference",motriskindex-families-2024-v5
bmw-x1,NHTSA ODI consumer complaints,complaints_total,514,complaints,,,US model years,"US market, BMW X1 and variants, model years 2015-2022 only; a count, not a failure rate",motriskindex-families-2024-v5
bmw-x1,NHTSA manufacturer communications,service_bulletins_total,362,bulletins,,,US model years,"US market, BMW X1 and variants, model years 2015-2022 only; a count, not a failure rate",motriskindex-families-2024-v5
bmw-x2,DVSA vehicle safety recalls,recall_campaigns_listed,9,campaigns,,,register as published (snapshot 2026-07-30),matched by make and model; more campaigns do not by themselves mean a less reliable car,motriskindex-families-2024-v5
bmw-x2,RDW APK,inspection_fail_pct,22.6,percent,national average 50.8%,1960,2024,"compare only with that country's own average; rulebooks differ, no cross-country difference",motriskindex-families-2024-v5
bmw-x2,Statens vegvesen PKK,inspection_fail_pct,11.2,percent,national average 33.7%,767,2024,"compare only with that country's own average; rulebooks differ, no cross-country difference",motriskindex-families-2024-v5
bmw-x2,NHTSA ODI consumer complaints,complaints_total,21,complaints,,,US model years,"US market, BMW X2, model years 2018-2022 only; a count, not a failure rate",motriskindex-families-2024-v5
bmw-x2,NHTSA manufacturer communications,service_bulletins_total,121,bulletins,,,US model years,"US market, BMW X2, model years 2018-2022 only; a count, not a failure rate",motriskindex-families-2024-v5
bmw-x3,DVSA vehicle safety recalls,recall_campaigns_listed,57,campaigns,,,register as published (snapshot 2026-07-30),matched by make and model; more campaigns do not by themselves mean a less reliable car,motriskindex-families-2024-v5
bmw-x3,Traficom Katsastus,inspection_fail_pct,22.8,percent,national average 26.3%,5867,2024,"compare only with that country's own average; rulebooks differ, no cross-country difference",motriskindex-families-2024-v5
bmw-x3,RDW APK,inspection_fail_pct,30.5,percent,national average 50.8%,9236,2024,"compare only with that country's own average; rulebooks differ, no cross-country difference",motriskindex-families-2024-v5
bmw-x3,Statens vegvesen PKK,inspection_fail_pct,33.4,percent,national average 33.7%,12985,2024,"compare only with that country's own average; rulebooks differ, no cross-country difference",motriskindex-families-2024-v5
bmw-x3,NHTSA ODI consumer complaints,complaints_total,820,complaints,,,US model years,"US market, BMW X3 and variants, model years 2015-2022 only; a count, not a failure rate",motriskindex-families-2024-v5
bmw-x3,NHTSA manufacturer communications,service_bulletins_total,715,bulletins,,,US model years,"US market, BMW X3 and variants, model years 2015-2022 only; a count, not a failure rate",motriskindex-families-2024-v5
bmw-x4,DVSA vehicle safety recalls,recall_campaigns_listed,24,campaigns,,,register as published (snapshot 2026-07-30),matched by make and model; more campaigns do not by themselves mean a less reliable car,motriskindex-families-2024-v5
bmw-x4,Traficom Katsastus,inspection_fail_pct,19.4,percent,national average 26.3%,793,2024,"compare only with that country's own average; rulebooks differ, no cross-country difference",motriskindex-families-2024-v5
bmw-x4,RDW APK,inspection_fail_pct,25.3,percent,national average 50.8%,1844,2024,"compare only with that country's own average; rulebooks differ, no cross-country difference",motriskindex-families-2024-v5
bmw-x4,Statens vegvesen PKK,inspection_fail_pct,28.4,percent,national average 33.7%,701,2024,"compare only with that country's own average; rulebooks differ, no cross-country difference",motriskindex-families-2024-v5
bmw-x4,NHTSA ODI consumer complaints,complaints_total,77,complaints,,,US model years,"US market, BMW X4 and variants, model years 2015-2022 only; a count, not a failure rate",motriskindex-families-2024-v5
bmw-x4,NHTSA manufacturer communications,service_bulletins_total,505,bulletins,,,US model years,"US market, BMW X4 and variants, model years 2015-2022 only; a count, not a failure rate",motriskindex-families-2024-v5
bmw-x5,DVSA vehicle safety recalls,recall_campaigns_listed,70,campaigns,,,register as published (snapshot 2026-07-30),matched by make and model; more campaigns do not by themselves mean a less reliable car,motriskindex-families-2024-v5
bmw-x5,Traficom Katsastus,inspection_fail_pct,23.2,percent,national average 26.3%,5585,2024,"compare only with that country's own average; rulebooks differ, no cross-country difference",motriskindex-families-2024-v5
bmw-x5,RDW APK,inspection_fail_pct,34.4,percent,national average 50.8%,9010,2024,"compare only with that country's own average; rulebooks differ, no cross-country difference",motriskindex-families-2024-v5
bmw-x5,Statens vegvesen PKK,inspection_fail_pct,31.2,percent,national average 33.7%,9265,2024,"compare only with that country's own average; rulebooks differ, no cross-country difference",motriskindex-families-2024-v5
bmw-x5,NHTSA ODI consumer complaints,complaints_total,848,complaints,,,US model years,"US market, BMW X5 and variants, model years 2015-2022 only; a count, not a failure rate",motriskindex-families-2024-v5
bmw-x5,NHTSA manufacturer communications,service_bulletins_total,1007,bulletins,,,US model years,"US market, BMW X5 and variants, model years 2015-2022 only; a count, not a failure rate",motriskindex-families-2024-v5
bmw-x6,DVSA vehicle safety recalls,recall_campaigns_listed,30,campaigns,,,register as published (snapshot 2026-07-30),matched by make and model; more campaigns do not by themselves mean a less reliable car,motriskindex-families-2024-v5
bmw-x6,Traficom Katsastus,inspection_fail_pct,23.1,percent,national average 26.3%,1013,2024,"compare only with that country's own average; rulebooks differ, no cross-country difference",motriskindex-families-2024-v5
bmw-x6,RDW APK,inspection_fail_pct,36.6,percent,national average 50.8%,1116,2024,"compare only with that country's own average; rulebooks differ, no cross-country difference",motriskindex-families-2024-v5
bmw-x6,Statens vegvesen PKK,inspection_fail_pct,39.4,percent,national average 33.7%,581,2024,"compare only with that country's own average; rulebooks differ, no cross-country difference",motriskindex-families-2024-v5
bmw-x6,NHTSA ODI consumer complaints,complaints_total,51,complaints,,,US model years,"US market, BMW X6 and variants, model years 2015-2022 only; a count, not a failure rate",motriskindex-families-2024-v5
bmw-x6,NHTSA manufacturer communications,service_bulletins_total,581,bulletins,,,US model years,"US market, BMW X6 and variants, model years 2015-2022 only; a count, not a failure rate",motriskindex-families-2024-v5
bmw-x7,DVSA vehicle safety recalls,recall_campaigns_listed,12,campaigns,,,register as published (snapshot 2026-07-30),matched by make and model; more campaigns do not by themselves mean a less reliable car,motriskindex-families-2024-v5
bmw-x7,NHTSA ODI consumer complaints,complaints_total,167,complaints,,,US model years,"US market, BMW X7, model years 2019-2022 only; a count, not a failure rate",motriskindex-families-2024-v5
bmw-x7,NHTSA manufacturer communications,service_bulletins_total,500,bulletins,,,US model years,"US market, BMW X7, model years 2019-2022 only; a count, not a failure rate",motriskindex-families-2024-v5
bmw-z3,RDW APK,inspection_fail_pct,59.2,percent,national average 50.8%,1988,2024,"compare only with that country's own average; rulebooks differ, no cross-country difference",motriskindex-families-2024-v5
bmw-z4,DVSA vehicle safety recalls,recall_campaigns_listed,14,campaigns,,,register as published (snapshot 2026-07-30),matched by make and model; more campaigns do not by themselves mean a less reliable car,motriskindex-families-2024-v5
bmw-z4,Traficom Katsastus,inspection_fail_pct,12.3,percent,national average 26.3%,620,2024,"compare only with that country's own average; rulebooks differ, no cross-country difference",motriskindex-families-2024-v5
bmw-z4,RDW APK,inspection_fail_pct,30.7,percent,national average 50.8%,2942,2024,"compare only with that country's own average; rulebooks differ, no cross-country difference",motriskindex-families-2024-v5
bmw-z4,NHTSA ODI consumer complaints,complaints_total,21,complaints,,,US model years,"US market, BMW Z4 and variants, model years 2015-2022 only; a count, not a failure rate",motriskindex-families-2024-v5
bmw-z4,NHTSA manufacturer communications,service_bulletins_total,332,bulletins,,,US model years,"US market, BMW Z4 and variants, model years 2015-2022 only; a count, not a failure rate",motriskindex-families-2024-v5
caterham-seven,DVSA vehicle safety recalls,recall_campaigns_listed,1,campaigns,,,register as published (snapshot 2026-07-30),matched by make and model; more campaigns do not by themselves mean a less reliable car,motriskindex-families-2024-v5
chevrolet-aveo,DVSA vehicle safety recalls,recall_campaigns_listed,4,campaigns,,,register as published (snapshot 2026-07-30),matched by make and model; more campaigns do not by themselves mean a less reliable car,motriskindex-families-2024-v5
chevrolet-aveo,Traficom Katsastus,inspection_fail_pct,50.1,percent,national average 26.3%,1508,2024,"compare only with that country's own average; rulebooks differ, no cross-country difference",motriskindex-families-2024-v5
chevrolet-aveo,RDW APK,inspection_fail_pct,64.5,percent,national average 50.8%,7866,2024,"compare only with that country's own average; rulebooks differ, no cross-country difference",motriskindex-families-2024-v5
chevrolet-captiva,DVSA vehicle safety recalls,recall_campaigns_listed,6,campaigns,,,register as published (snapshot 2026-07-30),matched by make and model; more campaigns do not by themselves mean a less reliable car,motriskindex-families-2024-v5
chevrolet-captiva,Traficom Katsastus,inspection_fail_pct,41.9,percent,national average 26.3%,554,2024,"compare only with that country's own average; rulebooks differ, no cross-country difference",motriskindex-families-2024-v5
chevrolet-captiva,RDW APK,inspection_fail_pct,72.5,percent,national average 50.8%,1338,2024,"compare only with that country's own average; rulebooks differ, no cross-country difference",motriskindex-families-2024-v5
chevrolet-cruze,DVSA vehicle safety recalls,recall_campaigns_listed,9,campaigns,,,register as published (snapshot 2026-07-30),matched by make and model; more campaigns do not by themselves mean a less reliable car,motriskindex-families-2024-v5
chevrolet-cruze,Traficom Katsastus,inspection_fail_pct,29.0,percent,national average 26.3%,2421,2024,"compare only with that country's own average; rulebooks differ, no cross-country difference",motriskindex-families-2024-v5
chevrolet-cruze,RDW APK,inspection_fail_pct,59.6,percent,national average 50.8%,1259,2024,"compare only with that country's own average; rulebooks differ, no cross-country difference",motriskindex-families-2024-v5
chevrolet-cruze,NHTSA ODI consumer complaints,complaints_total,252,complaints,,,US model years,"US market, CHEVROLET CRUZE, model year 2015 only; a count, not a failure rate",motriskindex-families-2024-v5
chevrolet-cruze,NHTSA manufacturer communications,service_bulletins_total,1556,bulletins,,,US model years,"US market, CHEVROLET CRUZE, model year 2015 only; a count, not a failure rate",motriskindex-families-2024-v5
chevrolet-kalos,DVSA vehicle safety recalls,recall_campaigns_listed,1,campaigns,,,register as published (snapshot 2026-07-30),matched by make and model; more campaigns do not by themselves mean a less reliable car,motriskindex-families-2024-v5
chevrolet-kalos,Traficom Katsastus,inspection_fail_pct,55.3,percent,national average 26.3%,913,2024,"compare only with that country's own average; rulebooks differ, no cross-country difference",motriskindex-families-2024-v5
chevrolet-kalos,RDW APK,inspection_fail_pct,72.4,percent,national average 50.8%,3224,2024,"compare only with that country's own average; rulebooks differ, no cross-country difference",motriskindex-families-2024-v5
chevrolet-lacetti,DVSA vehicle safety recalls,recall_campaigns_listed,2,campaigns,,,register as published (snapshot 2026-07-30),matched by make and model; more campaigns do not by themselves mean a less reliable car,motriskindex-families-2024-v5
chevrolet-matiz,DVSA vehicle safety recalls,recall_campaigns_listed,5,campaigns,,,register as published (snapshot 2026-07-30),matched by make and model; more campaigns do not by themselves mean a less reliable car,motriskindex-families-2024-v5
chevrolet-matiz,RDW APK,inspection_fail_pct,68.0,percent,national average 50.8%,8645,2024,"compare only with that country's own average; rulebooks differ, no cross-country difference",motriskindex-families-2024-v5
chevrolet-orlando,DVSA vehicle safety recalls,recall_campaigns_listed,6,campaigns,,,register as published (snapshot 2026-07-30),matched by make and model; more campaigns do not by themselves mean a less reliable car,motriskindex-families-2024-v5
chevrolet-spark,DVSA vehicle safety recalls,recall_campaigns_listed,9,campaigns,,,register as published (snapshot 2026-07-30),matched by make and model; more campaigns do not by themselves mean a less reliable car,motriskindex-families-2024-v5
chevrolet-spark,RDW APK,inspection_fail_pct,63.1,percent,national average 50.8%,17217,2024,"compare only with that country's own average; rulebooks differ, no cross-country difference",motriskindex-families-2024-v5
chevrolet-spark,NHTSA ODI consumer complaints,complaints_total,83,complaints,,,US model years,"US market, CHEVROLET SPARK, model year 2015 only; a count, not a failure rate",motriskindex-families-2024-v5
chevrolet-spark,NHTSA manufacturer communications,service_bulletins_total,1402,bulletins,,,US model years,"US market, CHEVROLET SPARK, model year 2015 only; a count, not a failure rate",motriskindex-families-2024-v5
chevrolet-trax,DVSA vehicle safety recalls,recall_campaigns_listed,3,campaigns,,,register as published (snapshot 2026-07-30),matched by make and model; more campaigns do not by themselves mean a less reliable car,motriskindex-families-2024-v5
chevrolet-trax,NHTSA ODI consumer complaints,complaints_total,687,complaints,,,US model years,"US market, CHEVROLET TRAX, model years 2015-2022 only; a count, not a failure rate",motriskindex-families-2024-v5
chevrolet-trax,NHTSA manufacturer communications,service_bulletins_total,1728,bulletins,,,US model years,"US market, CHEVROLET TRAX, model years 2015-2022 only; a count, not a failure rate",motriskindex-families-2024-v5
chrysler-300,DVSA vehicle safety recalls,recall_campaigns_listed,18,campaigns,,,register as published (snapshot 2026-07-30),matched by make and model; more campaigns do not by themselves mean a less reliable car,motriskindex-families-2024-v5
chrysler-300,NHTSA ODI consumer complaints,complaints_total,504,complaints,,,US model years,"US market, CHRYSLER 300, model years 2015-2022 only; a count, not a failure rate",motriskindex-families-2024-v5
chrysler-300,NHTSA manufacturer communications,service_bulletins_total,794,bulletins,,,US model years,"US market, CHRYSLER 300, model years 2015-2022 only; a count, not a failure rate",motriskindex-families-2024-v5
chrysler-grand,DVSA vehicle safety recalls,recall_campaigns_listed,23,campaigns,,,register as published (snapshot 2026-07-30),matched by make and model; more campaigns do not by themselves mean a less reliable car,motriskindex-families-2024-v5
chrysler-grand,Traficom Katsastus,inspection_fail_pct,56.7,percent,national average 26.3%,1029,2024,"compare only with that country's own average; rulebooks differ, no cross-country difference",motriskindex-families-2024-v5
chrysler-grand,RDW APK,inspection_fail_pct,68.7,percent,national average 50.8%,994,2024,"compare only with that country's own average; rulebooks differ, no cross-country difference",motriskindex-families-2024-v5
chrysler-jeep-300,DVSA vehicle safety recalls,recall_campaigns_listed,18,campaigns,,,register as published (snapshot 2026-07-30),matched by make and model; more campaigns do not by themselves mean a less reliable car,motriskindex-families-2024-v5
chrysler-jeep-cherokee,DVSA vehicle safety recalls,recall_campaigns_listed,85,campaigns,,,register as published (snapshot 2026-07-30),matched by make and model; more campaigns do not by themselves mean a less reliable car,motriskindex-families-2024-v5
chrysler-jeep-grand,DVSA vehicle safety recalls,recall_campaigns_listed,61,campaigns,,,register as published (snapshot 2026-07-30),matched by make and model; more campaigns do not by themselves mean a less reliable car,motriskindex-families-2024-v5
chrysler-pt,DVSA vehicle safety recalls,recall_campaigns_listed,4,campaigns,,,register as published (snapshot 2026-07-30),matched by make and model; more campaigns do not by themselves mean a less reliable car,motriskindex-families-2024-v5
chrysler-pt,RDW APK,inspection_fail_pct,69.9,percent,national average 50.8%,1311,2024,"compare only with that country's own average; rulebooks differ, no cross-country difference",motriskindex-families-2024-v5
chrysler-ypsilon,DVSA vehicle safety recalls,recall_campaigns_listed,4,campaigns,,,register as published (snapshot 2026-07-30),matched by make and model; more campaigns do not by themselves mean a less reliable car,motriskindex-families-2024-v5
citroen-berlingo,DVSA vehicle safety recalls,recall_campaigns_listed,51,campaigns,,,register as published (snapshot 2026-07-30),matched by make and model; more campaigns do not by themselves mean a less reliable car,motriskindex-families-2024-v5
citroen-berlingo,Traficom Katsastus,inspection_fail_pct,32.0,percent,national average 26.3%,2083,2024,"compare only with that country's own average; rulebooks differ, no cross-country difference",motriskindex-families-2024-v5
citroen-berlingo,RDW APK,inspection_fail_pct,63.1,percent,national average 50.8%,10965,2024,"compare only with that country's own average; rulebooks differ, no cross-country difference",motriskindex-families-2024-v5
citroen-berlingo,Statens vegvesen PKK,inspection_fail_pct,40.1,percent,national average 33.7%,1844,2024,"compare only with that country's own average; rulebooks differ, no cross-country difference",motriskindex-families-2024-v5
citroen-c-crosser,DVSA vehicle safety recalls,recall_campaigns_listed,11,campaigns,,,register as published (snapshot 2026-07-30),matched by make and model; more campaigns do not by themselves mean a less reliable car,motriskindex-families-2024-v5
citroen-c1,DVSA vehicle safety recalls,recall_campaigns_listed,12,campaigns,,,register as published (snapshot 2026-07-30),matched by make and model; more campaigns do not by themselves mean a less reliable car,motriskindex-families-2024-v5
citroen-c1,Traficom Katsastus,inspection_fail_pct,24.7,percent,national average 26.3%,1358,2024,"compare only with that country's own average; rulebooks differ, no cross-country difference",motriskindex-families-2024-v5
citroen-c1,RDW APK,inspection_fail_pct,54.8,percent,national average 50.8%,104325,2024,"compare only with that country's own average; rulebooks differ, no cross-country difference",motriskindex-families-2024-v5
citroen-c1,Statens vegvesen PKK,inspection_fail_pct,41.0,percent,national average 33.7%,1582,2024,"compare only with that country's own average; rulebooks differ, no cross-country difference",motriskindex-families-2024-v5
citroen-c15,DVSA vehicle safety recalls,recall_campaigns_listed,2,campaigns,,,register as published (snapshot 2026-07-30),matched by make and model; more campaigns do not by themselves mean a less reliable car,motriskindex-families-2024-v5
citroen-c2,DVSA vehicle safety recalls,recall_campaigns_listed,11,campaigns,,,register as published (snapshot 2026-07-30),matched by make and model; more campaigns do not by themselves mean a less reliable car,motriskindex-families-2024-v5
citroen-c2,Traficom Katsastus,inspection_fail_pct,40.2,percent,national average 26.3%,1479,2024,"compare only with that country's own average; rulebooks differ, no cross-country difference",motriskindex-families-2024-v5
citroen-c2,RDW APK,inspection_fail_pct,65.6,percent,national average 50.8%,6598,2024,"compare only with that country's own average; rulebooks differ, no cross-country difference",motriskindex-families-2024-v5
citroen-c3,DVSA vehicle safety recalls,recall_campaigns_listed,83,campaigns,,,register as published (snapshot 2026-07-30),matched by make and model; more campaigns do not by themselves mean a less reliable car,motriskindex-families-2024-v5
citroen-c3,Traficom Katsastus,inspection_fail_pct,35.0,percent,national average 26.3%,8157,2024,"compare only with that country's own average; rulebooks differ, no cross-country difference",motriskindex-families-2024-v5
citroen-c3,RDW APK,inspection_fail_pct,54.2,percent,national average 50.8%,54954,2024,"compare only with that country's own average; rulebooks differ, no cross-country difference",motriskindex-families-2024-v5
citroen-c3,Statens vegvesen PKK,inspection_fail_pct,38.4,percent,national average 33.7%,2738,2024,"compare only with that country's own average; rulebooks differ, no cross-country difference",motriskindex-families-2024-v5
citroen-c3-aircross,DVSA vehicle safety recalls,recall_campaigns_listed,17,campaigns,,,register as published (snapshot 2026-07-30),matched by make and model; more campaigns do not by themselves mean a less reliable car,motriskindex-families-2024-v5
citroen-c3-aircross,RDW APK,inspection_fail_pct,30.8,percent,national average 50.8%,4774,2024,"compare only with that country's own average; rulebooks differ, no cross-country difference",motriskindex-families-2024-v5
citroen-c3-picasso,DVSA vehicle safety recalls,recall_campaigns_listed,11,campaigns,,,register as published (snapshot 2026-07-30),matched by make and model; more campaigns do not by themselves mean a less reliable car,motriskindex-families-2024-v5
citroen-c3-picasso,Traficom Katsastus,inspection_fail_pct,45.0,percent,national average 26.3%,1000,2024,"compare only with that country's own average; rulebooks differ, no cross-country difference",motriskindex-families-2024-v5
citroen-c3-picasso,RDW APK,inspection_fail_pct,56.7,percent,national average 50.8%,7508,2024,"compare only with that country's own average; rulebooks differ, no cross-country difference",motriskindex-families-2024-v5
citroen-c3-picasso,Statens vegvesen PKK,inspection_fail_pct,42.3,percent,national average 33.7%,758,2024,"compare only with that country's own average; rulebooks differ, no cross-country difference",motriskindex-families-2024-v5
citroen-c4,DVSA vehicle safety recalls,recall_campaigns_listed,67,campaigns,,,register as published (snapshot 2026-07-30),matched by make and model; more campaigns do not by themselves mean a less reliable car,motriskindex-families-2024-v5
citroen-c4,Traficom Katsastus,inspection_fail_pct,41.7,percent,national average 26.3%,7962,2024,"compare only with that country's own average; rulebooks differ, no cross-country difference",motriskindex-families-2024-v5
citroen-c4,RDW APK,inspection_fail_pct,54.8,percent,national average 50.8%,9611,2024,"compare only with that country's own average; rulebooks differ, no cross-country difference",motriskindex-families-2024-v5
citroen-c4,Statens vegvesen PKK,inspection_fail_pct,41.2,percent,national average 33.7%,2762,2024,"compare only with that country's own average; rulebooks differ, no cross-country difference",motriskindex-families-2024-v5
citroen-c4-cactus,DVSA vehicle safety recalls,recall_campaigns_listed,11,campaigns,,,register as published (snapshot 2026-07-30),matched by make and model; more campaigns do not by themselves mean a less reliable car,motriskindex-families-2024-v5
citroen-c4-cactus,Traficom Katsastus,inspection_fail_pct,26.3,percent,national average 26.3%,863,2024,"compare only with that country's own average; rulebooks differ, no cross-country difference",motriskindex-families-2024-v5
citroen-c4-cactus,RDW APK,inspection_fail_pct,47.6,percent,national average 50.8%,14256,2024,"compare only with that country's own average; rulebooks differ, no cross-country difference",motriskindex-families-2024-v5
citroen-c4-cactus,Statens vegvesen PKK,inspection_fail_pct,36.7,percent,national average 33.7%,1888,2024,"compare only with that country's own average; rulebooks differ, no cross-country difference",motriskindex-families-2024-v5
citroen-c4-picasso,DVSA vehicle safety recalls,recall_campaigns_listed,37,campaigns,,,register as published (snapshot 2026-07-30),matched by make and model; more campaigns do not by themselves mean a less reliable car,motriskindex-families-2024-v5
citroen-c4-picasso,Traficom Katsastus,inspection_fail_pct,43.7,percent,national average 26.3%,2441,2024,"compare only with that country's own average; rulebooks differ, no cross-country difference",motriskindex-families-2024-v5
citroen-c4-picasso,RDW APK,inspection_fail_pct,52.7,percent,national average 50.8%,19443,2024,"compare only with that country's own average; rulebooks differ, no cross-country difference",motriskindex-families-2024-v5
citroen-c4-picasso,Statens vegvesen PKK,inspection_fail_pct,38.8,percent,national average 33.7%,2771,2024,"compare only with that country's own average; rulebooks differ, no cross-country difference",motriskindex-families-2024-v5
citroen-c5,DVSA vehicle safety recalls,recall_campaigns_listed,24,campaigns,,,register as published (snapshot 2026-07-30),matched by make and model; more campaigns do not by themselves mean a less reliable car,motriskindex-families-2024-v5
citroen-c5,Traficom Katsastus,inspection_fail_pct,38.4,percent,national average 26.3%,6921,2024,"compare only with that country's own average; rulebooks differ, no cross-country difference",motriskindex-families-2024-v5
citroen-c5,RDW APK,inspection_fail_pct,63.8,percent,national average 50.8%,8016,2024,"compare only with that country's own average; rulebooks differ, no cross-country difference",motriskindex-families-2024-v5
citroen-c5,Statens vegvesen PKK,inspection_fail_pct,43.3,percent,national average 33.7%,1871,2024,"compare only with that country's own average; rulebooks differ, no cross-country difference",motriskindex-families-2024-v5
citroen-c5-aircross,DVSA vehicle safety recalls,recall_campaigns_listed,21,campaigns,,,register as published (snapshot 2026-07-30),matched by make and model; more campaigns do not by themselves mean a less reliable car,motriskindex-families-2024-v5
citroen-c5-aircross,RDW APK,inspection_fail_pct,33.0,percent,national average 50.8%,2306,2024,"compare only with that country's own average; rulebooks differ, no cross-country difference",motriskindex-families-2024-v5
citroen-c5-aircross,Statens vegvesen PKK,inspection_fail_pct,17.6,percent,national average 33.7%,579,2024,"compare only with that country's own average; rulebooks differ, no cross-country difference",motriskindex-families-2024-v5
citroen-dispatch,DVSA vehicle safety recalls,recall_campaigns_listed,70,campaigns,,,register as published (snapshot 2026-07-30),matched by make and model; more campaigns do not by themselves mean a less reliable car,motriskindex-families-2024-v5
citroen-ds4,DVSA vehicle safety recalls,recall_campaigns_listed,19,campaigns,,,register as published (snapshot 2026-07-30),matched by make and model; more campaigns do not by themselves mean a less reliable car,motriskindex-families-2024-v5
citroen-ds4,RDW APK,inspection_fail_pct,54.1,percent,national average 50.8%,1441,2024,"compare only with that country's own average; rulebooks differ, no cross-country difference",motriskindex-families-2024-v5
citroen-ds5,DVSA vehicle safety recalls,recall_campaigns_listed,11,campaigns,,,register as published (snapshot 2026-07-30),matched by make and model; more campaigns do not by themselves mean a less reliable car,motriskindex-families-2024-v5
citroen-ds5,RDW APK,inspection_fail_pct,54.3,percent,national average 50.8%,939,2024,"compare only with that country's own average; rulebooks differ, no cross-country difference",motriskindex-families-2024-v5
citroen-ds5,Statens vegvesen PKK,inspection_fail_pct,39.4,percent,national average 33.7%,510,2024,"compare only with that country's own average; rulebooks differ, no cross-country difference",motriskindex-families-2024-v5
citroen-nemo,DVSA vehicle safety recalls,recall_campaigns_listed,5,campaigns,,,register as published (snapshot 2026-07-30),matched by make and model; more campaigns do not by themselves mean a less reliable car,motriskindex-families-2024-v5
citroen-nemo,RDW APK,inspection_fail_pct,57.4,percent,national average 50.8%,566,2024,"compare only with that country's own average; rulebooks differ, no cross-country difference",motriskindex-families-2024-v5
citroen-relay,DVSA vehicle safety recalls,recall_campaigns_listed,34,campaigns,,,register as published (snapshot 2026-07-30),matched by make and model; more campaigns do not by themselves mean a less reliable car,motriskindex-families-2024-v5
citroen-saxo,DVSA vehicle safety recalls,recall_campaigns_listed,3,campaigns,,,register as published (snapshot 2026-07-30),matched by make and model; more campaigns do not by themselves mean a less reliable car,motriskindex-families-2024-v5
citroen-saxo,RDW APK,inspection_fail_pct,70.9,percent,national average 50.8%,1367,2024,"compare only with that country's own average; rulebooks differ, no cross-country difference",motriskindex-families-2024-v5
citroen-spacetourer,DVSA vehicle safety recalls,recall_campaigns_listed,52,campaigns,,,register as published (snapshot 2026-07-30),matched by make and model; more campaigns do not by themselves mean a less reliable car,motriskindex-families-2024-v5
citroen-xsara,DVSA vehicle safety recalls,recall_campaigns_listed,8,campaigns,,,register as published (snapshot 2026-07-30),matched by make and model; more campaigns do not by themselves mean a less reliable car,motriskindex-families-2024-v5
citroen-xsara,Traficom Katsastus,inspection_fail_pct,43.2,percent,national average 26.3%,888,2024,"compare only with that country's own average; rulebooks differ, no cross-country difference",motriskindex-families-2024-v5
citroen-xsara,RDW APK,inspection_fail_pct,70.1,percent,national average 50.8%,1061,2024,"compare only with that country's own average; rulebooks differ, no cross-country difference",motriskindex-families-2024-v5
dacia-duster,DVSA vehicle safety recalls,recall_campaigns_listed,6,campaigns,,,register as published (snapshot 2026-07-30),matched by make and model; more campaigns do not by themselves mean a less reliable car,motriskindex-families-2024-v5
dacia-duster,Traficom Katsastus,inspection_fail_pct,36.9,percent,national average 26.3%,4368,2024,"compare only with that country's own average; rulebooks differ, no cross-country difference",motriskindex-families-2024-v5
dacia-duster,RDW APK,inspection_fail_pct,46.5,percent,national average 50.8%,10209,2024,"compare only with that country's own average; rulebooks differ, no cross-country difference",motriskindex-families-2024-v5
dacia-duster,Statens vegvesen PKK,inspection_fail_pct,37.7,percent,national average 33.7%,1074,2024,"compare only with that country's own average; rulebooks differ, no cross-country difference",motriskindex-families-2024-v5
dacia-logan,DVSA vehicle safety recalls,recall_campaigns_listed,11,campaigns,,,register as published (snapshot 2026-07-30),matched by make and model; more campaigns do not by themselves mean a less reliable car,motriskindex-families-2024-v5
dacia-logan,Traficom Katsastus,inspection_fail_pct,31.4,percent,national average 26.3%,1339,2024,"compare only with that country's own average; rulebooks differ, no cross-country difference",motriskindex-families-2024-v5
dacia-logan,RDW APK,inspection_fail_pct,56.3,percent,national average 50.8%,13358,2024,"compare only with that country's own average; rulebooks differ, no cross-country difference",motriskindex-families-2024-v5
dacia-sandero,DVSA vehicle safety recalls,recall_campaigns_listed,10,campaigns,,,register as published (snapshot 2026-07-30),matched by make and model; more campaigns do not by themselves mean a less reliable car,motriskindex-families-2024-v5
dacia-sandero,Traficom Katsastus,inspection_fail_pct,31.9,percent,national average 26.3%,1431,2024,"compare only with that country's own average; rulebooks differ, no cross-country difference",motriskindex-families-2024-v5
dacia-sandero,RDW APK,inspection_fail_pct,50.0,percent,national average 50.8%,17344,2024,"compare only with that country's own average; rulebooks differ, no cross-country difference",motriskindex-families-2024-v5
daihatsu-fourtrak,DVSA vehicle safety recalls,recall_campaigns_listed,1,campaigns,,,register as published (snapshot 2026-07-30),matched by make and model; more campaigns do not by themselves mean a less reliable car,motriskindex-families-2024-v5
daihatsu-sirion,DVSA vehicle safety recalls,recall_campaigns_listed,1,campaigns,,,register as published (snapshot 2026-07-30),matched by make and model; more campaigns do not by themselves mean a less reliable car,motriskindex-families-2024-v5
daihatsu-sirion,RDW APK,inspection_fail_pct,58.5,percent,national average 50.8%,13779,2024,"compare only with that country's own average; rulebooks differ, no cross-country difference",motriskindex-families-2024-v5
daihatsu-terios,RDW APK,inspection_fail_pct,53.0,percent,national average 50.8%,4096,2024,"compare only with that country's own average; rulebooks differ, no cross-country difference",motriskindex-families-2024-v5
daihatsu-terios,Statens vegvesen PKK,inspection_fail_pct,42.5,percent,national average 33.7%,919,2024,"compare only with that country's own average; rulebooks differ, no cross-country difference",motriskindex-families-2024-v5
dodge-nitro,DVSA vehicle safety recalls,recall_campaigns_listed,1,campaigns,,,register as published (snapshot 2026-07-30),matched by make and model; more campaigns do not by themselves mean a less reliable car,motriskindex-families-2024-v5
dodge-ram,DVSA vehicle safety recalls,recall_campaigns_listed,5,campaigns,,,register as published (snapshot 2026-07-30),matched by make and model; more campaigns do not by themselves mean a less reliable car,motriskindex-families-2024-v5
ds-ds4,DVSA vehicle safety recalls,recall_campaigns_listed,6,campaigns,,,register as published (snapshot 2026-07-30),matched by make and model; more campaigns do not by themselves mean a less reliable car,motriskindex-families-2024-v5
ds-ds7,DVSA vehicle safety recalls,recall_campaigns_listed,16,campaigns,,,register as published (snapshot 2026-07-30),matched by make and model; more campaigns do not by themselves mean a less reliable car,motriskindex-families-2024-v5
ds3,Traficom Katsastus,inspection_fail_pct,36.2,percent,national average 26.3%,647,2024,"compare only with that country's own average; rulebooks differ, no cross-country difference",motriskindex-families-2024-v5
ds3,RDW APK,inspection_fail_pct,55.5,percent,national average 50.8%,9747,2024,"compare only with that country's own average; rulebooks differ, no cross-country difference",motriskindex-families-2024-v5
ferrari-360,DVSA vehicle safety recalls,recall_campaigns_listed,6,campaigns,,,register as published (snapshot 2026-07-30),matched by make and model; more campaigns do not by themselves mean a less reliable car,motriskindex-families-2024-v5
ferrari-458,DVSA vehicle safety recalls,recall_campaigns_listed,15,campaigns,,,register as published (snapshot 2026-07-30),matched by make and model; more campaigns do not by themselves mean a less reliable car,motriskindex-families-2024-v5
ferrari-458,NHTSA ODI consumer complaints,complaints_total,1,complaints,,,US model years,"US market, FERRARI 458 ITALIA, model year 2015 only; a count, not a failure rate",motriskindex-families-2024-v5
ferrari-458,NHTSA manufacturer communications,service_bulletins_total,43,bulletins,,,US model years,"US market, FERRARI 458 ITALIA, model year 2015 only; a count, not a failure rate",motriskindex-families-2024-v5
ferrari-488,DVSA vehicle safety recalls,recall_campaigns_listed,16,campaigns,,,register as published (snapshot 2026-07-30),matched by make and model; more campaigns do not by themselves mean a less reliable car,motriskindex-families-2024-v5
ferrari-488,NHTSA ODI consumer complaints,complaints_total,10,complaints,,,US model years,"US market, FERRARI 488 GTB and variants, model years 2016-2019 only; a count, not a failure rate",motriskindex-families-2024-v5
ferrari-488,NHTSA manufacturer communications,service_bulletins_total,54,bulletins,,,US model years,"US market, FERRARI 488 GTB and variants, model years 2016-2019 only; a count, not a failure rate",motriskindex-families-2024-v5
ferrari-california,DVSA vehicle safety recalls,recall_campaigns_listed,8,campaigns,,,register as published (snapshot 2026-07-30),matched by make and model; more campaigns do not by themselves mean a less reliable car,motriskindex-families-2024-v5
ferrari-california,NHTSA ODI consumer complaints,complaints_total,1,complaints,,,US model years,"US market, FERRARI CALIFORNIA T, model year 2017 only; a count, not a failure rate",motriskindex-families-2024-v5
ferrari-california,NHTSA manufacturer communications,service_bulletins_total,45,bulletins,,,US model years,"US market, FERRARI CALIFORNIA T, model year 2017 only; a count, not a failure rate",motriskindex-families-2024-v5
ferrari-f430,DVSA vehicle safety recalls,recall_campaigns_listed,4,campaigns,,,register as published (snapshot 2026-07-30),matched by make and model; more campaigns do not by themselves mean a less reliable car,motriskindex-families-2024-v5
fiat-124,DVSA vehicle safety recalls,recall_campaigns_listed,1,campaigns,,,register as published (snapshot 2026-07-30),matched by make and model; more campaigns do not by themselves mean a less reliable car,motriskindex-families-2024-v5
fiat-124,NHTSA ODI consumer complaints,complaints_total,65,complaints,,,US model years,"US market, FIAT 124 SPIDER, model years 2017-2020 only; a count, not a failure rate",motriskindex-families-2024-v5
fiat-124,NHTSA manufacturer communications,service_bulletins_total,98,bulletins,,,US model years,"US market, FIAT 124 SPIDER, model years 2017-2020 only; a count, not a failure rate",motriskindex-families-2024-v5
fiat-500,DVSA vehicle safety recalls,recall_campaigns_listed,32,campaigns,,,register as published (snapshot 2026-07-30),matched by make and model; more campaigns do not by themselves mean a less reliable car,motriskindex-families-2024-v5
fiat-500,Traficom Katsastus,inspection_fail_pct,30.3,percent,national average 26.3%,2059,2024,"compare only with that country's own average; rulebooks differ, no cross-country difference",motriskindex-families-2024-v5
fiat-500,RDW APK,inspection_fail_pct,51.3,percent,national average 50.8%,90413,2024,"compare only with that country's own average; rulebooks differ, no cross-country difference",motriskindex-families-2024-v5
fiat-500,Statens vegvesen PKK,inspection_fail_pct,42.8,percent,national average 33.7%,3441,2024,"compare only with that country's own average; rulebooks differ, no cross-country difference",motriskindex-families-2024-v5
fiat-500,NHTSA ODI consumer complaints,complaints_total,124,complaints,,,US model years,"US market, FIAT 500, model years 2015-2022 only; a count, not a failure rate",motriskindex-families-2024-v5
fiat-500,NHTSA manufacturer communications,service_bulletins_total,287,bulletins,,,US model years,"US market, FIAT 500, model years 2015-2022 only; a count, not a failure rate",motriskindex-families-2024-v5
fiat-500l,DVSA vehicle safety recalls,recall_campaigns_listed,2,campaigns,,,register as published (snapshot 2026-07-30),matched by make and model; more campaigns do not by themselves mean a less reliable car,motriskindex-families-2024-v5
fiat-500l,RDW APK,inspection_fail_pct,45.5,percent,national average 50.8%,2382,2024,"compare only with that country's own average; rulebooks differ, no cross-country difference",motriskindex-families-2024-v5
fiat-500l,NHTSA ODI consumer complaints,complaints_total,26,complaints,,,US model years,"US market, FIAT 500L, model years 2015-2017 only; a count, not a failure rate",motriskindex-families-2024-v5
fiat-500l,NHTSA manufacturer communications,service_bulletins_total,88,bulletins,,,US model years,"US market, FIAT 500L, model years 2015-2017 only; a count, not a failure rate",motriskindex-families-2024-v5
fiat-500x,DVSA vehicle safety recalls,recall_campaigns_listed,5,campaigns,,,register as published (snapshot 2026-07-30),matched by make and model; more campaigns do not by themselves mean a less reliable car,motriskindex-families-2024-v5
fiat-500x,RDW APK,inspection_fail_pct,35.6,percent,national average 50.8%,4169,2024,"compare only with that country's own average; rulebooks differ, no cross-country difference",motriskindex-families-2024-v5
fiat-500x,NHTSA ODI consumer complaints,complaints_total,187,complaints,,,US model years,"US market, FIAT 500X, model years 2016-2022 only; a count, not a failure rate",motriskindex-families-2024-v5
fiat-500x,NHTSA manufacturer communications,service_bulletins_total,323,bulletins,,,US model years,"US market, FIAT 500X, model years 2016-2022 only; a count, not a failure rate",motriskindex-families-2024-v5
fiat-bravo,DVSA vehicle safety recalls,recall_campaigns_listed,5,campaigns,,,register as published (snapshot 2026-07-30),matched by make and model; more campaigns do not by themselves mean a less reliable car,motriskindex-families-2024-v5
fiat-bravo,Traficom Katsastus,inspection_fail_pct,44.1,percent,national average 26.3%,801,2024,"compare only with that country's own average; rulebooks differ, no cross-country difference",motriskindex-families-2024-v5
fiat-bravo,RDW APK,inspection_fail_pct,62.7,percent,national average 50.8%,2883,2024,"compare only with that country's own average; rulebooks differ, no cross-country difference",motriskindex-families-2024-v5
fiat-doblo,DVSA vehicle safety recalls,recall_campaigns_listed,19,campaigns,,,register as published (snapshot 2026-07-30),matched by make and model; more campaigns do not by themselves mean a less reliable car,motriskindex-families-2024-v5
fiat-doblo,RDW APK,inspection_fail_pct,64.3,percent,national average 50.8%,3032,2024,"compare only with that country's own average; rulebooks differ, no cross-country difference",motriskindex-families-2024-v5
fiat-ducato,DVSA vehicle safety recalls,recall_campaigns_listed,36,campaigns,,,register as published (snapshot 2026-07-30),matched by make and model; more campaigns do not by themselves mean a less reliable car,motriskindex-families-2024-v5
fiat-ducato,RDW APK,inspection_fail_pct,56.3,percent,national average 50.8%,5248,2024,"compare only with that country's own average; rulebooks differ, no cross-country difference",motriskindex-families-2024-v5
fiat-fiorino,DVSA vehicle safety recalls,recall_campaigns_listed,3,campaigns,,,register as published (snapshot 2026-07-30),matched by make and model; more campaigns do not by themselves mean a less reliable car,motriskindex-families-2024-v5
fiat-fiorino,RDW APK,inspection_fail_pct,57.0,percent,national average 50.8%,642,2024,"compare only with that country's own average; rulebooks differ, no cross-country difference",motriskindex-families-2024-v5
fiat-fullback,DVSA vehicle safety recalls,recall_campaigns_listed,2,campaigns,,,register as published (snapshot 2026-07-30),matched by make and model; more campaigns do not by themselves mean a less reliable car,motriskindex-families-2024-v5
fiat-grande,DVSA vehicle safety recalls,recall_campaigns_listed,12,campaigns,,,register as published (snapshot 2026-07-30),matched by make and model; more campaigns do not by themselves mean a less reliable car,motriskindex-families-2024-v5
fiat-panda,DVSA vehicle safety recalls,recall_campaigns_listed,17,campaigns,,,register as published (snapshot 2026-07-30),matched by make and model; more campaigns do not by themselves mean a less reliable car,motriskindex-families-2024-v5
fiat-panda,Traficom Katsastus,inspection_fail_pct,44.9,percent,national average 26.3%,771,2024,"compare only with that country's own average; rulebooks differ, no cross-country difference",motriskindex-families-2024-v5
fiat-panda,RDW APK,inspection_fail_pct,58.1,percent,national average 50.8%,81184,2024,"compare only with that country's own average; rulebooks differ, no cross-country difference",motriskindex-families-2024-v5
fiat-punto,DVSA vehicle safety recalls,recall_campaigns_listed,24,campaigns,,,register as published (snapshot 2026-07-30),matched by make and model; more campaigns do not by themselves mean a less reliable car,motriskindex-families-2024-v5
fiat-punto,Traficom Katsastus,inspection_fail_pct,39.4,percent,national average 26.3%,10439,2024,"compare only with that country's own average; rulebooks differ, no cross-country difference",motriskindex-families-2024-v5
fiat-punto,RDW APK,inspection_fail_pct,61.2,percent,national average 50.8%,36613,2024,"compare only with that country's own average; rulebooks differ, no cross-country difference",motriskindex-families-2024-v5
fiat-qubo,DVSA vehicle safety recalls,recall_campaigns_listed,2,campaigns,,,register as published (snapshot 2026-07-30),matched by make and model; more campaigns do not by themselves mean a less reliable car,motriskindex-families-2024-v5
fiat-scudo,DVSA vehicle safety recalls,recall_campaigns_listed,37,campaigns,,,register as published (snapshot 2026-07-30),matched by make and model; more campaigns do not by themselves mean a less reliable car,motriskindex-families-2024-v5
fiat-sedici,DVSA vehicle safety recalls,recall_campaigns_listed,1,campaigns,,,register as published (snapshot 2026-07-30),matched by make and model; more campaigns do not by themselves mean a less reliable car,motriskindex-families-2024-v5
fiat-sedici,RDW APK,inspection_fail_pct,55.5,percent,national average 50.8%,1806,2024,"compare only with that country's own average; rulebooks differ, no cross-country difference",motriskindex-families-2024-v5
fiat-seicento,DVSA vehicle safety recalls,recall_campaigns_listed,3,campaigns,,,register as published (snapshot 2026-07-30),matched by make and model; more campaigns do not by themselves mean a less reliable car,motriskindex-families-2024-v5
fiat-seicento,RDW APK,inspection_fail_pct,68.3,percent,national average 50.8%,2788,2024,"compare only with that country's own average; rulebooks differ, no cross-country difference",motriskindex-families-2024-v5
fiat-talento,DVSA vehicle safety recalls,recall_campaigns_listed,6,campaigns,,,register as published (snapshot 2026-07-30),matched by make and model; more campaigns do not by themselves mean a less reliable car,motriskindex-families-2024-v5
fiat-tipo,DVSA vehicle safety recalls,recall_campaigns_listed,6,campaigns,,,register as published (snapshot 2026-07-30),matched by make and model; more campaigns do not by themselves mean a less reliable car,motriskindex-families-2024-v5
fiat-tipo,RDW APK,inspection_fail_pct,41.4,percent,national average 50.8%,1192,2024,"compare only with that country's own average; rulebooks differ, no cross-country difference",motriskindex-families-2024-v5
ford-b-max,Traficom Katsastus,inspection_fail_pct,25.2,percent,national average 26.3%,824,2024,"compare only with that country's own average; rulebooks differ, no cross-country difference",motriskindex-families-2024-v5
ford-b-max,RDW APK,inspection_fail_pct,40.3,percent,national average 50.8%,10221,2024,"compare only with that country's own average; rulebooks differ, no cross-country difference",motriskindex-families-2024-v5
ford-b-max,Statens vegvesen PKK,inspection_fail_pct,36.2,percent,national average 33.7%,616,2024,"compare only with that country's own average; rulebooks differ, no cross-country difference",motriskindex-families-2024-v5
ford-c-max,DVSA vehicle safety recalls,recall_campaigns_listed,7,campaigns,,,register as published (snapshot 2026-07-30),matched by make and model; more campaigns do not by themselves mean a less reliable car,motriskindex-families-2024-v5
ford-c-max,Traficom Katsastus,inspection_fail_pct,19.0,percent,national average 26.3%,2733,2024,"compare only with that country's own average; rulebooks differ, no cross-country difference",motriskindex-families-2024-v5
ford-c-max,RDW APK,inspection_fail_pct,45.4,percent,national average 50.8%,21716,2024,"compare only with that country's own average; rulebooks differ, no cross-country difference",motriskindex-families-2024-v5
ford-c-max,Statens vegvesen PKK,inspection_fail_pct,33.1,percent,national average 33.7%,1777,2024,"compare only with that country's own average; rulebooks differ, no cross-country difference",motriskindex-families-2024-v5
ford-c-max,NHTSA ODI consumer complaints,complaints_total,13,complaints,,,US model years,"US market, FORD C-MAX, model years 2015-2017 only; a count, not a failure rate",motriskindex-families-2024-v5
ford-capri,DVSA vehicle safety recalls,recall_campaigns_listed,4,campaigns,,,register as published (snapshot 2026-07-30),matched by make and model; more campaigns do not by themselves mean a less reliable car,motriskindex-families-2024-v5
ford-ecosport,DVSA vehicle safety recalls,recall_campaigns_listed,9,campaigns,,,register as published (snapshot 2026-07-30),matched by make and model; more campaigns do not by themselves mean a less reliable car,motriskindex-families-2024-v5
ford-ecosport,Traficom Katsastus,inspection_fail_pct,14.5,percent,national average 26.3%,677,2024,"compare only with that country's own average; rulebooks differ, no cross-country difference",motriskindex-families-2024-v5
ford-ecosport,RDW APK,inspection_fail_pct,35.5,percent,national average 50.8%,6857,2024,"compare only with that country's own average; rulebooks differ, no cross-country difference",motriskindex-families-2024-v5
ford-ecosport,Statens vegvesen PKK,inspection_fail_pct,21.3,percent,national average 33.7%,503,2024,"compare only with that country's own average; rulebooks differ, no cross-country difference",motriskindex-families-2024-v5
ford-ecosport,NHTSA ODI consumer complaints,complaints_total,1850,complaints,,,US model years,"US market, FORD ECOSPORT, model years 2018-2022 only; a count, not a failure rate",motriskindex-families-2024-v5
ford-ecosport,NHTSA manufacturer communications,service_bulletins_total,141,bulletins,,,US model years,"US market, FORD ECOSPORT, model years 2018-2022 only; a count, not a failure rate",motriskindex-families-2024-v5
ford-edge,DVSA vehicle safety recalls,recall_campaigns_listed,11,campaigns,,,register as published (snapshot 2026-07-30),matched by make and model; more campaigns do not by themselves mean a less reliable car,motriskindex-families-2024-v5
ford-edge,Statens vegvesen PKK,inspection_fail_pct,22.5,percent,national average 33.7%,507,2024,"compare only with that country's own average; rulebooks differ, no cross-country difference",motriskindex-families-2024-v5
ford-edge,NHTSA ODI consumer complaints,complaints_total,5131,complaints,,,US model years,"US market, FORD EDGE, model years 2015-2022 only; a count, not a failure rate",motriskindex-families-2024-v5
ford-edge,NHTSA manufacturer communications,service_bulletins_total,500,bulletins,,,US model years,"US market, FORD EDGE, model years 2015-2022 only; a count, not a failure rate",motriskindex-families-2024-v5
ford-escort,DVSA vehicle safety recalls,recall_campaigns_listed,12,campaigns,,,register as published (snapshot 2026-07-30),matched by make and model; more campaigns do not by themselves mean a less reliable car,motriskindex-families-2024-v5
ford-escort,RDW APK,inspection_fail_pct,54.7,percent,national average 50.8%,720,2024,"compare only with that country's own average; rulebooks differ, no cross-country difference",motriskindex-families-2024-v5
ford-fiesta,DVSA vehicle safety recalls,recall_campaigns_listed,32,campaigns,,,register as published (snapshot 2026-07-30),matched by make and model; more campaigns do not by themselves mean a less reliable car,motriskindex-families-2024-v5
ford-fiesta,Traficom Katsastus,inspection_fail_pct,27.1,percent,national average 26.3%,22437,2024,"compare only with that country's own average; rulebooks differ, no cross-country difference",motriskindex-families-2024-v5
ford-fiesta,RDW APK,inspection_fail_pct,51.5,percent,national average 50.8%,139484,2024,"compare only with that country's own average; rulebooks differ, no cross-country difference",motriskindex-families-2024-v5
ford-fiesta,Statens vegvesen PKK,inspection_fail_pct,38.0,percent,national average 33.7%,13524,2024,"compare only with that country's own average; rulebooks differ, no cross-country difference",motriskindex-families-2024-v5
ford-fiesta,NHTSA ODI consumer complaints,complaints_total,636,complaints,,,US model years,"US market, FORD FIESTA, model years 2015-2019 only; a count, not a failure rate",motriskindex-families-2024-v5
ford-fiesta,NHTSA manufacturer communications,service_bulletins_total,172,bulletins,,,US model years,"US market, FORD FIESTA, model years 2015-2019 only; a count, not a failure rate",motriskindex-families-2024-v5
ford-focus,DVSA vehicle safety recalls,recall_campaigns_listed,96,campaigns,,,register as published (snapshot 2026-07-30),matched by make and model; more campaigns do not by themselves mean a less reliable car,motriskindex-families-2024-v5
ford-focus,Traficom Katsastus,inspection_fail_pct,28.1,percent,national average 26.3%,44138,2024,"compare only with that country's own average; rulebooks differ, no cross-country difference",motriskindex-families-2024-v5
ford-focus,RDW APK,inspection_fail_pct,51.8,percent,national average 50.8%,120313,2024,"compare only with that country's own average; rulebooks differ, no cross-country difference",motriskindex-families-2024-v5
ford-focus,Statens vegvesen PKK,inspection_fail_pct,36.7,percent,national average 33.7%,20894,2024,"compare only with that country's own average; rulebooks differ, no cross-country difference",motriskindex-families-2024-v5
ford-focus,NHTSA ODI consumer complaints,complaints_total,3926,complaints,,,US model years,"US market, FORD FOCUS, model years 2015-2018 only; a count, not a failure rate",motriskindex-families-2024-v5
ford-focus,NHTSA manufacturer communications,service_bulletins_total,271,bulletins,,,US model years,"US market, FORD FOCUS, model years 2015-2018 only; a count, not a failure rate",motriskindex-families-2024-v5
ford-fusion,DVSA vehicle safety recalls,recall_campaigns_listed,5,campaigns,,,register as published (snapshot 2026-07-30),matched by make and model; more campaigns do not by themselves mean a less reliable car,motriskindex-families-2024-v5
ford-fusion,Traficom Katsastus,inspection_fail_pct,21.2,percent,national average 26.3%,1629,2024,"compare only with that country's own average; rulebooks differ, no cross-country difference",motriskindex-families-2024-v5
ford-fusion,RDW APK,inspection_fail_pct,58.5,percent,national average 50.8%,15380,2024,"compare only with that country's own average; rulebooks differ, no cross-country difference",motriskindex-families-2024-v5
ford-galaxy,DVSA vehicle safety recalls,recall_campaigns_listed,52,campaigns,,,register as published (snapshot 2026-07-30),matched by make and model; more campaigns do not by themselves mean a less reliable car,motriskindex-families-2024-v5
ford-galaxy,Traficom Katsastus,inspection_fail_pct,39.0,percent,national average 26.3%,1309,2024,"compare only with that country's own average; rulebooks differ, no cross-country difference",motriskindex-families-2024-v5
ford-galaxy,RDW APK,inspection_fail_pct,61.8,percent,national average 50.8%,3448,2024,"compare only with that country's own average; rulebooks differ, no cross-country difference",motriskindex-families-2024-v5
ford-galaxy,Statens vegvesen PKK,inspection_fail_pct,42.4,percent,national average 33.7%,2892,2024,"compare only with that country's own average; rulebooks differ, no cross-country difference",motriskindex-families-2024-v5
ford-grand-c-max,Traficom Katsastus,inspection_fail_pct,23.4,percent,national average 26.3%,1597,2024,"compare only with that country's own average; rulebooks differ, no cross-country difference",motriskindex-families-2024-v5
ford-grand-c-max,RDW APK,inspection_fail_pct,48.3,percent,national average 50.8%,3369,2024,"compare only with that country's own average; rulebooks differ, no cross-country difference",motriskindex-families-2024-v5
ford-ka,DVSA vehicle safety recalls,recall_campaigns_listed,5,campaigns,,,register as published (snapshot 2026-07-30),matched by make and model; more campaigns do not by themselves mean a less reliable car,motriskindex-families-2024-v5
ford-ka,Traficom Katsastus,inspection_fail_pct,38.5,percent,national average 26.3%,1294,2024,"compare only with that country's own average; rulebooks differ, no cross-country difference",motriskindex-families-2024-v5
ford-ka,RDW APK,inspection_fail_pct,57.6,percent,national average 50.8%,54135,2024,"compare only with that country's own average; rulebooks differ, no cross-country difference",motriskindex-families-2024-v5
ford-ka,Statens vegvesen PKK,inspection_fail_pct,37.2,percent,national average 33.7%,602,2024,"compare only with that country's own average; rulebooks differ, no cross-country difference",motriskindex-families-2024-v5
ford-kuga,DVSA vehicle safety recalls,recall_campaigns_listed,132,campaigns,,,register as published (snapshot 2026-07-30),matched by make and model; more campaigns do not by themselves mean a less reliable car,motriskindex-families-2024-v5
ford-kuga,Traficom Katsastus,inspection_fail_pct,14.5,percent,national average 26.3%,4188,2024,"compare only with that country's own average; rulebooks differ, no cross-country difference",motriskindex-families-2024-v5
ford-kuga,RDW APK,inspection_fail_pct,34.1,percent,national average 50.8%,14612,2024,"compare only with that country's own average; rulebooks differ, no cross-country difference",motriskindex-families-2024-v5
ford-kuga,Statens vegvesen PKK,inspection_fail_pct,29.9,percent,national average 33.7%,10382,2024,"compare only with that country's own average; rulebooks differ, no cross-country difference",motriskindex-families-2024-v5
ford-kuga,NHTSA ODI consumer complaints,complaints_total,9093,complaints,,,US model years,"US market, FORD ESCAPE, model years 2015-2022 only; a count, not a failure rate",motriskindex-families-2024-v5
ford-kuga,NHTSA manufacturer communications,service_bulletins_total,634,bulletins,,,US model years,"US market, FORD ESCAPE, model years 2015-2022 only; a count, not a failure rate",motriskindex-families-2024-v5
ford-mondeo,DVSA vehicle safety recalls,recall_campaigns_listed,38,campaigns,,,register as published (snapshot 2026-07-30),matched by make and model; more campaigns do not by themselves mean a less reliable car,motriskindex-families-2024-v5
ford-mondeo,Traficom Katsastus,inspection_fail_pct,30.4,percent,national average 26.3%,22695,2024,"compare only with that country's own average; rulebooks differ, no cross-country difference",motriskindex-families-2024-v5
ford-mondeo,RDW APK,inspection_fail_pct,55.9,percent,national average 50.8%,18116,2024,"compare only with that country's own average; rulebooks differ, no cross-country difference",motriskindex-families-2024-v5
ford-mondeo,Statens vegvesen PKK,inspection_fail_pct,39.3,percent,national average 33.7%,18404,2024,"compare only with that country's own average; rulebooks differ, no cross-country difference",motriskindex-families-2024-v5
ford-mustang,DVSA vehicle safety recalls,recall_campaigns_listed,43,campaigns,,,register as published (snapshot 2026-07-30),matched by make and model; more campaigns do not by themselves mean a less reliable car,motriskindex-families-2024-v5
ford-mustang,Traficom Katsastus,inspection_fail_pct,12.2,percent,national average 26.3%,1358,2024,"compare only with that country's own average; rulebooks differ, no cross-country difference",motriskindex-families-2024-v5
ford-mustang,RDW APK,inspection_fail_pct,46.7,percent,national average 50.8%,2544,2024,"compare only with that country's own average; rulebooks differ, no cross-country difference",motriskindex-families-2024-v5
ford-mustang,Statens vegvesen PKK,inspection_fail_pct,41.7,percent,national average 33.7%,809,2024,"compare only with that country's own average; rulebooks differ, no cross-country difference",motriskindex-families-2024-v5
ford-mustang,NHTSA ODI consumer complaints,complaints_total,1643,complaints,,,US model years,"US market, FORD MUSTANG and variants, model years 2015-2022 only; a count, not a failure rate",motriskindex-families-2024-v5
ford-mustang,NHTSA manufacturer communications,service_bulletins_total,468,bulletins,,,US model years,"US market, FORD MUSTANG and variants, model years 2015-2022 only; a count, not a failure rate",motriskindex-families-2024-v5
ford-mustang-mach-e,DVSA vehicle safety recalls,recall_campaigns_listed,6,campaigns,,,register as published (snapshot 2026-07-30),matched by make and model; more campaigns do not by themselves mean a less reliable car,motriskindex-families-2024-v5
ford-mustang-mach-e,NHTSA ODI consumer complaints,complaints_total,481,complaints,,,US model years,"US market, FORD MUSTANG MACH-E, model years 2021-2022 only; a count, not a failure rate",motriskindex-families-2024-v5
ford-mustang-mach-e,NHTSA manufacturer communications,service_bulletins_total,347,bulletins,,,US model years,"US market, FORD MUSTANG MACH-E, model years 2021-2022 only; a count, not a failure rate",motriskindex-families-2024-v5
ford-puma,DVSA vehicle safety recalls,recall_campaigns_listed,29,campaigns,,,register as published (snapshot 2026-07-30),matched by make and model; more campaigns do not by themselves mean a less reliable car,motriskindex-families-2024-v5
ford-puma,Traficom Katsastus,inspection_fail_pct,3.4,percent,national average 26.3%,825,2024,"compare only with that country's own average; rulebooks differ, no cross-country difference",motriskindex-families-2024-v5
ford-puma,RDW APK,inspection_fail_pct,21.1,percent,national average 50.8%,4972,2024,"compare only with that country's own average; rulebooks differ, no cross-country difference",motriskindex-families-2024-v5
ford-ranger,DVSA vehicle safety recalls,recall_campaigns_listed,59,campaigns,,,register as published (snapshot 2026-07-30),matched by make and model; more campaigns do not by themselves mean a less reliable car,motriskindex-families-2024-v5
ford-ranger,NHTSA ODI consumer complaints,complaints_total,545,complaints,,,US model years,"US market, FORD RANGER and variants, model years 2019-2022 only; a count, not a failure rate",motriskindex-families-2024-v5
ford-ranger,NHTSA manufacturer communications,service_bulletins_total,178,bulletins,,,US model years,"US market, FORD RANGER and variants, model years 2019-2022 only; a count, not a failure rate",motriskindex-families-2024-v5
ford-s-max,DVSA vehicle safety recalls,recall_campaigns_listed,45,campaigns,,,register as published (snapshot 2026-07-30),matched by make and model; more campaigns do not by themselves mean a less reliable car,motriskindex-families-2024-v5
ford-s-max,Traficom Katsastus,inspection_fail_pct,37.4,percent,national average 26.3%,3686,2024,"compare only with that country's own average; rulebooks differ, no cross-country difference",motriskindex-families-2024-v5
ford-s-max,RDW APK,inspection_fail_pct,56.2,percent,national average 50.8%,6881,2024,"compare only with that country's own average; rulebooks differ, no cross-country difference",motriskindex-families-2024-v5
ford-s-max,Statens vegvesen PKK,inspection_fail_pct,38.2,percent,national average 33.7%,9964,2024,"compare only with that country's own average; rulebooks differ, no cross-country difference",motriskindex-families-2024-v5
ford-tourneo,DVSA vehicle safety recalls,recall_campaigns_listed,1,campaigns,,,register as published (snapshot 2026-07-30),matched by make and model; more campaigns do not by themselves mean a less reliable car,motriskindex-families-2024-v5
ford-tourneo,RDW APK,inspection_fail_pct,69.9,percent,national average 50.8%,1397,2024,"compare only with that country's own average; rulebooks differ, no cross-country difference",motriskindex-families-2024-v5
ford-tourneo-connect,DVSA vehicle safety recalls,recall_campaigns_listed,8,campaigns,,,register as published (snapshot 2026-07-30),matched by make and model; more campaigns do not by themselves mean a less reliable car,motriskindex-families-2024-v5
ford-tourneo-connect,Traficom Katsastus,inspection_fail_pct,36.5,percent,national average 26.3%,795,2024,"compare only with that country's own average; rulebooks differ, no cross-country difference",motriskindex-families-2024-v5
ford-tourneo-connect,RDW APK,inspection_fail_pct,50.4,percent,national average 50.8%,701,2024,"compare only with that country's own average; rulebooks differ, no cross-country difference",motriskindex-families-2024-v5
ford-tourneo-custom,DVSA vehicle safety recalls,recall_campaigns_listed,10,campaigns,,,register as published (snapshot 2026-07-30),matched by make and model; more campaigns do not by themselves mean a less reliable car,motriskindex-families-2024-v5
ford-transit,DVSA vehicle safety recalls,recall_campaigns_listed,170,campaigns,,,register as published (snapshot 2026-07-30),matched by make and model; more campaigns do not by themselves mean a less reliable car,motriskindex-families-2024-v5
ford-transit,Traficom Katsastus,inspection_fail_pct,38.5,percent,national average 26.3%,972,2024,"compare only with that country's own average; rulebooks differ, no cross-country difference",motriskindex-families-2024-v5
ford-transit,RDW APK,inspection_fail_pct,59.7,percent,national average 50.8%,3759,2024,"compare only with that country's own average; rulebooks differ, no cross-country difference",motriskindex-families-2024-v5
ford-transit,Statens vegvesen PKK,inspection_fail_pct,47.5,percent,national average 33.7%,566,2024,"compare only with that country's own average; rulebooks differ, no cross-country difference",motriskindex-families-2024-v5
ford-transit,NHTSA ODI consumer complaints,complaints_total,686,complaints,,,US model years,"US market, FORD TRANSIT and variants, model years 2015-2022 only; a count, not a failure rate",motriskindex-families-2024-v5
ford-transit,NHTSA manufacturer communications,service_bulletins_total,526,bulletins,,,US model years,"US market, FORD TRANSIT and variants, model years 2015-2022 only; a count, not a failure rate",motriskindex-families-2024-v5
ford-transit-connect,DVSA vehicle safety recalls,recall_campaigns_listed,36,campaigns,,,register as published (snapshot 2026-07-30),matched by make and model; more campaigns do not by themselves mean a less reliable car,motriskindex-families-2024-v5
ford-transit-connect,NHTSA ODI consumer complaints,complaints_total,317,complaints,,,US model years,"US market, FORD TRANSIT CONNECT and variants, model years 2015-2022 only; a count, not a failure rate",motriskindex-families-2024-v5
ford-transit-connect,NHTSA manufacturer communications,service_bulletins_total,229,bulletins,,,US model years,"US market, FORD TRANSIT CONNECT and variants, model years 2015-2022 only; a count, not a failure rate",motriskindex-families-2024-v5
ford-transit-courier,DVSA vehicle safety recalls,recall_campaigns_listed,35,campaigns,,,register as published (snapshot 2026-07-30),matched by make and model; more campaigns do not by themselves mean a less reliable car,motriskindex-families-2024-v5
ford-transit-custom,DVSA vehicle safety recalls,recall_campaigns_listed,110,campaigns,,,register as published (snapshot 2026-07-30),matched by make and model; more campaigns do not by themselves mean a less reliable car,motriskindex-families-2024-v5
ford-transit-custom,RDW APK,inspection_fail_pct,46.1,percent,national average 50.8%,1982,2024,"compare only with that country's own average; rulebooks differ, no cross-country difference",motriskindex-families-2024-v5
great-wall-steed,DVSA vehicle safety recalls,recall_campaigns_listed,3,campaigns,,,register as published (snapshot 2026-07-30),matched by make and model; more campaigns do not by themselves mean a less reliable car,motriskindex-families-2024-v5
honda-accord,DVSA vehicle safety recalls,recall_campaigns_listed,26,campaigns,,,register as published (snapshot 2026-07-30),matched by make and model; more campaigns do not by themselves mean a less reliable car,motriskindex-families-2024-v5
honda-accord,Traficom Katsastus,inspection_fail_pct,37.5,percent,national average 26.3%,8541,2024,"compare only with that country's own average; rulebooks differ, no cross-country difference",motriskindex-families-2024-v5
honda-accord,RDW APK,inspection_fail_pct,57.4,percent,national average 50.8%,2790,2024,"compare only with that country's own average; rulebooks differ, no cross-country difference",motriskindex-families-2024-v5
honda-accord,Statens vegvesen PKK,inspection_fail_pct,44.1,percent,national average 33.7%,1759,2024,"compare only with that country's own average; rulebooks differ, no cross-country difference",motriskindex-families-2024-v5
honda-civic,DVSA vehicle safety recalls,recall_campaigns_listed,76,campaigns,,,register as published (snapshot 2026-07-30),matched by make and model; more campaigns do not by themselves mean a less reliable car,motriskindex-families-2024-v5
honda-civic,Traficom Katsastus,inspection_fail_pct,22.2,percent,national average 26.3%,15098,2024,"compare only with that country's own average; rulebooks differ, no cross-country difference",motriskindex-families-2024-v5
honda-civic,RDW APK,inspection_fail_pct,57.1,percent,national average 50.8%,20019,2024,"compare only with that country's own average; rulebooks differ, no cross-country difference",motriskindex-families-2024-v5
honda-civic,Statens vegvesen PKK,inspection_fail_pct,37.6,percent,national average 33.7%,5033,2024,"compare only with that country's own average; rulebooks differ, no cross-country difference",motriskindex-families-2024-v5
honda-civic,NHTSA ODI consumer complaints,complaints_total,4196,complaints,,,US model years,"US market, HONDA CIVIC, model years 2015-2022 only; a count, not a failure rate",motriskindex-families-2024-v5
honda-civic,NHTSA manufacturer communications,service_bulletins_total,672,bulletins,,,US model years,"US market, HONDA CIVIC, model years 2015-2022 only; a count, not a failure rate",motriskindex-families-2024-v5
honda-cr-v,DVSA vehicle safety recalls,recall_campaigns_listed,41,campaigns,,,register as published (snapshot 2026-07-30),matched by make and model; more campaigns do not by themselves mean a less reliable car,motriskindex-families-2024-v5
honda-cr-v,Traficom Katsastus,inspection_fail_pct,20.5,percent,national average 26.3%,18576,2024,"compare only with that country's own average; rulebooks differ, no cross-country difference",motriskindex-families-2024-v5
honda-cr-v,RDW APK,inspection_fail_pct,50.0,percent,national average 50.8%,7762,2024,"compare only with that country's own average; rulebooks differ, no cross-country difference",motriskindex-families-2024-v5
honda-cr-v,Statens vegvesen PKK,inspection_fail_pct,37.7,percent,national average 33.7%,14720,2024,"compare only with that country's own average; rulebooks differ, no cross-country difference",motriskindex-families-2024-v5
honda-cr-v,NHTSA ODI consumer complaints,complaints_total,7265,complaints,,,US model years,"US market, HONDA CR-V and variants, model years 2015-2022 only; a count, not a failure rate",motriskindex-families-2024-v5
honda-cr-v,NHTSA manufacturer communications,service_bulletins_total,628,bulletins,,,US model years,"US market, HONDA CR-V and variants, model years 2015-2022 only; a count, not a failure rate",motriskindex-families-2024-v5
honda-cr-z,DVSA vehicle safety recalls,recall_campaigns_listed,1,campaigns,,,register as published (snapshot 2026-07-30),matched by make and model; more campaigns do not by themselves mean a less reliable car,motriskindex-families-2024-v5
honda-cr-z,RDW APK,inspection_fail_pct,47.1,percent,national average 50.8%,552,2024,"compare only with that country's own average; rulebooks differ, no cross-country difference",motriskindex-families-2024-v5
honda-cr-z,NHTSA ODI consumer complaints,complaints_total,7,complaints,,,US model years,"US market, HONDA CR-Z, model years 2015-2016 only; a count, not a failure rate",motriskindex-families-2024-v5
honda-cr-z,NHTSA manufacturer communications,service_bulletins_total,36,bulletins,,,US model years,"US market, HONDA CR-Z, model years 2015-2016 only; a count, not a failure rate",motriskindex-families-2024-v5
honda-e,DVSA vehicle safety recalls,recall_campaigns_listed,1,campaigns,,,register as published (snapshot 2026-07-30),matched by make and model; more campaigns do not by themselves mean a less reliable car,motriskindex-families-2024-v5
honda-fit,NHTSA ODI consumer complaints,complaints_total,732,complaints,,,US model years,"US market, HONDA FIT, model years 2015-2020 only; a count, not a failure rate",motriskindex-families-2024-v5
honda-fit,NHTSA manufacturer communications,service_bulletins_total,228,bulletins,,,US model years,"US market, HONDA FIT, model years 2015-2020 only; a count, not a failure rate",motriskindex-families-2024-v5
honda-fr-v,DVSA vehicle safety recalls,recall_campaigns_listed,4,campaigns,,,register as published (snapshot 2026-07-30),matched by make and model; more campaigns do not by themselves mean a less reliable car,motriskindex-families-2024-v5
honda-fr-v,Traficom Katsastus,inspection_fail_pct,44.5,percent,national average 26.3%,798,2024,"compare only with that country's own average; rulebooks differ, no cross-country difference",motriskindex-families-2024-v5
honda-fr-v,RDW APK,inspection_fail_pct,61.7,percent,national average 50.8%,1064,2024,"compare only with that country's own average; rulebooks differ, no cross-country difference",motriskindex-families-2024-v5
honda-hr-v,DVSA vehicle safety recalls,recall_campaigns_listed,3,campaigns,,,register as published (snapshot 2026-07-30),matched by make and model; more campaigns do not by themselves mean a less reliable car,motriskindex-families-2024-v5
honda-hr-v,Traficom Katsastus,inspection_fail_pct,15.2,percent,national average 26.3%,1472,2024,"compare only with that country's own average; rulebooks differ, no cross-country difference",motriskindex-families-2024-v5
honda-hr-v,RDW APK,inspection_fail_pct,36.5,percent,national average 50.8%,2628,2024,"compare only with that country's own average; rulebooks differ, no cross-country difference",motriskindex-families-2024-v5
honda-hr-v,Statens vegvesen PKK,inspection_fail_pct,27.3,percent,national average 33.7%,1614,2024,"compare only with that country's own average; rulebooks differ, no cross-country difference",motriskindex-families-2024-v5
honda-hr-v,NHTSA ODI consumer complaints,complaints_total,985,complaints,,,US model years,"US market, HONDA HR-V, model years 2016-2022 only; a count, not a failure rate",motriskindex-families-2024-v5
honda-hr-v,NHTSA manufacturer communications,service_bulletins_total,193,bulletins,,,US model years,"US market, HONDA HR-V, model years 2016-2022 only; a count, not a failure rate",motriskindex-families-2024-v5
honda-insight,DVSA vehicle safety recalls,recall_campaigns_listed,8,campaigns,,,register as published (snapshot 2026-07-30),matched by make and model; more campaigns do not by themselves mean a less reliable car,motriskindex-families-2024-v5
honda-insight,Traficom Katsastus,inspection_fail_pct,27.7,percent,national average 26.3%,581,2024,"compare only with that country's own average; rulebooks differ, no cross-country difference",motriskindex-families-2024-v5
honda-insight,RDW APK,inspection_fail_pct,54.7,percent,national average 50.8%,4349,2024,"compare only with that country's own average; rulebooks differ, no cross-country difference",motriskindex-families-2024-v5
honda-integra,DVSA vehicle safety recalls,recall_campaigns_listed,1,campaigns,,,register as published (snapshot 2026-07-30),matched by make and model; more campaigns do not by themselves mean a less reliable car,motriskindex-families-2024-v5
honda-jazz,DVSA vehicle safety recalls,recall_campaigns_listed,31,campaigns,,,register as published (snapshot 2026-07-30),matched by make and model; more campaigns do not by themselves mean a less reliable car,motriskindex-families-2024-v5
honda-jazz,Traficom Katsastus,inspection_fail_pct,24.3,percent,national average 26.3%,4345,2024,"compare only with that country's own average; rulebooks differ, no cross-country difference",motriskindex-families-2024-v5
honda-jazz,RDW APK,inspection_fail_pct,48.9,percent,national average 50.8%,19459,2024,"compare only with that country's own average; rulebooks differ, no cross-country difference",motriskindex-families-2024-v5
honda-jazz,Statens vegvesen PKK,inspection_fail_pct,33.7,percent,national average 33.7%,3250,2024,"compare only with that country's own average; rulebooks differ, no cross-country difference",motriskindex-families-2024-v5
honda-jazz,NHTSA ODI consumer complaints,complaints_total,724,complaints,,,US model years,"US market, HONDA FIT, model years 2015-2020 only; a count, not a failure rate",motriskindex-families-2024-v5
honda-jazz,NHTSA manufacturer communications,service_bulletins_total,228,bulletins,,,US model years,"US market, HONDA FIT, model years 2015-2020 only; a count, not a failure rate",motriskindex-families-2024-v5
honda-prelude,DVSA vehicle safety recalls,recall_campaigns_listed,2,campaigns,,,register as published (snapshot 2026-07-30),matched by make and model; more campaigns do not by themselves mean a less reliable car,motriskindex-families-2024-v5
honda-s2000,DVSA vehicle safety recalls,recall_campaigns_listed,1,campaigns,,,register as published (snapshot 2026-07-30),matched by make and model; more campaigns do not by themselves mean a less reliable car,motriskindex-families-2024-v5
honda-s2000,RDW APK,inspection_fail_pct,32.9,percent,national average 50.8%,572,2024,"compare only with that country's own average; rulebooks differ, no cross-country difference",motriskindex-families-2024-v5
hyundai-accent,DVSA vehicle safety recalls,recall_campaigns_listed,2,campaigns,,,register as published (snapshot 2026-07-30),matched by make and model; more campaigns do not by themselves mean a less reliable car,motriskindex-families-2024-v5
hyundai-accent,RDW APK,inspection_fail_pct,61.9,percent,national average 50.8%,1802,2024,"compare only with that country's own average; rulebooks differ, no cross-country difference",motriskindex-families-2024-v5
hyundai-coupe,DVSA vehicle safety recalls,recall_campaigns_listed,1,campaigns,,,register as published (snapshot 2026-07-30),matched by make and model; more campaigns do not by themselves mean a less reliable car,motriskindex-families-2024-v5
hyundai-coupe,RDW APK,inspection_fail_pct,71.3,percent,national average 50.8%,579,2024,"compare only with that country's own average; rulebooks differ, no cross-country difference",motriskindex-families-2024-v5
hyundai-getz,DVSA vehicle safety recalls,recall_campaigns_listed,1,campaigns,,,register as published (snapshot 2026-07-30),matched by make and model; more campaigns do not by themselves mean a less reliable car,motriskindex-families-2024-v5
hyundai-getz,Traficom Katsastus,inspection_fail_pct,30.9,percent,national average 26.3%,4012,2024,"compare only with that country's own average; rulebooks differ, no cross-country difference",motriskindex-families-2024-v5
hyundai-getz,RDW APK,inspection_fail_pct,63.3,percent,national average 50.8%,13353,2024,"compare only with that country's own average; rulebooks differ, no cross-country difference",motriskindex-families-2024-v5
hyundai-getz,Statens vegvesen PKK,inspection_fail_pct,43.0,percent,national average 33.7%,1373,2024,"compare only with that country's own average; rulebooks differ, no cross-country difference",motriskindex-families-2024-v5
hyundai-i10,DVSA vehicle safety recalls,recall_campaigns_listed,4,campaigns,,,register as published (snapshot 2026-07-30),matched by make and model; more campaigns do not by themselves mean a less reliable car,motriskindex-families-2024-v5
hyundai-i10,RDW APK,inspection_fail_pct,53.8,percent,national average 50.8%,60729,2024,"compare only with that country's own average; rulebooks differ, no cross-country difference",motriskindex-families-2024-v5
hyundai-i10,Statens vegvesen PKK,inspection_fail_pct,35.4,percent,national average 33.7%,1375,2024,"compare only with that country's own average; rulebooks differ, no cross-country difference",motriskindex-families-2024-v5
hyundai-i20,DVSA vehicle safety recalls,recall_campaigns_listed,3,campaigns,,,register as published (snapshot 2026-07-30),matched by make and model; more campaigns do not by themselves mean a less reliable car,motriskindex-families-2024-v5
hyundai-i20,Traficom Katsastus,inspection_fail_pct,15.6,percent,national average 26.3%,9990,2024,"compare only with that country's own average; rulebooks differ, no cross-country difference",motriskindex-families-2024-v5
hyundai-i20,RDW APK,inspection_fail_pct,49.5,percent,national average 50.8%,31252,2024,"compare only with that country's own average; rulebooks differ, no cross-country difference",motriskindex-families-2024-v5
hyundai-i20,Statens vegvesen PKK,inspection_fail_pct,32.8,percent,national average 33.7%,5160,2024,"compare only with that country's own average; rulebooks differ, no cross-country difference",motriskindex-families-2024-v5
hyundai-i30,DVSA vehicle safety recalls,recall_campaigns_listed,11,campaigns,,,register as published (snapshot 2026-07-30),matched by make and model; more campaigns do not by themselves mean a less reliable car,motriskindex-families-2024-v5
hyundai-i30,Traficom Katsastus,inspection_fail_pct,27.5,percent,national average 26.3%,10194,2024,"compare only with that country's own average; rulebooks differ, no cross-country difference",motriskindex-families-2024-v5
hyundai-i30,Statens vegvesen PKK,inspection_fail_pct,43.2,percent,national average 33.7%,2583,2024,"compare only with that country's own average; rulebooks differ, no cross-country difference",motriskindex-families-2024-v5
hyundai-i40,DVSA vehicle safety recalls,recall_campaigns_listed,3,campaigns,,,register as published (snapshot 2026-07-30),matched by make and model; more campaigns do not by themselves mean a less reliable car,motriskindex-families-2024-v5
hyundai-i40,Traficom Katsastus,inspection_fail_pct,37.6,percent,national average 26.3%,2144,2024,"compare only with that country's own average; rulebooks differ, no cross-country difference",motriskindex-families-2024-v5
hyundai-i40,RDW APK,inspection_fail_pct,52.1,percent,national average 50.8%,2073,2024,"compare only with that country's own average; rulebooks differ, no cross-country difference",motriskindex-families-2024-v5
hyundai-i40,Statens vegvesen PKK,inspection_fail_pct,41.1,percent,national average 33.7%,1721,2024,"compare only with that country's own average; rulebooks differ, no cross-country difference",motriskindex-families-2024-v5
hyundai-i800,DVSA vehicle safety recalls,recall_campaigns_listed,1,campaigns,,,register as published (snapshot 2026-07-30),matched by make and model; more campaigns do not by themselves mean a less reliable car,motriskindex-families-2024-v5
hyundai-ioniq,DVSA vehicle safety recalls,recall_campaigns_listed,7,campaigns,,,register as published (snapshot 2026-07-30),matched by make and model; more campaigns do not by themselves mean a less reliable car,motriskindex-families-2024-v5
hyundai-ioniq,Traficom Katsastus,inspection_fail_pct,9.9,percent,national average 26.3%,1972,2024,"compare only with that country's own average; rulebooks differ, no cross-country difference",motriskindex-families-2024-v5
hyundai-ioniq,RDW APK,inspection_fail_pct,30.6,percent,national average 50.8%,3498,2024,"compare only with that country's own average; rulebooks differ, no cross-country difference",motriskindex-families-2024-v5
hyundai-ioniq,Statens vegvesen PKK,inspection_fail_pct,20.6,percent,national average 33.7%,8307,2024,"compare only with that country's own average; rulebooks differ, no cross-country difference",motriskindex-families-2024-v5
hyundai-ioniq,NHTSA ODI consumer complaints,complaints_total,176,complaints,,,US model years,"US market, HYUNDAI IONIQ and variants, model years 2017-2022 only; a count, not a failure rate",motriskindex-families-2024-v5
hyundai-ioniq,NHTSA manufacturer communications,service_bulletins_total,121,bulletins,,,US model years,"US market, HYUNDAI IONIQ and variants, model years 2017-2022 only; a count, not a failure rate",motriskindex-families-2024-v5
hyundai-ioniq-5,DVSA vehicle safety recalls,recall_campaigns_listed,6,campaigns,,,register as published (snapshot 2026-07-30),matched by make and model; more campaigns do not by themselves mean a less reliable car,motriskindex-families-2024-v5
hyundai-ioniq-5,NHTSA ODI consumer complaints,complaints_total,405,complaints,,,US model years,"US market, HYUNDAI IONIQ 5, model year 2022 only; a count, not a failure rate",motriskindex-families-2024-v5
hyundai-ioniq-5,NHTSA manufacturer communications,service_bulletins_total,50,bulletins,,,US model years,"US market, HYUNDAI IONIQ 5, model year 2022 only; a count, not a failure rate",motriskindex-families-2024-v5
hyundai-ix20,DVSA vehicle safety recalls,recall_campaigns_listed,1,campaigns,,,register as published (snapshot 2026-07-30),matched by make and model; more campaigns do not by themselves mean a less reliable car,motriskindex-families-2024-v5
hyundai-ix20,Traficom Katsastus,inspection_fail_pct,30.5,percent,national average 26.3%,844,2024,"compare only with that country's own average; rulebooks differ, no cross-country difference",motriskindex-families-2024-v5
hyundai-ix20,RDW APK,inspection_fail_pct,48.5,percent,national average 50.8%,16035,2024,"compare only with that country's own average; rulebooks differ, no cross-country difference",motriskindex-families-2024-v5
hyundai-ix20,Statens vegvesen PKK,inspection_fail_pct,36.1,percent,national average 33.7%,1367,2024,"compare only with that country's own average; rulebooks differ, no cross-country difference",motriskindex-families-2024-v5
hyundai-ix35,DVSA vehicle safety recalls,recall_campaigns_listed,5,campaigns,,,register as published (snapshot 2026-07-30),matched by make and model; more campaigns do not by themselves mean a less reliable car,motriskindex-families-2024-v5
hyundai-ix35,Traficom Katsastus,inspection_fail_pct,32.9,percent,national average 26.3%,1570,2024,"compare only with that country's own average; rulebooks differ, no cross-country difference",motriskindex-families-2024-v5
hyundai-ix35,RDW APK,inspection_fail_pct,51.1,percent,national average 50.8%,13916,2024,"compare only with that country's own average; rulebooks differ, no cross-country difference",motriskindex-families-2024-v5
hyundai-ix35,Statens vegvesen PKK,inspection_fail_pct,41.4,percent,national average 33.7%,2751,2024,"compare only with that country's own average; rulebooks differ, no cross-country difference",motriskindex-families-2024-v5
hyundai-kona,DVSA vehicle safety recalls,recall_campaigns_listed,16,campaigns,,,register as published (snapshot 2026-07-30),matched by make and model; more campaigns do not by themselves mean a less reliable car,motriskindex-families-2024-v5
hyundai-kona,Traficom Katsastus,inspection_fail_pct,4.7,percent,national average 26.3%,1128,2024,"compare only with that country's own average; rulebooks differ, no cross-country difference",motriskindex-families-2024-v5
hyundai-kona,RDW APK,inspection_fail_pct,32.7,percent,national average 50.8%,15713,2024,"compare only with that country's own average; rulebooks differ, no cross-country difference",motriskindex-families-2024-v5
hyundai-kona,Statens vegvesen PKK,inspection_fail_pct,15.3,percent,national average 33.7%,9938,2024,"compare only with that country's own average; rulebooks differ, no cross-country difference",motriskindex-families-2024-v5
hyundai-kona,NHTSA ODI consumer complaints,complaints_total,773,complaints,,,US model years,"US market, HYUNDAI KONA and variants, model years 2018-2022 only; a count, not a failure rate",motriskindex-families-2024-v5
hyundai-kona,NHTSA manufacturer communications,service_bulletins_total,166,bulletins,,,US model years,"US market, HYUNDAI KONA and variants, model years 2018-2022 only; a count, not a failure rate",motriskindex-families-2024-v5
hyundai-matrix,RDW APK,inspection_fail_pct,63.9,percent,national average 50.8%,5049,2024,"compare only with that country's own average; rulebooks differ, no cross-country difference",motriskindex-families-2024-v5
hyundai-santa-fe,DVSA vehicle safety recalls,recall_campaigns_listed,24,campaigns,,,register as published (snapshot 2026-07-30),matched by make and model; more campaigns do not by themselves mean a less reliable car,motriskindex-families-2024-v5
hyundai-santa-fe,Traficom Katsastus,inspection_fail_pct,43.7,percent,national average 26.3%,1114,2024,"compare only with that country's own average; rulebooks differ, no cross-country difference",motriskindex-families-2024-v5
hyundai-santa-fe,RDW APK,inspection_fail_pct,66.7,percent,national average 50.8%,3006,2024,"compare only with that country's own average; rulebooks differ, no cross-country difference",motriskindex-families-2024-v5
hyundai-santa-fe,Statens vegvesen PKK,inspection_fail_pct,44.8,percent,national average 33.7%,2504,2024,"compare only with that country's own average; rulebooks differ, no cross-country difference",motriskindex-families-2024-v5
hyundai-santa-fe,NHTSA ODI consumer complaints,complaints_total,3270,complaints,,,US model years,"US market, HYUNDAI SANTA FE and variants, model years 2015-2022 only; a count, not a failure rate",motriskindex-families-2024-v5
hyundai-santa-fe,NHTSA manufacturer communications,service_bulletins_total,424,bulletins,,,US model years,"US market, HYUNDAI SANTA FE and variants, model years 2015-2022 only; a count, not a failure rate",motriskindex-families-2024-v5
hyundai-terracan,DVSA vehicle safety recalls,recall_campaigns_listed,1,campaigns,,,register as published (snapshot 2026-07-30),matched by make and model; more campaigns do not by themselves mean a less reliable car,motriskindex-families-2024-v5
hyundai-tucson,DVSA vehicle safety recalls,recall_campaigns_listed,17,campaigns,,,register as published (snapshot 2026-07-30),matched by make and model; more campaigns do not by themselves mean a less reliable car,motriskindex-families-2024-v5
hyundai-tucson,Traficom Katsastus,inspection_fail_pct,31.7,percent,national average 26.3%,1760,2024,"compare only with that country's own average; rulebooks differ, no cross-country difference",motriskindex-families-2024-v5
hyundai-tucson,RDW APK,inspection_fail_pct,52.9,percent,national average 50.8%,16693,2024,"compare only with that country's own average; rulebooks differ, no cross-country difference",motriskindex-families-2024-v5
hyundai-tucson,Statens vegvesen PKK,inspection_fail_pct,30.7,percent,national average 33.7%,3046,2024,"compare only with that country's own average; rulebooks differ, no cross-country difference",motriskindex-families-2024-v5
hyundai-tucson,NHTSA ODI consumer complaints,complaints_total,3734,complaints,,,US model years,"US market, HYUNDAI TUCSON, model years 2016-2021 only; a count, not a failure rate",motriskindex-families-2024-v5
hyundai-tucson,NHTSA manufacturer communications,service_bulletins_total,258,bulletins,,,US model years,"US market, HYUNDAI TUCSON, model years 2016-2021 only; a count, not a failure rate",motriskindex-families-2024-v5
hyundai-veloster,DVSA vehicle safety recalls,recall_campaigns_listed,4,campaigns,,,register as published (snapshot 2026-07-30),matched by make and model; more campaigns do not by themselves mean a less reliable car,motriskindex-families-2024-v5
hyundai-veloster,RDW APK,inspection_fail_pct,59.1,percent,national average 50.8%,516,2024,"compare only with that country's own average; rulebooks differ, no cross-country difference",motriskindex-families-2024-v5
hyundai-veloster,NHTSA ODI consumer complaints,complaints_total,408,complaints,,,US model years,"US market, HYUNDAI VELOSTER, model years 2015-2017 only; a count, not a failure rate",motriskindex-families-2024-v5
hyundai-veloster,NHTSA manufacturer communications,service_bulletins_total,159,bulletins,,,US model years,"US market, HYUNDAI VELOSTER, model years 2015-2017 only; a count, not a failure rate",motriskindex-families-2024-v5
infiniti-q30,DVSA vehicle safety recalls,recall_campaigns_listed,6,campaigns,,,register as published (snapshot 2026-07-30),matched by make and model; more campaigns do not by themselves mean a less reliable car,motriskindex-families-2024-v5
infiniti-q50,DVSA vehicle safety recalls,recall_campaigns_listed,7,campaigns,,,register as published (snapshot 2026-07-30),matched by make and model; more campaigns do not by themselves mean a less reliable car,motriskindex-families-2024-v5
infiniti-q50,NHTSA ODI consumer complaints,complaints_total,310,complaints,,,US model years,"US market, INFINITI Q50, model years 2015-2022 only; a count, not a failure rate",motriskindex-families-2024-v5
infiniti-q50,NHTSA manufacturer communications,service_bulletins_total,382,bulletins,,,US model years,"US market, INFINITI Q50, model years 2015-2022 only; a count, not a failure rate",motriskindex-families-2024-v5
isuzu-d-max,DVSA vehicle safety recalls,recall_campaigns_listed,5,campaigns,,,register as published (snapshot 2026-07-30),matched by make and model; more campaigns do not by themselves mean a less reliable car,motriskindex-families-2024-v5
isuzu-trooper,DVSA vehicle safety recalls,recall_campaigns_listed,3,campaigns,,,register as published (snapshot 2026-07-30),matched by make and model; more campaigns do not by themselves mean a less reliable car,motriskindex-families-2024-v5
iveco-daily,DVSA vehicle safety recalls,recall_campaigns_listed,49,campaigns,,,register as published (snapshot 2026-07-30),matched by make and model; more campaigns do not by themselves mean a less reliable car,motriskindex-families-2024-v5
jaguar-e-pace,DVSA vehicle safety recalls,recall_campaigns_listed,13,campaigns,,,register as published (snapshot 2026-07-30),matched by make and model; more campaigns do not by themselves mean a less reliable car,motriskindex-families-2024-v5
jaguar-e-pace,NHTSA ODI consumer complaints,complaints_total,12,complaints,,,US model years,"US market, JAGUAR E-PACE, model years 2019-2022 only; a count, not a failure rate",motriskindex-families-2024-v5
jaguar-e-pace,NHTSA manufacturer communications,service_bulletins_total,511,bulletins,,,US model years,"US market, JAGUAR E-PACE, model years 2019-2022 only; a count, not a failure rate",motriskindex-families-2024-v5
jaguar-f-pace,DVSA vehicle safety recalls,recall_campaigns_listed,19,campaigns,,,register as published (snapshot 2026-07-30),matched by make and model; more campaigns do not by themselves mean a less reliable car,motriskindex-families-2024-v5
jaguar-f-pace,RDW APK,inspection_fail_pct,36.2,percent,national average 50.8%,865,2024,"compare only with that country's own average; rulebooks differ, no cross-country difference",motriskindex-families-2024-v5
jaguar-f-pace,NHTSA ODI consumer complaints,complaints_total,124,complaints,,,US model years,"US market, JAGUAR F-PACE, model years 2017-2022 only; a count, not a failure rate",motriskindex-families-2024-v5
jaguar-f-pace,NHTSA manufacturer communications,service_bulletins_total,1038,bulletins,,,US model years,"US market, JAGUAR F-PACE, model years 2017-2022 only; a count, not a failure rate",motriskindex-families-2024-v5
jaguar-f-type,DVSA vehicle safety recalls,recall_campaigns_listed,16,campaigns,,,register as published (snapshot 2026-07-30),matched by make and model; more campaigns do not by themselves mean a less reliable car,motriskindex-families-2024-v5
jaguar-f-type,RDW APK,inspection_fail_pct,26.0,percent,national average 50.8%,601,2024,"compare only with that country's own average; rulebooks differ, no cross-country difference",motriskindex-families-2024-v5
jaguar-f-type,NHTSA ODI consumer complaints,complaints_total,32,complaints,,,US model years,"US market, JAGUAR F-TYPE and variants, model years 2015-2020 only; a count, not a failure rate",motriskindex-families-2024-v5
jaguar-f-type,NHTSA manufacturer communications,service_bulletins_total,840,bulletins,,,US model years,"US market, JAGUAR F-TYPE and variants, model years 2015-2020 only; a count, not a failure rate",motriskindex-families-2024-v5
jaguar-i-pace,DVSA vehicle safety recalls,recall_campaigns_listed,11,campaigns,,,register as published (snapshot 2026-07-30),matched by make and model; more campaigns do not by themselves mean a less reliable car,motriskindex-families-2024-v5
jaguar-i-pace,RDW APK,inspection_fail_pct,30.1,percent,national average 50.8%,1921,2024,"compare only with that country's own average; rulebooks differ, no cross-country difference",motriskindex-families-2024-v5
jaguar-i-pace,Statens vegvesen PKK,inspection_fail_pct,14.6,percent,national average 33.7%,3222,2024,"compare only with that country's own average; rulebooks differ, no cross-country difference",motriskindex-families-2024-v5
jaguar-i-pace,NHTSA ODI consumer complaints,complaints_total,213,complaints,,,US model years,"US market, JAGUAR I-PACE, model years 2019-2022 only; a count, not a failure rate",motriskindex-families-2024-v5
jaguar-i-pace,NHTSA manufacturer communications,service_bulletins_total,509,bulletins,,,US model years,"US market, JAGUAR I-PACE, model years 2019-2022 only; a count, not a failure rate",motriskindex-families-2024-v5
jaguar-s-type,DVSA vehicle safety recalls,recall_campaigns_listed,7,campaigns,,,register as published (snapshot 2026-07-30),matched by make and model; more campaigns do not by themselves mean a less reliable car,motriskindex-families-2024-v5
jaguar-x-type,DVSA vehicle safety recalls,recall_campaigns_listed,6,campaigns,,,register as published (snapshot 2026-07-30),matched by make and model; more campaigns do not by themselves mean a less reliable car,motriskindex-families-2024-v5
jaguar-x-type,Traficom Katsastus,inspection_fail_pct,49.0,percent,national average 26.3%,598,2024,"compare only with that country's own average; rulebooks differ, no cross-country difference",motriskindex-families-2024-v5
jaguar-x-type,RDW APK,inspection_fail_pct,67.2,percent,national average 50.8%,1013,2024,"compare only with that country's own average; rulebooks differ, no cross-country difference",motriskindex-families-2024-v5
jaguar-xe,DVSA vehicle safety recalls,recall_campaigns_listed,13,campaigns,,,register as published (snapshot 2026-07-30),matched by make and model; more campaigns do not by themselves mean a less reliable car,motriskindex-families-2024-v5
jaguar-xe,RDW APK,inspection_fail_pct,35.1,percent,national average 50.8%,849,2024,"compare only with that country's own average; rulebooks differ, no cross-country difference",motriskindex-families-2024-v5
jaguar-xe,NHTSA ODI consumer complaints,complaints_total,37,complaints,,,US model years,"US market, JAGUAR XE, model years 2017-2020 only; a count, not a failure rate",motriskindex-families-2024-v5
jaguar-xe,NHTSA manufacturer communications,service_bulletins_total,867,bulletins,,,US model years,"US market, JAGUAR XE, model years 2017-2020 only; a count, not a failure rate",motriskindex-families-2024-v5
jaguar-xf,DVSA vehicle safety recalls,recall_campaigns_listed,31,campaigns,,,register as published (snapshot 2026-07-30),matched by make and model; more campaigns do not by themselves mean a less reliable car,motriskindex-families-2024-v5
jaguar-xf,Traficom Katsastus,inspection_fail_pct,20.7,percent,national average 26.3%,1123,2024,"compare only with that country's own average; rulebooks differ, no cross-country difference",motriskindex-families-2024-v5
jaguar-xf,RDW APK,inspection_fail_pct,44.2,percent,national average 50.8%,2020,2024,"compare only with that country's own average; rulebooks differ, no cross-country difference",motriskindex-families-2024-v5
jaguar-xf,NHTSA ODI consumer complaints,complaints_total,33,complaints,,,US model years,"US market, JAGUAR XF, model years 2015-2022 only; a count, not a failure rate",motriskindex-families-2024-v5
jaguar-xf,NHTSA manufacturer communications,service_bulletins_total,1398,bulletins,,,US model years,"US market, JAGUAR XF, model years 2015-2022 only; a count, not a failure rate",motriskindex-families-2024-v5
jaguar-xj,DVSA vehicle safety recalls,recall_campaigns_listed,22,campaigns,,,register as published (snapshot 2026-07-30),matched by make and model; more campaigns do not by themselves mean a less reliable car,motriskindex-families-2024-v5
jaguar-xj,RDW APK,inspection_fail_pct,51.3,percent,national average 50.8%,2117,2024,"compare only with that country's own average; rulebooks differ, no cross-country difference",motriskindex-families-2024-v5
jaguar-xj,NHTSA ODI consumer complaints,complaints_total,19,complaints,,,US model years,"US market, JAGUAR XJ and variants, model years 2015-2019 only; a count, not a failure rate",motriskindex-families-2024-v5
jaguar-xj,NHTSA manufacturer communications,service_bulletins_total,689,bulletins,,,US model years,"US market, JAGUAR XJ and variants, model years 2015-2019 only; a count, not a failure rate",motriskindex-families-2024-v5
jaguar-xjs,DVSA vehicle safety recalls,recall_campaigns_listed,1,campaigns,,,register as published (snapshot 2026-07-30),matched by make and model; more campaigns do not by themselves mean a less reliable car,motriskindex-families-2024-v5
jaguar-xk,DVSA vehicle safety recalls,recall_campaigns_listed,6,campaigns,,,register as published (snapshot 2026-07-30),matched by make and model; more campaigns do not by themselves mean a less reliable car,motriskindex-families-2024-v5
jaguar-xk,NHTSA ODI consumer complaints,complaints_total,2,complaints,,,US model years,"US market, JAGUAR XK, model year 2015 only; a count, not a failure rate",motriskindex-families-2024-v5
jaguar-xk,NHTSA manufacturer communications,service_bulletins_total,182,bulletins,,,US model years,"US market, JAGUAR XK, model year 2015 only; a count, not a failure rate",motriskindex-families-2024-v5
jeep-cherokee,DVSA vehicle safety recalls,recall_campaigns_listed,69,campaigns,,,register as published (snapshot 2026-07-30),matched by make and model; more campaigns do not by themselves mean a less reliable car,motriskindex-families-2024-v5
jeep-cherokee,RDW APK,inspection_fail_pct,68.3,percent,national average 50.8%,1952,2024,"compare only with that country's own average; rulebooks differ, no cross-country difference",motriskindex-families-2024-v5
jeep-cherokee,Statens vegvesen PKK,inspection_fail_pct,42.1,percent,national average 33.7%,605,2024,"compare only with that country's own average; rulebooks differ, no cross-country difference",motriskindex-families-2024-v5
jeep-cherokee,NHTSA ODI consumer complaints,complaints_total,7362,complaints,,,US model years,"US market, JEEP CHEROKEE, model years 2015-2022 only; a count, not a failure rate",motriskindex-families-2024-v5
jeep-cherokee,NHTSA manufacturer communications,service_bulletins_total,1302,bulletins,,,US model years,"US market, JEEP CHEROKEE, model years 2015-2022 only; a count, not a failure rate",motriskindex-families-2024-v5
jeep-compass,DVSA vehicle safety recalls,recall_campaigns_listed,11,campaigns,,,register as published (snapshot 2026-07-30),matched by make and model; more campaigns do not by themselves mean a less reliable car,motriskindex-families-2024-v5
jeep-compass,Traficom Katsastus,inspection_fail_pct,45.7,percent,national average 26.3%,700,2024,"compare only with that country's own average; rulebooks differ, no cross-country difference",motriskindex-families-2024-v5
jeep-compass,RDW APK,inspection_fail_pct,44.6,percent,national average 50.8%,2517,2024,"compare only with that country's own average; rulebooks differ, no cross-country difference",motriskindex-families-2024-v5
jeep-compass,NHTSA ODI consumer complaints,complaints_total,2346,complaints,,,US model years,"US market, JEEP COMPASS, model years 2015-2022 only; a count, not a failure rate",motriskindex-families-2024-v5
jeep-compass,NHTSA manufacturer communications,service_bulletins_total,1120,bulletins,,,US model years,"US market, JEEP COMPASS, model years 2015-2022 only; a count, not a failure rate",motriskindex-families-2024-v5
jeep-grand-cherokee,DVSA vehicle safety recalls,recall_campaigns_listed,38,campaigns,,,register as published (snapshot 2026-07-30),matched by make and model; more campaigns do not by themselves mean a less reliable car,motriskindex-families-2024-v5
jeep-grand-cherokee,Traficom Katsastus,inspection_fail_pct,34.1,percent,national average 26.3%,1086,2024,"compare only with that country's own average; rulebooks differ, no cross-country difference",motriskindex-families-2024-v5
jeep-grand-cherokee,RDW APK,inspection_fail_pct,65.2,percent,national average 50.8%,1774,2024,"compare only with that country's own average; rulebooks differ, no cross-country difference",motriskindex-families-2024-v5
jeep-grand-cherokee,Statens vegvesen PKK,inspection_fail_pct,44.9,percent,national average 33.7%,668,2024,"compare only with that country's own average; rulebooks differ, no cross-country difference",motriskindex-families-2024-v5
jeep-grand-cherokee,NHTSA ODI consumer complaints,complaints_total,4414,complaints,,,US model years,"US market, JEEP GRAND CHEROKEE and variants, model years 2015-2022 only; a count, not a failure rate",motriskindex-families-2024-v5
jeep-grand-cherokee,NHTSA manufacturer communications,service_bulletins_total,2637,bulletins,,,US model years,"US market, JEEP GRAND CHEROKEE and variants, model years 2015-2022 only; a count, not a failure rate",motriskindex-families-2024-v5
jeep-patriot,DVSA vehicle safety recalls,recall_campaigns_listed,3,campaigns,,,register as published (snapshot 2026-07-30),matched by make and model; more campaigns do not by themselves mean a less reliable car,motriskindex-families-2024-v5
jeep-patriot,RDW APK,inspection_fail_pct,71.9,percent,national average 50.8%,712,2024,"compare only with that country's own average; rulebooks differ, no cross-country difference",motriskindex-families-2024-v5
jeep-patriot,NHTSA ODI consumer complaints,complaints_total,832,complaints,,,US model years,"US market, JEEP PATRIOT, model years 2015-2017 only; a count, not a failure rate",motriskindex-families-2024-v5
jeep-patriot,NHTSA manufacturer communications,service_bulletins_total,151,bulletins,,,US model years,"US market, JEEP PATRIOT, model years 2015-2017 only; a count, not a failure rate",motriskindex-families-2024-v5
jeep-renegade,DVSA vehicle safety recalls,recall_campaigns_listed,9,campaigns,,,register as published (snapshot 2026-07-30),matched by make and model; more campaigns do not by themselves mean a less reliable car,motriskindex-families-2024-v5
jeep-renegade,RDW APK,inspection_fail_pct,39.3,percent,national average 50.8%,3118,2024,"compare only with that country's own average; rulebooks differ, no cross-country difference",motriskindex-families-2024-v5
jeep-renegade,NHTSA ODI consumer complaints,complaints_total,2180,complaints,,,US model years,"US market, JEEP RENEGADE, model years 2015-2022 only; a count, not a failure rate",motriskindex-families-2024-v5
jeep-renegade,NHTSA manufacturer communications,service_bulletins_total,1035,bulletins,,,US model years,"US market, JEEP RENEGADE, model years 2015-2022 only; a count, not a failure rate",motriskindex-families-2024-v5
jeep-wrangler,DVSA vehicle safety recalls,recall_campaigns_listed,38,campaigns,,,register as published (snapshot 2026-07-30),matched by make and model; more campaigns do not by themselves mean a less reliable car,motriskindex-families-2024-v5
jeep-wrangler,RDW APK,inspection_fail_pct,59.7,percent,national average 50.8%,2025,2024,"compare only with that country's own average; rulebooks differ, no cross-country difference",motriskindex-families-2024-v5
jeep-wrangler,Statens vegvesen PKK,inspection_fail_pct,43.9,percent,national average 33.7%,570,2024,"compare only with that country's own average; rulebooks differ, no cross-country difference",motriskindex-families-2024-v5
jeep-wrangler,NHTSA ODI consumer complaints,complaints_total,5737,complaints,,,US model years,"US market, JEEP WRANGLER and variants, model years 2015-2022 only; a count, not a failure rate",motriskindex-families-2024-v5
jeep-wrangler,NHTSA manufacturer communications,service_bulletins_total,1885,bulletins,,,US model years,"US market, JEEP WRANGLER and variants, model years 2015-2022 only; a count, not a failure rate",motriskindex-families-2024-v5
kia-carens,DVSA vehicle safety recalls,recall_campaigns_listed,11,campaigns,,,register as published (snapshot 2026-07-30),matched by make and model; more campaigns do not by themselves mean a less reliable car,motriskindex-families-2024-v5
kia-carens,Traficom Katsastus,inspection_fail_pct,34.9,percent,national average 26.3%,1183,2024,"compare only with that country's own average; rulebooks differ, no cross-country difference",motriskindex-families-2024-v5
kia-carens,RDW APK,inspection_fail_pct,57.1,percent,national average 50.8%,4196,2024,"compare only with that country's own average; rulebooks differ, no cross-country difference",motriskindex-families-2024-v5
kia-ceed,DVSA vehicle safety recalls,recall_campaigns_listed,11,campaigns,,,register as published (snapshot 2026-07-30),matched by make and model; more campaigns do not by themselves mean a less reliable car,motriskindex-families-2024-v5
kia-ceed,Traficom Katsastus,inspection_fail_pct,29.9,percent,national average 26.3%,24212,2024,"compare only with that country's own average; rulebooks differ, no cross-country difference",motriskindex-families-2024-v5
kia-ceed,RDW APK,inspection_fail_pct,26.3,percent,national average 50.8%,4237,2024,"compare only with that country's own average; rulebooks differ, no cross-country difference",motriskindex-families-2024-v5
kia-ceed,Statens vegvesen PKK,inspection_fail_pct,36.9,percent,national average 33.7%,775,2024,"compare only with that country's own average; rulebooks differ, no cross-country difference",motriskindex-families-2024-v5
kia-ev6,DVSA vehicle safety recalls,recall_campaigns_listed,8,campaigns,,,register as published (snapshot 2026-07-30),matched by make and model; more campaigns do not by themselves mean a less reliable car,motriskindex-families-2024-v5
kia-ev6,NHTSA ODI consumer complaints,complaints_total,277,complaints,,,US model years,"US market, KIA EV6, model year 2022 only; a count, not a failure rate",motriskindex-families-2024-v5
kia-ev6,NHTSA manufacturer communications,service_bulletins_total,77,bulletins,,,US model years,"US market, KIA EV6, model year 2022 only; a count, not a failure rate",motriskindex-families-2024-v5
kia-niro,DVSA vehicle safety recalls,recall_campaigns_listed,19,campaigns,,,register as published (snapshot 2026-07-30),matched by make and model; more campaigns do not by themselves mean a less reliable car,motriskindex-families-2024-v5
kia-niro,Traficom Katsastus,inspection_fail_pct,8.3,percent,national average 26.3%,3011,2024,"compare only with that country's own average; rulebooks differ, no cross-country difference",motriskindex-families-2024-v5
kia-niro,RDW APK,inspection_fail_pct,28.5,percent,national average 50.8%,24485,2024,"compare only with that country's own average; rulebooks differ, no cross-country difference",motriskindex-families-2024-v5
kia-niro,Statens vegvesen PKK,inspection_fail_pct,16.1,percent,national average 33.7%,6326,2024,"compare only with that country's own average; rulebooks differ, no cross-country difference",motriskindex-families-2024-v5
kia-niro,NHTSA ODI consumer complaints,complaints_total,420,complaints,,,US model years,"US market, KIA NIRO and variants, model years 2017-2022 only; a count, not a failure rate",motriskindex-families-2024-v5
kia-niro,NHTSA manufacturer communications,service_bulletins_total,198,bulletins,,,US model years,"US market, KIA NIRO and variants, model years 2017-2022 only; a count, not a failure rate",motriskindex-families-2024-v5
kia-optima,DVSA vehicle safety recalls,recall_campaigns_listed,6,campaigns,,,register as published (snapshot 2026-07-30),matched by make and model; more campaigns do not by themselves mean a less reliable car,motriskindex-families-2024-v5
kia-optima,Traficom Katsastus,inspection_fail_pct,16.2,percent,national average 26.3%,2258,2024,"compare only with that country's own average; rulebooks differ, no cross-country difference",motriskindex-families-2024-v5
kia-optima,RDW APK,inspection_fail_pct,38.5,percent,national average 50.8%,980,2024,"compare only with that country's own average; rulebooks differ, no cross-country difference",motriskindex-families-2024-v5
kia-optima,Statens vegvesen PKK,inspection_fail_pct,21.6,percent,national average 33.7%,1176,2024,"compare only with that country's own average; rulebooks differ, no cross-country difference",motriskindex-families-2024-v5
kia-optima,NHTSA ODI consumer complaints,complaints_total,2680,complaints,,,US model years,"US market, KIA OPTIMA and variants, model years 2015-2020 only; a count, not a failure rate",motriskindex-families-2024-v5
kia-optima,NHTSA manufacturer communications,service_bulletins_total,502,bulletins,,,US model years,"US market, KIA OPTIMA and variants, model years 2015-2020 only; a count, not a failure rate",motriskindex-families-2024-v5
kia-picanto,DVSA vehicle safety recalls,recall_campaigns_listed,12,campaigns,,,register as published (snapshot 2026-07-30),matched by make and model; more campaigns do not by themselves mean a less reliable car,motriskindex-families-2024-v5
kia-picanto,Traficom Katsastus,inspection_fail_pct,24.5,percent,national average 26.3%,3281,2024,"compare only with that country's own average; rulebooks differ, no cross-country difference",motriskindex-families-2024-v5
kia-picanto,RDW APK,inspection_fail_pct,48.7,percent,national average 50.8%,106432,2024,"compare only with that country's own average; rulebooks differ, no cross-country difference",motriskindex-families-2024-v5
kia-picanto,Statens vegvesen PKK,inspection_fail_pct,37.2,percent,national average 33.7%,3197,2024,"compare only with that country's own average; rulebooks differ, no cross-country difference",motriskindex-families-2024-v5
kia-proceed,RDW APK,inspection_fail_pct,25.7,percent,national average 50.8%,1073,2024,"compare only with that country's own average; rulebooks differ, no cross-country difference",motriskindex-families-2024-v5
kia-rio,DVSA vehicle safety recalls,recall_campaigns_listed,6,campaigns,,,register as published (snapshot 2026-07-30),matched by make and model; more campaigns do not by themselves mean a less reliable car,motriskindex-families-2024-v5
kia-rio,Traficom Katsastus,inspection_fail_pct,16.3,percent,national average 26.3%,12684,2024,"compare only with that country's own average; rulebooks differ, no cross-country difference",motriskindex-families-2024-v5
kia-rio,RDW APK,inspection_fail_pct,51.7,percent,national average 50.8%,32954,2024,"compare only with that country's own average; rulebooks differ, no cross-country difference",motriskindex-families-2024-v5
kia-rio,Statens vegvesen PKK,inspection_fail_pct,32.8,percent,national average 33.7%,2249,2024,"compare only with that country's own average; rulebooks differ, no cross-country difference",motriskindex-families-2024-v5
kia-rio,NHTSA ODI consumer complaints,complaints_total,262,complaints,,,US model years,"US market, KIA RIO and variants, model years 2015-2022 only; a count, not a failure rate",motriskindex-families-2024-v5
kia-rio,NHTSA manufacturer communications,service_bulletins_total,165,bulletins,,,US model years,"US market, KIA RIO and variants, model years 2015-2022 only; a count, not a failure rate",motriskindex-families-2024-v5
kia-sedona,DVSA vehicle safety recalls,recall_campaigns_listed,9,campaigns,,,register as published (snapshot 2026-07-30),matched by make and model; more campaigns do not by themselves mean a less reliable car,motriskindex-families-2024-v5
kia-sorento,DVSA vehicle safety recalls,recall_campaigns_listed,25,campaigns,,,register as published (snapshot 2026-07-30),matched by make and model; more campaigns do not by themselves mean a less reliable car,motriskindex-families-2024-v5
kia-sorento,Traficom Katsastus,inspection_fail_pct,39.4,percent,national average 26.3%,3041,2024,"compare only with that country's own average; rulebooks differ, no cross-country difference",motriskindex-families-2024-v5
kia-sorento,RDW APK,inspection_fail_pct,60.9,percent,national average 50.8%,2791,2024,"compare only with that country's own average; rulebooks differ, no cross-country difference",motriskindex-families-2024-v5
kia-sorento,NHTSA ODI consumer complaints,complaints_total,3875,complaints,,,US model years,"US market, KIA SORENTO and variants, model years 2015-2022 only; a count, not a failure rate",motriskindex-families-2024-v5
kia-sorento,NHTSA manufacturer communications,service_bulletins_total,608,bulletins,,,US model years,"US market, KIA SORENTO and variants, model years 2015-2022 only; a count, not a failure rate",motriskindex-families-2024-v5
kia-soul,DVSA vehicle safety recalls,recall_campaigns_listed,13,campaigns,,,register as published (snapshot 2026-07-30),matched by make and model; more campaigns do not by themselves mean a less reliable car,motriskindex-families-2024-v5
kia-soul,Traficom Katsastus,inspection_fail_pct,24.0,percent,national average 26.3%,837,2024,"compare only with that country's own average; rulebooks differ, no cross-country difference",motriskindex-families-2024-v5
kia-soul,RDW APK,inspection_fail_pct,49.5,percent,national average 50.8%,3594,2024,"compare only with that country's own average; rulebooks differ, no cross-country difference",motriskindex-families-2024-v5
kia-soul,Statens vegvesen PKK,inspection_fail_pct,23.8,percent,national average 33.7%,13830,2024,"compare only with that country's own average; rulebooks differ, no cross-country difference",motriskindex-families-2024-v5
kia-soul,NHTSA ODI consumer complaints,complaints_total,3073,complaints,,,US model years,"US market, KIA SOUL and variants, model years 2015-2022 only; a count, not a failure rate",motriskindex-families-2024-v5
kia-soul,NHTSA manufacturer communications,service_bulletins_total,421,bulletins,,,US model years,"US market, KIA SOUL and variants, model years 2015-2022 only; a count, not a failure rate",motriskindex-families-2024-v5
kia-sportage,DVSA vehicle safety recalls,recall_campaigns_listed,20,campaigns,,,register as published (snapshot 2026-07-30),matched by make and model; more campaigns do not by themselves mean a less reliable car,motriskindex-families-2024-v5
kia-sportage,Traficom Katsastus,inspection_fail_pct,34.0,percent,national average 26.3%,7630,2024,"compare only with that country's own average; rulebooks differ, no cross-country difference",motriskindex-families-2024-v5
kia-sportage,RDW APK,inspection_fail_pct,51.0,percent,national average 50.8%,28608,2024,"compare only with that country's own average; rulebooks differ, no cross-country difference",motriskindex-families-2024-v5
kia-sportage,Statens vegvesen PKK,inspection_fail_pct,36.0,percent,national average 33.7%,6944,2024,"compare only with that country's own average; rulebooks differ, no cross-country difference",motriskindex-families-2024-v5
kia-sportage,NHTSA ODI consumer complaints,complaints_total,1149,complaints,,,US model years,"US market, KIA SPORTAGE, model years 2015-2022 only; a count, not a failure rate",motriskindex-families-2024-v5
kia-sportage,NHTSA manufacturer communications,service_bulletins_total,339,bulletins,,,US model years,"US market, KIA SPORTAGE, model years 2015-2022 only; a count, not a failure rate",motriskindex-families-2024-v5
kia-stinger,DVSA vehicle safety recalls,recall_campaigns_listed,13,campaigns,,,register as published (snapshot 2026-07-30),matched by make and model; more campaigns do not by themselves mean a less reliable car,motriskindex-families-2024-v5
kia-stinger,NHTSA ODI consumer complaints,complaints_total,162,complaints,,,US model years,"US market, KIA STINGER, model years 2018-2022 only; a count, not a failure rate",motriskindex-families-2024-v5
kia-stinger,NHTSA manufacturer communications,service_bulletins_total,141,bulletins,,,US model years,"US market, KIA STINGER, model years 2018-2022 only; a count, not a failure rate",motriskindex-families-2024-v5
kia-stonic,DVSA vehicle safety recalls,recall_campaigns_listed,1,campaigns,,,register as published (snapshot 2026-07-30),matched by make and model; more campaigns do not by themselves mean a less reliable car,motriskindex-families-2024-v5
kia-stonic,Traficom Katsastus,inspection_fail_pct,4.0,percent,national average 26.3%,1535,2024,"compare only with that country's own average; rulebooks differ, no cross-country difference",motriskindex-families-2024-v5
kia-stonic,RDW APK,inspection_fail_pct,26.8,percent,national average 50.8%,5188,2024,"compare only with that country's own average; rulebooks differ, no cross-country difference",motriskindex-families-2024-v5
kia-venga,Traficom Katsastus,inspection_fail_pct,24.2,percent,national average 26.3%,3548,2024,"compare only with that country's own average; rulebooks differ, no cross-country difference",motriskindex-families-2024-v5
kia-venga,RDW APK,inspection_fail_pct,45.8,percent,national average 50.8%,17307,2024,"compare only with that country's own average; rulebooks differ, no cross-country difference",motriskindex-families-2024-v5
kia-venga,Statens vegvesen PKK,inspection_fail_pct,36.8,percent,national average 33.7%,981,2024,"compare only with that country's own average; rulebooks differ, no cross-country difference",motriskindex-families-2024-v5
kia-xceed,RDW APK,inspection_fail_pct,23.5,percent,national average 50.8%,1540,2024,"compare only with that country's own average; rulebooks differ, no cross-country difference",motriskindex-families-2024-v5
land-rover-defender,DVSA vehicle safety recalls,recall_campaigns_listed,33,campaigns,,,register as published (snapshot 2026-07-30),matched by make and model; more campaigns do not by themselves mean a less reliable car,motriskindex-families-2024-v5
land-rover-defender,RDW APK,inspection_fail_pct,56.7,percent,national average 50.8%,2035,2024,"compare only with that country's own average; rulebooks differ, no cross-country difference",motriskindex-families-2024-v5
land-rover-defender,NHTSA ODI consumer complaints,complaints_total,168,complaints,,,US model years,"US market, LAND ROVER DEFENDER and variants, model years 2020-2022 only; a count, not a failure rate",motriskindex-families-2024-v5
land-rover-defender,NHTSA manufacturer communications,service_bulletins_total,690,bulletins,,,US model years,"US market, LAND ROVER DEFENDER and variants, model years 2020-2022 only; a count, not a failure rate",motriskindex-families-2024-v5
land-rover-discovery,DVSA vehicle safety recalls,recall_campaigns_listed,59,campaigns,,,register as published (snapshot 2026-07-30),matched by make and model; more campaigns do not by themselves mean a less reliable car,motriskindex-families-2024-v5
land-rover-discovery,Traficom Katsastus,inspection_fail_pct,33.4,percent,national average 26.3%,839,2024,"compare only with that country's own average; rulebooks differ, no cross-country difference",motriskindex-families-2024-v5
land-rover-discovery,RDW APK,inspection_fail_pct,53.6,percent,national average 50.8%,2165,2024,"compare only with that country's own average; rulebooks differ, no cross-country difference",motriskindex-families-2024-v5
land-rover-discovery,Statens vegvesen PKK,inspection_fail_pct,42.8,percent,national average 33.7%,1823,2024,"compare only with that country's own average; rulebooks differ, no cross-country difference",motriskindex-families-2024-v5
land-rover-discovery,NHTSA ODI consumer complaints,complaints_total,118,complaints,,,US model years,"US market, LAND ROVER DISCOVERY, model years 2016-2022 only; a count, not a failure rate",motriskindex-families-2024-v5
land-rover-discovery,NHTSA manufacturer communications,service_bulletins_total,1455,bulletins,,,US model years,"US market, LAND ROVER DISCOVERY, model years 2016-2022 only; a count, not a failure rate",motriskindex-families-2024-v5
land-rover-discovery-sport,DVSA vehicle safety recalls,recall_campaigns_listed,19,campaigns,,,register as published (snapshot 2026-07-30),matched by make and model; more campaigns do not by themselves mean a less reliable car,motriskindex-families-2024-v5
land-rover-discovery-sport,RDW APK,inspection_fail_pct,37.0,percent,national average 50.8%,1893,2024,"compare only with that country's own average; rulebooks differ, no cross-country difference",motriskindex-families-2024-v5
land-rover-discovery-sport,NHTSA ODI consumer complaints,complaints_total,386,complaints,,,US model years,"US market, LAND ROVER DISCOVERY SPORT and variants, model years 2015-2022 only; a count, not a failure rate",motriskindex-families-2024-v5
land-rover-discovery-sport,NHTSA manufacturer communications,service_bulletins_total,2252,bulletins,,,US model years,"US market, LAND ROVER DISCOVERY SPORT and variants, model years 2015-2022 only; a count, not a failure rate",motriskindex-families-2024-v5
land-rover-freelander,DVSA vehicle safety recalls,recall_campaigns_listed,12,campaigns,,,register as published (snapshot 2026-07-30),matched by make and model; more campaigns do not by themselves mean a less reliable car,motriskindex-families-2024-v5
land-rover-freelander,Traficom Katsastus,inspection_fail_pct,40.2,percent,national average 26.3%,809,2024,"compare only with that country's own average; rulebooks differ, no cross-country difference",motriskindex-families-2024-v5
land-rover-freelander,RDW APK,inspection_fail_pct,61.7,percent,national average 50.8%,2032,2024,"compare only with that country's own average; rulebooks differ, no cross-country difference",motriskindex-families-2024-v5
land-rover-freelander,Statens vegvesen PKK,inspection_fail_pct,45.4,percent,national average 33.7%,776,2024,"compare only with that country's own average; rulebooks differ, no cross-country difference",motriskindex-families-2024-v5
land-rover-range-rover,DVSA vehicle safety recalls,recall_campaigns_listed,67,campaigns,,,register as published (snapshot 2026-07-30),matched by make and model; more campaigns do not by themselves mean a less reliable car,motriskindex-families-2024-v5
land-rover-range-rover,Traficom Katsastus,inspection_fail_pct,24.5,percent,national average 26.3%,554,2024,"compare only with that country's own average; rulebooks differ, no cross-country difference",motriskindex-families-2024-v5
land-rover-range-rover,RDW APK,inspection_fail_pct,48.8,percent,national average 50.8%,3177,2024,"compare only with that country's own average; rulebooks differ, no cross-country difference",motriskindex-families-2024-v5
land-rover-range-rover,NHTSA ODI consumer complaints,complaints_total,375,complaints,,,US model years,"US market, LAND ROVER RANGE ROVER and variants, model years 2015-2022 only; a count, not a failure rate",motriskindex-families-2024-v5
land-rover-range-rover,NHTSA manufacturer communications,service_bulletins_total,1964,bulletins,,,US model years,"US market, LAND ROVER RANGE ROVER and variants, model years 2015-2022 only; a count, not a failure rate",motriskindex-families-2024-v5
land-rover-range-rover-evoque,DVSA vehicle safety recalls,recall_campaigns_listed,28,campaigns,,,register as published (snapshot 2026-07-30),matched by make and model; more campaigns do not by themselves mean a less reliable car,motriskindex-families-2024-v5
land-rover-range-rover-evoque,Traficom Katsastus,inspection_fail_pct,17.8,percent,national average 26.3%,810,2024,"compare only with that country's own average; rulebooks differ, no cross-country difference",motriskindex-families-2024-v5
land-rover-range-rover-evoque,RDW APK,inspection_fail_pct,36.3,percent,national average 50.8%,7041,2024,"compare only with that country's own average; rulebooks differ, no cross-country difference",motriskindex-families-2024-v5
land-rover-range-rover-evoque,Statens vegvesen PKK,inspection_fail_pct,31.3,percent,national average 33.7%,1025,2024,"compare only with that country's own average; rulebooks differ, no cross-country difference",motriskindex-families-2024-v5
land-rover-range-rover-evoque,NHTSA ODI consumer complaints,complaints_total,322,complaints,,,US model years,"US market, LAND ROVER RANGE ROVER EVOQUE and variants, model years 2015-2022 only; a count, not a failure rate",motriskindex-families-2024-v5
land-rover-range-rover-evoque,NHTSA manufacturer communications,service_bulletins_total,2078,bulletins,,,US model years,"US market, LAND ROVER RANGE ROVER EVOQUE and variants, model years 2015-2022 only; a count, not a failure rate",motriskindex-families-2024-v5
land-rover-range-rover-sport,DVSA vehicle safety recalls,recall_campaigns_listed,57,campaigns,,,register as published (snapshot 2026-07-30),matched by make and model; more campaigns do not by themselves mean a less reliable car,motriskindex-families-2024-v5
land-rover-range-rover-sport,Traficom Katsastus,inspection_fail_pct,27.6,percent,national average 26.3%,856,2024,"compare only with that country's own average; rulebooks differ, no cross-country difference",motriskindex-families-2024-v5
land-rover-range-rover-sport,RDW APK,inspection_fail_pct,41.2,percent,national average 50.8%,4278,2024,"compare only with that country's own average; rulebooks differ, no cross-country difference",motriskindex-families-2024-v5
land-rover-range-rover-sport,Statens vegvesen PKK,inspection_fail_pct,35.5,percent,national average 33.7%,798,2024,"compare only with that country's own average; rulebooks differ, no cross-country difference",motriskindex-families-2024-v5
land-rover-range-rover-sport,NHTSA ODI consumer complaints,complaints_total,449,complaints,,,US model years,"US market, LAND ROVER RANGE ROVER SPORT and variants, model years 2015-2022 only; a count, not a failure rate",motriskindex-families-2024-v5
land-rover-range-rover-sport,NHTSA manufacturer communications,service_bulletins_total,2107,bulletins,,,US model years,"US market, LAND ROVER RANGE ROVER SPORT and variants, model years 2015-2022 only; a count, not a failure rate",motriskindex-families-2024-v5
land-rover-range-rover-velar,DVSA vehicle safety recalls,recall_campaigns_listed,17,campaigns,,,register as published (snapshot 2026-07-30),matched by make and model; more campaigns do not by themselves mean a less reliable car,motriskindex-families-2024-v5
land-rover-range-rover-velar,RDW APK,inspection_fail_pct,31.4,percent,national average 50.8%,1446,2024,"compare only with that country's own average; rulebooks differ, no cross-country difference",motriskindex-families-2024-v5
land-rover-range-rover-velar,NHTSA ODI consumer complaints,complaints_total,104,complaints,,,US model years,"US market, LAND ROVER RANGE ROVER VELAR, model years 2018-2022 only; a count, not a failure rate",motriskindex-families-2024-v5
land-rover-range-rover-velar,NHTSA manufacturer communications,service_bulletins_total,1061,bulletins,,,US model years,"US market, LAND ROVER RANGE ROVER VELAR, model years 2018-2022 only; a count, not a failure rate",motriskindex-families-2024-v5
ldv-maxus,DVSA vehicle safety recalls,recall_campaigns_listed,2,campaigns,,,register as published (snapshot 2026-07-30),matched by make and model; more campaigns do not by themselves mean a less reliable car,motriskindex-families-2024-v5
levc-tx,DVSA vehicle safety recalls,recall_campaigns_listed,2,campaigns,,,register as published (snapshot 2026-07-30),matched by make and model; more campaigns do not by themselves mean a less reliable car,motriskindex-families-2024-v5
lexus-ct,Traficom Katsastus,inspection_fail_pct,8.3,percent,national average 26.3%,935,2024,"compare only with that country's own average; rulebooks differ, no cross-country difference",motriskindex-families-2024-v5
lexus-es,DVSA vehicle safety recalls,recall_campaigns_listed,3,campaigns,,,register as published (snapshot 2026-07-30),matched by make and model; more campaigns do not by themselves mean a less reliable car,motriskindex-families-2024-v5
lexus-es,NHTSA ODI consumer complaints,complaints_total,107,complaints,,,US model years,"US market, LEXUS ES and variants, model years 2019-2022 only; a count, not a failure rate",motriskindex-families-2024-v5
lexus-es,NHTSA manufacturer communications,service_bulletins_total,285,bulletins,,,US model years,"US market, LEXUS ES and variants, model years 2019-2022 only; a count, not a failure rate",motriskindex-families-2024-v5
lexus-gs,DVSA vehicle safety recalls,recall_campaigns_listed,5,campaigns,,,register as published (snapshot 2026-07-30),matched by make and model; more campaigns do not by themselves mean a less reliable car,motriskindex-families-2024-v5
lexus-gs,NHTSA ODI consumer complaints,complaints_total,12,complaints,,,US model years,"US market, LEXUS GS, model years 2015-2019 only; a count, not a failure rate",motriskindex-families-2024-v5
lexus-gs,NHTSA manufacturer communications,service_bulletins_total,26,bulletins,,,US model years,"US market, LEXUS GS, model years 2015-2019 only; a count, not a failure rate",motriskindex-families-2024-v5
lexus-is,DVSA vehicle safety recalls,recall_campaigns_listed,3,campaigns,,,register as published (snapshot 2026-07-30),matched by make and model; more campaigns do not by themselves mean a less reliable car,motriskindex-families-2024-v5
lexus-is,Traficom Katsastus,inspection_fail_pct,20.7,percent,national average 26.3%,1918,2024,"compare only with that country's own average; rulebooks differ, no cross-country difference",motriskindex-families-2024-v5
lexus-is,NHTSA ODI consumer complaints,complaints_total,46,complaints,,,US model years,"US market, LEXUS IS and variants, model years 2015-2022 only; a count, not a failure rate",motriskindex-families-2024-v5
lexus-is,NHTSA manufacturer communications,service_bulletins_total,254,bulletins,,,US model years,"US market, LEXUS IS and variants, model years 2015-2022 only; a count, not a failure rate",motriskindex-families-2024-v5
lexus-ls,DVSA vehicle safety recalls,recall_campaigns_listed,1,campaigns,,,register as published (snapshot 2026-07-30),matched by make and model; more campaigns do not by themselves mean a less reliable car,motriskindex-families-2024-v5
lexus-ls,NHTSA ODI consumer complaints,complaints_total,25,complaints,,,US model years,"US market, LEXUS LS and variants, model years 2015-2021 only; a count, not a failure rate",motriskindex-families-2024-v5
lexus-ls,NHTSA manufacturer communications,service_bulletins_total,219,bulletins,,,US model years,"US market, LEXUS LS and variants, model years 2015-2021 only; a count, not a failure rate",motriskindex-families-2024-v5
lexus-nx,DVSA vehicle safety recalls,recall_campaigns_listed,7,campaigns,,,register as published (snapshot 2026-07-30),matched by make and model; more campaigns do not by themselves mean a less reliable car,motriskindex-families-2024-v5
lexus-nx,Traficom Katsastus,inspection_fail_pct,5.7,percent,national average 26.3%,636,2024,"compare only with that country's own average; rulebooks differ, no cross-country difference",motriskindex-families-2024-v5
lexus-nx,NHTSA ODI consumer complaints,complaints_total,48,complaints,,,US model years,"US market, LEXUS NX and variants, model years 2021-2022 only; a count, not a failure rate",motriskindex-families-2024-v5
lexus-nx,NHTSA manufacturer communications,service_bulletins_total,248,bulletins,,,US model years,"US market, LEXUS NX and variants, model years 2021-2022 only; a count, not a failure rate",motriskindex-families-2024-v5
lexus-rc,DVSA vehicle safety recalls,recall_campaigns_listed,2,campaigns,,,register as published (snapshot 2026-07-30),matched by make and model; more campaigns do not by themselves mean a less reliable car,motriskindex-families-2024-v5
lexus-rc,NHTSA ODI consumer complaints,complaints_total,37,complaints,,,US model years,"US market, LEXUS RC and variants, model years 2015-2022 only; a count, not a failure rate",motriskindex-families-2024-v5
lexus-rc,NHTSA manufacturer communications,service_bulletins_total,532,bulletins,,,US model years,"US market, LEXUS RC and variants, model years 2015-2022 only; a count, not a failure rate",motriskindex-families-2024-v5
lexus-rx,DVSA vehicle safety recalls,recall_campaigns_listed,7,campaigns,,,register as published (snapshot 2026-07-30),matched by make and model; more campaigns do not by themselves mean a less reliable car,motriskindex-families-2024-v5
lexus-rx,Traficom Katsastus,inspection_fail_pct,22.2,percent,national average 26.3%,1692,2024,"compare only with that country's own average; rulebooks differ, no cross-country difference",motriskindex-families-2024-v5
lexus-rx,NHTSA ODI consumer complaints,complaints_total,164,complaints,,,US model years,"US market, LEXUS RX 350 and variants, model years 2020-2022 only; a count, not a failure rate",motriskindex-families-2024-v5
lexus-rx,NHTSA manufacturer communications,service_bulletins_total,195,bulletins,,,US model years,"US market, LEXUS RX 350 and variants, model years 2020-2022 only; a count, not a failure rate",motriskindex-families-2024-v5
lexus-ux,DVSA vehicle safety recalls,recall_campaigns_listed,3,campaigns,,,register as published (snapshot 2026-07-30),matched by make and model; more campaigns do not by themselves mean a less reliable car,motriskindex-families-2024-v5
lexus-ux,NHTSA ODI consumer complaints,complaints_total,22,complaints,,,US model years,"US market, LEXUS UX and variants, model years 2019-2022 only; a count, not a failure rate",motriskindex-families-2024-v5
lexus-ux,NHTSA manufacturer communications,service_bulletins_total,213,bulletins,,,US model years,"US market, LEXUS UX and variants, model years 2019-2022 only; a count, not a failure rate",motriskindex-families-2024-v5
lotus-elise,DVSA vehicle safety recalls,recall_campaigns_listed,10,campaigns,,,register as published (snapshot 2026-07-30),matched by make and model; more campaigns do not by themselves mean a less reliable car,motriskindex-families-2024-v5
lotus-exige,DVSA vehicle safety recalls,recall_campaigns_listed,5,campaigns,,,register as published (snapshot 2026-07-30),matched by make and model; more campaigns do not by themselves mean a less reliable car,motriskindex-families-2024-v5
maserati-ghibli,DVSA vehicle safety recalls,recall_campaigns_listed,13,campaigns,,,register as published (snapshot 2026-07-30),matched by make and model; more campaigns do not by themselves mean a less reliable car,motriskindex-families-2024-v5
maserati-ghibli,NHTSA ODI consumer complaints,complaints_total,60,complaints,,,US model years,"US market, MASERATI GHIBLI, model years 2015-2020 only; a count, not a failure rate",motriskindex-families-2024-v5
maserati-ghibli,NHTSA manufacturer communications,service_bulletins_total,136,bulletins,,,US model years,"US market, MASERATI GHIBLI, model years 2015-2020 only; a count, not a failure rate",motriskindex-families-2024-v5
maserati-granturismo,DVSA vehicle safety recalls,recall_campaigns_listed,9,campaigns,,,register as published (snapshot 2026-07-30),matched by make and model; more campaigns do not by themselves mean a less reliable car,motriskindex-families-2024-v5
maserati-levante,DVSA vehicle safety recalls,recall_campaigns_listed,16,campaigns,,,register as published (snapshot 2026-07-30),matched by make and model; more campaigns do not by themselves mean a less reliable car,motriskindex-families-2024-v5
maserati-levante,NHTSA ODI consumer complaints,complaints_total,27,complaints,,,US model years,"US market, MASERATI LEVANTE, model years 2017-2022 only; a count, not a failure rate",motriskindex-families-2024-v5
maserati-levante,NHTSA manufacturer communications,service_bulletins_total,189,bulletins,,,US model years,"US market, MASERATI LEVANTE, model years 2017-2022 only; a count, not a failure rate",motriskindex-families-2024-v5
maserati-quattroporte,DVSA vehicle safety recalls,recall_campaigns_listed,23,campaigns,,,register as published (snapshot 2026-07-30),matched by make and model; more campaigns do not by themselves mean a less reliable car,motriskindex-families-2024-v5
maserati-quattroporte,RDW APK,inspection_fail_pct,35.1,percent,national average 50.8%,609,2024,"compare only with that country's own average; rulebooks differ, no cross-country difference",motriskindex-families-2024-v5
maserati-quattroporte,NHTSA ODI consumer complaints,complaints_total,11,complaints,,,US model years,"US market, MASERATI QUATTROPORTE, model years 2015-2021 only; a count, not a failure rate",motriskindex-families-2024-v5
maserati-quattroporte,NHTSA manufacturer communications,service_bulletins_total,150,bulletins,,,US model years,"US market, MASERATI QUATTROPORTE, model years 2015-2021 only; a count, not a failure rate",motriskindex-families-2024-v5
mazda-2,DVSA vehicle safety recalls,recall_campaigns_listed,4,campaigns,,,register as published (snapshot 2026-07-30),matched by make and model; more campaigns do not by themselves mean a less reliable car,motriskindex-families-2024-v5
mazda-2,Traficom Katsastus,inspection_fail_pct,28.3,percent,national average 26.3%,2668,2024,"compare only with that country's own average; rulebooks differ, no cross-country difference",motriskindex-families-2024-v5
mazda-2,RDW APK,inspection_fail_pct,55.4,percent,national average 50.8%,19093,2024,"compare only with that country's own average; rulebooks differ, no cross-country difference",motriskindex-families-2024-v5
mazda-2,Statens vegvesen PKK,inspection_fail_pct,37.9,percent,national average 33.7%,2324,2024,"compare only with that country's own average; rulebooks differ, no cross-country difference",motriskindex-families-2024-v5
mazda-3,DVSA vehicle safety recalls,recall_campaigns_listed,12,campaigns,,,register as published (snapshot 2026-07-30),matched by make and model; more campaigns do not by themselves mean a less reliable car,motriskindex-families-2024-v5
mazda-3,Traficom Katsastus,inspection_fail_pct,32.5,percent,national average 26.3%,8787,2024,"compare only with that country's own average; rulebooks differ, no cross-country difference",motriskindex-families-2024-v5
mazda-3,RDW APK,inspection_fail_pct,59.5,percent,national average 50.8%,8878,2024,"compare only with that country's own average; rulebooks differ, no cross-country difference",motriskindex-families-2024-v5
mazda-3,Statens vegvesen PKK,inspection_fail_pct,40.1,percent,national average 33.7%,3548,2024,"compare only with that country's own average; rulebooks differ, no cross-country difference",motriskindex-families-2024-v5
mazda-323,DVSA vehicle safety recalls,recall_campaigns_listed,1,campaigns,,,register as published (snapshot 2026-07-30),matched by make and model; more campaigns do not by themselves mean a less reliable car,motriskindex-families-2024-v5
mazda-323,RDW APK,inspection_fail_pct,65.1,percent,national average 50.8%,1111,2024,"compare only with that country's own average; rulebooks differ, no cross-country difference",motriskindex-families-2024-v5
mazda-323,Statens vegvesen PKK,inspection_fail_pct,43.3,percent,national average 33.7%,635,2024,"compare only with that country's own average; rulebooks differ, no cross-country difference",motriskindex-families-2024-v5
mazda-5,DVSA vehicle safety recalls,recall_campaigns_listed,13,campaigns,,,register as published (snapshot 2026-07-30),matched by make and model; more campaigns do not by themselves mean a less reliable car,motriskindex-families-2024-v5
mazda-5,Traficom Katsastus,inspection_fail_pct,51.3,percent,national average 26.3%,1379,2024,"compare only with that country's own average; rulebooks differ, no cross-country difference",motriskindex-families-2024-v5
mazda-5,RDW APK,inspection_fail_pct,60.8,percent,national average 50.8%,6155,2024,"compare only with that country's own average; rulebooks differ, no cross-country difference",motriskindex-families-2024-v5
mazda-5,Statens vegvesen PKK,inspection_fail_pct,48.6,percent,national average 33.7%,1002,2024,"compare only with that country's own average; rulebooks differ, no cross-country difference",motriskindex-families-2024-v5
mazda-6,DVSA vehicle safety recalls,recall_campaigns_listed,20,campaigns,,,register as published (snapshot 2026-07-30),matched by make and model; more campaigns do not by themselves mean a less reliable car,motriskindex-families-2024-v5
mazda-6,Traficom Katsastus,inspection_fail_pct,36.5,percent,national average 26.3%,15008,2024,"compare only with that country's own average; rulebooks differ, no cross-country difference",motriskindex-families-2024-v5
mazda-6,RDW APK,inspection_fail_pct,58.5,percent,national average 50.8%,8221,2024,"compare only with that country's own average; rulebooks differ, no cross-country difference",motriskindex-families-2024-v5
mazda-6,Statens vegvesen PKK,inspection_fail_pct,44.7,percent,national average 33.7%,3771,2024,"compare only with that country's own average; rulebooks differ, no cross-country difference",motriskindex-families-2024-v5
mazda-b,DVSA vehicle safety recalls,recall_campaigns_listed,3,campaigns,,,register as published (snapshot 2026-07-30),matched by make and model; more campaigns do not by themselves mean a less reliable car,motriskindex-families-2024-v5
mazda-cx-3,DVSA vehicle safety recalls,recall_campaigns_listed,5,campaigns,,,register as published (snapshot 2026-07-30),matched by make and model; more campaigns do not by themselves mean a less reliable car,motriskindex-families-2024-v5
mazda-cx-3,Traficom Katsastus,inspection_fail_pct,8.7,percent,national average 26.3%,909,2024,"compare only with that country's own average; rulebooks differ, no cross-country difference",motriskindex-families-2024-v5
mazda-cx-3,RDW APK,inspection_fail_pct,28.8,percent,national average 50.8%,10688,2024,"compare only with that country's own average; rulebooks differ, no cross-country difference",motriskindex-families-2024-v5
mazda-cx-3,Statens vegvesen PKK,inspection_fail_pct,18.9,percent,national average 33.7%,3680,2024,"compare only with that country's own average; rulebooks differ, no cross-country difference",motriskindex-families-2024-v5
mazda-cx-3,NHTSA ODI consumer complaints,complaints_total,111,complaints,,,US model years,"US market, MAZDA CX-3, model years 2016-2021 only; a count, not a failure rate",motriskindex-families-2024-v5
mazda-cx-3,NHTSA manufacturer communications,service_bulletins_total,805,bulletins,,,US model years,"US market, MAZDA CX-3, model years 2016-2021 only; a count, not a failure rate",motriskindex-families-2024-v5
mazda-cx-30,DVSA vehicle safety recalls,recall_campaigns_listed,3,campaigns,,,register as published (snapshot 2026-07-30),matched by make and model; more campaigns do not by themselves mean a less reliable car,motriskindex-families-2024-v5
mazda-cx-30,RDW APK,inspection_fail_pct,19.5,percent,national average 50.8%,2848,2024,"compare only with that country's own average; rulebooks differ, no cross-country difference",motriskindex-families-2024-v5
mazda-cx-30,Statens vegvesen PKK,inspection_fail_pct,15.3,percent,national average 33.7%,1134,2024,"compare only with that country's own average; rulebooks differ, no cross-country difference",motriskindex-families-2024-v5
mazda-cx-30,NHTSA ODI consumer complaints,complaints_total,167,complaints,,,US model years,"US market, MAZDA CX-30, model years 2020-2022 only; a count, not a failure rate",motriskindex-families-2024-v5
mazda-cx-30,NHTSA manufacturer communications,service_bulletins_total,769,bulletins,,,US model years,"US market, MAZDA CX-30, model years 2020-2022 only; a count, not a failure rate",motriskindex-families-2024-v5
mazda-cx-5,DVSA vehicle safety recalls,recall_campaigns_listed,8,campaigns,,,register as published (snapshot 2026-07-30),matched by make and model; more campaigns do not by themselves mean a less reliable car,motriskindex-families-2024-v5
mazda-cx-5,Traficom Katsastus,inspection_fail_pct,13.7,percent,national average 26.3%,1899,2024,"compare only with that country's own average; rulebooks differ, no cross-country difference",motriskindex-families-2024-v5
mazda-cx-5,RDW APK,inspection_fail_pct,35.5,percent,national average 50.8%,29716,2024,"compare only with that country's own average; rulebooks differ, no cross-country difference",motriskindex-families-2024-v5
mazda-cx-5,Statens vegvesen PKK,inspection_fail_pct,27.5,percent,national average 33.7%,13285,2024,"compare only with that country's own average; rulebooks differ, no cross-country difference",motriskindex-families-2024-v5
mazda-cx-5,NHTSA ODI consumer complaints,complaints_total,1492,complaints,,,US model years,"US market, MAZDA CX-5, model years 2015-2022 only; a count, not a failure rate",motriskindex-families-2024-v5
mazda-cx-5,NHTSA manufacturer communications,service_bulletins_total,1448,bulletins,,,US model years,"US market, MAZDA CX-5, model years 2015-2022 only; a count, not a failure rate",motriskindex-families-2024-v5
mazda-cx-7,DVSA vehicle safety recalls,recall_campaigns_listed,1,campaigns,,,register as published (snapshot 2026-07-30),matched by make and model; more campaigns do not by themselves mean a less reliable car,motriskindex-families-2024-v5
mazda-mx-30,DVSA vehicle safety recalls,recall_campaigns_listed,2,campaigns,,,register as published (snapshot 2026-07-30),matched by make and model; more campaigns do not by themselves mean a less reliable car,motriskindex-families-2024-v5
mazda-mx-30,RDW APK,inspection_fail_pct,26.7,percent,national average 50.8%,1253,2024,"compare only with that country's own average; rulebooks differ, no cross-country difference",motriskindex-families-2024-v5
mazda-mx-30,Statens vegvesen PKK,inspection_fail_pct,19.9,percent,national average 33.7%,1535,2024,"compare only with that country's own average; rulebooks differ, no cross-country difference",motriskindex-families-2024-v5
mazda-mx-5,RDW APK,inspection_fail_pct,43.6,percent,national average 50.8%,9498,2024,"compare only with that country's own average; rulebooks differ, no cross-country difference",motriskindex-families-2024-v5
mazda-mx-5,Statens vegvesen PKK,inspection_fail_pct,29.4,percent,national average 33.7%,809,2024,"compare only with that country's own average; rulebooks differ, no cross-country difference",motriskindex-families-2024-v5
mazda-mx-5,NHTSA ODI consumer complaints,complaints_total,69,complaints,,,US model years,"US market, MAZDA MX-5, model years 2015-2022 only; a count, not a failure rate",motriskindex-families-2024-v5
mazda-mx-5,NHTSA manufacturer communications,service_bulletins_total,659,bulletins,,,US model years,"US market, MAZDA MX-5, model years 2015-2022 only; a count, not a failure rate",motriskindex-families-2024-v5
mazda-rx-8,DVSA vehicle safety recalls,recall_campaigns_listed,4,campaigns,,,register as published (snapshot 2026-07-30),matched by make and model; more campaigns do not by themselves mean a less reliable car,motriskindex-families-2024-v5
mercedes-190,DVSA vehicle safety recalls,recall_campaigns_listed,1,campaigns,,,register as published (snapshot 2026-07-30),matched by make and model; more campaigns do not by themselves mean a less reliable car,motriskindex-families-2024-v5
mercedes-190,RDW APK,inspection_fail_pct,63.6,percent,national average 50.8%,792,2024,"compare only with that country's own average; rulebooks differ, no cross-country difference",motriskindex-families-2024-v5
mercedes-300,RDW APK,inspection_fail_pct,60.1,percent,national average 50.8%,1088,2024,"compare only with that country's own average; rulebooks differ, no cross-country difference",motriskindex-families-2024-v5
mercedes-300,Statens vegvesen PKK,inspection_fail_pct,49.2,percent,national average 33.7%,565,2024,"compare only with that country's own average; rulebooks differ, no cross-country difference",motriskindex-families-2024-v5
mercedes-a-class,DVSA vehicle safety recalls,recall_campaigns_listed,100,campaigns,,,register as published (snapshot 2026-07-30),matched by make and model; more campaigns do not by themselves mean a less reliable car,motriskindex-families-2024-v5
mercedes-a-class,Traficom Katsastus,inspection_fail_pct,17.3,percent,national average 26.3%,11240,2024,"compare only with that country's own average; rulebooks differ, no cross-country difference",motriskindex-families-2024-v5
mercedes-a-class,RDW APK,inspection_fail_pct,43.4,percent,national average 50.8%,49192,2024,"compare only with that country's own average; rulebooks differ, no cross-country difference",motriskindex-families-2024-v5
mercedes-a-class,Statens vegvesen PKK,inspection_fail_pct,29.1,percent,national average 33.7%,6875,2024,"compare only with that country's own average; rulebooks differ, no cross-country difference",motriskindex-families-2024-v5
mercedes-a-class,NHTSA ODI consumer complaints,complaints_total,77,complaints,,,US model years,"US market, MERCEDES-BENZ A-CLASS, model years 2015-2022 only; a count, not a failure rate",motriskindex-families-2024-v5
mercedes-a-class,NHTSA manufacturer communications,service_bulletins_total,285,bulletins,,,US model years,"US market, MERCEDES-BENZ A-CLASS, model years 2015-2022 only; a count, not a failure rate",motriskindex-families-2024-v5
mercedes-b-class,DVSA vehicle safety recalls,recall_campaigns_listed,65,campaigns,,,register as published (snapshot 2026-07-30),matched by make and model; more campaigns do not by themselves mean a less reliable car,motriskindex-families-2024-v5
mercedes-b-class,Traficom Katsastus,inspection_fail_pct,24.1,percent,national average 26.3%,6094,2024,"compare only with that country's own average; rulebooks differ, no cross-country difference",motriskindex-families-2024-v5
mercedes-b-class,RDW APK,inspection_fail_pct,41.2,percent,national average 50.8%,37862,2024,"compare only with that country's own average; rulebooks differ, no cross-country difference",motriskindex-families-2024-v5
mercedes-b-class,Statens vegvesen PKK,inspection_fail_pct,37.2,percent,national average 33.7%,9122,2024,"compare only with that country's own average; rulebooks differ, no cross-country difference",motriskindex-families-2024-v5
mercedes-c-class,DVSA vehicle safety recalls,recall_campaigns_listed,158,campaigns,,,register as published (snapshot 2026-07-30),matched by make and model; more campaigns do not by themselves mean a less reliable car,motriskindex-families-2024-v5
mercedes-c-class,Traficom Katsastus,inspection_fail_pct,35.3,percent,national average 26.3%,39349,2024,"compare only with that country's own average; rulebooks differ, no cross-country difference",motriskindex-families-2024-v5
mercedes-c-class,RDW APK,inspection_fail_pct,48.1,percent,national average 50.8%,56302,2024,"compare only with that country's own average; rulebooks differ, no cross-country difference",motriskindex-families-2024-v5
mercedes-c-class,Statens vegvesen PKK,inspection_fail_pct,36.5,percent,national average 33.7%,16299,2024,"compare only with that country's own average; rulebooks differ, no cross-country difference",motriskindex-families-2024-v5
mercedes-c-class,NHTSA ODI consumer complaints,complaints_total,1286,complaints,,,US model years,"US market, MERCEDES-BENZ C-CLASS, model years 2015-2022 only; a count, not a failure rate",motriskindex-families-2024-v5
mercedes-c-class,NHTSA manufacturer communications,service_bulletins_total,777,bulletins,,,US model years,"US market, MERCEDES-BENZ C-CLASS, model years 2015-2022 only; a count, not a failure rate",motriskindex-families-2024-v5
mercedes-citan,DVSA vehicle safety recalls,recall_campaigns_listed,20,campaigns,,,register as published (snapshot 2026-07-30),matched by make and model; more campaigns do not by themselves mean a less reliable car,motriskindex-families-2024-v5
mercedes-citan,RDW APK,inspection_fail_pct,51.0,percent,national average 50.8%,643,2024,"compare only with that country's own average; rulebooks differ, no cross-country difference",motriskindex-families-2024-v5
mercedes-cl,DVSA vehicle safety recalls,recall_campaigns_listed,6,campaigns,,,register as published (snapshot 2026-07-30),matched by make and model; more campaigns do not by themselves mean a less reliable car,motriskindex-families-2024-v5
mercedes-cla,DVSA vehicle safety recalls,recall_campaigns_listed,79,campaigns,,,register as published (snapshot 2026-07-30),matched by make and model; more campaigns do not by themselves mean a less reliable car,motriskindex-families-2024-v5
mercedes-cla,Traficom Katsastus,inspection_fail_pct,11.8,percent,national average 26.3%,3545,2024,"compare only with that country's own average; rulebooks differ, no cross-country difference",motriskindex-families-2024-v5
mercedes-cla,RDW APK,inspection_fail_pct,33.2,percent,national average 50.8%,13120,2024,"compare only with that country's own average; rulebooks differ, no cross-country difference",motriskindex-families-2024-v5
mercedes-cla,Statens vegvesen PKK,inspection_fail_pct,24.7,percent,national average 33.7%,2421,2024,"compare only with that country's own average; rulebooks differ, no cross-country difference",motriskindex-families-2024-v5
mercedes-cla,NHTSA ODI consumer complaints,complaints_total,385,complaints,,,US model years,"US market, MERCEDES-BENZ CLA-CLASS and variants, model years 2015-2022 only; a count, not a failure rate",motriskindex-families-2024-v5
mercedes-cla,NHTSA manufacturer communications,service_bulletins_total,468,bulletins,,,US model years,"US market, MERCEDES-BENZ CLA-CLASS and variants, model years 2015-2022 only; a count, not a failure rate",motriskindex-families-2024-v5
mercedes-clc,DVSA vehicle safety recalls,recall_campaigns_listed,4,campaigns,,,register as published (snapshot 2026-07-30),matched by make and model; more campaigns do not by themselves mean a less reliable car,motriskindex-families-2024-v5
mercedes-clk,DVSA vehicle safety recalls,recall_campaigns_listed,5,campaigns,,,register as published (snapshot 2026-07-30),matched by make and model; more campaigns do not by themselves mean a less reliable car,motriskindex-families-2024-v5
mercedes-clk,Traficom Katsastus,inspection_fail_pct,37.1,percent,national average 26.3%,723,2024,"compare only with that country's own average; rulebooks differ, no cross-country difference",motriskindex-families-2024-v5
mercedes-clk,RDW APK,inspection_fail_pct,60.7,percent,national average 50.8%,4037,2024,"compare only with that country's own average; rulebooks differ, no cross-country difference",motriskindex-families-2024-v5
mercedes-clk,Statens vegvesen PKK,inspection_fail_pct,45.1,percent,national average 33.7%,835,2024,"compare only with that country's own average; rulebooks differ, no cross-country difference",motriskindex-families-2024-v5
mercedes-cls,DVSA vehicle safety recalls,recall_campaigns_listed,52,campaigns,,,register as published (snapshot 2026-07-30),matched by make and model; more campaigns do not by themselves mean a less reliable car,motriskindex-families-2024-v5
mercedes-cls,Traficom Katsastus,inspection_fail_pct,29.9,percent,national average 26.3%,2481,2024,"compare only with that country's own average; rulebooks differ, no cross-country difference",motriskindex-families-2024-v5
mercedes-cls,RDW APK,inspection_fail_pct,48.0,percent,national average 50.8%,2303,2024,"compare only with that country's own average; rulebooks differ, no cross-country difference",motriskindex-families-2024-v5
mercedes-cls,NHTSA ODI consumer complaints,complaints_total,41,complaints,,,US model years,"US market, MERCEDES-BENZ CLS-CLASS, model years 2015-2022 only; a count, not a failure rate",motriskindex-families-2024-v5
mercedes-cls,NHTSA manufacturer communications,service_bulletins_total,315,bulletins,,,US model years,"US market, MERCEDES-BENZ CLS-CLASS, model years 2015-2022 only; a count, not a failure rate",motriskindex-families-2024-v5
mercedes-e-class,DVSA vehicle safety recalls,recall_campaigns_listed,165,campaigns,,,register as published (snapshot 2026-07-30),matched by make and model; more campaigns do not by themselves mean a less reliable car,motriskindex-families-2024-v5
mercedes-e-class,Traficom Katsastus,inspection_fail_pct,32.1,percent,national average 26.3%,34456,2024,"compare only with that country's own average; rulebooks differ, no cross-country difference",motriskindex-families-2024-v5
mercedes-e-class,RDW APK,inspection_fail_pct,47.8,percent,national average 50.8%,28560,2024,"compare only with that country's own average; rulebooks differ, no cross-country difference",motriskindex-families-2024-v5
mercedes-e-class,Statens vegvesen PKK,inspection_fail_pct,38.8,percent,national average 33.7%,20098,2024,"compare only with that country's own average; rulebooks differ, no cross-country difference",motriskindex-families-2024-v5
mercedes-e-class,NHTSA ODI consumer complaints,complaints_total,496,complaints,,,US model years,"US market, MERCEDES-BENZ E-CLASS and variants, model years 2015-2022 only; a count, not a failure rate",motriskindex-families-2024-v5
mercedes-e-class,NHTSA manufacturer communications,service_bulletins_total,676,bulletins,,,US model years,"US market, MERCEDES-BENZ E-CLASS and variants, model years 2015-2022 only; a count, not a failure rate",motriskindex-families-2024-v5
mercedes-eqa,DVSA vehicle safety recalls,recall_campaigns_listed,5,campaigns,,,register as published (snapshot 2026-07-30),matched by make and model; more campaigns do not by themselves mean a less reliable car,motriskindex-families-2024-v5
mercedes-eqc,DVSA vehicle safety recalls,recall_campaigns_listed,17,campaigns,,,register as published (snapshot 2026-07-30),matched by make and model; more campaigns do not by themselves mean a less reliable car,motriskindex-families-2024-v5
mercedes-eqc,RDW APK,inspection_fail_pct,31.0,percent,national average 50.8%,967,2024,"compare only with that country's own average; rulebooks differ, no cross-country difference",motriskindex-families-2024-v5
mercedes-eqc,Statens vegvesen PKK,inspection_fail_pct,9.2,percent,national average 33.7%,4658,2024,"compare only with that country's own average; rulebooks differ, no cross-country difference",motriskindex-families-2024-v5
mercedes-g,DVSA vehicle safety recalls,recall_campaigns_listed,41,campaigns,,,register as published (snapshot 2026-07-30),matched by make and model; more campaigns do not by themselves mean a less reliable car,motriskindex-families-2024-v5
mercedes-g,RDW APK,inspection_fail_pct,43.9,percent,national average 50.8%,1091,2024,"compare only with that country's own average; rulebooks differ, no cross-country difference",motriskindex-families-2024-v5
mercedes-g-class,DVSA vehicle safety recalls,recall_campaigns_listed,39,campaigns,,,register as published (snapshot 2026-07-30),matched by make and model; more campaigns do not by themselves mean a less reliable car,motriskindex-families-2024-v5
mercedes-g-class,NHTSA ODI consumer complaints,complaints_total,27,complaints,,,US model years,"US market, MERCEDES-BENZ G-CLASS, model years 2015-2022 only; a count, not a failure rate",motriskindex-families-2024-v5
mercedes-g-class,NHTSA manufacturer communications,service_bulletins_total,254,bulletins,,,US model years,"US market, MERCEDES-BENZ G-CLASS, model years 2015-2022 only; a count, not a failure rate",motriskindex-families-2024-v5
mercedes-gl,DVSA vehicle safety recalls,recall_campaigns_listed,5,campaigns,,,register as published (snapshot 2026-07-30),matched by make and model; more campaigns do not by themselves mean a less reliable car,motriskindex-families-2024-v5
mercedes-gl,Traficom Katsastus,inspection_fail_pct,31.2,percent,national average 26.3%,708,2024,"compare only with that country's own average; rulebooks differ, no cross-country difference",motriskindex-families-2024-v5
mercedes-gl,RDW APK,inspection_fail_pct,47.0,percent,national average 50.8%,642,2024,"compare only with that country's own average; rulebooks differ, no cross-country difference",motriskindex-families-2024-v5
mercedes-gl,Statens vegvesen PKK,inspection_fail_pct,38.8,percent,national average 33.7%,877,2024,"compare only with that country's own average; rulebooks differ, no cross-country difference",motriskindex-families-2024-v5
mercedes-gl,NHTSA ODI consumer complaints,complaints_total,55,complaints,,,US model years,"US market, MERCEDES-BENZ GL-CLASS, model years 2015-2016 only; a count, not a failure rate",motriskindex-families-2024-v5
mercedes-gl,NHTSA manufacturer communications,service_bulletins_total,109,bulletins,,,US model years,"US market, MERCEDES-BENZ GL-CLASS, model years 2015-2016 only; a count, not a failure rate",motriskindex-families-2024-v5
mercedes-gla,DVSA vehicle safety recalls,recall_campaigns_listed,54,campaigns,,,register as published (snapshot 2026-07-30),matched by make and model; more campaigns do not by themselves mean a less reliable car,motriskindex-families-2024-v5
mercedes-gla,Traficom Katsastus,inspection_fail_pct,7.4,percent,national average 26.3%,1288,2024,"compare only with that country's own average; rulebooks differ, no cross-country difference",motriskindex-families-2024-v5
mercedes-gla,RDW APK,inspection_fail_pct,28.6,percent,national average 50.8%,7442,2024,"compare only with that country's own average; rulebooks differ, no cross-country difference",motriskindex-families-2024-v5
mercedes-gla,Statens vegvesen PKK,inspection_fail_pct,21.7,percent,national average 33.7%,1853,2024,"compare only with that country's own average; rulebooks differ, no cross-country difference",motriskindex-families-2024-v5
mercedes-gla,NHTSA ODI consumer complaints,complaints_total,301,complaints,,,US model years,"US market, MERCEDES-BENZ GLA-CLASS, model years 2015-2022 only; a count, not a failure rate",motriskindex-families-2024-v5
mercedes-gla,NHTSA manufacturer communications,service_bulletins_total,379,bulletins,,,US model years,"US market, MERCEDES-BENZ GLA-CLASS, model years 2015-2022 only; a count, not a failure rate",motriskindex-families-2024-v5
mercedes-glb,DVSA vehicle safety recalls,recall_campaigns_listed,29,campaigns,,,register as published (snapshot 2026-07-30),matched by make and model; more campaigns do not by themselves mean a less reliable car,motriskindex-families-2024-v5
mercedes-glb,RDW APK,inspection_fail_pct,21.6,percent,national average 50.8%,806,2024,"compare only with that country's own average; rulebooks differ, no cross-country difference",motriskindex-families-2024-v5
mercedes-glb,NHTSA ODI consumer complaints,complaints_total,76,complaints,,,US model years,"US market, MERCEDES-BENZ GLB-CLASS and variants, model years 2020-2022 only; a count, not a failure rate",motriskindex-families-2024-v5
mercedes-glb,NHTSA manufacturer communications,service_bulletins_total,274,bulletins,,,US model years,"US market, MERCEDES-BENZ GLB-CLASS and variants, model years 2020-2022 only; a count, not a failure rate",motriskindex-families-2024-v5
mercedes-glc,DVSA vehicle safety recalls,recall_campaigns_listed,71,campaigns,,,register as published (snapshot 2026-07-30),matched by make and model; more campaigns do not by themselves mean a less reliable car,motriskindex-families-2024-v5
mercedes-glc,Traficom Katsastus,inspection_fail_pct,14.7,percent,national average 26.3%,4564,2024,"compare only with that country's own average; rulebooks differ, no cross-country difference",motriskindex-families-2024-v5
mercedes-glc,RDW APK,inspection_fail_pct,32.5,percent,national average 50.8%,8043,2024,"compare only with that country's own average; rulebooks differ, no cross-country difference",motriskindex-families-2024-v5
mercedes-glc,Statens vegvesen PKK,inspection_fail_pct,17.3,percent,national average 33.7%,4909,2024,"compare only with that country's own average; rulebooks differ, no cross-country difference",motriskindex-families-2024-v5
mercedes-glc,NHTSA ODI consumer complaints,complaints_total,633,complaints,,,US model years,"US market, MERCEDES-BENZ GLC and variants, model years 2015-2022 only; a count, not a failure rate",motriskindex-families-2024-v5
mercedes-glc,NHTSA manufacturer communications,service_bulletins_total,456,bulletins,,,US model years,"US market, MERCEDES-BENZ GLC and variants, model years 2015-2022 only; a count, not a failure rate",motriskindex-families-2024-v5
mercedes-gle,DVSA vehicle safety recalls,recall_campaigns_listed,92,campaigns,,,register as published (snapshot 2026-07-30),matched by make and model; more campaigns do not by themselves mean a less reliable car,motriskindex-families-2024-v5
mercedes-gle,Traficom Katsastus,inspection_fail_pct,11.4,percent,national average 26.3%,1026,2024,"compare only with that country's own average; rulebooks differ, no cross-country difference",motriskindex-families-2024-v5
mercedes-gle,RDW APK,inspection_fail_pct,28.1,percent,national average 50.8%,2776,2024,"compare only with that country's own average; rulebooks differ, no cross-country difference",motriskindex-families-2024-v5
mercedes-gle,Statens vegvesen PKK,inspection_fail_pct,15.0,percent,national average 33.7%,1516,2024,"compare only with that country's own average; rulebooks differ, no cross-country difference",motriskindex-families-2024-v5
mercedes-gle,NHTSA ODI consumer complaints,complaints_total,551,complaints,,,US model years,"US market, MERCEDES-BENZ GLE-CLASS and variants, model years 2016-2022 only; a count, not a failure rate",motriskindex-families-2024-v5
mercedes-gle,NHTSA manufacturer communications,service_bulletins_total,702,bulletins,,,US model years,"US market, MERCEDES-BENZ GLE-CLASS and variants, model years 2016-2022 only; a count, not a failure rate",motriskindex-families-2024-v5
mercedes-gls,DVSA vehicle safety recalls,recall_campaigns_listed,46,campaigns,,,register as published (snapshot 2026-07-30),matched by make and model; more campaigns do not by themselves mean a less reliable car,motriskindex-families-2024-v5
mercedes-gls,NHTSA ODI consumer complaints,complaints_total,183,complaints,,,US model years,"US market, MERCEDES-BENZ GLS-CLASS, model years 2017-2022 only; a count, not a failure rate",motriskindex-families-2024-v5
mercedes-gls,NHTSA manufacturer communications,service_bulletins_total,387,bulletins,,,US model years,"US market, MERCEDES-BENZ GLS-CLASS, model years 2017-2022 only; a count, not a failure rate",motriskindex-families-2024-v5
mercedes-gt,DVSA vehicle safety recalls,recall_campaigns_listed,45,campaigns,,,register as published (snapshot 2026-07-30),matched by make and model; more campaigns do not by themselves mean a less reliable car,motriskindex-families-2024-v5
mercedes-m-class,DVSA vehicle safety recalls,recall_campaigns_listed,12,campaigns,,,register as published (snapshot 2026-07-30),matched by make and model; more campaigns do not by themselves mean a less reliable car,motriskindex-families-2024-v5
mercedes-m-class,Traficom Katsastus,inspection_fail_pct,27.5,percent,national average 26.3%,4408,2024,"compare only with that country's own average; rulebooks differ, no cross-country difference",motriskindex-families-2024-v5
mercedes-m-class,RDW APK,inspection_fail_pct,56.0,percent,national average 50.8%,5208,2024,"compare only with that country's own average; rulebooks differ, no cross-country difference",motriskindex-families-2024-v5
mercedes-m-class,Statens vegvesen PKK,inspection_fail_pct,38.7,percent,national average 33.7%,3402,2024,"compare only with that country's own average; rulebooks differ, no cross-country difference",motriskindex-families-2024-v5
mercedes-m-class,NHTSA ODI consumer complaints,complaints_total,66,complaints,,,US model years,"US market, MERCEDES-BENZ ML-CLASS, model year 2015 only; a count, not a failure rate",motriskindex-families-2024-v5
mercedes-m-class,NHTSA manufacturer communications,service_bulletins_total,157,bulletins,,,US model years,"US market, MERCEDES-BENZ ML-CLASS, model year 2015 only; a count, not a failure rate",motriskindex-families-2024-v5
mercedes-r-class,DVSA vehicle safety recalls,recall_campaigns_listed,12,campaigns,,,register as published (snapshot 2026-07-30),matched by make and model; more campaigns do not by themselves mean a less reliable car,motriskindex-families-2024-v5
mercedes-s-class,DVSA vehicle safety recalls,recall_campaigns_listed,99,campaigns,,,register as published (snapshot 2026-07-30),matched by make and model; more campaigns do not by themselves mean a less reliable car,motriskindex-families-2024-v5
mercedes-s-class,Traficom Katsastus,inspection_fail_pct,26.7,percent,national average 26.3%,2072,2024,"compare only with that country's own average; rulebooks differ, no cross-country difference",motriskindex-families-2024-v5
mercedes-s-class,RDW APK,inspection_fail_pct,48.0,percent,national average 50.8%,4964,2024,"compare only with that country's own average; rulebooks differ, no cross-country difference",motriskindex-families-2024-v5
mercedes-s-class,Statens vegvesen PKK,inspection_fail_pct,41.2,percent,national average 33.7%,724,2024,"compare only with that country's own average; rulebooks differ, no cross-country difference",motriskindex-families-2024-v5
mercedes-s-class,NHTSA ODI consumer complaints,complaints_total,236,complaints,,,US model years,"US market, MERCEDES-BENZ S-CLASS and variants, model years 2015-2022 only; a count, not a failure rate",motriskindex-families-2024-v5
mercedes-s-class,NHTSA manufacturer communications,service_bulletins_total,697,bulletins,,,US model years,"US market, MERCEDES-BENZ S-CLASS and variants, model years 2015-2022 only; a count, not a failure rate",motriskindex-families-2024-v5
mercedes-sl,DVSA vehicle safety recalls,recall_campaigns_listed,32,campaigns,,,register as published (snapshot 2026-07-30),matched by make and model; more campaigns do not by themselves mean a less reliable car,motriskindex-families-2024-v5
mercedes-sl,RDW APK,inspection_fail_pct,41.9,percent,national average 50.8%,1946,2024,"compare only with that country's own average; rulebooks differ, no cross-country difference",motriskindex-families-2024-v5
mercedes-sl,NHTSA ODI consumer complaints,complaints_total,21,complaints,,,US model years,"US market, MERCEDES-BENZ SL-CLASS, model years 2015-2022 only; a count, not a failure rate",motriskindex-families-2024-v5
mercedes-sl,NHTSA manufacturer communications,service_bulletins_total,335,bulletins,,,US model years,"US market, MERCEDES-BENZ SL-CLASS, model years 2015-2022 only; a count, not a failure rate",motriskindex-families-2024-v5
mercedes-slc,DVSA vehicle safety recalls,recall_campaigns_listed,16,campaigns,,,register as published (snapshot 2026-07-30),matched by make and model; more campaigns do not by themselves mean a less reliable car,motriskindex-families-2024-v5
mercedes-slk,DVSA vehicle safety recalls,recall_campaigns_listed,26,campaigns,,,register as published (snapshot 2026-07-30),matched by make and model; more campaigns do not by themselves mean a less reliable car,motriskindex-families-2024-v5
mercedes-slk,Traficom Katsastus,inspection_fail_pct,21.3,percent,national average 26.3%,1252,2024,"compare only with that country's own average; rulebooks differ, no cross-country difference",motriskindex-families-2024-v5
mercedes-slk,RDW APK,inspection_fail_pct,51.0,percent,national average 50.8%,8551,2024,"compare only with that country's own average; rulebooks differ, no cross-country difference",motriskindex-families-2024-v5
mercedes-slk,Statens vegvesen PKK,inspection_fail_pct,36.9,percent,national average 33.7%,966,2024,"compare only with that country's own average; rulebooks differ, no cross-country difference",motriskindex-families-2024-v5
mercedes-slk,NHTSA ODI consumer complaints,complaints_total,6,complaints,,,US model years,"US market, MERCEDES-BENZ SLK-CLASS, model years 2015-2016 only; a count, not a failure rate",motriskindex-families-2024-v5
mercedes-slk,NHTSA manufacturer communications,service_bulletins_total,158,bulletins,,,US model years,"US market, MERCEDES-BENZ SLK-CLASS, model years 2015-2016 only; a count, not a failure rate",motriskindex-families-2024-v5
mercedes-sprinter,DVSA vehicle safety recalls,recall_campaigns_listed,138,campaigns,,,register as published (snapshot 2026-07-30),matched by make and model; more campaigns do not by themselves mean a less reliable car,motriskindex-families-2024-v5
mercedes-sprinter,Traficom Katsastus,inspection_fail_pct,34.0,percent,national average 26.3%,2367,2024,"compare only with that country's own average; rulebooks differ, no cross-country difference",motriskindex-families-2024-v5
mercedes-sprinter,RDW APK,inspection_fail_pct,65.4,percent,national average 50.8%,10192,2024,"compare only with that country's own average; rulebooks differ, no cross-country difference",motriskindex-families-2024-v5
mercedes-sprinter,Statens vegvesen PKK,inspection_fail_pct,38.7,percent,national average 33.7%,1799,2024,"compare only with that country's own average; rulebooks differ, no cross-country difference",motriskindex-families-2024-v5
mercedes-sprinter,NHTSA ODI consumer complaints,complaints_total,546,complaints,,,US model years,"US market, MERCEDES-BENZ SPRINTER 1500 and variants, model years 2015-2022 only; a count, not a failure rate",motriskindex-families-2024-v5
mercedes-sprinter,NHTSA manufacturer communications,service_bulletins_total,417,bulletins,,,US model years,"US market, MERCEDES-BENZ SPRINTER 1500 and variants, model years 2015-2022 only; a count, not a failure rate",motriskindex-families-2024-v5
mercedes-v-class,DVSA vehicle safety recalls,recall_campaigns_listed,38,campaigns,,,register as published (snapshot 2026-07-30),matched by make and model; more campaigns do not by themselves mean a less reliable car,motriskindex-families-2024-v5
mercedes-v-class,RDW APK,inspection_fail_pct,44.9,percent,national average 50.8%,2234,2024,"compare only with that country's own average; rulebooks differ, no cross-country difference",motriskindex-families-2024-v5
mercedes-v-class,Statens vegvesen PKK,inspection_fail_pct,34.6,percent,national average 33.7%,529,2024,"compare only with that country's own average; rulebooks differ, no cross-country difference",motriskindex-families-2024-v5
mercedes-viano,DVSA vehicle safety recalls,recall_campaigns_listed,31,campaigns,,,register as published (snapshot 2026-07-30),matched by make and model; more campaigns do not by themselves mean a less reliable car,motriskindex-families-2024-v5
mercedes-viano,Traficom Katsastus,inspection_fail_pct,50.6,percent,national average 26.3%,595,2024,"compare only with that country's own average; rulebooks differ, no cross-country difference",motriskindex-families-2024-v5
mercedes-viano,RDW APK,inspection_fail_pct,59.7,percent,national average 50.8%,1631,2024,"compare only with that country's own average; rulebooks differ, no cross-country difference",motriskindex-families-2024-v5
mercedes-viano,Statens vegvesen PKK,inspection_fail_pct,49.4,percent,national average 33.7%,628,2024,"compare only with that country's own average; rulebooks differ, no cross-country difference",motriskindex-families-2024-v5
mercedes-vito,DVSA vehicle safety recalls,recall_campaigns_listed,75,campaigns,,,register as published (snapshot 2026-07-30),matched by make and model; more campaigns do not by themselves mean a less reliable car,motriskindex-families-2024-v5
mercedes-vito,Traficom Katsastus,inspection_fail_pct,41.7,percent,national average 26.3%,1869,2024,"compare only with that country's own average; rulebooks differ, no cross-country difference",motriskindex-families-2024-v5
mercedes-vito,RDW APK,inspection_fail_pct,61.6,percent,national average 50.8%,1941,2024,"compare only with that country's own average; rulebooks differ, no cross-country difference",motriskindex-families-2024-v5
mercedes-vito,Statens vegvesen PKK,inspection_fail_pct,41.0,percent,national average 33.7%,2030,2024,"compare only with that country's own average; rulebooks differ, no cross-country difference",motriskindex-families-2024-v5
mercedes-vito,NHTSA ODI consumer complaints,complaints_total,183,complaints,,,US model years,"US market, MERCEDES-BENZ METRIS, model years 2016-2022 only; a count, not a failure rate",motriskindex-families-2024-v5
mercedes-vito,NHTSA manufacturer communications,service_bulletins_total,71,bulletins,,,US model years,"US market, MERCEDES-BENZ METRIS, model years 2016-2022 only; a count, not a failure rate",motriskindex-families-2024-v5
mercedes-x,DVSA vehicle safety recalls,recall_campaigns_listed,11,campaigns,,,register as published (snapshot 2026-07-30),matched by make and model; more campaigns do not by themselves mean a less reliable car,motriskindex-families-2024-v5
mg-b,RDW APK,inspection_fail_pct,55.5,percent,national average 50.8%,797,2024,"compare only with that country's own average; rulebooks differ, no cross-country difference",motriskindex-families-2024-v5
mg-mgf,RDW APK,inspection_fail_pct,54.3,percent,national average 50.8%,1057,2024,"compare only with that country's own average; rulebooks differ, no cross-country difference",motriskindex-families-2024-v5
mg-tf,DVSA vehicle safety recalls,recall_campaigns_listed,3,campaigns,,,register as published (snapshot 2026-07-30),matched by make and model; more campaigns do not by themselves mean a less reliable car,motriskindex-families-2024-v5
mg-tf,RDW APK,inspection_fail_pct,48.7,percent,national average 50.8%,688,2024,"compare only with that country's own average; rulebooks differ, no cross-country difference",motriskindex-families-2024-v5
mini-clubman,DVSA vehicle safety recalls,recall_campaigns_listed,1,campaigns,,,register as published (snapshot 2026-07-30),matched by make and model; more campaigns do not by themselves mean a less reliable car,motriskindex-families-2024-v5
mini-clubman,Traficom Katsastus,inspection_fail_pct,24.2,percent,national average 26.3%,565,2024,"compare only with that country's own average; rulebooks differ, no cross-country difference",motriskindex-families-2024-v5
mini-clubman,RDW APK,inspection_fail_pct,32.2,percent,national average 50.8%,6106,2024,"compare only with that country's own average; rulebooks differ, no cross-country difference",motriskindex-families-2024-v5
mini-clubman,NHTSA ODI consumer complaints,complaints_total,51,complaints,,,US model years,"US market, MINI CLUBMAN and variants, model years 2015-2022 only; a count, not a failure rate",motriskindex-families-2024-v5
mini-clubman,NHTSA manufacturer communications,service_bulletins_total,167,bulletins,,,US model years,"US market, MINI CLUBMAN and variants, model years 2015-2022 only; a count, not a failure rate",motriskindex-families-2024-v5
mini-countryman,DVSA vehicle safety recalls,recall_campaigns_listed,10,campaigns,,,register as published (snapshot 2026-07-30),matched by make and model; more campaigns do not by themselves mean a less reliable car,motriskindex-families-2024-v5
mini-countryman,Traficom Katsastus,inspection_fail_pct,6.5,percent,national average 26.3%,932,2024,"compare only with that country's own average; rulebooks differ, no cross-country difference",motriskindex-families-2024-v5
mini-countryman,RDW APK,inspection_fail_pct,25.4,percent,national average 50.8%,5532,2024,"compare only with that country's own average; rulebooks differ, no cross-country difference",motriskindex-families-2024-v5
mini-countryman,Statens vegvesen PKK,inspection_fail_pct,12.0,percent,national average 33.7%,1489,2024,"compare only with that country's own average; rulebooks differ, no cross-country difference",motriskindex-families-2024-v5
mini-countryman,NHTSA ODI consumer complaints,complaints_total,39,complaints,,,US model years,"US market, MINI COUNTRYMAN and variants, model years 2017-2022 only; a count, not a failure rate",motriskindex-families-2024-v5
mini-countryman,NHTSA manufacturer communications,service_bulletins_total,28,bulletins,,,US model years,"US market, MINI COUNTRYMAN and variants, model years 2017-2022 only; a count, not a failure rate",motriskindex-families-2024-v5
mini-hatch,DVSA vehicle safety recalls,recall_campaigns_listed,27,campaigns,,,register as published (snapshot 2026-07-30),matched by make and model; more campaigns do not by themselves mean a less reliable car,motriskindex-families-2024-v5
mini-hatch,Traficom Katsastus,inspection_fail_pct,22.5,percent,national average 26.3%,3248,2024,"compare only with that country's own average; rulebooks differ, no cross-country difference",motriskindex-families-2024-v5
mini-hatch,RDW APK,inspection_fail_pct,48.9,percent,national average 50.8%,84901,2024,"compare only with that country's own average; rulebooks differ, no cross-country difference",motriskindex-families-2024-v5
mini-hatch,Statens vegvesen PKK,inspection_fail_pct,34.3,percent,national average 33.7%,6230,2024,"compare only with that country's own average; rulebooks differ, no cross-country difference",motriskindex-families-2024-v5
mini-paceman,DVSA vehicle safety recalls,recall_campaigns_listed,2,campaigns,,,register as published (snapshot 2026-07-30),matched by make and model; more campaigns do not by themselves mean a less reliable car,motriskindex-families-2024-v5
mitsubishi-asx,DVSA vehicle safety recalls,recall_campaigns_listed,20,campaigns,,,register as published (snapshot 2026-07-30),matched by make and model; more campaigns do not by themselves mean a less reliable car,motriskindex-families-2024-v5
mitsubishi-asx,Traficom Katsastus,inspection_fail_pct,12.6,percent,national average 26.3%,5695,2024,"compare only with that country's own average; rulebooks differ, no cross-country difference",motriskindex-families-2024-v5
mitsubishi-asx,RDW APK,inspection_fail_pct,40.5,percent,national average 50.8%,12867,2024,"compare only with that country's own average; rulebooks differ, no cross-country difference",motriskindex-families-2024-v5
mitsubishi-asx,Statens vegvesen PKK,inspection_fail_pct,31.5,percent,national average 33.7%,7131,2024,"compare only with that country's own average; rulebooks differ, no cross-country difference",motriskindex-families-2024-v5
mitsubishi-asx,NHTSA ODI consumer complaints,complaints_total,592,complaints,,,US model years,"US market, MITSUBISHI OUTLANDER SPORT, model years 2015-2022 only; a count, not a failure rate",motriskindex-families-2024-v5
mitsubishi-asx,NHTSA manufacturer communications,service_bulletins_total,341,bulletins,,,US model years,"US market, MITSUBISHI OUTLANDER SPORT, model years 2015-2022 only; a count, not a failure rate",motriskindex-families-2024-v5
mitsubishi-colt,DVSA vehicle safety recalls,recall_campaigns_listed,7,campaigns,,,register as published (snapshot 2026-07-30),matched by make and model; more campaigns do not by themselves mean a less reliable car,motriskindex-families-2024-v5
mitsubishi-colt,Traficom Katsastus,inspection_fail_pct,26.1,percent,national average 26.3%,1429,2024,"compare only with that country's own average; rulebooks differ, no cross-country difference",motriskindex-families-2024-v5
mitsubishi-colt,RDW APK,inspection_fail_pct,60.8,percent,national average 50.8%,26478,2024,"compare only with that country's own average; rulebooks differ, no cross-country difference",motriskindex-families-2024-v5
mitsubishi-colt,Statens vegvesen PKK,inspection_fail_pct,40.5,percent,national average 33.7%,2954,2024,"compare only with that country's own average; rulebooks differ, no cross-country difference",motriskindex-families-2024-v5
mitsubishi-eclipse,DVSA vehicle safety recalls,recall_campaigns_listed,4,campaigns,,,register as published (snapshot 2026-07-30),matched by make and model; more campaigns do not by themselves mean a less reliable car,motriskindex-families-2024-v5
mitsubishi-eclipse,RDW APK,inspection_fail_pct,25.8,percent,national average 50.8%,1614,2024,"compare only with that country's own average; rulebooks differ, no cross-country difference",motriskindex-families-2024-v5
mitsubishi-eclipse-cross,DVSA vehicle safety recalls,recall_campaigns_listed,4,campaigns,,,register as published (snapshot 2026-07-30),matched by make and model; more campaigns do not by themselves mean a less reliable car,motriskindex-families-2024-v5
mitsubishi-eclipse-cross,NHTSA ODI consumer complaints,complaints_total,44,complaints,,,US model years,"US market, MITSUBISHI ECLIPSE CROSS, model years 2018-2022 only; a count, not a failure rate",motriskindex-families-2024-v5
mitsubishi-eclipse-cross,NHTSA manufacturer communications,service_bulletins_total,152,bulletins,,,US model years,"US market, MITSUBISHI ECLIPSE CROSS, model years 2018-2022 only; a count, not a failure rate",motriskindex-families-2024-v5
mitsubishi-grandis,DVSA vehicle safety recalls,recall_campaigns_listed,5,campaigns,,,register as published (snapshot 2026-07-30),matched by make and model; more campaigns do not by themselves mean a less reliable car,motriskindex-families-2024-v5
mitsubishi-grandis,Traficom Katsastus,inspection_fail_pct,57.9,percent,national average 26.3%,605,2024,"compare only with that country's own average; rulebooks differ, no cross-country difference",motriskindex-families-2024-v5
mitsubishi-grandis,RDW APK,inspection_fail_pct,69.4,percent,national average 50.8%,1825,2024,"compare only with that country's own average; rulebooks differ, no cross-country difference",motriskindex-families-2024-v5
mitsubishi-l200,DVSA vehicle safety recalls,recall_campaigns_listed,18,campaigns,,,register as published (snapshot 2026-07-30),matched by make and model; more campaigns do not by themselves mean a less reliable car,motriskindex-families-2024-v5
mitsubishi-lancer,DVSA vehicle safety recalls,recall_campaigns_listed,21,campaigns,,,register as published (snapshot 2026-07-30),matched by make and model; more campaigns do not by themselves mean a less reliable car,motriskindex-families-2024-v5
mitsubishi-lancer,Traficom Katsastus,inspection_fail_pct,36.6,percent,national average 26.3%,2569,2024,"compare only with that country's own average; rulebooks differ, no cross-country difference",motriskindex-families-2024-v5
mitsubishi-lancer,RDW APK,inspection_fail_pct,61.5,percent,national average 50.8%,3493,2024,"compare only with that country's own average; rulebooks differ, no cross-country difference",motriskindex-families-2024-v5
mitsubishi-lancer,Statens vegvesen PKK,inspection_fail_pct,44.2,percent,national average 33.7%,2084,2024,"compare only with that country's own average; rulebooks differ, no cross-country difference",motriskindex-families-2024-v5
mitsubishi-lancer,NHTSA ODI consumer complaints,complaints_total,62,complaints,,,US model years,"US market, MITSUBISHI LANCER and variants, model years 2015-2017 only; a count, not a failure rate",motriskindex-families-2024-v5
mitsubishi-lancer,NHTSA manufacturer communications,service_bulletins_total,108,bulletins,,,US model years,"US market, MITSUBISHI LANCER and variants, model years 2015-2017 only; a count, not a failure rate",motriskindex-families-2024-v5
mitsubishi-mirage,DVSA vehicle safety recalls,recall_campaigns_listed,3,campaigns,,,register as published (snapshot 2026-07-30),matched by make and model; more campaigns do not by themselves mean a less reliable car,motriskindex-families-2024-v5
mitsubishi-mirage,NHTSA ODI consumer complaints,complaints_total,88,complaints,,,US model years,"US market, MITSUBISHI MIRAGE, model years 2015-2022 only; a count, not a failure rate",motriskindex-families-2024-v5
mitsubishi-mirage,NHTSA manufacturer communications,service_bulletins_total,181,bulletins,,,US model years,"US market, MITSUBISHI MIRAGE, model years 2015-2022 only; a count, not a failure rate",motriskindex-families-2024-v5
mitsubishi-outlander,DVSA vehicle safety recalls,recall_campaigns_listed,37,campaigns,,,register as published (snapshot 2026-07-30),matched by make and model; more campaigns do not by themselves mean a less reliable car,motriskindex-families-2024-v5
mitsubishi-outlander,Traficom Katsastus,inspection_fail_pct,25.8,percent,national average 26.3%,9897,2024,"compare only with that country's own average; rulebooks differ, no cross-country difference",motriskindex-families-2024-v5
mitsubishi-outlander,RDW APK,inspection_fail_pct,50.8,percent,national average 50.8%,29169,2024,"compare only with that country's own average; rulebooks differ, no cross-country difference",motriskindex-families-2024-v5
mitsubishi-outlander,Statens vegvesen PKK,inspection_fail_pct,31.0,percent,national average 33.7%,37970,2024,"compare only with that country's own average; rulebooks differ, no cross-country difference",motriskindex-families-2024-v5
mitsubishi-outlander,NHTSA ODI consumer complaints,complaints_total,793,complaints,,,US model years,"US market, MITSUBISHI OUTLANDER and variants, model years 2015-2022 only; a count, not a failure rate",motriskindex-families-2024-v5
mitsubishi-outlander,NHTSA manufacturer communications,service_bulletins_total,520,bulletins,,,US model years,"US market, MITSUBISHI OUTLANDER and variants, model years 2015-2022 only; a count, not a failure rate",motriskindex-families-2024-v5
mitsubishi-pajero,DVSA vehicle safety recalls,recall_campaigns_listed,2,campaigns,,,register as published (snapshot 2026-07-30),matched by make and model; more campaigns do not by themselves mean a less reliable car,motriskindex-families-2024-v5
mitsubishi-pajero,Traficom Katsastus,inspection_fail_pct,35.0,percent,national average 26.3%,609,2024,"compare only with that country's own average; rulebooks differ, no cross-country difference",motriskindex-families-2024-v5
mitsubishi-pajero,RDW APK,inspection_fail_pct,65.9,percent,national average 50.8%,817,2024,"compare only with that country's own average; rulebooks differ, no cross-country difference",motriskindex-families-2024-v5
mitsubishi-pajero,Statens vegvesen PKK,inspection_fail_pct,44.0,percent,national average 33.7%,4143,2024,"compare only with that country's own average; rulebooks differ, no cross-country difference",motriskindex-families-2024-v5
mitsubishi-shogun,DVSA vehicle safety recalls,recall_campaigns_listed,15,campaigns,,,register as published (snapshot 2026-07-30),matched by make and model; more campaigns do not by themselves mean a less reliable car,motriskindex-families-2024-v5
mitsubishi-space-star,DVSA vehicle safety recalls,recall_campaigns_listed,1,campaigns,,,register as published (snapshot 2026-07-30),matched by make and model; more campaigns do not by themselves mean a less reliable car,motriskindex-families-2024-v5
mitsubishi-space-star,Traficom Katsastus,inspection_fail_pct,11.2,percent,national average 26.3%,667,2024,"compare only with that country's own average; rulebooks differ, no cross-country difference",motriskindex-families-2024-v5
mitsubishi-space-star,RDW APK,inspection_fail_pct,48.7,percent,national average 50.8%,22933,2024,"compare only with that country's own average; rulebooks differ, no cross-country difference",motriskindex-families-2024-v5
mitsubishi-space-star,Statens vegvesen PKK,inspection_fail_pct,28.2,percent,national average 33.7%,1495,2024,"compare only with that country's own average; rulebooks differ, no cross-country difference",motriskindex-families-2024-v5
morgan-plus,DVSA vehicle safety recalls,recall_campaigns_listed,1,campaigns,,,register as published (snapshot 2026-07-30),matched by make and model; more campaigns do not by themselves mean a less reliable car,motriskindex-families-2024-v5
nissan-350z,RDW APK,inspection_fail_pct,44.0,percent,national average 50.8%,693,2024,"compare only with that country's own average; rulebooks differ, no cross-country difference",motriskindex-families-2024-v5
nissan-370z,NHTSA ODI consumer complaints,complaints_total,14,complaints,,,US model years,"US market, NISSAN 370Z and variants, model years 2015-2019 only; a count, not a failure rate",motriskindex-families-2024-v5
nissan-370z,NHTSA manufacturer communications,service_bulletins_total,113,bulletins,,,US model years,"US market, NISSAN 370Z and variants, model years 2015-2019 only; a count, not a failure rate",motriskindex-families-2024-v5
nissan-almera,DVSA vehicle safety recalls,recall_campaigns_listed,13,campaigns,,,register as published (snapshot 2026-07-30),matched by make and model; more campaigns do not by themselves mean a less reliable car,motriskindex-families-2024-v5
nissan-almera,Traficom Katsastus,inspection_fail_pct,32.5,percent,national average 26.3%,7283,2024,"compare only with that country's own average; rulebooks differ, no cross-country difference",motriskindex-families-2024-v5
nissan-almera,RDW APK,inspection_fail_pct,65.8,percent,national average 50.8%,2291,2024,"compare only with that country's own average; rulebooks differ, no cross-country difference",motriskindex-families-2024-v5
nissan-e-nv200,DVSA vehicle safety recalls,recall_campaigns_listed,1,campaigns,,,register as published (snapshot 2026-07-30),matched by make and model; more campaigns do not by themselves mean a less reliable car,motriskindex-families-2024-v5
nissan-e-nv200,Statens vegvesen PKK,inspection_fail_pct,38.7,percent,national average 33.7%,1687,2024,"compare only with that country's own average; rulebooks differ, no cross-country difference",motriskindex-families-2024-v5
nissan-gt-r,DVSA vehicle safety recalls,recall_campaigns_listed,1,campaigns,,,register as published (snapshot 2026-07-30),matched by make and model; more campaigns do not by themselves mean a less reliable car,motriskindex-families-2024-v5
nissan-juke,DVSA vehicle safety recalls,recall_campaigns_listed,15,campaigns,,,register as published (snapshot 2026-07-30),matched by make and model; more campaigns do not by themselves mean a less reliable car,motriskindex-families-2024-v5
nissan-juke,Traficom Katsastus,inspection_fail_pct,34.9,percent,national average 26.3%,3569,2024,"compare only with that country's own average; rulebooks differ, no cross-country difference",motriskindex-families-2024-v5
nissan-juke,RDW APK,inspection_fail_pct,47.9,percent,national average 50.8%,13661,2024,"compare only with that country's own average; rulebooks differ, no cross-country difference",motriskindex-families-2024-v5
nissan-juke,Statens vegvesen PKK,inspection_fail_pct,38.0,percent,national average 33.7%,1660,2024,"compare only with that country's own average; rulebooks differ, no cross-country difference",motriskindex-families-2024-v5
nissan-juke,NHTSA ODI consumer complaints,complaints_total,76,complaints,,,US model years,"US market, NISSAN JUKE, model years 2015-2017 only; a count, not a failure rate",motriskindex-families-2024-v5
nissan-juke,NHTSA manufacturer communications,service_bulletins_total,149,bulletins,,,US model years,"US market, NISSAN JUKE, model years 2015-2017 only; a count, not a failure rate",motriskindex-families-2024-v5
nissan-leaf,DVSA vehicle safety recalls,recall_campaigns_listed,6,campaigns,,,register as published (snapshot 2026-07-30),matched by make and model; more campaigns do not by themselves mean a less reliable car,motriskindex-families-2024-v5
nissan-leaf,Traficom Katsastus,inspection_fail_pct,18.9,percent,national average 26.3%,1180,2024,"compare only with that country's own average; rulebooks differ, no cross-country difference",motriskindex-families-2024-v5
nissan-leaf,RDW APK,inspection_fail_pct,40.3,percent,national average 50.8%,5923,2024,"compare only with that country's own average; rulebooks differ, no cross-country difference",motriskindex-families-2024-v5
nissan-leaf,Statens vegvesen PKK,inspection_fail_pct,32.8,percent,national average 33.7%,47150,2024,"compare only with that country's own average; rulebooks differ, no cross-country difference",motriskindex-families-2024-v5
nissan-leaf,NHTSA ODI consumer complaints,complaints_total,785,complaints,,,US model years,"US market, NISSAN LEAF and variants, model years 2015-2022 only; a count, not a failure rate",motriskindex-families-2024-v5
nissan-leaf,NHTSA manufacturer communications,service_bulletins_total,239,bulletins,,,US model years,"US market, NISSAN LEAF and variants, model years 2015-2022 only; a count, not a failure rate",motriskindex-families-2024-v5
nissan-micra,DVSA vehicle safety recalls,recall_campaigns_listed,20,campaigns,,,register as published (snapshot 2026-07-30),matched by make and model; more campaigns do not by themselves mean a less reliable car,motriskindex-families-2024-v5
nissan-micra,Traficom Katsastus,inspection_fail_pct,28.8,percent,national average 26.3%,8611,2024,"compare only with that country's own average; rulebooks differ, no cross-country difference",motriskindex-families-2024-v5
nissan-micra,RDW APK,inspection_fail_pct,55.4,percent,national average 50.8%,37246,2024,"compare only with that country's own average; rulebooks differ, no cross-country difference",motriskindex-families-2024-v5
nissan-micra,Statens vegvesen PKK,inspection_fail_pct,38.7,percent,national average 33.7%,1723,2024,"compare only with that country's own average; rulebooks differ, no cross-country difference",motriskindex-families-2024-v5
nissan-navara,DVSA vehicle safety recalls,recall_campaigns_listed,16,campaigns,,,register as published (snapshot 2026-07-30),matched by make and model; more campaigns do not by themselves mean a less reliable car,motriskindex-families-2024-v5
nissan-note,DVSA vehicle safety recalls,recall_campaigns_listed,10,campaigns,,,register as published (snapshot 2026-07-30),matched by make and model; more campaigns do not by themselves mean a less reliable car,motriskindex-families-2024-v5
nissan-note,Traficom Katsastus,inspection_fail_pct,31.2,percent,national average 26.3%,7675,2024,"compare only with that country's own average; rulebooks differ, no cross-country difference",motriskindex-families-2024-v5
nissan-note,RDW APK,inspection_fail_pct,51.4,percent,national average 50.8%,24268,2024,"compare only with that country's own average; rulebooks differ, no cross-country difference",motriskindex-families-2024-v5
nissan-note,Statens vegvesen PKK,inspection_fail_pct,37.2,percent,national average 33.7%,1857,2024,"compare only with that country's own average; rulebooks differ, no cross-country difference",motriskindex-families-2024-v5
nissan-nv200,DVSA vehicle safety recalls,recall_campaigns_listed,7,campaigns,,,register as published (snapshot 2026-07-30),matched by make and model; more campaigns do not by themselves mean a less reliable car,motriskindex-families-2024-v5
nissan-nv200,NHTSA ODI consumer complaints,complaints_total,87,complaints,,,US model years,"US market, NISSAN NV200 and variants, model years 2015-2021 only; a count, not a failure rate",motriskindex-families-2024-v5
nissan-nv200,NHTSA manufacturer communications,service_bulletins_total,227,bulletins,,,US model years,"US market, NISSAN NV200 and variants, model years 2015-2021 only; a count, not a failure rate",motriskindex-families-2024-v5
nissan-nv250,DVSA vehicle safety recalls,recall_campaigns_listed,1,campaigns,,,register as published (snapshot 2026-07-30),matched by make and model; more campaigns do not by themselves mean a less reliable car,motriskindex-families-2024-v5
nissan-nv300,DVSA vehicle safety recalls,recall_campaigns_listed,4,campaigns,,,register as published (snapshot 2026-07-30),matched by make and model; more campaigns do not by themselves mean a less reliable car,motriskindex-families-2024-v5
nissan-pathfinder,DVSA vehicle safety recalls,recall_campaigns_listed,8,campaigns,,,register as published (snapshot 2026-07-30),matched by make and model; more campaigns do not by themselves mean a less reliable car,motriskindex-families-2024-v5
nissan-pathfinder,Statens vegvesen PKK,inspection_fail_pct,45.4,percent,national average 33.7%,839,2024,"compare only with that country's own average; rulebooks differ, no cross-country difference",motriskindex-families-2024-v5
nissan-patrol,DVSA vehicle safety recalls,recall_campaigns_listed,8,campaigns,,,register as published (snapshot 2026-07-30),matched by make and model; more campaigns do not by themselves mean a less reliable car,motriskindex-families-2024-v5
nissan-patrol,Statens vegvesen PKK,inspection_fail_pct,46.3,percent,national average 33.7%,624,2024,"compare only with that country's own average; rulebooks differ, no cross-country difference",motriskindex-families-2024-v5
nissan-pixo,DVSA vehicle safety recalls,recall_campaigns_listed,3,campaigns,,,register as published (snapshot 2026-07-30),matched by make and model; more campaigns do not by themselves mean a less reliable car,motriskindex-families-2024-v5
nissan-pixo,RDW APK,inspection_fail_pct,56.1,percent,national average 50.8%,11942,2024,"compare only with that country's own average; rulebooks differ, no cross-country difference",motriskindex-families-2024-v5
nissan-primastar,DVSA vehicle safety recalls,recall_campaigns_listed,7,campaigns,,,register as published (snapshot 2026-07-30),matched by make and model; more campaigns do not by themselves mean a less reliable car,motriskindex-families-2024-v5
nissan-primera,DVSA vehicle safety recalls,recall_campaigns_listed,4,campaigns,,,register as published (snapshot 2026-07-30),matched by make and model; more campaigns do not by themselves mean a less reliable car,motriskindex-families-2024-v5
nissan-primera,Traficom Katsastus,inspection_fail_pct,42.7,percent,national average 26.3%,8601,2024,"compare only with that country's own average; rulebooks differ, no cross-country difference",motriskindex-families-2024-v5
nissan-primera,RDW APK,inspection_fail_pct,71.0,percent,national average 50.8%,1658,2024,"compare only with that country's own average; rulebooks differ, no cross-country difference",motriskindex-families-2024-v5
nissan-primera,Statens vegvesen PKK,inspection_fail_pct,46.4,percent,national average 33.7%,711,2024,"compare only with that country's own average; rulebooks differ, no cross-country difference",motriskindex-families-2024-v5
nissan-pulsar,DVSA vehicle safety recalls,recall_campaigns_listed,3,campaigns,,,register as published (snapshot 2026-07-30),matched by make and model; more campaigns do not by themselves mean a less reliable car,motriskindex-families-2024-v5
nissan-pulsar,Traficom Katsastus,inspection_fail_pct,32.2,percent,national average 26.3%,1297,2024,"compare only with that country's own average; rulebooks differ, no cross-country difference",motriskindex-families-2024-v5
nissan-pulsar,RDW APK,inspection_fail_pct,39.9,percent,national average 50.8%,3002,2024,"compare only with that country's own average; rulebooks differ, no cross-country difference",motriskindex-families-2024-v5
nissan-qashqai,DVSA vehicle safety recalls,recall_campaigns_listed,25,campaigns,,,register as published (snapshot 2026-07-30),matched by make and model; more campaigns do not by themselves mean a less reliable car,motriskindex-families-2024-v5
nissan-qashqai,Traficom Katsastus,inspection_fail_pct,28.6,percent,national average 26.3%,36002,2024,"compare only with that country's own average; rulebooks differ, no cross-country difference",motriskindex-families-2024-v5
nissan-qashqai,RDW APK,inspection_fail_pct,49.2,percent,national average 50.8%,72943,2024,"compare only with that country's own average; rulebooks differ, no cross-country difference",motriskindex-families-2024-v5
nissan-qashqai,Statens vegvesen PKK,inspection_fail_pct,37.5,percent,national average 33.7%,19555,2024,"compare only with that country's own average; rulebooks differ, no cross-country difference",motriskindex-families-2024-v5
nissan-qashqai,NHTSA ODI consumer complaints,complaints_total,361,complaints,,,US model years,"US market, NISSAN ROGUE SPORT, model years 2017-2022 only; a count, not a failure rate",motriskindex-families-2024-v5
nissan-qashqai,NHTSA manufacturer communications,service_bulletins_total,165,bulletins,,,US model years,"US market, NISSAN ROGUE SPORT, model years 2017-2022 only; a count, not a failure rate",motriskindex-families-2024-v5
nissan-serena,DVSA vehicle safety recalls,recall_campaigns_listed,1,campaigns,,,register as published (snapshot 2026-07-30),matched by make and model; more campaigns do not by themselves mean a less reliable car,motriskindex-families-2024-v5
nissan-terrano,DVSA vehicle safety recalls,recall_campaigns_listed,7,campaigns,,,register as published (snapshot 2026-07-30),matched by make and model; more campaigns do not by themselves mean a less reliable car,motriskindex-families-2024-v5
nissan-x-trail,DVSA vehicle safety recalls,recall_campaigns_listed,19,campaigns,,,register as published (snapshot 2026-07-30),matched by make and model; more campaigns do not by themselves mean a less reliable car,motriskindex-families-2024-v5
nissan-x-trail,Traficom Katsastus,inspection_fail_pct,44.3,percent,national average 26.3%,4098,2024,"compare only with that country's own average; rulebooks differ, no cross-country difference",motriskindex-families-2024-v5
nissan-x-trail,RDW APK,inspection_fail_pct,51.2,percent,national average 50.8%,5889,2024,"compare only with that country's own average; rulebooks differ, no cross-country difference",motriskindex-families-2024-v5
nissan-x-trail,Statens vegvesen PKK,inspection_fail_pct,41.8,percent,national average 33.7%,7932,2024,"compare only with that country's own average; rulebooks differ, no cross-country difference",motriskindex-families-2024-v5
nissan-x-trail,NHTSA ODI consumer complaints,complaints_total,2784,complaints,,,US model years,"US market, NISSAN ROGUE, model years 2015-2020 only; a count, not a failure rate",motriskindex-families-2024-v5
nissan-x-trail,NHTSA manufacturer communications,service_bulletins_total,504,bulletins,,,US model years,"US market, NISSAN ROGUE, model years 2015-2020 only; a count, not a failure rate",motriskindex-families-2024-v5
peugeot-1007,DVSA vehicle safety recalls,recall_campaigns_listed,2,campaigns,,,register as published (snapshot 2026-07-30),matched by make and model; more campaigns do not by themselves mean a less reliable car,motriskindex-families-2024-v5
peugeot-1007,RDW APK,inspection_fail_pct,60.5,percent,national average 50.8%,2134,2024,"compare only with that country's own average; rulebooks differ, no cross-country difference",motriskindex-families-2024-v5
peugeot-106,DVSA vehicle safety recalls,recall_campaigns_listed,4,campaigns,,,register as published (snapshot 2026-07-30),matched by make and model; more campaigns do not by themselves mean a less reliable car,motriskindex-families-2024-v5
peugeot-106,RDW APK,inspection_fail_pct,68.5,percent,national average 50.8%,3461,2024,"compare only with that country's own average; rulebooks differ, no cross-country difference",motriskindex-families-2024-v5
peugeot-107,DVSA vehicle safety recalls,recall_campaigns_listed,7,campaigns,,,register as published (snapshot 2026-07-30),matched by make and model; more campaigns do not by themselves mean a less reliable car,motriskindex-families-2024-v5
peugeot-107,Traficom Katsastus,inspection_fail_pct,31.0,percent,national average 26.3%,993,2024,"compare only with that country's own average; rulebooks differ, no cross-country difference",motriskindex-families-2024-v5
peugeot-107,RDW APK,inspection_fail_pct,56.4,percent,national average 50.8%,104754,2024,"compare only with that country's own average; rulebooks differ, no cross-country difference",motriskindex-families-2024-v5
peugeot-107,Statens vegvesen PKK,inspection_fail_pct,42.5,percent,national average 33.7%,1616,2024,"compare only with that country's own average; rulebooks differ, no cross-country difference",motriskindex-families-2024-v5
peugeot-108,DVSA vehicle safety recalls,recall_campaigns_listed,3,campaigns,,,register as published (snapshot 2026-07-30),matched by make and model; more campaigns do not by themselves mean a less reliable car,motriskindex-families-2024-v5
peugeot-108,RDW APK,inspection_fail_pct,39.4,percent,national average 50.8%,38147,2024,"compare only with that country's own average; rulebooks differ, no cross-country difference",motriskindex-families-2024-v5
peugeot-108,Statens vegvesen PKK,inspection_fail_pct,31.5,percent,national average 33.7%,521,2024,"compare only with that country's own average; rulebooks differ, no cross-country difference",motriskindex-families-2024-v5
peugeot-2008,DVSA vehicle safety recalls,recall_campaigns_listed,39,campaigns,,,register as published (snapshot 2026-07-30),matched by make and model; more campaigns do not by themselves mean a less reliable car,motriskindex-families-2024-v5
peugeot-2008,Traficom Katsastus,inspection_fail_pct,17.4,percent,national average 26.3%,2032,2024,"compare only with that country's own average; rulebooks differ, no cross-country difference",motriskindex-families-2024-v5
peugeot-2008,RDW APK,inspection_fail_pct,40.8,percent,national average 50.8%,32965,2024,"compare only with that country's own average; rulebooks differ, no cross-country difference",motriskindex-families-2024-v5
peugeot-2008,Statens vegvesen PKK,inspection_fail_pct,27.0,percent,national average 33.7%,6803,2024,"compare only with that country's own average; rulebooks differ, no cross-country difference",motriskindex-families-2024-v5
peugeot-205,DVSA vehicle safety recalls,recall_campaigns_listed,2,campaigns,,,register as published (snapshot 2026-07-30),matched by make and model; more campaigns do not by themselves mean a less reliable car,motriskindex-families-2024-v5
peugeot-205,RDW APK,inspection_fail_pct,67.0,percent,national average 50.8%,1845,2024,"compare only with that country's own average; rulebooks differ, no cross-country difference",motriskindex-families-2024-v5
peugeot-206,DVSA vehicle safety recalls,recall_campaigns_listed,15,campaigns,,,register as published (snapshot 2026-07-30),matched by make and model; more campaigns do not by themselves mean a less reliable car,motriskindex-families-2024-v5
peugeot-206,Traficom Katsastus,inspection_fail_pct,36.5,percent,national average 26.3%,6152,2024,"compare only with that country's own average; rulebooks differ, no cross-country difference",motriskindex-families-2024-v5
peugeot-206,RDW APK,inspection_fail_pct,69.5,percent,national average 50.8%,42113,2024,"compare only with that country's own average; rulebooks differ, no cross-country difference",motriskindex-families-2024-v5
peugeot-206,Statens vegvesen PKK,inspection_fail_pct,44.4,percent,national average 33.7%,1582,2024,"compare only with that country's own average; rulebooks differ, no cross-country difference",motriskindex-families-2024-v5
peugeot-207,DVSA vehicle safety recalls,recall_campaigns_listed,18,campaigns,,,register as published (snapshot 2026-07-30),matched by make and model; more campaigns do not by themselves mean a less reliable car,motriskindex-families-2024-v5
peugeot-207,Traficom Katsastus,inspection_fail_pct,42.8,percent,national average 26.3%,5201,2024,"compare only with that country's own average; rulebooks differ, no cross-country difference",motriskindex-families-2024-v5
peugeot-207,RDW APK,inspection_fail_pct,63.8,percent,national average 50.8%,39600,2024,"compare only with that country's own average; rulebooks differ, no cross-country difference",motriskindex-families-2024-v5
peugeot-207,Statens vegvesen PKK,inspection_fail_pct,44.5,percent,national average 33.7%,4320,2024,"compare only with that country's own average; rulebooks differ, no cross-country difference",motriskindex-families-2024-v5
peugeot-208,DVSA vehicle safety recalls,recall_campaigns_listed,56,campaigns,,,register as published (snapshot 2026-07-30),matched by make and model; more campaigns do not by themselves mean a less reliable car,motriskindex-families-2024-v5
peugeot-208,Traficom Katsastus,inspection_fail_pct,17.8,percent,national average 26.3%,4034,2024,"compare only with that country's own average; rulebooks differ, no cross-country difference",motriskindex-families-2024-v5
peugeot-208,RDW APK,inspection_fail_pct,43.6,percent,national average 50.8%,55680,2024,"compare only with that country's own average; rulebooks differ, no cross-country difference",motriskindex-families-2024-v5
peugeot-208,Statens vegvesen PKK,inspection_fail_pct,28.0,percent,national average 33.7%,7040,2024,"compare only with that country's own average; rulebooks differ, no cross-country difference",motriskindex-families-2024-v5
peugeot-3008,DVSA vehicle safety recalls,recall_campaigns_listed,54,campaigns,,,register as published (snapshot 2026-07-30),matched by make and model; more campaigns do not by themselves mean a less reliable car,motriskindex-families-2024-v5
peugeot-3008,Traficom Katsastus,inspection_fail_pct,28.5,percent,national average 26.3%,4514,2024,"compare only with that country's own average; rulebooks differ, no cross-country difference",motriskindex-families-2024-v5
peugeot-3008,RDW APK,inspection_fail_pct,44.9,percent,national average 50.8%,20606,2024,"compare only with that country's own average; rulebooks differ, no cross-country difference",motriskindex-families-2024-v5
peugeot-3008,Statens vegvesen PKK,inspection_fail_pct,33.2,percent,national average 33.7%,9262,2024,"compare only with that country's own average; rulebooks differ, no cross-country difference",motriskindex-families-2024-v5
peugeot-306,DVSA vehicle safety recalls,recall_campaigns_listed,17,campaigns,,,register as published (snapshot 2026-07-30),matched by make and model; more campaigns do not by themselves mean a less reliable car,motriskindex-families-2024-v5
peugeot-306,RDW APK,inspection_fail_pct,66.8,percent,national average 50.8%,2253,2024,"compare only with that country's own average; rulebooks differ, no cross-country difference",motriskindex-families-2024-v5
peugeot-307,DVSA vehicle safety recalls,recall_campaigns_listed,24,campaigns,,,register as published (snapshot 2026-07-30),matched by make and model; more campaigns do not by themselves mean a less reliable car,motriskindex-families-2024-v5
peugeot-307,Traficom Katsastus,inspection_fail_pct,46.5,percent,national average 26.3%,7840,2024,"compare only with that country's own average; rulebooks differ, no cross-country difference",motriskindex-families-2024-v5
peugeot-307,RDW APK,inspection_fail_pct,70.1,percent,national average 50.8%,23346,2024,"compare only with that country's own average; rulebooks differ, no cross-country difference",motriskindex-families-2024-v5
peugeot-307,Statens vegvesen PKK,inspection_fail_pct,47.9,percent,national average 33.7%,3781,2024,"compare only with that country's own average; rulebooks differ, no cross-country difference",motriskindex-families-2024-v5
peugeot-308,DVSA vehicle safety recalls,recall_campaigns_listed,60,campaigns,,,register as published (snapshot 2026-07-30),matched by make and model; more campaigns do not by themselves mean a less reliable car,motriskindex-families-2024-v5
peugeot-308,Traficom Katsastus,inspection_fail_pct,33.7,percent,national average 26.3%,7034,2024,"compare only with that country's own average; rulebooks differ, no cross-country difference",motriskindex-families-2024-v5
peugeot-308,RDW APK,inspection_fail_pct,52.2,percent,national average 50.8%,43235,2024,"compare only with that country's own average; rulebooks differ, no cross-country difference",motriskindex-families-2024-v5
peugeot-308,Statens vegvesen PKK,inspection_fail_pct,37.6,percent,national average 33.7%,8821,2024,"compare only with that country's own average; rulebooks differ, no cross-country difference",motriskindex-families-2024-v5
peugeot-4007,DVSA vehicle safety recalls,recall_campaigns_listed,6,campaigns,,,register as published (snapshot 2026-07-30),matched by make and model; more campaigns do not by themselves mean a less reliable car,motriskindex-families-2024-v5
peugeot-406,DVSA vehicle safety recalls,recall_campaigns_listed,13,campaigns,,,register as published (snapshot 2026-07-30),matched by make and model; more campaigns do not by themselves mean a less reliable car,motriskindex-families-2024-v5
peugeot-406,RDW APK,inspection_fail_pct,66.8,percent,national average 50.8%,1535,2024,"compare only with that country's own average; rulebooks differ, no cross-country difference",motriskindex-families-2024-v5
peugeot-406,Statens vegvesen PKK,inspection_fail_pct,46.9,percent,national average 33.7%,535,2024,"compare only with that country's own average; rulebooks differ, no cross-country difference",motriskindex-families-2024-v5
peugeot-407,DVSA vehicle safety recalls,recall_campaigns_listed,15,campaigns,,,register as published (snapshot 2026-07-30),matched by make and model; more campaigns do not by themselves mean a less reliable car,motriskindex-families-2024-v5
peugeot-407,Traficom Katsastus,inspection_fail_pct,41.0,percent,national average 26.3%,4811,2024,"compare only with that country's own average; rulebooks differ, no cross-country difference",motriskindex-families-2024-v5
peugeot-407,RDW APK,inspection_fail_pct,68.4,percent,national average 50.8%,3167,2024,"compare only with that country's own average; rulebooks differ, no cross-country difference",motriskindex-families-2024-v5
peugeot-407,Statens vegvesen PKK,inspection_fail_pct,46.9,percent,national average 33.7%,899,2024,"compare only with that country's own average; rulebooks differ, no cross-country difference",motriskindex-families-2024-v5
peugeot-5008,DVSA vehicle safety recalls,recall_campaigns_listed,44,campaigns,,,register as published (snapshot 2026-07-30),matched by make and model; more campaigns do not by themselves mean a less reliable car,motriskindex-families-2024-v5
peugeot-5008,Traficom Katsastus,inspection_fail_pct,33.9,percent,national average 26.3%,1464,2024,"compare only with that country's own average; rulebooks differ, no cross-country difference",motriskindex-families-2024-v5
peugeot-5008,RDW APK,inspection_fail_pct,48.5,percent,national average 50.8%,9947,2024,"compare only with that country's own average; rulebooks differ, no cross-country difference",motriskindex-families-2024-v5
peugeot-5008,Statens vegvesen PKK,inspection_fail_pct,35.6,percent,national average 33.7%,5180,2024,"compare only with that country's own average; rulebooks differ, no cross-country difference",motriskindex-families-2024-v5
peugeot-508,DVSA vehicle safety recalls,recall_campaigns_listed,28,campaigns,,,register as published (snapshot 2026-07-30),matched by make and model; more campaigns do not by themselves mean a less reliable car,motriskindex-families-2024-v5
peugeot-508,Traficom Katsastus,inspection_fail_pct,22.4,percent,national average 26.3%,3241,2024,"compare only with that country's own average; rulebooks differ, no cross-country difference",motriskindex-families-2024-v5
peugeot-508,RDW APK,inspection_fail_pct,51.6,percent,national average 50.8%,6732,2024,"compare only with that country's own average; rulebooks differ, no cross-country difference",motriskindex-families-2024-v5
peugeot-508,Statens vegvesen PKK,inspection_fail_pct,37.1,percent,national average 33.7%,3627,2024,"compare only with that country's own average; rulebooks differ, no cross-country difference",motriskindex-families-2024-v5
peugeot-bipper,DVSA vehicle safety recalls,recall_campaigns_listed,5,campaigns,,,register as published (snapshot 2026-07-30),matched by make and model; more campaigns do not by themselves mean a less reliable car,motriskindex-families-2024-v5
peugeot-bipper,RDW APK,inspection_fail_pct,56.0,percent,national average 50.8%,643,2024,"compare only with that country's own average; rulebooks differ, no cross-country difference",motriskindex-families-2024-v5
peugeot-boxer,DVSA vehicle safety recalls,recall_campaigns_listed,35,campaigns,,,register as published (snapshot 2026-07-30),matched by make and model; more campaigns do not by themselves mean a less reliable car,motriskindex-families-2024-v5
peugeot-boxer,RDW APK,inspection_fail_pct,57.0,percent,national average 50.8%,2731,2024,"compare only with that country's own average; rulebooks differ, no cross-country difference",motriskindex-families-2024-v5
peugeot-expert,DVSA vehicle safety recalls,recall_campaigns_listed,84,campaigns,,,register as published (snapshot 2026-07-30),matched by make and model; more campaigns do not by themselves mean a less reliable car,motriskindex-families-2024-v5
peugeot-expert,RDW APK,inspection_fail_pct,54.4,percent,national average 50.8%,843,2024,"compare only with that country's own average; rulebooks differ, no cross-country difference",motriskindex-families-2024-v5
peugeot-partner,DVSA vehicle safety recalls,recall_campaigns_listed,39,campaigns,,,register as published (snapshot 2026-07-30),matched by make and model; more campaigns do not by themselves mean a less reliable car,motriskindex-families-2024-v5
peugeot-partner,Traficom Katsastus,inspection_fail_pct,37.9,percent,national average 26.3%,647,2024,"compare only with that country's own average; rulebooks differ, no cross-country difference",motriskindex-families-2024-v5
peugeot-partner,RDW APK,inspection_fail_pct,63.4,percent,national average 50.8%,7653,2024,"compare only with that country's own average; rulebooks differ, no cross-country difference",motriskindex-families-2024-v5
peugeot-partner,Statens vegvesen PKK,inspection_fail_pct,35.4,percent,national average 33.7%,500,2024,"compare only with that country's own average; rulebooks differ, no cross-country difference",motriskindex-families-2024-v5
peugeot-rcz,DVSA vehicle safety recalls,recall_campaigns_listed,3,campaigns,,,register as published (snapshot 2026-07-30),matched by make and model; more campaigns do not by themselves mean a less reliable car,motriskindex-families-2024-v5
peugeot-rcz,RDW APK,inspection_fail_pct,48.2,percent,national average 50.8%,1255,2024,"compare only with that country's own average; rulebooks differ, no cross-country difference",motriskindex-families-2024-v5
peugeot-rifter,DVSA vehicle safety recalls,recall_campaigns_listed,17,campaigns,,,register as published (snapshot 2026-07-30),matched by make and model; more campaigns do not by themselves mean a less reliable car,motriskindex-families-2024-v5
peugeot-traveller,DVSA vehicle safety recalls,recall_campaigns_listed,52,campaigns,,,register as published (snapshot 2026-07-30),matched by make and model; more campaigns do not by themselves mean a less reliable car,motriskindex-families-2024-v5
porsche-911,DVSA vehicle safety recalls,recall_campaigns_listed,48,campaigns,,,register as published (snapshot 2026-07-30),matched by make and model; more campaigns do not by themselves mean a less reliable car,motriskindex-families-2024-v5
porsche-911,Traficom Katsastus,inspection_fail_pct,7.6,percent,national average 26.3%,687,2024,"compare only with that country's own average; rulebooks differ, no cross-country difference",motriskindex-families-2024-v5
porsche-911,RDW APK,inspection_fail_pct,28.0,percent,national average 50.8%,11974,2024,"compare only with that country's own average; rulebooks differ, no cross-country difference",motriskindex-families-2024-v5
porsche-911,Statens vegvesen PKK,inspection_fail_pct,36.0,percent,national average 33.7%,1020,2024,"compare only with that country's own average; rulebooks differ, no cross-country difference",motriskindex-families-2024-v5
porsche-911,NHTSA ODI consumer complaints,complaints_total,42,complaints,,,US model years,"US market, PORSCHE 911 GT3 and variants, model years 2015-2022 only; a count, not a failure rate",motriskindex-families-2024-v5
porsche-911,NHTSA manufacturer communications,service_bulletins_total,1301,bulletins,,,US model years,"US market, PORSCHE 911 GT3 and variants, model years 2015-2022 only; a count, not a failure rate",motriskindex-families-2024-v5
porsche-boxster,DVSA vehicle safety recalls,recall_campaigns_listed,13,campaigns,,,register as published (snapshot 2026-07-30),matched by make and model; more campaigns do not by themselves mean a less reliable car,motriskindex-families-2024-v5
porsche-boxster,RDW APK,inspection_fail_pct,32.3,percent,national average 50.8%,2393,2024,"compare only with that country's own average; rulebooks differ, no cross-country difference",motriskindex-families-2024-v5
porsche-boxster,NHTSA ODI consumer complaints,complaints_total,3,complaints,,,US model years,"US market, PORSCHE BOXSTER and variants, model year 2015 only; a count, not a failure rate",motriskindex-families-2024-v5
porsche-boxster,NHTSA manufacturer communications,service_bulletins_total,446,bulletins,,,US model years,"US market, PORSCHE BOXSTER and variants, model year 2015 only; a count, not a failure rate",motriskindex-families-2024-v5
porsche-cayenne,DVSA vehicle safety recalls,recall_campaigns_listed,29,campaigns,,,register as published (snapshot 2026-07-30),matched by make and model; more campaigns do not by themselves mean a less reliable car,motriskindex-families-2024-v5
porsche-cayenne,Traficom Katsastus,inspection_fail_pct,16.2,percent,national average 26.3%,1417,2024,"compare only with that country's own average; rulebooks differ, no cross-country difference",motriskindex-families-2024-v5
porsche-cayenne,RDW APK,inspection_fail_pct,38.0,percent,national average 50.8%,6402,2024,"compare only with that country's own average; rulebooks differ, no cross-country difference",motriskindex-families-2024-v5
porsche-cayenne,Statens vegvesen PKK,inspection_fail_pct,23.8,percent,national average 33.7%,1974,2024,"compare only with that country's own average; rulebooks differ, no cross-country difference",motriskindex-families-2024-v5
porsche-cayenne,NHTSA ODI consumer complaints,complaints_total,179,complaints,,,US model years,"US market, PORSCHE CAYENNE and variants, model years 2015-2022 only; a count, not a failure rate",motriskindex-families-2024-v5
porsche-cayenne,NHTSA manufacturer communications,service_bulletins_total,1450,bulletins,,,US model years,"US market, PORSCHE CAYENNE and variants, model years 2015-2022 only; a count, not a failure rate",motriskindex-families-2024-v5
porsche-cayman,DVSA vehicle safety recalls,recall_campaigns_listed,10,campaigns,,,register as published (snapshot 2026-07-30),matched by make and model; more campaigns do not by themselves mean a less reliable car,motriskindex-families-2024-v5
porsche-cayman,RDW APK,inspection_fail_pct,29.2,percent,national average 50.8%,681,2024,"compare only with that country's own average; rulebooks differ, no cross-country difference",motriskindex-families-2024-v5
porsche-cayman,NHTSA ODI consumer complaints,complaints_total,12,complaints,,,US model years,"US market, PORSCHE CAYMAN and variants, model years 2015-2021 only; a count, not a failure rate",motriskindex-families-2024-v5
porsche-cayman,NHTSA manufacturer communications,service_bulletins_total,524,bulletins,,,US model years,"US market, PORSCHE CAYMAN and variants, model years 2015-2021 only; a count, not a failure rate",motriskindex-families-2024-v5
porsche-macan,DVSA vehicle safety recalls,recall_campaigns_listed,13,campaigns,,,register as published (snapshot 2026-07-30),matched by make and model; more campaigns do not by themselves mean a less reliable car,motriskindex-families-2024-v5
porsche-macan,RDW APK,inspection_fail_pct,29.9,percent,national average 50.8%,2591,2024,"compare only with that country's own average; rulebooks differ, no cross-country difference",motriskindex-families-2024-v5
porsche-macan,Statens vegvesen PKK,inspection_fail_pct,23.1,percent,national average 33.7%,616,2024,"compare only with that country's own average; rulebooks differ, no cross-country difference",motriskindex-families-2024-v5
porsche-macan,NHTSA ODI consumer complaints,complaints_total,235,complaints,,,US model years,"US market, PORSCHE MACAN and variants, model years 2015-2022 only; a count, not a failure rate",motriskindex-families-2024-v5
porsche-macan,NHTSA manufacturer communications,service_bulletins_total,955,bulletins,,,US model years,"US market, PORSCHE MACAN and variants, model years 2015-2022 only; a count, not a failure rate",motriskindex-families-2024-v5
porsche-panamera,DVSA vehicle safety recalls,recall_campaigns_listed,24,campaigns,,,register as published (snapshot 2026-07-30),matched by make and model; more campaigns do not by themselves mean a less reliable car,motriskindex-families-2024-v5
porsche-panamera,Traficom Katsastus,inspection_fail_pct,11.7,percent,national average 26.3%,583,2024,"compare only with that country's own average; rulebooks differ, no cross-country difference",motriskindex-families-2024-v5
porsche-panamera,RDW APK,inspection_fail_pct,30.4,percent,national average 50.8%,1867,2024,"compare only with that country's own average; rulebooks differ, no cross-country difference",motriskindex-families-2024-v5
porsche-panamera,Statens vegvesen PKK,inspection_fail_pct,22.0,percent,national average 33.7%,574,2024,"compare only with that country's own average; rulebooks differ, no cross-country difference",motriskindex-families-2024-v5
porsche-panamera,NHTSA ODI consumer complaints,complaints_total,30,complaints,,,US model years,"US market, PORSCHE PANAMERA and variants, model years 2015-2022 only; a count, not a failure rate",motriskindex-families-2024-v5
porsche-panamera,NHTSA manufacturer communications,service_bulletins_total,1143,bulletins,,,US model years,"US market, PORSCHE PANAMERA and variants, model years 2015-2022 only; a count, not a failure rate",motriskindex-families-2024-v5
porsche-taycan,DVSA vehicle safety recalls,recall_campaigns_listed,21,campaigns,,,register as published (snapshot 2026-07-30),matched by make and model; more campaigns do not by themselves mean a less reliable car,motriskindex-families-2024-v5
porsche-taycan,Statens vegvesen PKK,inspection_fail_pct,9.7,percent,national average 33.7%,1367,2024,"compare only with that country's own average; rulebooks differ, no cross-country difference",motriskindex-families-2024-v5
porsche-taycan,NHTSA ODI consumer complaints,complaints_total,243,complaints,,,US model years,"US market, PORSCHE TAYCAN and variants, model years 2020-2022 only; a count, not a failure rate",motriskindex-families-2024-v5
porsche-taycan,NHTSA manufacturer communications,service_bulletins_total,1231,bulletins,,,US model years,"US market, PORSCHE TAYCAN and variants, model years 2020-2022 only; a count, not a failure rate",motriskindex-families-2024-v5
renault-arkana,DVSA vehicle safety recalls,recall_campaigns_listed,2,campaigns,,,register as published (snapshot 2026-07-30),matched by make and model; more campaigns do not by themselves mean a less reliable car,motriskindex-families-2024-v5
renault-captur,DVSA vehicle safety recalls,recall_campaigns_listed,9,campaigns,,,register as published (snapshot 2026-07-30),matched by make and model; more campaigns do not by themselves mean a less reliable car,motriskindex-families-2024-v5
renault-captur,Traficom Katsastus,inspection_fail_pct,22.7,percent,national average 26.3%,3015,2024,"compare only with that country's own average; rulebooks differ, no cross-country difference",motriskindex-families-2024-v5
renault-captur,RDW APK,inspection_fail_pct,35.2,percent,national average 50.8%,61941,2024,"compare only with that country's own average; rulebooks differ, no cross-country difference",motriskindex-families-2024-v5
renault-captur,Statens vegvesen PKK,inspection_fail_pct,26.1,percent,national average 33.7%,1794,2024,"compare only with that country's own average; rulebooks differ, no cross-country difference",motriskindex-families-2024-v5
renault-clio,DVSA vehicle safety recalls,recall_campaigns_listed,24,campaigns,,,register as published (snapshot 2026-07-30),matched by make and model; more campaigns do not by themselves mean a less reliable car,motriskindex-families-2024-v5
renault-clio,Traficom Katsastus,inspection_fail_pct,36.4,percent,national average 26.3%,9865,2024,"compare only with that country's own average; rulebooks differ, no cross-country difference",motriskindex-families-2024-v5
renault-clio,RDW APK,inspection_fail_pct,54.9,percent,national average 50.8%,120379,2024,"compare only with that country's own average; rulebooks differ, no cross-country difference",motriskindex-families-2024-v5
renault-clio,Statens vegvesen PKK,inspection_fail_pct,41.8,percent,national average 33.7%,2167,2024,"compare only with that country's own average; rulebooks differ, no cross-country difference",motriskindex-families-2024-v5
renault-espace,DVSA vehicle safety recalls,recall_campaigns_listed,12,campaigns,,,register as published (snapshot 2026-07-30),matched by make and model; more campaigns do not by themselves mean a less reliable car,motriskindex-families-2024-v5
renault-espace,RDW APK,inspection_fail_pct,56.7,percent,national average 50.8%,5825,2024,"compare only with that country's own average; rulebooks differ, no cross-country difference",motriskindex-families-2024-v5
renault-kadjar,DVSA vehicle safety recalls,recall_campaigns_listed,6,campaigns,,,register as published (snapshot 2026-07-30),matched by make and model; more campaigns do not by themselves mean a less reliable car,motriskindex-families-2024-v5
renault-kadjar,Traficom Katsastus,inspection_fail_pct,16.6,percent,national average 26.3%,1491,2024,"compare only with that country's own average; rulebooks differ, no cross-country difference",motriskindex-families-2024-v5
renault-kadjar,RDW APK,inspection_fail_pct,36.2,percent,national average 50.8%,10232,2024,"compare only with that country's own average; rulebooks differ, no cross-country difference",motriskindex-families-2024-v5
renault-kadjar,Statens vegvesen PKK,inspection_fail_pct,26.7,percent,national average 33.7%,513,2024,"compare only with that country's own average; rulebooks differ, no cross-country difference",motriskindex-families-2024-v5
renault-kangoo,DVSA vehicle safety recalls,recall_campaigns_listed,18,campaigns,,,register as published (snapshot 2026-07-30),matched by make and model; more campaigns do not by themselves mean a less reliable car,motriskindex-families-2024-v5
renault-kangoo,RDW APK,inspection_fail_pct,66.0,percent,national average 50.8%,13059,2024,"compare only with that country's own average; rulebooks differ, no cross-country difference",motriskindex-families-2024-v5
renault-koleos,DVSA vehicle safety recalls,recall_campaigns_listed,1,campaigns,,,register as published (snapshot 2026-07-30),matched by make and model; more campaigns do not by themselves mean a less reliable car,motriskindex-families-2024-v5
renault-koleos,RDW APK,inspection_fail_pct,61.1,percent,national average 50.8%,768,2024,"compare only with that country's own average; rulebooks differ, no cross-country difference",motriskindex-families-2024-v5
renault-laguna,DVSA vehicle safety recalls,recall_campaigns_listed,12,campaigns,,,register as published (snapshot 2026-07-30),matched by make and model; more campaigns do not by themselves mean a less reliable car,motriskindex-families-2024-v5
renault-laguna,Traficom Katsastus,inspection_fail_pct,49.2,percent,national average 26.3%,2095,2024,"compare only with that country's own average; rulebooks differ, no cross-country difference",motriskindex-families-2024-v5
renault-laguna,RDW APK,inspection_fail_pct,63.4,percent,national average 50.8%,4232,2024,"compare only with that country's own average; rulebooks differ, no cross-country difference",motriskindex-families-2024-v5
renault-master,DVSA vehicle safety recalls,recall_campaigns_listed,27,campaigns,,,register as published (snapshot 2026-07-30),matched by make and model; more campaigns do not by themselves mean a less reliable car,motriskindex-families-2024-v5
renault-master,RDW APK,inspection_fail_pct,68.0,percent,national average 50.8%,2416,2024,"compare only with that country's own average; rulebooks differ, no cross-country difference",motriskindex-families-2024-v5
renault-megane,DVSA vehicle safety recalls,recall_campaigns_listed,31,campaigns,,,register as published (snapshot 2026-07-30),matched by make and model; more campaigns do not by themselves mean a less reliable car,motriskindex-families-2024-v5
renault-megane,Traficom Katsastus,inspection_fail_pct,42.1,percent,national average 26.3%,8124,2024,"compare only with that country's own average; rulebooks differ, no cross-country difference",motriskindex-families-2024-v5
renault-megane,RDW APK,inspection_fail_pct,55.8,percent,national average 50.8%,47210,2024,"compare only with that country's own average; rulebooks differ, no cross-country difference",motriskindex-families-2024-v5
renault-megane,Statens vegvesen PKK,inspection_fail_pct,44.5,percent,national average 33.7%,1885,2024,"compare only with that country's own average; rulebooks differ, no cross-country difference",motriskindex-families-2024-v5
renault-modus,DVSA vehicle safety recalls,recall_campaigns_listed,5,campaigns,,,register as published (snapshot 2026-07-30),matched by make and model; more campaigns do not by themselves mean a less reliable car,motriskindex-families-2024-v5
renault-modus,RDW APK,inspection_fail_pct,63.3,percent,national average 50.8%,13513,2024,"compare only with that country's own average; rulebooks differ, no cross-country difference",motriskindex-families-2024-v5
renault-scenic,DVSA vehicle safety recalls,recall_campaigns_listed,19,campaigns,,,register as published (snapshot 2026-07-30),matched by make and model; more campaigns do not by themselves mean a less reliable car,motriskindex-families-2024-v5
renault-scenic,Traficom Katsastus,inspection_fail_pct,47.9,percent,national average 26.3%,2995,2024,"compare only with that country's own average; rulebooks differ, no cross-country difference",motriskindex-families-2024-v5
renault-scenic,RDW APK,inspection_fail_pct,58.2,percent,national average 50.8%,39958,2024,"compare only with that country's own average; rulebooks differ, no cross-country difference",motriskindex-families-2024-v5
renault-scenic,Statens vegvesen PKK,inspection_fail_pct,46.6,percent,national average 33.7%,932,2024,"compare only with that country's own average; rulebooks differ, no cross-country difference",motriskindex-families-2024-v5
renault-trafic,DVSA vehicle safety recalls,recall_campaigns_listed,36,campaigns,,,register as published (snapshot 2026-07-30),matched by make and model; more campaigns do not by themselves mean a less reliable car,motriskindex-families-2024-v5
renault-trafic,RDW APK,inspection_fail_pct,64.3,percent,national average 50.8%,3045,2024,"compare only with that country's own average; rulebooks differ, no cross-country difference",motriskindex-families-2024-v5
renault-twingo,DVSA vehicle safety recalls,recall_campaigns_listed,11,campaigns,,,register as published (snapshot 2026-07-30),matched by make and model; more campaigns do not by themselves mean a less reliable car,motriskindex-families-2024-v5
renault-twingo,Traficom Katsastus,inspection_fail_pct,36.7,percent,national average 26.3%,1083,2024,"compare only with that country's own average; rulebooks differ, no cross-country difference",motriskindex-families-2024-v5
renault-twingo,RDW APK,inspection_fail_pct,58.3,percent,national average 50.8%,96855,2024,"compare only with that country's own average; rulebooks differ, no cross-country difference",motriskindex-families-2024-v5
renault-wind,RDW APK,inspection_fail_pct,56.2,percent,national average 50.8%,553,2024,"compare only with that country's own average; rulebooks differ, no cross-country difference",motriskindex-families-2024-v5
renault-zoe,DVSA vehicle safety recalls,recall_campaigns_listed,6,campaigns,,,register as published (snapshot 2026-07-30),matched by make and model; more campaigns do not by themselves mean a less reliable car,motriskindex-families-2024-v5
renault-zoe,RDW APK,inspection_fail_pct,43.1,percent,national average 50.8%,7864,2024,"compare only with that country's own average; rulebooks differ, no cross-country difference",motriskindex-families-2024-v5
renault-zoe,Statens vegvesen PKK,inspection_fail_pct,32.9,percent,national average 33.7%,9638,2024,"compare only with that country's own average; rulebooks differ, no cross-country difference",motriskindex-families-2024-v5
rolls-royce-silver,DVSA vehicle safety recalls,recall_campaigns_listed,3,campaigns,,,register as published (snapshot 2026-07-30),matched by make and model; more campaigns do not by themselves mean a less reliable car,motriskindex-families-2024-v5
rover-75,DVSA vehicle safety recalls,recall_campaigns_listed,1,campaigns,,,register as published (snapshot 2026-07-30),matched by make and model; more campaigns do not by themselves mean a less reliable car,motriskindex-families-2024-v5
rover-75,RDW APK,inspection_fail_pct,66.1,percent,national average 50.8%,569,2024,"compare only with that country's own average; rulebooks differ, no cross-country difference",motriskindex-families-2024-v5
rover-mini,DVSA vehicle safety recalls,recall_campaigns_listed,1,campaigns,,,register as published (snapshot 2026-07-30),matched by make and model; more campaigns do not by themselves mean a less reliable car,motriskindex-families-2024-v5
saab-9-3,DVSA vehicle safety recalls,recall_campaigns_listed,7,campaigns,,,register as published (snapshot 2026-07-30),matched by make and model; more campaigns do not by themselves mean a less reliable car,motriskindex-families-2024-v5
saab-9-3,Traficom Katsastus,inspection_fail_pct,35.5,percent,national average 26.3%,6256,2024,"compare only with that country's own average; rulebooks differ, no cross-country difference",motriskindex-families-2024-v5
saab-9-3,RDW APK,inspection_fail_pct,57.3,percent,national average 50.8%,17130,2024,"compare only with that country's own average; rulebooks differ, no cross-country difference",motriskindex-families-2024-v5
saab-9-3,Statens vegvesen PKK,inspection_fail_pct,43.1,percent,national average 33.7%,4436,2024,"compare only with that country's own average; rulebooks differ, no cross-country difference",motriskindex-families-2024-v5
saab-9-5,Traficom Katsastus,inspection_fail_pct,32.0,percent,national average 26.3%,3594,2024,"compare only with that country's own average; rulebooks differ, no cross-country difference",motriskindex-families-2024-v5
saab-9-5,RDW APK,inspection_fail_pct,60.8,percent,national average 50.8%,4305,2024,"compare only with that country's own average; rulebooks differ, no cross-country difference",motriskindex-families-2024-v5
saab-9-5,Statens vegvesen PKK,inspection_fail_pct,43.5,percent,national average 33.7%,2418,2024,"compare only with that country's own average; rulebooks differ, no cross-country difference",motriskindex-families-2024-v5
saab-900,DVSA vehicle safety recalls,recall_campaigns_listed,11,campaigns,,,register as published (snapshot 2026-07-30),matched by make and model; more campaigns do not by themselves mean a less reliable car,motriskindex-families-2024-v5
saab-900,RDW APK,inspection_fail_pct,67.6,percent,national average 50.8%,1734,2024,"compare only with that country's own average; rulebooks differ, no cross-country difference",motriskindex-families-2024-v5
seat-alhambra,DVSA vehicle safety recalls,recall_campaigns_listed,13,campaigns,,,register as published (snapshot 2026-07-30),matched by make and model; more campaigns do not by themselves mean a less reliable car,motriskindex-families-2024-v5
seat-alhambra,Traficom Katsastus,inspection_fail_pct,27.8,percent,national average 26.3%,744,2024,"compare only with that country's own average; rulebooks differ, no cross-country difference",motriskindex-families-2024-v5
seat-alhambra,RDW APK,inspection_fail_pct,50.9,percent,national average 50.8%,2344,2024,"compare only with that country's own average; rulebooks differ, no cross-country difference",motriskindex-families-2024-v5
seat-altea,DVSA vehicle safety recalls,recall_campaigns_listed,9,campaigns,,,register as published (snapshot 2026-07-30),matched by make and model; more campaigns do not by themselves mean a less reliable car,motriskindex-families-2024-v5
seat-altea,Traficom Katsastus,inspection_fail_pct,34.2,percent,national average 26.3%,1567,2024,"compare only with that country's own average; rulebooks differ, no cross-country difference",motriskindex-families-2024-v5
seat-altea,RDW APK,inspection_fail_pct,60.0,percent,national average 50.8%,13359,2024,"compare only with that country's own average; rulebooks differ, no cross-country difference",motriskindex-families-2024-v5
seat-arona,DVSA vehicle safety recalls,recall_campaigns_listed,5,campaigns,,,register as published (snapshot 2026-07-30),matched by make and model; more campaigns do not by themselves mean a less reliable car,motriskindex-families-2024-v5
seat-arona,Traficom Katsastus,inspection_fail_pct,14.6,percent,national average 26.3%,747,2024,"compare only with that country's own average; rulebooks differ, no cross-country difference",motriskindex-families-2024-v5
seat-arona,RDW APK,inspection_fail_pct,30.9,percent,national average 50.8%,5964,2024,"compare only with that country's own average; rulebooks differ, no cross-country difference",motriskindex-families-2024-v5
seat-arosa,DVSA vehicle safety recalls,recall_campaigns_listed,1,campaigns,,,register as published (snapshot 2026-07-30),matched by make and model; more campaigns do not by themselves mean a less reliable car,motriskindex-families-2024-v5
seat-arosa,RDW APK,inspection_fail_pct,68.0,percent,national average 50.8%,3782,2024,"compare only with that country's own average; rulebooks differ, no cross-country difference",motriskindex-families-2024-v5
seat-ateca,DVSA vehicle safety recalls,recall_campaigns_listed,11,campaigns,,,register as published (snapshot 2026-07-30),matched by make and model; more campaigns do not by themselves mean a less reliable car,motriskindex-families-2024-v5
seat-ateca,Traficom Katsastus,inspection_fail_pct,4.5,percent,national average 26.3%,821,2024,"compare only with that country's own average; rulebooks differ, no cross-country difference",motriskindex-families-2024-v5
seat-ateca,RDW APK,inspection_fail_pct,25.8,percent,national average 50.8%,5776,2024,"compare only with that country's own average; rulebooks differ, no cross-country difference",motriskindex-families-2024-v5
seat-exeo,DVSA vehicle safety recalls,recall_campaigns_listed,3,campaigns,,,register as published (snapshot 2026-07-30),matched by make and model; more campaigns do not by themselves mean a less reliable car,motriskindex-families-2024-v5
seat-exeo,Traficom Katsastus,inspection_fail_pct,34.4,percent,national average 26.3%,768,2024,"compare only with that country's own average; rulebooks differ, no cross-country difference",motriskindex-families-2024-v5
seat-exeo,RDW APK,inspection_fail_pct,55.5,percent,national average 50.8%,740,2024,"compare only with that country's own average; rulebooks differ, no cross-country difference",motriskindex-families-2024-v5
seat-ibiza,DVSA vehicle safety recalls,recall_campaigns_listed,17,campaigns,,,register as published (snapshot 2026-07-30),matched by make and model; more campaigns do not by themselves mean a less reliable car,motriskindex-families-2024-v5
seat-ibiza,Traficom Katsastus,inspection_fail_pct,24.5,percent,national average 26.3%,3492,2024,"compare only with that country's own average; rulebooks differ, no cross-country difference",motriskindex-families-2024-v5
seat-ibiza,RDW APK,inspection_fail_pct,56.0,percent,national average 50.8%,59426,2024,"compare only with that country's own average; rulebooks differ, no cross-country difference",motriskindex-families-2024-v5
seat-leon,DVSA vehicle safety recalls,recall_campaigns_listed,25,campaigns,,,register as published (snapshot 2026-07-30),matched by make and model; more campaigns do not by themselves mean a less reliable car,motriskindex-families-2024-v5
seat-leon,Traficom Katsastus,inspection_fail_pct,24.5,percent,national average 26.3%,4251,2024,"compare only with that country's own average; rulebooks differ, no cross-country difference",motriskindex-families-2024-v5
seat-leon,RDW APK,inspection_fail_pct,47.3,percent,national average 50.8%,41633,2024,"compare only with that country's own average; rulebooks differ, no cross-country difference",motriskindex-families-2024-v5
seat-mii,DVSA vehicle safety recalls,recall_campaigns_listed,6,campaigns,,,register as published (snapshot 2026-07-30),matched by make and model; more campaigns do not by themselves mean a less reliable car,motriskindex-families-2024-v5
seat-mii,Traficom Katsastus,inspection_fail_pct,8.4,percent,national average 26.3%,562,2024,"compare only with that country's own average; rulebooks differ, no cross-country difference",motriskindex-families-2024-v5
seat-mii,RDW APK,inspection_fail_pct,38.2,percent,national average 50.8%,17510,2024,"compare only with that country's own average; rulebooks differ, no cross-country difference",motriskindex-families-2024-v5
seat-mii,Statens vegvesen PKK,inspection_fail_pct,24.4,percent,national average 33.7%,1038,2024,"compare only with that country's own average; rulebooks differ, no cross-country difference",motriskindex-families-2024-v5
seat-tarraco,DVSA vehicle safety recalls,recall_campaigns_listed,7,campaigns,,,register as published (snapshot 2026-07-30),matched by make and model; more campaigns do not by themselves mean a less reliable car,motriskindex-families-2024-v5
seat-tarraco,RDW APK,inspection_fail_pct,22.3,percent,national average 50.8%,1071,2024,"compare only with that country's own average; rulebooks differ, no cross-country difference",motriskindex-families-2024-v5
seat-toledo,DVSA vehicle safety recalls,recall_campaigns_listed,12,campaigns,,,register as published (snapshot 2026-07-30),matched by make and model; more campaigns do not by themselves mean a less reliable car,motriskindex-families-2024-v5
seat-toledo,Traficom Katsastus,inspection_fail_pct,22.8,percent,national average 26.3%,1713,2024,"compare only with that country's own average; rulebooks differ, no cross-country difference",motriskindex-families-2024-v5
seat-toledo,RDW APK,inspection_fail_pct,56.2,percent,national average 50.8%,1826,2024,"compare only with that country's own average; rulebooks differ, no cross-country difference",motriskindex-families-2024-v5
skoda-citigo,DVSA vehicle safety recalls,recall_campaigns_listed,8,campaigns,,,register as published (snapshot 2026-07-30),matched by make and model; more campaigns do not by themselves mean a less reliable car,motriskindex-families-2024-v5
skoda-citigo,Traficom Katsastus,inspection_fail_pct,13.6,percent,national average 26.3%,1419,2024,"compare only with that country's own average; rulebooks differ, no cross-country difference",motriskindex-families-2024-v5
skoda-citigo,RDW APK,inspection_fail_pct,38.1,percent,national average 50.8%,16653,2024,"compare only with that country's own average; rulebooks differ, no cross-country difference",motriskindex-families-2024-v5
skoda-citigo,Statens vegvesen PKK,inspection_fail_pct,27.4,percent,national average 33.7%,3337,2024,"compare only with that country's own average; rulebooks differ, no cross-country difference",motriskindex-families-2024-v5
skoda-fabia,DVSA vehicle safety recalls,recall_campaigns_listed,12,campaigns,,,register as published (snapshot 2026-07-30),matched by make and model; more campaigns do not by themselves mean a less reliable car,motriskindex-families-2024-v5
skoda-fabia,Traficom Katsastus,inspection_fail_pct,25.1,percent,national average 26.3%,12570,2024,"compare only with that country's own average; rulebooks differ, no cross-country difference",motriskindex-families-2024-v5
skoda-fabia,RDW APK,inspection_fail_pct,51.6,percent,national average 50.8%,46562,2024,"compare only with that country's own average; rulebooks differ, no cross-country difference",motriskindex-families-2024-v5
skoda-fabia,Statens vegvesen PKK,inspection_fail_pct,36.1,percent,national average 33.7%,7495,2024,"compare only with that country's own average; rulebooks differ, no cross-country difference",motriskindex-families-2024-v5
skoda-kamiq,DVSA vehicle safety recalls,recall_campaigns_listed,2,campaigns,,,register as published (snapshot 2026-07-30),matched by make and model; more campaigns do not by themselves mean a less reliable car,motriskindex-families-2024-v5
skoda-kamiq,Traficom Katsastus,inspection_fail_pct,11.2,percent,national average 26.3%,1138,2024,"compare only with that country's own average; rulebooks differ, no cross-country difference",motriskindex-families-2024-v5
skoda-kamiq,RDW APK,inspection_fail_pct,25.1,percent,national average 50.8%,2141,2024,"compare only with that country's own average; rulebooks differ, no cross-country difference",motriskindex-families-2024-v5
skoda-karoq,DVSA vehicle safety recalls,recall_campaigns_listed,6,campaigns,,,register as published (snapshot 2026-07-30),matched by make and model; more campaigns do not by themselves mean a less reliable car,motriskindex-families-2024-v5
skoda-karoq,Traficom Katsastus,inspection_fail_pct,3.4,percent,national average 26.3%,1701,2024,"compare only with that country's own average; rulebooks differ, no cross-country difference",motriskindex-families-2024-v5
skoda-karoq,RDW APK,inspection_fail_pct,24.0,percent,national average 50.8%,5734,2024,"compare only with that country's own average; rulebooks differ, no cross-country difference",motriskindex-families-2024-v5
skoda-karoq,Statens vegvesen PKK,inspection_fail_pct,17.8,percent,national average 33.7%,1273,2024,"compare only with that country's own average; rulebooks differ, no cross-country difference",motriskindex-families-2024-v5
skoda-kodiaq,DVSA vehicle safety recalls,recall_campaigns_listed,8,campaigns,,,register as published (snapshot 2026-07-30),matched by make and model; more campaigns do not by themselves mean a less reliable car,motriskindex-families-2024-v5
skoda-kodiaq,Traficom Katsastus,inspection_fail_pct,7.1,percent,national average 26.3%,2968,2024,"compare only with that country's own average; rulebooks differ, no cross-country difference",motriskindex-families-2024-v5
skoda-kodiaq,RDW APK,inspection_fail_pct,24.8,percent,national average 50.8%,5847,2024,"compare only with that country's own average; rulebooks differ, no cross-country difference",motriskindex-families-2024-v5
skoda-kodiaq,Statens vegvesen PKK,inspection_fail_pct,15.4,percent,national average 33.7%,3361,2024,"compare only with that country's own average; rulebooks differ, no cross-country difference",motriskindex-families-2024-v5
skoda-octavia,DVSA vehicle safety recalls,recall_campaigns_listed,27,campaigns,,,register as published (snapshot 2026-07-30),matched by make and model; more campaigns do not by themselves mean a less reliable car,motriskindex-families-2024-v5
skoda-octavia,Traficom Katsastus,inspection_fail_pct,22.3,percent,national average 26.3%,60216,2024,"compare only with that country's own average; rulebooks differ, no cross-country difference",motriskindex-families-2024-v5
skoda-octavia,RDW APK,inspection_fail_pct,44.1,percent,national average 50.8%,39515,2024,"compare only with that country's own average; rulebooks differ, no cross-country difference",motriskindex-families-2024-v5
skoda-octavia,Statens vegvesen PKK,inspection_fail_pct,32.8,percent,national average 33.7%,31455,2024,"compare only with that country's own average; rulebooks differ, no cross-country difference",motriskindex-families-2024-v5
skoda-rapid,DVSA vehicle safety recalls,recall_campaigns_listed,5,campaigns,,,register as published (snapshot 2026-07-30),matched by make and model; more campaigns do not by themselves mean a less reliable car,motriskindex-families-2024-v5
skoda-rapid,Traficom Katsastus,inspection_fail_pct,14.4,percent,national average 26.3%,4104,2024,"compare only with that country's own average; rulebooks differ, no cross-country difference",motriskindex-families-2024-v5
skoda-rapid,RDW APK,inspection_fail_pct,38.0,percent,national average 50.8%,5827,2024,"compare only with that country's own average; rulebooks differ, no cross-country difference",motriskindex-families-2024-v5
skoda-rapid,Statens vegvesen PKK,inspection_fail_pct,30.9,percent,national average 33.7%,1710,2024,"compare only with that country's own average; rulebooks differ, no cross-country difference",motriskindex-families-2024-v5
skoda-roomster,DVSA vehicle safety recalls,recall_campaigns_listed,4,campaigns,,,register as published (snapshot 2026-07-30),matched by make and model; more campaigns do not by themselves mean a less reliable car,motriskindex-families-2024-v5
skoda-roomster,Traficom Katsastus,inspection_fail_pct,33.4,percent,national average 26.3%,2010,2024,"compare only with that country's own average; rulebooks differ, no cross-country difference",motriskindex-families-2024-v5
skoda-roomster,RDW APK,inspection_fail_pct,56.2,percent,national average 50.8%,2729,2024,"compare only with that country's own average; rulebooks differ, no cross-country difference",motriskindex-families-2024-v5
skoda-roomster,Statens vegvesen PKK,inspection_fail_pct,43.4,percent,national average 33.7%,1114,2024,"compare only with that country's own average; rulebooks differ, no cross-country difference",motriskindex-families-2024-v5
skoda-scala,DVSA vehicle safety recalls,recall_campaigns_listed,1,campaigns,,,register as published (snapshot 2026-07-30),matched by make and model; more campaigns do not by themselves mean a less reliable car,motriskindex-families-2024-v5
skoda-scala,Traficom Katsastus,inspection_fail_pct,15.6,percent,national average 26.3%,867,2024,"compare only with that country's own average; rulebooks differ, no cross-country difference",motriskindex-families-2024-v5
skoda-scala,RDW APK,inspection_fail_pct,26.9,percent,national average 50.8%,1360,2024,"compare only with that country's own average; rulebooks differ, no cross-country difference",motriskindex-families-2024-v5
skoda-superb,DVSA vehicle safety recalls,recall_campaigns_listed,22,campaigns,,,register as published (snapshot 2026-07-30),matched by make and model; more campaigns do not by themselves mean a less reliable car,motriskindex-families-2024-v5
skoda-superb,Traficom Katsastus,inspection_fail_pct,25.2,percent,national average 26.3%,13530,2024,"compare only with that country's own average; rulebooks differ, no cross-country difference",motriskindex-families-2024-v5
skoda-superb,RDW APK,inspection_fail_pct,37.9,percent,national average 50.8%,8318,2024,"compare only with that country's own average; rulebooks differ, no cross-country difference",motriskindex-families-2024-v5
skoda-superb,Statens vegvesen PKK,inspection_fail_pct,33.7,percent,national average 33.7%,11836,2024,"compare only with that country's own average; rulebooks differ, no cross-country difference",motriskindex-families-2024-v5
skoda-yeti,DVSA vehicle safety recalls,recall_campaigns_listed,5,campaigns,,,register as published (snapshot 2026-07-30),matched by make and model; more campaigns do not by themselves mean a less reliable car,motriskindex-families-2024-v5
skoda-yeti,Traficom Katsastus,inspection_fail_pct,19.3,percent,national average 26.3%,5213,2024,"compare only with that country's own average; rulebooks differ, no cross-country difference",motriskindex-families-2024-v5
skoda-yeti,RDW APK,inspection_fail_pct,42.4,percent,national average 50.8%,9279,2024,"compare only with that country's own average; rulebooks differ, no cross-country difference",motriskindex-families-2024-v5
skoda-yeti,Statens vegvesen PKK,inspection_fail_pct,35.4,percent,national average 33.7%,4693,2024,"compare only with that country's own average; rulebooks differ, no cross-country difference",motriskindex-families-2024-v5
smart-forfour,Traficom Katsastus,inspection_fail_pct,34.1,percent,national average 26.3%,552,2024,"compare only with that country's own average; rulebooks differ, no cross-country difference",motriskindex-families-2024-v5
smart-forfour,RDW APK,inspection_fail_pct,54.2,percent,national average 50.8%,4215,2024,"compare only with that country's own average; rulebooks differ, no cross-country difference",motriskindex-families-2024-v5
smart-fortwo,Traficom Katsastus,inspection_fail_pct,22.6,percent,national average 26.3%,743,2024,"compare only with that country's own average; rulebooks differ, no cross-country difference",motriskindex-families-2024-v5
smart-fortwo,RDW APK,inspection_fail_pct,50.3,percent,national average 50.8%,6328,2024,"compare only with that country's own average; rulebooks differ, no cross-country difference",motriskindex-families-2024-v5
smart-fortwo,Statens vegvesen PKK,inspection_fail_pct,42.5,percent,national average 33.7%,690,2024,"compare only with that country's own average; rulebooks differ, no cross-country difference",motriskindex-families-2024-v5
smart-fortwo,NHTSA ODI consumer complaints,complaints_total,10,complaints,,,US model years,"US market, SMART FORTWO, model years 2017-2019 only; a count, not a failure rate",motriskindex-families-2024-v5
smart-fortwo,NHTSA manufacturer communications,service_bulletins_total,62,bulletins,,,US model years,"US market, SMART FORTWO, model years 2017-2019 only; a count, not a failure rate",motriskindex-families-2024-v5
smart-roadster-review-389672ba,RDW APK,inspection_fail_pct,53.4,percent,national average 50.8%,903,2024,"compare only with that country's own average; rulebooks differ, no cross-country difference",motriskindex-families-2024-v5
ssangyong-korando,DVSA vehicle safety recalls,recall_campaigns_listed,4,campaigns,,,register as published (snapshot 2026-07-30),matched by make and model; more campaigns do not by themselves mean a less reliable car,motriskindex-families-2024-v5
ssangyong-rexton,DVSA vehicle safety recalls,recall_campaigns_listed,2,campaigns,,,register as published (snapshot 2026-07-30),matched by make and model; more campaigns do not by themselves mean a less reliable car,motriskindex-families-2024-v5
ssangyong-rexton,Statens vegvesen PKK,inspection_fail_pct,50.4,percent,national average 33.7%,1028,2024,"compare only with that country's own average; rulebooks differ, no cross-country difference",motriskindex-families-2024-v5
ssangyong-rodius,DVSA vehicle safety recalls,recall_campaigns_listed,3,campaigns,,,register as published (snapshot 2026-07-30),matched by make and model; more campaigns do not by themselves mean a less reliable car,motriskindex-families-2024-v5
ssangyong-tivoli,DVSA vehicle safety recalls,recall_campaigns_listed,4,campaigns,,,register as published (snapshot 2026-07-30),matched by make and model; more campaigns do not by themselves mean a less reliable car,motriskindex-families-2024-v5
subaru-forester,DVSA vehicle safety recalls,recall_campaigns_listed,12,campaigns,,,register as published (snapshot 2026-07-30),matched by make and model; more campaigns do not by themselves mean a less reliable car,motriskindex-families-2024-v5
subaru-forester,Traficom Katsastus,inspection_fail_pct,25.7,percent,national average 26.3%,6664,2024,"compare only with that country's own average; rulebooks differ, no cross-country difference",motriskindex-families-2024-v5
subaru-forester,RDW APK,inspection_fail_pct,51.1,percent,national average 50.8%,8508,2024,"compare only with that country's own average; rulebooks differ, no cross-country difference",motriskindex-families-2024-v5
subaru-forester,Statens vegvesen PKK,inspection_fail_pct,37.5,percent,national average 33.7%,12670,2024,"compare only with that country's own average; rulebooks differ, no cross-country difference",motriskindex-families-2024-v5
subaru-forester,NHTSA ODI consumer complaints,complaints_total,3845,complaints,,,US model years,"US market, SUBARU FORESTER, model years 2015-2022 only; a count, not a failure rate",motriskindex-families-2024-v5
subaru-forester,NHTSA manufacturer communications,service_bulletins_total,1099,bulletins,,,US model years,"US market, SUBARU FORESTER, model years 2015-2022 only; a count, not a failure rate",motriskindex-families-2024-v5
subaru-impreza,DVSA vehicle safety recalls,recall_campaigns_listed,14,campaigns,,,register as published (snapshot 2026-07-30),matched by make and model; more campaigns do not by themselves mean a less reliable car,motriskindex-families-2024-v5
subaru-impreza,Traficom Katsastus,inspection_fail_pct,27.0,percent,national average 26.3%,1060,2024,"compare only with that country's own average; rulebooks differ, no cross-country difference",motriskindex-families-2024-v5
subaru-impreza,RDW APK,inspection_fail_pct,52.3,percent,national average 50.8%,2413,2024,"compare only with that country's own average; rulebooks differ, no cross-country difference",motriskindex-families-2024-v5
subaru-impreza,Statens vegvesen PKK,inspection_fail_pct,39.4,percent,national average 33.7%,3073,2024,"compare only with that country's own average; rulebooks differ, no cross-country difference",motriskindex-families-2024-v5
subaru-impreza,NHTSA ODI consumer complaints,complaints_total,736,complaints,,,US model years,"US market, SUBARU IMPREZA, model years 2015-2022 only; a count, not a failure rate",motriskindex-families-2024-v5
subaru-impreza,NHTSA manufacturer communications,service_bulletins_total,996,bulletins,,,US model years,"US market, SUBARU IMPREZA, model years 2015-2022 only; a count, not a failure rate",motriskindex-families-2024-v5
subaru-legacy,DVSA vehicle safety recalls,recall_campaigns_listed,13,campaigns,,,register as published (snapshot 2026-07-30),matched by make and model; more campaigns do not by themselves mean a less reliable car,motriskindex-families-2024-v5
subaru-legacy,Traficom Katsastus,inspection_fail_pct,29.7,percent,national average 26.3%,4370,2024,"compare only with that country's own average; rulebooks differ, no cross-country difference",motriskindex-families-2024-v5
subaru-legacy,RDW APK,inspection_fail_pct,53.8,percent,national average 50.8%,2756,2024,"compare only with that country's own average; rulebooks differ, no cross-country difference",motriskindex-families-2024-v5
subaru-legacy,Statens vegvesen PKK,inspection_fail_pct,43.6,percent,national average 33.7%,4026,2024,"compare only with that country's own average; rulebooks differ, no cross-country difference",motriskindex-families-2024-v5
subaru-outback,DVSA vehicle safety recalls,recall_campaigns_listed,15,campaigns,,,register as published (snapshot 2026-07-30),matched by make and model; more campaigns do not by themselves mean a less reliable car,motriskindex-families-2024-v5
subaru-outback,Traficom Katsastus,inspection_fail_pct,6.5,percent,national average 26.3%,691,2024,"compare only with that country's own average; rulebooks differ, no cross-country difference",motriskindex-families-2024-v5
subaru-outback,Statens vegvesen PKK,inspection_fail_pct,25.6,percent,national average 33.7%,2697,2024,"compare only with that country's own average; rulebooks differ, no cross-country difference",motriskindex-families-2024-v5
subaru-outback,NHTSA ODI consumer complaints,complaints_total,5568,complaints,,,US model years,"US market, SUBARU OUTBACK, model years 2015-2022 only; a count, not a failure rate",motriskindex-families-2024-v5
subaru-outback,NHTSA manufacturer communications,service_bulletins_total,1376,bulletins,,,US model years,"US market, SUBARU OUTBACK, model years 2015-2022 only; a count, not a failure rate",motriskindex-families-2024-v5
subaru-wrx,DVSA vehicle safety recalls,recall_campaigns_listed,3,campaigns,,,register as published (snapshot 2026-07-30),matched by make and model; more campaigns do not by themselves mean a less reliable car,motriskindex-families-2024-v5
subaru-wrx,NHTSA ODI consumer complaints,complaints_total,271,complaints,,,US model years,"US market, SUBARU WRX and variants, model years 2015-2022 only; a count, not a failure rate",motriskindex-families-2024-v5
subaru-wrx,NHTSA manufacturer communications,service_bulletins_total,863,bulletins,,,US model years,"US market, SUBARU WRX and variants, model years 2015-2022 only; a count, not a failure rate",motriskindex-families-2024-v5
subaru-xv,DVSA vehicle safety recalls,recall_campaigns_listed,7,campaigns,,,register as published (snapshot 2026-07-30),matched by make and model; more campaigns do not by themselves mean a less reliable car,motriskindex-families-2024-v5
subaru-xv,Traficom Katsastus,inspection_fail_pct,17.3,percent,national average 26.3%,1053,2024,"compare only with that country's own average; rulebooks differ, no cross-country difference",motriskindex-families-2024-v5
subaru-xv,RDW APK,inspection_fail_pct,41.6,percent,national average 50.8%,1742,2024,"compare only with that country's own average; rulebooks differ, no cross-country difference",motriskindex-families-2024-v5
subaru-xv,Statens vegvesen PKK,inspection_fail_pct,29.3,percent,national average 33.7%,6252,2024,"compare only with that country's own average; rulebooks differ, no cross-country difference",motriskindex-families-2024-v5
subaru-xv,NHTSA ODI consumer complaints,complaints_total,892,complaints,,,US model years,"US market, SUBARU CROSSTREK and variants, model years 2015-2022 only; a count, not a failure rate",motriskindex-families-2024-v5
subaru-xv,NHTSA manufacturer communications,service_bulletins_total,987,bulletins,,,US model years,"US market, SUBARU CROSSTREK and variants, model years 2015-2022 only; a count, not a failure rate",motriskindex-families-2024-v5
suzuki-alto,DVSA vehicle safety recalls,recall_campaigns_listed,6,campaigns,,,register as published (snapshot 2026-07-30),matched by make and model; more campaigns do not by themselves mean a less reliable car,motriskindex-families-2024-v5
suzuki-alto,Traficom Katsastus,inspection_fail_pct,17.1,percent,national average 26.3%,828,2024,"compare only with that country's own average; rulebooks differ, no cross-country difference",motriskindex-families-2024-v5
suzuki-alto,RDW APK,inspection_fail_pct,56.7,percent,national average 50.8%,49220,2024,"compare only with that country's own average; rulebooks differ, no cross-country difference",motriskindex-families-2024-v5
suzuki-baleno,DVSA vehicle safety recalls,recall_campaigns_listed,5,campaigns,,,register as published (snapshot 2026-07-30),matched by make and model; more campaigns do not by themselves mean a less reliable car,motriskindex-families-2024-v5
suzuki-baleno,RDW APK,inspection_fail_pct,53.0,percent,national average 50.8%,2611,2024,"compare only with that country's own average; rulebooks differ, no cross-country difference",motriskindex-families-2024-v5
suzuki-carry,DVSA vehicle safety recalls,recall_campaigns_listed,1,campaigns,,,register as published (snapshot 2026-07-30),matched by make and model; more campaigns do not by themselves mean a less reliable car,motriskindex-families-2024-v5
suzuki-celerio,DVSA vehicle safety recalls,recall_campaigns_listed,2,campaigns,,,register as published (snapshot 2026-07-30),matched by make and model; more campaigns do not by themselves mean a less reliable car,motriskindex-families-2024-v5
suzuki-celerio,RDW APK,inspection_fail_pct,38.6,percent,national average 50.8%,9149,2024,"compare only with that country's own average; rulebooks differ, no cross-country difference",motriskindex-families-2024-v5
suzuki-grand-vitara,DVSA vehicle safety recalls,recall_campaigns_listed,13,campaigns,,,register as published (snapshot 2026-07-30),matched by make and model; more campaigns do not by themselves mean a less reliable car,motriskindex-families-2024-v5
suzuki-grand-vitara,Traficom Katsastus,inspection_fail_pct,27.7,percent,national average 26.3%,1573,2024,"compare only with that country's own average; rulebooks differ, no cross-country difference",motriskindex-families-2024-v5
suzuki-grand-vitara,RDW APK,inspection_fail_pct,60.0,percent,national average 50.8%,5938,2024,"compare only with that country's own average; rulebooks differ, no cross-country difference",motriskindex-families-2024-v5
suzuki-grand-vitara,Statens vegvesen PKK,inspection_fail_pct,43.5,percent,national average 33.7%,4650,2024,"compare only with that country's own average; rulebooks differ, no cross-country difference",motriskindex-families-2024-v5
suzuki-ignis,DVSA vehicle safety recalls,recall_campaigns_listed,9,campaigns,,,register as published (snapshot 2026-07-30),matched by make and model; more campaigns do not by themselves mean a less reliable car,motriskindex-families-2024-v5
suzuki-ignis,RDW APK,inspection_fail_pct,45.4,percent,national average 50.8%,13745,2024,"compare only with that country's own average; rulebooks differ, no cross-country difference",motriskindex-families-2024-v5
suzuki-ignis,Statens vegvesen PKK,inspection_fail_pct,35.2,percent,national average 33.7%,2613,2024,"compare only with that country's own average; rulebooks differ, no cross-country difference",motriskindex-families-2024-v5
suzuki-jimny,DVSA vehicle safety recalls,recall_campaigns_listed,8,campaigns,,,register as published (snapshot 2026-07-30),matched by make and model; more campaigns do not by themselves mean a less reliable car,motriskindex-families-2024-v5
suzuki-jimny,Traficom Katsastus,inspection_fail_pct,21.6,percent,national average 26.3%,547,2024,"compare only with that country's own average; rulebooks differ, no cross-country difference",motriskindex-families-2024-v5
suzuki-jimny,RDW APK,inspection_fail_pct,53.5,percent,national average 50.8%,4202,2024,"compare only with that country's own average; rulebooks differ, no cross-country difference",motriskindex-families-2024-v5
suzuki-jimny,Statens vegvesen PKK,inspection_fail_pct,42.9,percent,national average 33.7%,508,2024,"compare only with that country's own average; rulebooks differ, no cross-country difference",motriskindex-families-2024-v5
suzuki-liana,DVSA vehicle safety recalls,recall_campaigns_listed,1,campaigns,,,register as published (snapshot 2026-07-30),matched by make and model; more campaigns do not by themselves mean a less reliable car,motriskindex-families-2024-v5
suzuki-liana,Traficom Katsastus,inspection_fail_pct,40.6,percent,national average 26.3%,537,2024,"compare only with that country's own average; rulebooks differ, no cross-country difference",motriskindex-families-2024-v5
suzuki-liana,RDW APK,inspection_fail_pct,69.4,percent,national average 50.8%,1574,2024,"compare only with that country's own average; rulebooks differ, no cross-country difference",motriskindex-families-2024-v5
suzuki-liana,Statens vegvesen PKK,inspection_fail_pct,43.5,percent,national average 33.7%,2138,2024,"compare only with that country's own average; rulebooks differ, no cross-country difference",motriskindex-families-2024-v5
suzuki-splash,DVSA vehicle safety recalls,recall_campaigns_listed,1,campaigns,,,register as published (snapshot 2026-07-30),matched by make and model; more campaigns do not by themselves mean a less reliable car,motriskindex-families-2024-v5
suzuki-splash,RDW APK,inspection_fail_pct,52.5,percent,national average 50.8%,14962,2024,"compare only with that country's own average; rulebooks differ, no cross-country difference",motriskindex-families-2024-v5
suzuki-swace,DVSA vehicle safety recalls,recall_campaigns_listed,4,campaigns,,,register as published (snapshot 2026-07-30),matched by make and model; more campaigns do not by themselves mean a less reliable car,motriskindex-families-2024-v5
suzuki-swift,DVSA vehicle safety recalls,recall_campaigns_listed,21,campaigns,,,register as published (snapshot 2026-07-30),matched by make and model; more campaigns do not by themselves mean a less reliable car,motriskindex-families-2024-v5
suzuki-swift,Traficom Katsastus,inspection_fail_pct,19.4,percent,national average 26.3%,2245,2024,"compare only with that country's own average; rulebooks differ, no cross-country difference",motriskindex-families-2024-v5
suzuki-swift,RDW APK,inspection_fail_pct,54.5,percent,national average 50.8%,72077,2024,"compare only with that country's own average; rulebooks differ, no cross-country difference",motriskindex-families-2024-v5
suzuki-swift,Statens vegvesen PKK,inspection_fail_pct,34.0,percent,national average 33.7%,7817,2024,"compare only with that country's own average; rulebooks differ, no cross-country difference",motriskindex-families-2024-v5
suzuki-sx4,DVSA vehicle safety recalls,recall_campaigns_listed,4,campaigns,,,register as published (snapshot 2026-07-30),matched by make and model; more campaigns do not by themselves mean a less reliable car,motriskindex-families-2024-v5
suzuki-sx4,Traficom Katsastus,inspection_fail_pct,21.0,percent,national average 26.3%,3550,2024,"compare only with that country's own average; rulebooks differ, no cross-country difference",motriskindex-families-2024-v5
suzuki-sx4,RDW APK,inspection_fail_pct,48.3,percent,national average 50.8%,20714,2024,"compare only with that country's own average; rulebooks differ, no cross-country difference",motriskindex-families-2024-v5
suzuki-sx4,Statens vegvesen PKK,inspection_fail_pct,35.9,percent,national average 33.7%,5320,2024,"compare only with that country's own average; rulebooks differ, no cross-country difference",motriskindex-families-2024-v5
suzuki-sx4-s-cross,DVSA vehicle safety recalls,recall_campaigns_listed,4,campaigns,,,register as published (snapshot 2026-07-30),matched by make and model; more campaigns do not by themselves mean a less reliable car,motriskindex-families-2024-v5
suzuki-sx4-s-cross,Statens vegvesen PKK,inspection_fail_pct,23.6,percent,national average 33.7%,3165,2024,"compare only with that country's own average; rulebooks differ, no cross-country difference",motriskindex-families-2024-v5
suzuki-vitara,DVSA vehicle safety recalls,recall_campaigns_listed,31,campaigns,,,register as published (snapshot 2026-07-30),matched by make and model; more campaigns do not by themselves mean a less reliable car,motriskindex-families-2024-v5
suzuki-vitara,Traficom Katsastus,inspection_fail_pct,3.8,percent,national average 26.3%,2419,2024,"compare only with that country's own average; rulebooks differ, no cross-country difference",motriskindex-families-2024-v5
suzuki-vitara,RDW APK,inspection_fail_pct,33.0,percent,national average 50.8%,10919,2024,"compare only with that country's own average; rulebooks differ, no cross-country difference",motriskindex-families-2024-v5
suzuki-vitara,Statens vegvesen PKK,inspection_fail_pct,16.5,percent,national average 33.7%,2926,2024,"compare only with that country's own average; rulebooks differ, no cross-country difference",motriskindex-families-2024-v5
suzuki-wagon-r,DVSA vehicle safety recalls,recall_campaigns_listed,7,campaigns,,,register as published (snapshot 2026-07-30),matched by make and model; more campaigns do not by themselves mean a less reliable car,motriskindex-families-2024-v5
suzuki-wagon-r,RDW APK,inspection_fail_pct,64.1,percent,national average 50.8%,12495,2024,"compare only with that country's own average; rulebooks differ, no cross-country difference",motriskindex-families-2024-v5
tesla-model-3,DVSA vehicle safety recalls,recall_campaigns_listed,11,campaigns,,,register as published (snapshot 2026-07-30),matched by make and model; more campaigns do not by themselves mean a less reliable car,motriskindex-families-2024-v5
tesla-model-3,Traficom Katsastus,inspection_fail_pct,48.3,percent,national average 26.3%,2154,2024,"compare only with that country's own average; rulebooks differ, no cross-country difference",motriskindex-families-2024-v5
tesla-model-3,RDW APK,inspection_fail_pct,45.6,percent,national average 50.8%,11071,2024,"compare only with that country's own average; rulebooks differ, no cross-country difference",motriskindex-families-2024-v5
tesla-model-3,Statens vegvesen PKK,inspection_fail_pct,32.1,percent,national average 33.7%,12346,2024,"compare only with that country's own average; rulebooks differ, no cross-country difference",motriskindex-families-2024-v5
tesla-model-3,NHTSA ODI consumer complaints,complaints_total,3443,complaints,,,US model years,"US market, TESLA MODEL 3, model years 2015-2022 only; a count, not a failure rate",motriskindex-families-2024-v5
tesla-model-3,NHTSA manufacturer communications,service_bulletins_total,233,bulletins,,,US model years,"US market, TESLA MODEL 3, model years 2015-2022 only; a count, not a failure rate",motriskindex-families-2024-v5
tesla-model-s,DVSA vehicle safety recalls,recall_campaigns_listed,8,campaigns,,,register as published (snapshot 2026-07-30),matched by make and model; more campaigns do not by themselves mean a less reliable car,motriskindex-families-2024-v5
tesla-model-s,Traficom Katsastus,inspection_fail_pct,33.2,percent,national average 26.3%,1583,2024,"compare only with that country's own average; rulebooks differ, no cross-country difference",motriskindex-families-2024-v5
tesla-model-s,RDW APK,inspection_fail_pct,48.4,percent,national average 50.8%,3614,2024,"compare only with that country's own average; rulebooks differ, no cross-country difference",motriskindex-families-2024-v5
tesla-model-s,Statens vegvesen PKK,inspection_fail_pct,33.5,percent,national average 33.7%,5454,2024,"compare only with that country's own average; rulebooks differ, no cross-country difference",motriskindex-families-2024-v5
tesla-model-s,NHTSA ODI consumer complaints,complaints_total,2185,complaints,,,US model years,"US market, TESLA MODEL S and variants, model years 2015-2022 only; a count, not a failure rate",motriskindex-families-2024-v5
tesla-model-s,NHTSA manufacturer communications,service_bulletins_total,191,bulletins,,,US model years,"US market, TESLA MODEL S and variants, model years 2015-2022 only; a count, not a failure rate",motriskindex-families-2024-v5
tesla-model-x,DVSA vehicle safety recalls,recall_campaigns_listed,8,campaigns,,,register as published (snapshot 2026-07-30),matched by make and model; more campaigns do not by themselves mean a less reliable car,motriskindex-families-2024-v5
tesla-model-x,RDW APK,inspection_fail_pct,46.6,percent,national average 50.8%,2321,2024,"compare only with that country's own average; rulebooks differ, no cross-country difference",motriskindex-families-2024-v5
tesla-model-x,Statens vegvesen PKK,inspection_fail_pct,31.1,percent,national average 33.7%,7570,2024,"compare only with that country's own average; rulebooks differ, no cross-country difference",motriskindex-families-2024-v5
tesla-model-x,NHTSA ODI consumer complaints,complaints_total,1162,complaints,,,US model years,"US market, TESLA MODEL X 60D and variants, model years 2016-2022 only; a count, not a failure rate",motriskindex-families-2024-v5
tesla-model-x,NHTSA manufacturer communications,service_bulletins_total,212,bulletins,,,US model years,"US market, TESLA MODEL X 60D and variants, model years 2016-2022 only; a count, not a failure rate",motriskindex-families-2024-v5
tesla-model-y,DVSA vehicle safety recalls,recall_campaigns_listed,7,campaigns,,,register as published (snapshot 2026-07-30),matched by make and model; more campaigns do not by themselves mean a less reliable car,motriskindex-families-2024-v5
tesla-model-y,Statens vegvesen PKK,inspection_fail_pct,30.4,percent,national average 33.7%,1201,2024,"compare only with that country's own average; rulebooks differ, no cross-country difference",motriskindex-families-2024-v5
tesla-model-y,NHTSA ODI consumer complaints,complaints_total,2212,complaints,,,US model years,"US market, TESLA MODEL Y and variants, model years 2020-2022 only; a count, not a failure rate",motriskindex-families-2024-v5
tesla-model-y,NHTSA manufacturer communications,service_bulletins_total,118,bulletins,,,US model years,"US market, TESLA MODEL Y and variants, model years 2020-2022 only; a count, not a failure rate",motriskindex-families-2024-v5
toyota-auris,DVSA vehicle safety recalls,recall_campaigns_listed,24,campaigns,,,register as published (snapshot 2026-07-30),matched by make and model; more campaigns do not by themselves mean a less reliable car,motriskindex-families-2024-v5
toyota-auris,Traficom Katsastus,inspection_fail_pct,10.9,percent,national average 26.3%,31068,2024,"compare only with that country's own average; rulebooks differ, no cross-country difference",motriskindex-families-2024-v5
toyota-auris,RDW APK,inspection_fail_pct,43.7,percent,national average 50.8%,53330,2024,"compare only with that country's own average; rulebooks differ, no cross-country difference",motriskindex-families-2024-v5
toyota-auris,Statens vegvesen PKK,inspection_fail_pct,30.1,percent,national average 33.7%,28947,2024,"compare only with that country's own average; rulebooks differ, no cross-country difference",motriskindex-families-2024-v5
toyota-auris,NHTSA ODI consumer complaints,complaints_total,8,complaints,,,US model years,"US market, TOYOTA COROLLA IM, model years 2017-2018 only; a count, not a failure rate",motriskindex-families-2024-v5
toyota-auris,NHTSA manufacturer communications,service_bulletins_total,72,bulletins,,,US model years,"US market, TOYOTA COROLLA IM, model years 2017-2018 only; a count, not a failure rate",motriskindex-families-2024-v5
toyota-avensis,DVSA vehicle safety recalls,recall_campaigns_listed,45,campaigns,,,register as published (snapshot 2026-07-30),matched by make and model; more campaigns do not by themselves mean a less reliable car,motriskindex-families-2024-v5
toyota-avensis,Traficom Katsastus,inspection_fail_pct,22.3,percent,national average 26.3%,50488,2024,"compare only with that country's own average; rulebooks differ, no cross-country difference",motriskindex-families-2024-v5
toyota-avensis,RDW APK,inspection_fail_pct,53.8,percent,national average 50.8%,17072,2024,"compare only with that country's own average; rulebooks differ, no cross-country difference",motriskindex-families-2024-v5
toyota-avensis,Statens vegvesen PKK,inspection_fail_pct,40.0,percent,national average 33.7%,28301,2024,"compare only with that country's own average; rulebooks differ, no cross-country difference",motriskindex-families-2024-v5
toyota-aygo,DVSA vehicle safety recalls,recall_campaigns_listed,18,campaigns,,,register as published (snapshot 2026-07-30),matched by make and model; more campaigns do not by themselves mean a less reliable car,motriskindex-families-2024-v5
toyota-aygo,Traficom Katsastus,inspection_fail_pct,30.6,percent,national average 26.3%,4087,2024,"compare only with that country's own average; rulebooks differ, no cross-country difference",motriskindex-families-2024-v5
toyota-aygo,RDW APK,inspection_fail_pct,51.4,percent,national average 50.8%,139949,2024,"compare only with that country's own average; rulebooks differ, no cross-country difference",motriskindex-families-2024-v5
toyota-aygo,Statens vegvesen PKK,inspection_fail_pct,38.7,percent,national average 33.7%,3908,2024,"compare only with that country's own average; rulebooks differ, no cross-country difference",motriskindex-families-2024-v5
toyota-c-hr,DVSA vehicle safety recalls,recall_campaigns_listed,14,campaigns,,,register as published (snapshot 2026-07-30),matched by make and model; more campaigns do not by themselves mean a less reliable car,motriskindex-families-2024-v5
toyota-c-hr,Traficom Katsastus,inspection_fail_pct,3.7,percent,national average 26.3%,5264,2024,"compare only with that country's own average; rulebooks differ, no cross-country difference",motriskindex-families-2024-v5
toyota-c-hr,RDW APK,inspection_fail_pct,26.8,percent,national average 50.8%,13500,2024,"compare only with that country's own average; rulebooks differ, no cross-country difference",motriskindex-families-2024-v5
toyota-c-hr,Statens vegvesen PKK,inspection_fail_pct,15.6,percent,national average 33.7%,6760,2024,"compare only with that country's own average; rulebooks differ, no cross-country difference",motriskindex-families-2024-v5
toyota-c-hr,NHTSA ODI consumer complaints,complaints_total,525,complaints,,,US model years,"US market, TOYOTA C-HR, model years 2018-2022 only; a count, not a failure rate",motriskindex-families-2024-v5
toyota-c-hr,NHTSA manufacturer communications,service_bulletins_total,320,bulletins,,,US model years,"US market, TOYOTA C-HR, model years 2018-2022 only; a count, not a failure rate",motriskindex-families-2024-v5
toyota-camry,DVSA vehicle safety recalls,recall_campaigns_listed,4,campaigns,,,register as published (snapshot 2026-07-30),matched by make and model; more campaigns do not by themselves mean a less reliable car,motriskindex-families-2024-v5
toyota-camry,Traficom Katsastus,inspection_fail_pct,8.4,percent,national average 26.3%,716,2024,"compare only with that country's own average; rulebooks differ, no cross-country difference",motriskindex-families-2024-v5
toyota-camry,RDW APK,inspection_fail_pct,54.2,percent,national average 50.8%,818,2024,"compare only with that country's own average; rulebooks differ, no cross-country difference",motriskindex-families-2024-v5
toyota-camry,Statens vegvesen PKK,inspection_fail_pct,34.4,percent,national average 33.7%,937,2024,"compare only with that country's own average; rulebooks differ, no cross-country difference",motriskindex-families-2024-v5
toyota-camry,NHTSA ODI consumer complaints,complaints_total,914,complaints,,,US model years,"US market, TOYOTA CAMRY and variants, model years 2019-2022 only; a count, not a failure rate",motriskindex-families-2024-v5
toyota-camry,NHTSA manufacturer communications,service_bulletins_total,403,bulletins,,,US model years,"US market, TOYOTA CAMRY and variants, model years 2019-2022 only; a count, not a failure rate",motriskindex-families-2024-v5
toyota-celica,DVSA vehicle safety recalls,recall_campaigns_listed,3,campaigns,,,register as published (snapshot 2026-07-30),matched by make and model; more campaigns do not by themselves mean a less reliable car,motriskindex-families-2024-v5
toyota-celica,RDW APK,inspection_fail_pct,60.5,percent,national average 50.8%,1454,2024,"compare only with that country's own average; rulebooks differ, no cross-country difference",motriskindex-families-2024-v5
toyota-corolla,DVSA vehicle safety recalls,recall_campaigns_listed,38,campaigns,,,register as published (snapshot 2026-07-30),matched by make and model; more campaigns do not by themselves mean a less reliable car,motriskindex-families-2024-v5
toyota-corolla,Traficom Katsastus,inspection_fail_pct,21.5,percent,national average 26.3%,43942,2024,"compare only with that country's own average; rulebooks differ, no cross-country difference",motriskindex-families-2024-v5
toyota-corolla,RDW APK,inspection_fail_pct,49.9,percent,national average 50.8%,24064,2024,"compare only with that country's own average; rulebooks differ, no cross-country difference",motriskindex-families-2024-v5
toyota-corolla,Statens vegvesen PKK,inspection_fail_pct,38.5,percent,national average 33.7%,18141,2024,"compare only with that country's own average; rulebooks differ, no cross-country difference",motriskindex-families-2024-v5
toyota-corolla,NHTSA ODI consumer complaints,complaints_total,800,complaints,,,US model years,"US market, TOYOTA COROLLA and variants, model years 2019-2022 only; a count, not a failure rate",motriskindex-families-2024-v5
toyota-corolla,NHTSA manufacturer communications,service_bulletins_total,396,bulletins,,,US model years,"US market, TOYOTA COROLLA and variants, model years 2019-2022 only; a count, not a failure rate",motriskindex-families-2024-v5
toyota-gt86,DVSA vehicle safety recalls,recall_campaigns_listed,2,campaigns,,,register as published (snapshot 2026-07-30),matched by make and model; more campaigns do not by themselves mean a less reliable car,motriskindex-families-2024-v5
toyota-hiace,Traficom Katsastus,inspection_fail_pct,35.0,percent,national average 26.3%,701,2024,"compare only with that country's own average; rulebooks differ, no cross-country difference",motriskindex-families-2024-v5
toyota-hiace,Statens vegvesen PKK,inspection_fail_pct,44.5,percent,national average 33.7%,1127,2024,"compare only with that country's own average; rulebooks differ, no cross-country difference",motriskindex-families-2024-v5
toyota-hilux,DVSA vehicle safety recalls,recall_campaigns_listed,4,campaigns,,,register as published (snapshot 2026-07-30),matched by make and model; more campaigns do not by themselves mean a less reliable car,motriskindex-families-2024-v5
toyota-iq,DVSA vehicle safety recalls,recall_campaigns_listed,9,campaigns,,,register as published (snapshot 2026-07-30),matched by make and model; more campaigns do not by themselves mean a less reliable car,motriskindex-families-2024-v5
toyota-iq,RDW APK,inspection_fail_pct,44.2,percent,national average 50.8%,3156,2024,"compare only with that country's own average; rulebooks differ, no cross-country difference",motriskindex-families-2024-v5
toyota-iq,Statens vegvesen PKK,inspection_fail_pct,35.1,percent,national average 33.7%,844,2024,"compare only with that country's own average; rulebooks differ, no cross-country difference",motriskindex-families-2024-v5
toyota-land-cruiser,DVSA vehicle safety recalls,recall_campaigns_listed,11,campaigns,,,register as published (snapshot 2026-07-30),matched by make and model; more campaigns do not by themselves mean a less reliable car,motriskindex-families-2024-v5
toyota-land-cruiser,Traficom Katsastus,inspection_fail_pct,24.3,percent,national average 26.3%,3503,2024,"compare only with that country's own average; rulebooks differ, no cross-country difference",motriskindex-families-2024-v5
toyota-land-cruiser,RDW APK,inspection_fail_pct,52.3,percent,national average 50.8%,2343,2024,"compare only with that country's own average; rulebooks differ, no cross-country difference",motriskindex-families-2024-v5
toyota-land-cruiser,Statens vegvesen PKK,inspection_fail_pct,41.9,percent,national average 33.7%,11136,2024,"compare only with that country's own average; rulebooks differ, no cross-country difference",motriskindex-families-2024-v5
toyota-mr2,DVSA vehicle safety recalls,recall_campaigns_listed,1,campaigns,,,register as published (snapshot 2026-07-30),matched by make and model; more campaigns do not by themselves mean a less reliable car,motriskindex-families-2024-v5
toyota-mr2,RDW APK,inspection_fail_pct,48.3,percent,national average 50.8%,986,2024,"compare only with that country's own average; rulebooks differ, no cross-country difference",motriskindex-families-2024-v5
toyota-previa,DVSA vehicle safety recalls,recall_campaigns_listed,4,campaigns,,,register as published (snapshot 2026-07-30),matched by make and model; more campaigns do not by themselves mean a less reliable car,motriskindex-families-2024-v5
toyota-prius,Traficom Katsastus,inspection_fail_pct,25.6,percent,national average 26.3%,3161,2024,"compare only with that country's own average; rulebooks differ, no cross-country difference",motriskindex-families-2024-v5
toyota-proace,DVSA vehicle safety recalls,recall_campaigns_listed,80,campaigns,,,register as published (snapshot 2026-07-30),matched by make and model; more campaigns do not by themselves mean a less reliable car,motriskindex-families-2024-v5
toyota-proace,RDW APK,inspection_fail_pct,41.2,percent,national average 50.8%,1062,2024,"compare only with that country's own average; rulebooks differ, no cross-country difference",motriskindex-families-2024-v5
toyota-rav4,DVSA vehicle safety recalls,recall_campaigns_listed,36,campaigns,,,register as published (snapshot 2026-07-30),matched by make and model; more campaigns do not by themselves mean a less reliable car,motriskindex-families-2024-v5
toyota-rav4,Traficom Katsastus,inspection_fail_pct,17.9,percent,national average 26.3%,15565,2024,"compare only with that country's own average; rulebooks differ, no cross-country difference",motriskindex-families-2024-v5
toyota-rav4,RDW APK,inspection_fail_pct,39.2,percent,national average 50.8%,26137,2024,"compare only with that country's own average; rulebooks differ, no cross-country difference",motriskindex-families-2024-v5
toyota-rav4,Statens vegvesen PKK,inspection_fail_pct,29.8,percent,national average 33.7%,34688,2024,"compare only with that country's own average; rulebooks differ, no cross-country difference",motriskindex-families-2024-v5
toyota-rav4,NHTSA ODI consumer complaints,complaints_total,3448,complaints,,,US model years,"US market, TOYOTA RAV4 and variants, model years 2015-2022 only; a count, not a failure rate",motriskindex-families-2024-v5
toyota-rav4,NHTSA manufacturer communications,service_bulletins_total,942,bulletins,,,US model years,"US market, TOYOTA RAV4 and variants, model years 2015-2022 only; a count, not a failure rate",motriskindex-families-2024-v5
toyota-starlet,DVSA vehicle safety recalls,recall_campaigns_listed,1,campaigns,,,register as published (snapshot 2026-07-30),matched by make and model; more campaigns do not by themselves mean a less reliable car,motriskindex-families-2024-v5
toyota-starlet,RDW APK,inspection_fail_pct,65.5,percent,national average 50.8%,9935,2024,"compare only with that country's own average; rulebooks differ, no cross-country difference",motriskindex-families-2024-v5
toyota-supra,DVSA vehicle safety recalls,recall_campaigns_listed,5,campaigns,,,register as published (snapshot 2026-07-30),matched by make and model; more campaigns do not by themselves mean a less reliable car,motriskindex-families-2024-v5
toyota-supra,NHTSA ODI consumer complaints,complaints_total,37,complaints,,,US model years,"US market, TOYOTA SUPRA, model years 2020-2022 only; a count, not a failure rate",motriskindex-families-2024-v5
toyota-supra,NHTSA manufacturer communications,service_bulletins_total,111,bulletins,,,US model years,"US market, TOYOTA SUPRA, model years 2020-2022 only; a count, not a failure rate",motriskindex-families-2024-v5
toyota-urban-cruiser,DVSA vehicle safety recalls,recall_campaigns_listed,7,campaigns,,,register as published (snapshot 2026-07-30),matched by make and model; more campaigns do not by themselves mean a less reliable car,motriskindex-families-2024-v5
toyota-urban-cruiser,Traficom Katsastus,inspection_fail_pct,21.6,percent,national average 26.3%,1384,2024,"compare only with that country's own average; rulebooks differ, no cross-country difference",motriskindex-families-2024-v5
toyota-urban-cruiser,RDW APK,inspection_fail_pct,47.5,percent,national average 50.8%,2374,2024,"compare only with that country's own average; rulebooks differ, no cross-country difference",motriskindex-families-2024-v5
toyota-urban-cruiser,Statens vegvesen PKK,inspection_fail_pct,36.4,percent,national average 33.7%,3920,2024,"compare only with that country's own average; rulebooks differ, no cross-country difference",motriskindex-families-2024-v5
toyota-verso,DVSA vehicle safety recalls,recall_campaigns_listed,34,campaigns,,,register as published (snapshot 2026-07-30),matched by make and model; more campaigns do not by themselves mean a less reliable car,motriskindex-families-2024-v5
toyota-verso,Traficom Katsastus,inspection_fail_pct,16.4,percent,national average 26.3%,5438,2024,"compare only with that country's own average; rulebooks differ, no cross-country difference",motriskindex-families-2024-v5
toyota-verso,RDW APK,inspection_fail_pct,43.8,percent,national average 50.8%,10065,2024,"compare only with that country's own average; rulebooks differ, no cross-country difference",motriskindex-families-2024-v5
toyota-verso,Statens vegvesen PKK,inspection_fail_pct,41.7,percent,national average 33.7%,1538,2024,"compare only with that country's own average; rulebooks differ, no cross-country difference",motriskindex-families-2024-v5
toyota-yaris,DVSA vehicle safety recalls,recall_campaigns_listed,99,campaigns,,,register as published (snapshot 2026-07-30),matched by make and model; more campaigns do not by themselves mean a less reliable car,motriskindex-families-2024-v5
toyota-yaris,Traficom Katsastus,inspection_fail_pct,19.9,percent,national average 26.3%,38954,2024,"compare only with that country's own average; rulebooks differ, no cross-country difference",motriskindex-families-2024-v5
toyota-yaris,RDW APK,inspection_fail_pct,47.0,percent,national average 50.8%,156040,2024,"compare only with that country's own average; rulebooks differ, no cross-country difference",motriskindex-families-2024-v5
toyota-yaris,Statens vegvesen PKK,inspection_fail_pct,33.8,percent,national average 33.7%,41226,2024,"compare only with that country's own average; rulebooks differ, no cross-country difference",motriskindex-families-2024-v5
toyota-yaris,NHTSA ODI consumer complaints,complaints_total,39,complaints,,,US model years,"US market, TOYOTA YARIS, model years 2015-2018 only; a count, not a failure rate",motriskindex-families-2024-v5
toyota-yaris,NHTSA manufacturer communications,service_bulletins_total,314,bulletins,,,US model years,"US market, TOYOTA YARIS, model years 2015-2018 only; a count, not a failure rate",motriskindex-families-2024-v5
vauxhall-adam,DVSA vehicle safety recalls,recall_campaigns_listed,11,campaigns,,,register as published (snapshot 2026-07-30),matched by make and model; more campaigns do not by themselves mean a less reliable car,motriskindex-families-2024-v5
vauxhall-adam,RDW APK,inspection_fail_pct,43.8,percent,national average 50.8%,8973,2024,"registered there as Opel; compare only with that country's own average; rulebooks differ, no cross-country difference",motriskindex-families-2024-v5
vauxhall-agila,DVSA vehicle safety recalls,recall_campaigns_listed,4,campaigns,,,register as published (snapshot 2026-07-30),matched by make and model; more campaigns do not by themselves mean a less reliable car,motriskindex-families-2024-v5
vauxhall-agila,RDW APK,inspection_fail_pct,56.2,percent,national average 50.8%,44322,2024,"registered there as Opel; compare only with that country's own average; rulebooks differ, no cross-country difference",motriskindex-families-2024-v5
vauxhall-ampera,Traficom Katsastus,inspection_fail_pct,26.2,percent,national average 26.3%,793,2024,"registered there as Opel; compare only with that country's own average; rulebooks differ, no cross-country difference",motriskindex-families-2024-v5
vauxhall-ampera,RDW APK,inspection_fail_pct,51.0,percent,national average 50.8%,1353,2024,"registered there as Opel; compare only with that country's own average; rulebooks differ, no cross-country difference",motriskindex-families-2024-v5
vauxhall-antara,DVSA vehicle safety recalls,recall_campaigns_listed,6,campaigns,,,register as published (snapshot 2026-07-30),matched by make and model; more campaigns do not by themselves mean a less reliable car,motriskindex-families-2024-v5
vauxhall-antara,RDW APK,inspection_fail_pct,69.6,percent,national average 50.8%,1524,2024,"registered there as Opel; compare only with that country's own average; rulebooks differ, no cross-country difference",motriskindex-families-2024-v5
vauxhall-astra,DVSA vehicle safety recalls,recall_campaigns_listed,37,campaigns,,,register as published (snapshot 2026-07-30),matched by make and model; more campaigns do not by themselves mean a less reliable car,motriskindex-families-2024-v5
vauxhall-astra,Traficom Katsastus,inspection_fail_pct,27.8,percent,national average 26.3%,27136,2024,"registered there as Opel; compare only with that country's own average; rulebooks differ, no cross-country difference",motriskindex-families-2024-v5
vauxhall-astra,RDW APK,inspection_fail_pct,51.7,percent,national average 50.8%,93738,2024,"compare only with that country's own average; rulebooks differ, no cross-country difference",motriskindex-families-2024-v5
vauxhall-astra,Statens vegvesen PKK,inspection_fail_pct,36.8,percent,national average 33.7%,10481,2024,"registered there as Opel; compare only with that country's own average; rulebooks differ, no cross-country difference",motriskindex-families-2024-v5
vauxhall-cascada,DVSA vehicle safety recalls,recall_campaigns_listed,2,campaigns,,,register as published (snapshot 2026-07-30),matched by make and model; more campaigns do not by themselves mean a less reliable car,motriskindex-families-2024-v5
vauxhall-cascada,RDW APK,inspection_fail_pct,33.0,percent,national average 50.8%,855,2024,"registered there as Opel; compare only with that country's own average; rulebooks differ, no cross-country difference",motriskindex-families-2024-v5
vauxhall-cavalier,DVSA vehicle safety recalls,recall_campaigns_listed,3,campaigns,,,register as published (snapshot 2026-07-30),matched by make and model; more campaigns do not by themselves mean a less reliable car,motriskindex-families-2024-v5
vauxhall-combo,DVSA vehicle safety recalls,recall_campaigns_listed,35,campaigns,,,register as published (snapshot 2026-07-30),matched by make and model; more campaigns do not by themselves mean a less reliable car,motriskindex-families-2024-v5
vauxhall-combo,RDW APK,inspection_fail_pct,65.5,percent,national average 50.8%,1211,2024,"registered there as Opel; compare only with that country's own average; rulebooks differ, no cross-country difference",motriskindex-families-2024-v5
vauxhall-corsa,DVSA vehicle safety recalls,recall_campaigns_listed,58,campaigns,,,register as published (snapshot 2026-07-30),matched by make and model; more campaigns do not by themselves mean a less reliable car,motriskindex-families-2024-v5
vauxhall-corsa,Traficom Katsastus,inspection_fail_pct,25.8,percent,national average 26.3%,8362,2024,"registered there as Opel; compare only with that country's own average; rulebooks differ, no cross-country difference",motriskindex-families-2024-v5
vauxhall-corsa,RDW APK,inspection_fail_pct,56.0,percent,national average 50.8%,140070,2024,"compare only with that country's own average; rulebooks differ, no cross-country difference",motriskindex-families-2024-v5
vauxhall-corsa,Statens vegvesen PKK,inspection_fail_pct,36.5,percent,national average 33.7%,5444,2024,"registered there as Opel; compare only with that country's own average; rulebooks differ, no cross-country difference",motriskindex-families-2024-v5
vauxhall-corsavan,DVSA vehicle safety recalls,recall_campaigns_listed,1,campaigns,,,register as published (snapshot 2026-07-30),matched by make and model; more campaigns do not by themselves mean a less reliable car,motriskindex-families-2024-v5
vauxhall-crossland,DVSA vehicle safety recalls,recall_campaigns_listed,13,campaigns,,,register as published (snapshot 2026-07-30),matched by make and model; more campaigns do not by themselves mean a less reliable car,motriskindex-families-2024-v5
vauxhall-crossland,Traficom Katsastus,inspection_fail_pct,17.9,percent,national average 26.3%,970,2024,"registered there as Opel; compare only with that country's own average; rulebooks differ, no cross-country difference",motriskindex-families-2024-v5
vauxhall-crossland,RDW APK,inspection_fail_pct,25.6,percent,national average 50.8%,10888,2024,"registered there as Opel; compare only with that country's own average; rulebooks differ, no cross-country difference",motriskindex-families-2024-v5
vauxhall-crossland,Statens vegvesen PKK,inspection_fail_pct,20.3,percent,national average 33.7%,597,2024,"registered there as Opel; compare only with that country's own average; rulebooks differ, no cross-country difference",motriskindex-families-2024-v5
vauxhall-grandland,DVSA vehicle safety recalls,recall_campaigns_listed,34,campaigns,,,register as published (snapshot 2026-07-30),matched by make and model; more campaigns do not by themselves mean a less reliable car,motriskindex-families-2024-v5
vauxhall-grandland,Traficom Katsastus,inspection_fail_pct,12.4,percent,national average 26.3%,1209,2024,"registered there as Opel; compare only with that country's own average; rulebooks differ, no cross-country difference",motriskindex-families-2024-v5
vauxhall-grandland,RDW APK,inspection_fail_pct,28.3,percent,national average 50.8%,8207,2024,"registered there as Opel; compare only with that country's own average; rulebooks differ, no cross-country difference",motriskindex-families-2024-v5
vauxhall-grandland,Statens vegvesen PKK,inspection_fail_pct,15.8,percent,national average 33.7%,977,2024,"registered there as Opel; compare only with that country's own average; rulebooks differ, no cross-country difference",motriskindex-families-2024-v5
vauxhall-insignia,DVSA vehicle safety recalls,recall_campaigns_listed,23,campaigns,,,register as published (snapshot 2026-07-30),matched by make and model; more campaigns do not by themselves mean a less reliable car,motriskindex-families-2024-v5
vauxhall-insignia,Traficom Katsastus,inspection_fail_pct,22.2,percent,national average 26.3%,7521,2024,"registered there as Opel; compare only with that country's own average; rulebooks differ, no cross-country difference",motriskindex-families-2024-v5
vauxhall-insignia,RDW APK,inspection_fail_pct,48.1,percent,national average 50.8%,14498,2024,"compare only with that country's own average; rulebooks differ, no cross-country difference",motriskindex-families-2024-v5
vauxhall-insignia,Statens vegvesen PKK,inspection_fail_pct,32.6,percent,national average 33.7%,4719,2024,"registered there as Opel; compare only with that country's own average; rulebooks differ, no cross-country difference",motriskindex-families-2024-v5
vauxhall-meriva,DVSA vehicle safety recalls,recall_campaigns_listed,10,campaigns,,,register as published (snapshot 2026-07-30),matched by make and model; more campaigns do not by themselves mean a less reliable car,motriskindex-families-2024-v5
vauxhall-meriva,Traficom Katsastus,inspection_fail_pct,36.3,percent,national average 26.3%,1724,2024,"registered there as Opel; compare only with that country's own average; rulebooks differ, no cross-country difference",motriskindex-families-2024-v5
vauxhall-meriva,RDW APK,inspection_fail_pct,52.0,percent,national average 50.8%,48493,2024,"registered there as Opel; compare only with that country's own average; rulebooks differ, no cross-country difference",motriskindex-families-2024-v5
vauxhall-meriva,Statens vegvesen PKK,inspection_fail_pct,42.2,percent,national average 33.7%,1679,2024,"registered there as Opel; compare only with that country's own average; rulebooks differ, no cross-country difference",motriskindex-families-2024-v5
vauxhall-mokka,DVSA vehicle safety recalls,recall_campaigns_listed,26,campaigns,,,register as published (snapshot 2026-07-30),matched by make and model; more campaigns do not by themselves mean a less reliable car,motriskindex-families-2024-v5
vauxhall-mokka,Traficom Katsastus,inspection_fail_pct,17.4,percent,national average 26.3%,4562,2024,"registered there as Opel; compare only with that country's own average; rulebooks differ, no cross-country difference",motriskindex-families-2024-v5
vauxhall-mokka,RDW APK,inspection_fail_pct,39.1,percent,national average 50.8%,20015,2024,"compare only with that country's own average; rulebooks differ, no cross-country difference",motriskindex-families-2024-v5
vauxhall-mokka,Statens vegvesen PKK,inspection_fail_pct,27.4,percent,national average 33.7%,3258,2024,"registered there as Opel; compare only with that country's own average; rulebooks differ, no cross-country difference",motriskindex-families-2024-v5
vauxhall-movano,DVSA vehicle safety recalls,recall_campaigns_listed,32,campaigns,,,register as published (snapshot 2026-07-30),matched by make and model; more campaigns do not by themselves mean a less reliable car,motriskindex-families-2024-v5
vauxhall-movano,RDW APK,inspection_fail_pct,66.5,percent,national average 50.8%,1139,2024,"registered there as Opel; compare only with that country's own average; rulebooks differ, no cross-country difference",motriskindex-families-2024-v5
vauxhall-omega,DVSA vehicle safety recalls,recall_campaigns_listed,2,campaigns,,,register as published (snapshot 2026-07-30),matched by make and model; more campaigns do not by themselves mean a less reliable car,motriskindex-families-2024-v5
vauxhall-signum,DVSA vehicle safety recalls,recall_campaigns_listed,4,campaigns,,,register as published (snapshot 2026-07-30),matched by make and model; more campaigns do not by themselves mean a less reliable car,motriskindex-families-2024-v5
vauxhall-tigra,DVSA vehicle safety recalls,recall_campaigns_listed,7,campaigns,,,register as published (snapshot 2026-07-30),matched by make and model; more campaigns do not by themselves mean a less reliable car,motriskindex-families-2024-v5
vauxhall-tigra,RDW APK,inspection_fail_pct,58.5,percent,national average 50.8%,2450,2024,"registered there as Opel; compare only with that country's own average; rulebooks differ, no cross-country difference",motriskindex-families-2024-v5
vauxhall-vectra,DVSA vehicle safety recalls,recall_campaigns_listed,9,campaigns,,,register as published (snapshot 2026-07-30),matched by make and model; more campaigns do not by themselves mean a less reliable car,motriskindex-families-2024-v5
vauxhall-vectra,Traficom Katsastus,inspection_fail_pct,43.7,percent,national average 26.3%,4842,2024,"registered there as Opel; compare only with that country's own average; rulebooks differ, no cross-country difference",motriskindex-families-2024-v5
vauxhall-vectra,RDW APK,inspection_fail_pct,67.0,percent,national average 50.8%,6129,2024,"registered there as Opel; compare only with that country's own average; rulebooks differ, no cross-country difference",motriskindex-families-2024-v5
vauxhall-vectra,Statens vegvesen PKK,inspection_fail_pct,48.2,percent,national average 33.7%,2616,2024,"registered there as Opel; compare only with that country's own average; rulebooks differ, no cross-country difference",motriskindex-families-2024-v5
vauxhall-viva,DVSA vehicle safety recalls,recall_campaigns_listed,1,campaigns,,,register as published (snapshot 2026-07-30),matched by make and model; more campaigns do not by themselves mean a less reliable car,motriskindex-families-2024-v5
vauxhall-viva,Traficom Katsastus,inspection_fail_pct,10.1,percent,national average 26.3%,565,2024,"registered there as Opel Karl; compare only with that country's own average; rulebooks differ, no cross-country difference",motriskindex-families-2024-v5
vauxhall-viva,RDW APK,inspection_fail_pct,42.9,percent,national average 50.8%,22995,2024,"registered there as Opel Karl; compare only with that country's own average; rulebooks differ, no cross-country difference",motriskindex-families-2024-v5
vauxhall-vivaro,DVSA vehicle safety recalls,recall_campaigns_listed,48,campaigns,,,register as published (snapshot 2026-07-30),matched by make and model; more campaigns do not by themselves mean a less reliable car,motriskindex-families-2024-v5
vauxhall-vivaro,RDW APK,inspection_fail_pct,54.6,percent,national average 50.8%,3664,2024,"compare only with that country's own average; rulebooks differ, no cross-country difference",motriskindex-families-2024-v5
vauxhall-vivaro,Statens vegvesen PKK,inspection_fail_pct,45.0,percent,national average 33.7%,1051,2024,"registered there as Opel; compare only with that country's own average; rulebooks differ, no cross-country difference",motriskindex-families-2024-v5
vauxhall-zafira,DVSA vehicle safety recalls,recall_campaigns_listed,15,campaigns,,,register as published (snapshot 2026-07-30),matched by make and model; more campaigns do not by themselves mean a less reliable car,motriskindex-families-2024-v5
vauxhall-zafira,Traficom Katsastus,inspection_fail_pct,49.6,percent,national average 26.3%,1827,2024,"registered there as Opel; compare only with that country's own average; rulebooks differ, no cross-country difference",motriskindex-families-2024-v5
vauxhall-zafira,RDW APK,inspection_fail_pct,59.6,percent,national average 50.8%,30342,2024,"compare only with that country's own average; rulebooks differ, no cross-country difference",motriskindex-families-2024-v5
vauxhall-zafira,Statens vegvesen PKK,inspection_fail_pct,43.4,percent,national average 33.7%,2284,2024,"registered there as Opel; compare only with that country's own average; rulebooks differ, no cross-country difference",motriskindex-families-2024-v5
volkswagen-amarok,DVSA vehicle safety recalls,recall_campaigns_listed,8,campaigns,,,register as published (snapshot 2026-07-30),matched by make and model; more campaigns do not by themselves mean a less reliable car,motriskindex-families-2024-v5
volkswagen-arteon,DVSA vehicle safety recalls,recall_campaigns_listed,9,campaigns,,,register as published (snapshot 2026-07-30),matched by make and model; more campaigns do not by themselves mean a less reliable car,motriskindex-families-2024-v5
volkswagen-arteon,RDW APK,inspection_fail_pct,28.8,percent,national average 50.8%,1069,2024,"compare only with that country's own average; rulebooks differ, no cross-country difference",motriskindex-families-2024-v5
volkswagen-arteon,NHTSA ODI consumer complaints,complaints_total,29,complaints,,,US model years,"US market, VOLKSWAGEN ARTEON and variants, model years 2019-2022 only; a count, not a failure rate",motriskindex-families-2024-v5
volkswagen-arteon,NHTSA manufacturer communications,service_bulletins_total,573,bulletins,,,US model years,"US market, VOLKSWAGEN ARTEON and variants, model years 2019-2022 only; a count, not a failure rate",motriskindex-families-2024-v5
volkswagen-beetle,DVSA vehicle safety recalls,recall_campaigns_listed,11,campaigns,,,register as published (snapshot 2026-07-30),matched by make and model; more campaigns do not by themselves mean a less reliable car,motriskindex-families-2024-v5
volkswagen-beetle,Traficom Katsastus,inspection_fail_pct,17.9,percent,national average 26.3%,1232,2024,"compare only with that country's own average; rulebooks differ, no cross-country difference",motriskindex-families-2024-v5
volkswagen-beetle,RDW APK,inspection_fail_pct,42.2,percent,national average 50.8%,4398,2024,"compare only with that country's own average; rulebooks differ, no cross-country difference",motriskindex-families-2024-v5
volkswagen-beetle,Statens vegvesen PKK,inspection_fail_pct,35.9,percent,national average 33.7%,1217,2024,"compare only with that country's own average; rulebooks differ, no cross-country difference",motriskindex-families-2024-v5
volkswagen-beetle,NHTSA ODI consumer complaints,complaints_total,204,complaints,,,US model years,"US market, VOLKSWAGEN BEETLE, model years 2015-2019 only; a count, not a failure rate",motriskindex-families-2024-v5
volkswagen-beetle,NHTSA manufacturer communications,service_bulletins_total,1251,bulletins,,,US model years,"US market, VOLKSWAGEN BEETLE, model years 2015-2019 only; a count, not a failure rate",motriskindex-families-2024-v5
volkswagen-bora,DVSA vehicle safety recalls,recall_campaigns_listed,6,campaigns,,,register as published (snapshot 2026-07-30),matched by make and model; more campaigns do not by themselves mean a less reliable car,motriskindex-families-2024-v5
volkswagen-bora,Traficom Katsastus,inspection_fail_pct,42.3,percent,national average 26.3%,2047,2024,"compare only with that country's own average; rulebooks differ, no cross-country difference",motriskindex-families-2024-v5
volkswagen-bora,RDW APK,inspection_fail_pct,66.6,percent,national average 50.8%,2285,2024,"compare only with that country's own average; rulebooks differ, no cross-country difference",motriskindex-families-2024-v5
volkswagen-caddy,DVSA vehicle safety recalls,recall_campaigns_listed,19,campaigns,,,register as published (snapshot 2026-07-30),matched by make and model; more campaigns do not by themselves mean a less reliable car,motriskindex-families-2024-v5
volkswagen-caddy,Traficom Katsastus,inspection_fail_pct,29.5,percent,national average 26.3%,5367,2024,"compare only with that country's own average; rulebooks differ, no cross-country difference",motriskindex-families-2024-v5
volkswagen-caddy,RDW APK,inspection_fail_pct,50.2,percent,national average 50.8%,8163,2024,"compare only with that country's own average; rulebooks differ, no cross-country difference",motriskindex-families-2024-v5
volkswagen-caddy,Statens vegvesen PKK,inspection_fail_pct,37.1,percent,national average 33.7%,2127,2024,"compare only with that country's own average; rulebooks differ, no cross-country difference",motriskindex-families-2024-v5
volkswagen-california,RDW APK,inspection_fail_pct,43.0,percent,national average 50.8%,6897,2024,"compare only with that country's own average; rulebooks differ, no cross-country difference",motriskindex-families-2024-v5
volkswagen-california,Statens vegvesen PKK,inspection_fail_pct,44.3,percent,national average 33.7%,614,2024,"compare only with that country's own average; rulebooks differ, no cross-country difference",motriskindex-families-2024-v5
volkswagen-caravelle,DVSA vehicle safety recalls,recall_campaigns_listed,6,campaigns,,,register as published (snapshot 2026-07-30),matched by make and model; more campaigns do not by themselves mean a less reliable car,motriskindex-families-2024-v5
volkswagen-caravelle,Traficom Katsastus,inspection_fail_pct,30.8,percent,national average 26.3%,1251,2024,"compare only with that country's own average; rulebooks differ, no cross-country difference",motriskindex-families-2024-v5
volkswagen-caravelle,RDW APK,inspection_fail_pct,65.9,percent,national average 50.8%,781,2024,"compare only with that country's own average; rulebooks differ, no cross-country difference",motriskindex-families-2024-v5
volkswagen-caravelle,Statens vegvesen PKK,inspection_fail_pct,42.7,percent,national average 33.7%,4051,2024,"compare only with that country's own average; rulebooks differ, no cross-country difference",motriskindex-families-2024-v5
volkswagen-cc,DVSA vehicle safety recalls,recall_campaigns_listed,2,campaigns,,,register as published (snapshot 2026-07-30),matched by make and model; more campaigns do not by themselves mean a less reliable car,motriskindex-families-2024-v5
volkswagen-cc,Traficom Katsastus,inspection_fail_pct,27.0,percent,national average 26.3%,1379,2024,"compare only with that country's own average; rulebooks differ, no cross-country difference",motriskindex-families-2024-v5
volkswagen-cc,NHTSA ODI consumer complaints,complaints_total,60,complaints,,,US model years,"US market, VOLKSWAGEN CC, model years 2015-2017 only; a count, not a failure rate",motriskindex-families-2024-v5
volkswagen-cc,NHTSA manufacturer communications,service_bulletins_total,843,bulletins,,,US model years,"US market, VOLKSWAGEN CC, model years 2015-2017 only; a count, not a failure rate",motriskindex-families-2024-v5
volkswagen-corrado,DVSA vehicle safety recalls,recall_campaigns_listed,3,campaigns,,,register as published (snapshot 2026-07-30),matched by make and model; more campaigns do not by themselves mean a less reliable car,motriskindex-families-2024-v5
volkswagen-crafter,DVSA vehicle safety recalls,recall_campaigns_listed,16,campaigns,,,register as published (snapshot 2026-07-30),matched by make and model; more campaigns do not by themselves mean a less reliable car,motriskindex-families-2024-v5
volkswagen-crafter,RDW APK,inspection_fail_pct,62.2,percent,national average 50.8%,3108,2024,"compare only with that country's own average; rulebooks differ, no cross-country difference",motriskindex-families-2024-v5
volkswagen-crafter,Statens vegvesen PKK,inspection_fail_pct,29.5,percent,national average 33.7%,643,2024,"compare only with that country's own average; rulebooks differ, no cross-country difference",motriskindex-families-2024-v5
volkswagen-e-golf,NHTSA ODI consumer complaints,complaints_total,36,complaints,,,US model years,"US market, VOLKSWAGEN E-GOLF, model years 2015-2019 only; a count, not a failure rate",motriskindex-families-2024-v5
volkswagen-e-golf,NHTSA manufacturer communications,service_bulletins_total,609,bulletins,,,US model years,"US market, VOLKSWAGEN E-GOLF, model years 2015-2019 only; a count, not a failure rate",motriskindex-families-2024-v5
volkswagen-eos,DVSA vehicle safety recalls,recall_campaigns_listed,8,campaigns,,,register as published (snapshot 2026-07-30),matched by make and model; more campaigns do not by themselves mean a less reliable car,motriskindex-families-2024-v5
volkswagen-eos,RDW APK,inspection_fail_pct,53.1,percent,national average 50.8%,3330,2024,"compare only with that country's own average; rulebooks differ, no cross-country difference",motriskindex-families-2024-v5
volkswagen-eos,NHTSA ODI consumer complaints,complaints_total,7,complaints,,,US model years,"US market, VOLKSWAGEN EOS, model years 2015-2016 only; a count, not a failure rate",motriskindex-families-2024-v5
volkswagen-eos,NHTSA manufacturer communications,service_bulletins_total,754,bulletins,,,US model years,"US market, VOLKSWAGEN EOS, model years 2015-2016 only; a count, not a failure rate",motriskindex-families-2024-v5
volkswagen-fox,DVSA vehicle safety recalls,recall_campaigns_listed,3,campaigns,,,register as published (snapshot 2026-07-30),matched by make and model; more campaigns do not by themselves mean a less reliable car,motriskindex-families-2024-v5
volkswagen-fox,RDW APK,inspection_fail_pct,63.8,percent,national average 50.8%,16444,2024,"compare only with that country's own average; rulebooks differ, no cross-country difference",motriskindex-families-2024-v5
volkswagen-golf,DVSA vehicle safety recalls,recall_campaigns_listed,49,campaigns,,,register as published (snapshot 2026-07-30),matched by make and model; more campaigns do not by themselves mean a less reliable car,motriskindex-families-2024-v5
volkswagen-golf,Traficom Katsastus,inspection_fail_pct,25.5,percent,national average 26.3%,64483,2024,"compare only with that country's own average; rulebooks differ, no cross-country difference",motriskindex-families-2024-v5
volkswagen-golf,RDW APK,inspection_fail_pct,48.1,percent,national average 50.8%,246360,2024,"compare only with that country's own average; rulebooks differ, no cross-country difference",motriskindex-families-2024-v5
volkswagen-golf,Statens vegvesen PKK,inspection_fail_pct,30.6,percent,national average 33.7%,88325,2024,"compare only with that country's own average; rulebooks differ, no cross-country difference",motriskindex-families-2024-v5
volkswagen-golf,NHTSA ODI consumer complaints,complaints_total,532,complaints,,,US model years,"US market, VOLKSWAGEN GOLF, model years 2015-2022 only; a count, not a failure rate",motriskindex-families-2024-v5
volkswagen-golf,NHTSA manufacturer communications,service_bulletins_total,1651,bulletins,,,US model years,"US market, VOLKSWAGEN GOLF, model years 2015-2022 only; a count, not a failure rate",motriskindex-families-2024-v5
volkswagen-id-3,DVSA vehicle safety recalls,recall_campaigns_listed,4,campaigns,,,register as published (snapshot 2026-07-30),matched by make and model; more campaigns do not by themselves mean a less reliable car,motriskindex-families-2024-v5
volkswagen-id-3,Traficom Katsastus,inspection_fail_pct,4.1,percent,national average 26.3%,813,2024,"compare only with that country's own average; rulebooks differ, no cross-country difference",motriskindex-families-2024-v5
volkswagen-id-3,RDW APK,inspection_fail_pct,31.6,percent,national average 50.8%,13000,2024,"compare only with that country's own average; rulebooks differ, no cross-country difference",motriskindex-families-2024-v5
volkswagen-id-3,Statens vegvesen PKK,inspection_fail_pct,11.3,percent,national average 33.7%,8640,2024,"compare only with that country's own average; rulebooks differ, no cross-country difference",motriskindex-families-2024-v5
volkswagen-id-4,DVSA vehicle safety recalls,recall_campaigns_listed,3,campaigns,,,register as published (snapshot 2026-07-30),matched by make and model; more campaigns do not by themselves mean a less reliable car,motriskindex-families-2024-v5
volkswagen-id-4,RDW APK,inspection_fail_pct,31.7,percent,national average 50.8%,2860,2024,"compare only with that country's own average; rulebooks differ, no cross-country difference",motriskindex-families-2024-v5
volkswagen-id-4,NHTSA ODI consumer complaints,complaints_total,468,complaints,,,US model years,"US market, VOLKSWAGEN ID.4, model years 2021-2022 only; a count, not a failure rate",motriskindex-families-2024-v5
volkswagen-id-4,NHTSA manufacturer communications,service_bulletins_total,425,bulletins,,,US model years,"US market, VOLKSWAGEN ID.4, model years 2021-2022 only; a count, not a failure rate",motriskindex-families-2024-v5
volkswagen-jetta,DVSA vehicle safety recalls,recall_campaigns_listed,6,campaigns,,,register as published (snapshot 2026-07-30),matched by make and model; more campaigns do not by themselves mean a less reliable car,motriskindex-families-2024-v5
volkswagen-jetta,Traficom Katsastus,inspection_fail_pct,37.0,percent,national average 26.3%,9081,2024,"compare only with that country's own average; rulebooks differ, no cross-country difference",motriskindex-families-2024-v5
volkswagen-jetta,RDW APK,inspection_fail_pct,55.3,percent,national average 50.8%,5659,2024,"compare only with that country's own average; rulebooks differ, no cross-country difference",motriskindex-families-2024-v5
volkswagen-jetta,Statens vegvesen PKK,inspection_fail_pct,44.5,percent,national average 33.7%,535,2024,"compare only with that country's own average; rulebooks differ, no cross-country difference",motriskindex-families-2024-v5
volkswagen-jetta,NHTSA ODI consumer complaints,complaints_total,551,complaints,,,US model years,"US market, VOLKSWAGEN JETTA and variants, model years 2015-2018 only; a count, not a failure rate",motriskindex-families-2024-v5
volkswagen-jetta,NHTSA manufacturer communications,service_bulletins_total,1513,bulletins,,,US model years,"US market, VOLKSWAGEN JETTA and variants, model years 2015-2018 only; a count, not a failure rate",motriskindex-families-2024-v5
volkswagen-lt,DVSA vehicle safety recalls,recall_campaigns_listed,1,campaigns,,,register as published (snapshot 2026-07-30),matched by make and model; more campaigns do not by themselves mean a less reliable car,motriskindex-families-2024-v5
volkswagen-lt,RDW APK,inspection_fail_pct,76.9,percent,national average 50.8%,671,2024,"compare only with that country's own average; rulebooks differ, no cross-country difference",motriskindex-families-2024-v5
volkswagen-lupo,DVSA vehicle safety recalls,recall_campaigns_listed,2,campaigns,,,register as published (snapshot 2026-07-30),matched by make and model; more campaigns do not by themselves mean a less reliable car,motriskindex-families-2024-v5
volkswagen-lupo,RDW APK,inspection_fail_pct,69.1,percent,national average 50.8%,5126,2024,"compare only with that country's own average; rulebooks differ, no cross-country difference",motriskindex-families-2024-v5
volkswagen-multivan,DVSA vehicle safety recalls,recall_campaigns_listed,3,campaigns,,,register as published (snapshot 2026-07-30),matched by make and model; more campaigns do not by themselves mean a less reliable car,motriskindex-families-2024-v5
volkswagen-multivan,RDW APK,inspection_fail_pct,61.3,percent,national average 50.8%,2097,2024,"compare only with that country's own average; rulebooks differ, no cross-country difference",motriskindex-families-2024-v5
volkswagen-multivan,Statens vegvesen PKK,inspection_fail_pct,42.2,percent,national average 33.7%,2028,2024,"compare only with that country's own average; rulebooks differ, no cross-country difference",motriskindex-families-2024-v5
volkswagen-passat,DVSA vehicle safety recalls,recall_campaigns_listed,45,campaigns,,,register as published (snapshot 2026-07-30),matched by make and model; more campaigns do not by themselves mean a less reliable car,motriskindex-families-2024-v5
volkswagen-passat,Traficom Katsastus,inspection_fail_pct,25.4,percent,national average 26.3%,38211,2024,"compare only with that country's own average; rulebooks differ, no cross-country difference",motriskindex-families-2024-v5
volkswagen-passat,RDW APK,inspection_fail_pct,46.0,percent,national average 50.8%,45926,2024,"compare only with that country's own average; rulebooks differ, no cross-country difference",motriskindex-families-2024-v5
volkswagen-passat,Statens vegvesen PKK,inspection_fail_pct,35.9,percent,national average 33.7%,34502,2024,"compare only with that country's own average; rulebooks differ, no cross-country difference",motriskindex-families-2024-v5
volkswagen-polo,DVSA vehicle safety recalls,recall_campaigns_listed,30,campaigns,,,register as published (snapshot 2026-07-30),matched by make and model; more campaigns do not by themselves mean a less reliable car,motriskindex-families-2024-v5
volkswagen-polo,Traficom Katsastus,inspection_fail_pct,24.0,percent,national average 26.3%,21606,2024,"compare only with that country's own average; rulebooks differ, no cross-country difference",motriskindex-families-2024-v5
volkswagen-polo,RDW APK,inspection_fail_pct,54.0,percent,national average 50.8%,216450,2024,"compare only with that country's own average; rulebooks differ, no cross-country difference",motriskindex-families-2024-v5
volkswagen-polo,Statens vegvesen PKK,inspection_fail_pct,36.2,percent,national average 33.7%,20649,2024,"compare only with that country's own average; rulebooks differ, no cross-country difference",motriskindex-families-2024-v5
volkswagen-scirocco,DVSA vehicle safety recalls,recall_campaigns_listed,5,campaigns,,,register as published (snapshot 2026-07-30),matched by make and model; more campaigns do not by themselves mean a less reliable car,motriskindex-families-2024-v5
volkswagen-scirocco,Traficom Katsastus,inspection_fail_pct,28.9,percent,national average 26.3%,693,2024,"compare only with that country's own average; rulebooks differ, no cross-country difference",motriskindex-families-2024-v5
volkswagen-scirocco,RDW APK,inspection_fail_pct,54.1,percent,national average 50.8%,5029,2024,"compare only with that country's own average; rulebooks differ, no cross-country difference",motriskindex-families-2024-v5
volkswagen-sharan,DVSA vehicle safety recalls,recall_campaigns_listed,11,campaigns,,,register as published (snapshot 2026-07-30),matched by make and model; more campaigns do not by themselves mean a less reliable car,motriskindex-families-2024-v5
volkswagen-sharan,Traficom Katsastus,inspection_fail_pct,22.5,percent,national average 26.3%,1424,2024,"compare only with that country's own average; rulebooks differ, no cross-country difference",motriskindex-families-2024-v5
volkswagen-sharan,RDW APK,inspection_fail_pct,48.8,percent,national average 50.8%,3301,2024,"compare only with that country's own average; rulebooks differ, no cross-country difference",motriskindex-families-2024-v5
volkswagen-sharan,Statens vegvesen PKK,inspection_fail_pct,38.1,percent,national average 33.7%,2425,2024,"compare only with that country's own average; rulebooks differ, no cross-country difference",motriskindex-families-2024-v5
volkswagen-t-cross,DVSA vehicle safety recalls,recall_campaigns_listed,2,campaigns,,,register as published (snapshot 2026-07-30),matched by make and model; more campaigns do not by themselves mean a less reliable car,motriskindex-families-2024-v5
volkswagen-t-cross,Traficom Katsastus,inspection_fail_pct,10.5,percent,national average 26.3%,1041,2024,"compare only with that country's own average; rulebooks differ, no cross-country difference",motriskindex-families-2024-v5
volkswagen-t-cross,RDW APK,inspection_fail_pct,21.7,percent,national average 50.8%,6001,2024,"compare only with that country's own average; rulebooks differ, no cross-country difference",motriskindex-families-2024-v5
volkswagen-t-roc,DVSA vehicle safety recalls,recall_campaigns_listed,9,campaigns,,,register as published (snapshot 2026-07-30),matched by make and model; more campaigns do not by themselves mean a less reliable car,motriskindex-families-2024-v5
volkswagen-t-roc,Traficom Katsastus,inspection_fail_pct,2.3,percent,national average 26.3%,1838,2024,"compare only with that country's own average; rulebooks differ, no cross-country difference",motriskindex-families-2024-v5
volkswagen-t-roc,RDW APK,inspection_fail_pct,23.8,percent,national average 50.8%,15269,2024,"compare only with that country's own average; rulebooks differ, no cross-country difference",motriskindex-families-2024-v5
volkswagen-t-roc,Statens vegvesen PKK,inspection_fail_pct,12.1,percent,national average 33.7%,2940,2024,"compare only with that country's own average; rulebooks differ, no cross-country difference",motriskindex-families-2024-v5
volkswagen-tiguan,DVSA vehicle safety recalls,recall_campaigns_listed,30,campaigns,,,register as published (snapshot 2026-07-30),matched by make and model; more campaigns do not by themselves mean a less reliable car,motriskindex-families-2024-v5
volkswagen-tiguan,Traficom Katsastus,inspection_fail_pct,16.3,percent,national average 26.3%,8195,2024,"compare only with that country's own average; rulebooks differ, no cross-country difference",motriskindex-families-2024-v5
volkswagen-tiguan,RDW APK,inspection_fail_pct,36.8,percent,national average 50.8%,43681,2024,"compare only with that country's own average; rulebooks differ, no cross-country difference",motriskindex-families-2024-v5
volkswagen-tiguan,Statens vegvesen PKK,inspection_fail_pct,31.1,percent,national average 33.7%,20460,2024,"compare only with that country's own average; rulebooks differ, no cross-country difference",motriskindex-families-2024-v5
volkswagen-tiguan,NHTSA ODI consumer complaints,complaints_total,1261,complaints,,,US model years,"US market, VOLKSWAGEN TIGUAN and variants, model years 2015-2022 only; a count, not a failure rate",motriskindex-families-2024-v5
volkswagen-tiguan,NHTSA manufacturer communications,service_bulletins_total,1585,bulletins,,,US model years,"US market, VOLKSWAGEN TIGUAN and variants, model years 2015-2022 only; a count, not a failure rate",motriskindex-families-2024-v5
volkswagen-touareg,DVSA vehicle safety recalls,recall_campaigns_listed,15,campaigns,,,register as published (snapshot 2026-07-30),matched by make and model; more campaigns do not by themselves mean a less reliable car,motriskindex-families-2024-v5
volkswagen-touareg,Traficom Katsastus,inspection_fail_pct,20.9,percent,national average 26.3%,1461,2024,"compare only with that country's own average; rulebooks differ, no cross-country difference",motriskindex-families-2024-v5
volkswagen-touareg,RDW APK,inspection_fail_pct,48.6,percent,national average 50.8%,2256,2024,"compare only with that country's own average; rulebooks differ, no cross-country difference",motriskindex-families-2024-v5
volkswagen-touareg,Statens vegvesen PKK,inspection_fail_pct,38.0,percent,national average 33.7%,1012,2024,"compare only with that country's own average; rulebooks differ, no cross-country difference",motriskindex-families-2024-v5
volkswagen-touareg,NHTSA ODI consumer complaints,complaints_total,92,complaints,,,US model years,"US market, VOLKSWAGEN TOUAREG, model years 2015-2017 only; a count, not a failure rate",motriskindex-families-2024-v5
volkswagen-touareg,NHTSA manufacturer communications,service_bulletins_total,828,bulletins,,,US model years,"US market, VOLKSWAGEN TOUAREG, model years 2015-2017 only; a count, not a failure rate",motriskindex-families-2024-v5
volkswagen-touran,DVSA vehicle safety recalls,recall_campaigns_listed,14,campaigns,,,register as published (snapshot 2026-07-30),matched by make and model; more campaigns do not by themselves mean a less reliable car,motriskindex-families-2024-v5
volkswagen-touran,Traficom Katsastus,inspection_fail_pct,32.5,percent,national average 26.3%,8130,2024,"compare only with that country's own average; rulebooks differ, no cross-country difference",motriskindex-families-2024-v5
volkswagen-touran,RDW APK,inspection_fail_pct,51.1,percent,national average 50.8%,26177,2024,"compare only with that country's own average; rulebooks differ, no cross-country difference",motriskindex-families-2024-v5
volkswagen-touran,Statens vegvesen PKK,inspection_fail_pct,41.0,percent,national average 33.7%,13374,2024,"compare only with that country's own average; rulebooks differ, no cross-country difference",motriskindex-families-2024-v5
volkswagen-transporter,DVSA vehicle safety recalls,recall_campaigns_listed,26,campaigns,,,register as published (snapshot 2026-07-30),matched by make and model; more campaigns do not by themselves mean a less reliable car,motriskindex-families-2024-v5
volkswagen-transporter,Traficom Katsastus,inspection_fail_pct,30.7,percent,national average 26.3%,2728,2024,"compare only with that country's own average; rulebooks differ, no cross-country difference",motriskindex-families-2024-v5
volkswagen-transporter,RDW APK,inspection_fail_pct,58.6,percent,national average 50.8%,10067,2024,"compare only with that country's own average; rulebooks differ, no cross-country difference",motriskindex-families-2024-v5
volkswagen-transporter,Statens vegvesen PKK,inspection_fail_pct,44.4,percent,national average 33.7%,3981,2024,"compare only with that country's own average; rulebooks differ, no cross-country difference",motriskindex-families-2024-v5
volkswagen-up,DVSA vehicle safety recalls,recall_campaigns_listed,8,campaigns,,,register as published (snapshot 2026-07-30),matched by make and model; more campaigns do not by themselves mean a less reliable car,motriskindex-families-2024-v5
volkswagen-up,Traficom Katsastus,inspection_fail_pct,14.2,percent,national average 26.3%,1925,2024,"compare only with that country's own average; rulebooks differ, no cross-country difference",motriskindex-families-2024-v5
volkswagen-up,RDW APK,inspection_fail_pct,39.5,percent,national average 50.8%,91448,2024,"compare only with that country's own average; rulebooks differ, no cross-country difference",motriskindex-families-2024-v5
volkswagen-up,Statens vegvesen PKK,inspection_fail_pct,30.3,percent,national average 33.7%,11768,2024,"compare only with that country's own average; rulebooks differ, no cross-country difference",motriskindex-families-2024-v5
volvo-240,RDW APK,inspection_fail_pct,64.8,percent,national average 50.8%,1250,2024,"compare only with that country's own average; rulebooks differ, no cross-country difference",motriskindex-families-2024-v5
volvo-240,Statens vegvesen PKK,inspection_fail_pct,40.6,percent,national average 33.7%,1704,2024,"compare only with that country's own average; rulebooks differ, no cross-country difference",motriskindex-families-2024-v5
volvo-800,DVSA vehicle safety recalls,recall_campaigns_listed,7,campaigns,,,register as published (snapshot 2026-07-30),matched by make and model; more campaigns do not by themselves mean a less reliable car,motriskindex-families-2024-v5
volvo-900,DVSA vehicle safety recalls,recall_campaigns_listed,4,campaigns,,,register as published (snapshot 2026-07-30),matched by make and model; more campaigns do not by themselves mean a less reliable car,motriskindex-families-2024-v5
volvo-c30,DVSA vehicle safety recalls,recall_campaigns_listed,18,campaigns,,,register as published (snapshot 2026-07-30),matched by make and model; more campaigns do not by themselves mean a less reliable car,motriskindex-families-2024-v5
volvo-c30,Traficom Katsastus,inspection_fail_pct,29.4,percent,national average 26.3%,1925,2024,"compare only with that country's own average; rulebooks differ, no cross-country difference",motriskindex-families-2024-v5
volvo-c30,RDW APK,inspection_fail_pct,55.1,percent,national average 50.8%,8228,2024,"compare only with that country's own average; rulebooks differ, no cross-country difference",motriskindex-families-2024-v5
volvo-c30,Statens vegvesen PKK,inspection_fail_pct,41.3,percent,national average 33.7%,1406,2024,"compare only with that country's own average; rulebooks differ, no cross-country difference",motriskindex-families-2024-v5
volvo-c70,DVSA vehicle safety recalls,recall_campaigns_listed,13,campaigns,,,register as published (snapshot 2026-07-30),matched by make and model; more campaigns do not by themselves mean a less reliable car,motriskindex-families-2024-v5
volvo-c70,RDW APK,inspection_fail_pct,53.8,percent,national average 50.8%,4996,2024,"compare only with that country's own average; rulebooks differ, no cross-country difference",motriskindex-families-2024-v5
volvo-s40,DVSA vehicle safety recalls,recall_campaigns_listed,32,campaigns,,,register as published (snapshot 2026-07-30),matched by make and model; more campaigns do not by themselves mean a less reliable car,motriskindex-families-2024-v5
volvo-s40,Traficom Katsastus,inspection_fail_pct,34.0,percent,national average 26.3%,7516,2024,"compare only with that country's own average; rulebooks differ, no cross-country difference",motriskindex-families-2024-v5
volvo-s40,RDW APK,inspection_fail_pct,60.2,percent,national average 50.8%,6804,2024,"compare only with that country's own average; rulebooks differ, no cross-country difference",motriskindex-families-2024-v5
volvo-s40,Statens vegvesen PKK,inspection_fail_pct,44.9,percent,national average 33.7%,1808,2024,"compare only with that country's own average; rulebooks differ, no cross-country difference",motriskindex-families-2024-v5
volvo-s60,DVSA vehicle safety recalls,recall_campaigns_listed,51,campaigns,,,register as published (snapshot 2026-07-30),matched by make and model; more campaigns do not by themselves mean a less reliable car,motriskindex-families-2024-v5
volvo-s60,Traficom Katsastus,inspection_fail_pct,23.6,percent,national average 26.3%,11372,2024,"compare only with that country's own average; rulebooks differ, no cross-country difference",motriskindex-families-2024-v5
volvo-s60,RDW APK,inspection_fail_pct,53.7,percent,national average 50.8%,11401,2024,"compare only with that country's own average; rulebooks differ, no cross-country difference",motriskindex-families-2024-v5
volvo-s60,Statens vegvesen PKK,inspection_fail_pct,36.5,percent,national average 33.7%,4186,2024,"compare only with that country's own average; rulebooks differ, no cross-country difference",motriskindex-families-2024-v5
volvo-s60,NHTSA ODI consumer complaints,complaints_total,158,complaints,,,US model years,"US market, VOLVO S60 and variants, model years 2015-2022 only; a count, not a failure rate",motriskindex-families-2024-v5
volvo-s60,NHTSA manufacturer communications,service_bulletins_total,740,bulletins,,,US model years,"US market, VOLVO S60 and variants, model years 2015-2022 only; a count, not a failure rate",motriskindex-families-2024-v5
volvo-s80,DVSA vehicle safety recalls,recall_campaigns_listed,50,campaigns,,,register as published (snapshot 2026-07-30),matched by make and model; more campaigns do not by themselves mean a less reliable car,motriskindex-families-2024-v5
volvo-s80,Traficom Katsastus,inspection_fail_pct,27.1,percent,national average 26.3%,6405,2024,"compare only with that country's own average; rulebooks differ, no cross-country difference",motriskindex-families-2024-v5
volvo-s80,RDW APK,inspection_fail_pct,54.4,percent,national average 50.8%,5179,2024,"compare only with that country's own average; rulebooks differ, no cross-country difference",motriskindex-families-2024-v5
volvo-s80,Statens vegvesen PKK,inspection_fail_pct,38.0,percent,national average 33.7%,2720,2024,"compare only with that country's own average; rulebooks differ, no cross-country difference",motriskindex-families-2024-v5
volvo-s80,NHTSA ODI consumer complaints,complaints_total,13,complaints,,,US model years,"US market, VOLVO S80, model years 2015-2016 only; a count, not a failure rate",motriskindex-families-2024-v5
volvo-s80,NHTSA manufacturer communications,service_bulletins_total,351,bulletins,,,US model years,"US market, VOLVO S80, model years 2015-2016 only; a count, not a failure rate",motriskindex-families-2024-v5
volvo-s90,DVSA vehicle safety recalls,recall_campaigns_listed,19,campaigns,,,register as published (snapshot 2026-07-30),matched by make and model; more campaigns do not by themselves mean a less reliable car,motriskindex-families-2024-v5
volvo-s90,Traficom Katsastus,inspection_fail_pct,11.3,percent,national average 26.3%,1749,2024,"compare only with that country's own average; rulebooks differ, no cross-country difference",motriskindex-families-2024-v5
volvo-s90,RDW APK,inspection_fail_pct,36.0,percent,national average 50.8%,1093,2024,"compare only with that country's own average; rulebooks differ, no cross-country difference",motriskindex-families-2024-v5
volvo-s90,Statens vegvesen PKK,inspection_fail_pct,16.1,percent,national average 33.7%,584,2024,"compare only with that country's own average; rulebooks differ, no cross-country difference",motriskindex-families-2024-v5
volvo-s90,NHTSA ODI consumer complaints,complaints_total,23,complaints,,,US model years,"US market, VOLVO S90 T5 and variants, model years 2017-2022 only; a count, not a failure rate",motriskindex-families-2024-v5
volvo-s90,NHTSA manufacturer communications,service_bulletins_total,857,bulletins,,,US model years,"US market, VOLVO S90 T5 and variants, model years 2017-2022 only; a count, not a failure rate",motriskindex-families-2024-v5
volvo-v40,DVSA vehicle safety recalls,recall_campaigns_listed,23,campaigns,,,register as published (snapshot 2026-07-30),matched by make and model; more campaigns do not by themselves mean a less reliable car,motriskindex-families-2024-v5
volvo-v40,Traficom Katsastus,inspection_fail_pct,16.8,percent,national average 26.3%,10889,2024,"compare only with that country's own average; rulebooks differ, no cross-country difference",motriskindex-families-2024-v5
volvo-v40,RDW APK,inspection_fail_pct,46.3,percent,national average 50.8%,36137,2024,"compare only with that country's own average; rulebooks differ, no cross-country difference",motriskindex-families-2024-v5
volvo-v40,Statens vegvesen PKK,inspection_fail_pct,28.2,percent,national average 33.7%,10071,2024,"compare only with that country's own average; rulebooks differ, no cross-country difference",motriskindex-families-2024-v5
volvo-v50,DVSA vehicle safety recalls,recall_campaigns_listed,24,campaigns,,,register as published (snapshot 2026-07-30),matched by make and model; more campaigns do not by themselves mean a less reliable car,motriskindex-families-2024-v5
volvo-v50,Traficom Katsastus,inspection_fail_pct,36.9,percent,national average 26.3%,14904,2024,"compare only with that country's own average; rulebooks differ, no cross-country difference",motriskindex-families-2024-v5
volvo-v50,RDW APK,inspection_fail_pct,60.9,percent,national average 50.8%,19019,2024,"compare only with that country's own average; rulebooks differ, no cross-country difference",motriskindex-families-2024-v5
volvo-v50,Statens vegvesen PKK,inspection_fail_pct,43.8,percent,national average 33.7%,11517,2024,"compare only with that country's own average; rulebooks differ, no cross-country difference",motriskindex-families-2024-v5
volvo-v60,DVSA vehicle safety recalls,recall_campaigns_listed,47,campaigns,,,register as published (snapshot 2026-07-30),matched by make and model; more campaigns do not by themselves mean a less reliable car,motriskindex-families-2024-v5
volvo-v60,Traficom Katsastus,inspection_fail_pct,14.2,percent,national average 26.3%,17186,2024,"compare only with that country's own average; rulebooks differ, no cross-country difference",motriskindex-families-2024-v5
volvo-v60,RDW APK,inspection_fail_pct,39.1,percent,national average 50.8%,32765,2024,"compare only with that country's own average; rulebooks differ, no cross-country difference",motriskindex-families-2024-v5
volvo-v60,Statens vegvesen PKK,inspection_fail_pct,24.3,percent,national average 33.7%,13934,2024,"compare only with that country's own average; rulebooks differ, no cross-country difference",motriskindex-families-2024-v5
volvo-v60,NHTSA ODI consumer complaints,complaints_total,103,complaints,,,US model years,"US market, VOLVO V60 and variants, model years 2015-2022 only; a count, not a failure rate",motriskindex-families-2024-v5
volvo-v60,NHTSA manufacturer communications,service_bulletins_total,738,bulletins,,,US model years,"US market, VOLVO V60 and variants, model years 2015-2022 only; a count, not a failure rate",motriskindex-families-2024-v5
volvo-v70,DVSA vehicle safety recalls,recall_campaigns_listed,60,campaigns,,,register as published (snapshot 2026-07-30),matched by make and model; more campaigns do not by themselves mean a less reliable car,motriskindex-families-2024-v5
volvo-v70,Traficom Katsastus,inspection_fail_pct,30.2,percent,national average 26.3%,34512,2024,"compare only with that country's own average; rulebooks differ, no cross-country difference",motriskindex-families-2024-v5
volvo-v70,RDW APK,inspection_fail_pct,60.1,percent,national average 50.8%,47374,2024,"compare only with that country's own average; rulebooks differ, no cross-country difference",motriskindex-families-2024-v5
volvo-v70,Statens vegvesen PKK,inspection_fail_pct,38.7,percent,national average 33.7%,24305,2024,"compare only with that country's own average; rulebooks differ, no cross-country difference",motriskindex-families-2024-v5
volvo-v90,DVSA vehicle safety recalls,recall_campaigns_listed,19,campaigns,,,register as published (snapshot 2026-07-30),matched by make and model; more campaigns do not by themselves mean a less reliable car,motriskindex-families-2024-v5
volvo-v90,Traficom Katsastus,inspection_fail_pct,11.7,percent,national average 26.3%,5251,2024,"compare only with that country's own average; rulebooks differ, no cross-country difference",motriskindex-families-2024-v5
volvo-v90,RDW APK,inspection_fail_pct,34.5,percent,national average 50.8%,3898,2024,"compare only with that country's own average; rulebooks differ, no cross-country difference",motriskindex-families-2024-v5
volvo-v90,Statens vegvesen PKK,inspection_fail_pct,20.2,percent,national average 33.7%,4239,2024,"compare only with that country's own average; rulebooks differ, no cross-country difference",motriskindex-families-2024-v5
volvo-v90,NHTSA ODI consumer complaints,complaints_total,11,complaints,,,US model years,"US market, VOLVO V90 CC and variants, model years 2017-2022 only; a count, not a failure rate",motriskindex-families-2024-v5
volvo-v90,NHTSA manufacturer communications,service_bulletins_total,794,bulletins,,,US model years,"US market, VOLVO V90 CC and variants, model years 2017-2022 only; a count, not a failure rate",motriskindex-families-2024-v5
volvo-xc40,DVSA vehicle safety recalls,recall_campaigns_listed,15,campaigns,,,register as published (snapshot 2026-07-30),matched by make and model; more campaigns do not by themselves mean a less reliable car,motriskindex-families-2024-v5
volvo-xc40,Traficom Katsastus,inspection_fail_pct,2.8,percent,national average 26.3%,3009,2024,"compare only with that country's own average; rulebooks differ, no cross-country difference",motriskindex-families-2024-v5
volvo-xc40,RDW APK,inspection_fail_pct,21.7,percent,national average 50.8%,17201,2024,"compare only with that country's own average; rulebooks differ, no cross-country difference",motriskindex-families-2024-v5
volvo-xc40,Statens vegvesen PKK,inspection_fail_pct,9.5,percent,national average 33.7%,4884,2024,"compare only with that country's own average; rulebooks differ, no cross-country difference",motriskindex-families-2024-v5
volvo-xc40,NHTSA ODI consumer complaints,complaints_total,119,complaints,,,US model years,"US market, VOLVO XC40 T4 and variants, model years 2019-2022 only; a count, not a failure rate",motriskindex-families-2024-v5
volvo-xc40,NHTSA manufacturer communications,service_bulletins_total,534,bulletins,,,US model years,"US market, VOLVO XC40 T4 and variants, model years 2019-2022 only; a count, not a failure rate",motriskindex-families-2024-v5
volvo-xc60,DVSA vehicle safety recalls,recall_campaigns_listed,55,campaigns,,,register as published (snapshot 2026-07-30),matched by make and model; more campaigns do not by themselves mean a less reliable car,motriskindex-families-2024-v5
volvo-xc60,Traficom Katsastus,inspection_fail_pct,14.4,percent,national average 26.3%,20250,2024,"compare only with that country's own average; rulebooks differ, no cross-country difference",motriskindex-families-2024-v5
volvo-xc60,RDW APK,inspection_fail_pct,35.8,percent,national average 50.8%,27639,2024,"compare only with that country's own average; rulebooks differ, no cross-country difference",motriskindex-families-2024-v5
volvo-xc60,Statens vegvesen PKK,inspection_fail_pct,22.8,percent,national average 33.7%,21697,2024,"compare only with that country's own average; rulebooks differ, no cross-country difference",motriskindex-families-2024-v5
volvo-xc60,NHTSA ODI consumer complaints,complaints_total,299,complaints,,,US model years,"US market, VOLVO XC60 and variants, model years 2015-2022 only; a count, not a failure rate",motriskindex-families-2024-v5
volvo-xc60,NHTSA manufacturer communications,service_bulletins_total,1008,bulletins,,,US model years,"US market, VOLVO XC60 and variants, model years 2015-2022 only; a count, not a failure rate",motriskindex-families-2024-v5
volvo-xc70,DVSA vehicle safety recalls,recall_campaigns_listed,39,campaigns,,,register as published (snapshot 2026-07-30),matched by make and model; more campaigns do not by themselves mean a less reliable car,motriskindex-families-2024-v5
volvo-xc70,Traficom Katsastus,inspection_fail_pct,23.6,percent,national average 26.3%,7132,2024,"compare only with that country's own average; rulebooks differ, no cross-country difference",motriskindex-families-2024-v5
volvo-xc70,RDW APK,inspection_fail_pct,52.0,percent,national average 50.8%,9115,2024,"compare only with that country's own average; rulebooks differ, no cross-country difference",motriskindex-families-2024-v5
volvo-xc70,Statens vegvesen PKK,inspection_fail_pct,32.8,percent,national average 33.7%,14992,2024,"compare only with that country's own average; rulebooks differ, no cross-country difference",motriskindex-families-2024-v5
volvo-xc70,NHTSA ODI consumer complaints,complaints_total,13,complaints,,,US model years,"US market, VOLVO XC70, model years 2015-2016 only; a count, not a failure rate",motriskindex-families-2024-v5
volvo-xc70,NHTSA manufacturer communications,service_bulletins_total,361,bulletins,,,US model years,"US market, VOLVO XC70, model years 2015-2016 only; a count, not a failure rate",motriskindex-families-2024-v5
volvo-xc90,DVSA vehicle safety recalls,recall_campaigns_listed,45,campaigns,,,register as published (snapshot 2026-07-30),matched by make and model; more campaigns do not by themselves mean a less reliable car,motriskindex-families-2024-v5
volvo-xc90,Traficom Katsastus,inspection_fail_pct,37.4,percent,national average 26.3%,6366,2024,"compare only with that country's own average; rulebooks differ, no cross-country difference",motriskindex-families-2024-v5
volvo-xc90,RDW APK,inspection_fail_pct,55.6,percent,national average 50.8%,18037,2024,"compare only with that country's own average; rulebooks differ, no cross-country difference",motriskindex-families-2024-v5
volvo-xc90,Statens vegvesen PKK,inspection_fail_pct,32.4,percent,national average 33.7%,11976,2024,"compare only with that country's own average; rulebooks differ, no cross-country difference",motriskindex-families-2024-v5
volvo-xc90,NHTSA ODI consumer complaints,complaints_total,444,complaints,,,US model years,"US market, VOLVO XC90 T5 and variants, model years 2016-2022 only; a count, not a failure rate",motriskindex-families-2024-v5
volvo-xc90,NHTSA manufacturer communications,service_bulletins_total,1111,bulletins,,,US model years,"US market, VOLVO XC90 T5 and variants, model years 2016-2022 only; a count, not a failure rate",motriskindex-families-2024-v5
