claim_id,family,n,initial_failures_n,initial_fail_pct,strict_failures_n,strict_fail_pct,prs_n,prs_pct,age_adjusted_mot_initial_failure_ratio,ratio_ci95_low,ratio_ci95_high,confidence,source_data_release_id,dataset_release_id
family-stats:abarth-124:dvsa-2024-v2,abarth-124,1830,188,10.2732,144,7.8689,44,2.4044,55.7912,48.6831,63.8033,low_sample,dvsa-2024-v2,motriskindex-families-2024-v5
family-stats:abarth-500:dvsa-2024-v2,abarth-500,5446,1817,33.3639,1506,27.6533,311,5.7106,94.4615,90.9502,98.0392,ok,dvsa-2024-v2,motriskindex-families-2024-v5
family-stats:abarth-595:dvsa-2024-v2,abarth-595,20681,4142,20.0280,3451,16.6868,691,3.3412,104.8179,101.9925,107.7016,ok,dvsa-2024-v2,motriskindex-families-2024-v5
family-stats:alfa-romeo-147:dvsa-2024-v2,alfa-romeo-147,1834,814,44.3839,690,37.6227,124,6.7612,104.7067,99.3755,110.0932,low_sample,dvsa-2024-v2,motriskindex-families-2024-v5
family-stats:alfa-romeo-156:dvsa-2024-v2,alfa-romeo-156,1206,483,40.0498,401,33.2504,82,6.7993,97.9569,91.2803,104.7880,low_sample,dvsa-2024-v2,motriskindex-families-2024-v5
family-stats:alfa-romeo-159:dvsa-2024-v2,alfa-romeo-159,3404,1504,44.1833,1333,39.1598,171,5.0235,106.7513,102.7387,110.7957,low_sample,dvsa-2024-v2,motriskindex-families-2024-v5
family-stats:alfa-romeo-brera:dvsa-2024-v2,alfa-romeo-brera,1746,622,35.6243,532,30.4696,90,5.1546,83.6604,78.4646,89.0045,low_sample,dvsa-2024-v2,motriskindex-families-2024-v5
family-stats:alfa-romeo-giulia:dvsa-2024-v2,alfa-romeo-giulia,6777,994,14.6673,857,12.6457,137,2.0215,86.5032,81.6536,91.5890,ok,dvsa-2024-v2,motriskindex-families-2024-v5
family-stats:alfa-romeo-giulietta:dvsa-2024-v2,alfa-romeo-giulietta,25728,8202,31.8797,7045,27.3826,1157,4.4970,104.0335,102.1841,105.9004,ok,dvsa-2024-v2,motriskindex-families-2024-v5
family-stats:alfa-romeo-gt:dvsa-2024-v2,alfa-romeo-gt,2798,1133,40.4932,1011,36.1330,122,4.3603,99.1754,94.7554,103.6591,low_sample,dvsa-2024-v2,motriskindex-families-2024-v5
family-stats:alfa-romeo-mito:dvsa-2024-v2,alfa-romeo-mito,19157,7290,38.0540,6252,32.6356,1038,5.4184,110.4394,108.4512,112.4415,ok,dvsa-2024-v2,motriskindex-families-2024-v5
family-stats:alfa-romeo-spider:dvsa-2024-v2,alfa-romeo-spider,3251,983,30.2369,863,26.5457,120,3.6912,75.3982,71.5213,79.3913,low_sample,dvsa-2024-v2,motriskindex-families-2024-v5
family-stats:alfa-romeo-stelvio:dvsa-2024-v2,alfa-romeo-stelvio,3854,431,11.1832,372,9.6523,59,1.5309,73.7474,67.4390,80.5656,low_sample,dvsa-2024-v2,motriskindex-families-2024-v5
family-stats:aston-martin-db11:dvsa-2024-v2,aston-martin-db11,2476,120,4.8465,104,4.2003,16,0.6462,28.2670,23.7284,33.6215,low_sample,dvsa-2024-v2,motriskindex-families-2024-v5
family-stats:aston-martin-db7:dvsa-2024-v2,aston-martin-db7,1908,273,14.3082,238,12.4738,35,1.8344,37.0997,33.2116,41.3598,low_sample,dvsa-2024-v2,motriskindex-families-2024-v5
family-stats:aston-martin-db9:dvsa-2024-v2,aston-martin-db9,4284,419,9.7806,353,8.2400,66,1.5406,24.4252,22.2929,26.7374,low_sample,dvsa-2024-v2,motriskindex-families-2024-v5
family-stats:aston-martin-dbs:dvsa-2024-v2,aston-martin-dbs,1506,86,5.7105,69,4.5817,17,1.1288,20.6363,16.7942,25.2929,low_sample,dvsa-2024-v2,motriskindex-families-2024-v5
family-stats:aston-martin-v8:dvsa-2024-v2,aston-martin-v8,3545,312,8.8011,267,7.5317,45,1.2694,21.2080,19.0667,23.5641,low_sample,dvsa-2024-v2,motriskindex-families-2024-v5
family-stats:aston-martin-vanquish:dvsa-2024-v2,aston-martin-vanquish,1628,111,6.8182,98,6.0197,13,0.7985,22.5860,18.8575,26.9879,low_sample,dvsa-2024-v2,motriskindex-families-2024-v5
family-stats:aston-martin-vantage:dvsa-2024-v2,aston-martin-vantage,4890,328,6.7076,263,5.3783,65,1.3292,25.3281,22.8068,28.1061,low_sample,dvsa-2024-v2,motriskindex-families-2024-v5
family-stats:audi-a1:dvsa-2024-v2,audi-a1,222692,50981,22.8931,43834,19.6837,7147,3.2094,93.1480,92.4399,93.8599,ok,dvsa-2024-v2,motriskindex-families-2024-v5
family-stats:audi-a2:dvsa-2024-v2,audi-a2,6353,2770,43.6014,2364,37.2108,406,6.3907,105.3885,102.4513,108.3444,ok,dvsa-2024-v2,motriskindex-families-2024-v5
family-stats:audi-a3:dvsa-2024-v2,audi-a3,389739,101280,25.9866,83518,21.4292,17762,4.5574,84.7529,84.3047,85.2028,ok,dvsa-2024-v2,motriskindex-families-2024-v5
family-stats:audi-a4:dvsa-2024-v2,audi-a4,244118,68209,27.9410,56658,23.2093,11551,4.7317,87.4144,86.8586,87.9723,ok,dvsa-2024-v2,motriskindex-families-2024-v5
family-stats:audi-a5:dvsa-2024-v2,audi-a5,125932,27482,21.8229,23461,18.6299,4021,3.1930,79.0587,78.2354,79.8883,ok,dvsa-2024-v2,motriskindex-families-2024-v5
family-stats:audi-a6:dvsa-2024-v2,audi-a6,126603,26464,20.9031,21625,17.0810,4839,3.8222,71.8746,71.1075,72.6478,ok,dvsa-2024-v2,motriskindex-families-2024-v5
family-stats:audi-a7:dvsa-2024-v2,audi-a7,17065,2682,15.7164,2331,13.6595,351,2.0568,61.5284,59.4208,63.6964,ok,dvsa-2024-v2,motriskindex-families-2024-v5
family-stats:audi-a8:dvsa-2024-v2,audi-a8,11625,1582,13.6086,1231,10.5892,351,3.0194,45.4522,43.4104,47.5742,ok,dvsa-2024-v2,motriskindex-families-2024-v5
family-stats:audi-e-tron:dvsa-2024-v2,audi-e-tron,13450,1368,10.1710,1212,9.0112,156,1.1599,79.1575,75.2699,83.2221,ok,dvsa-2024-v2,motriskindex-families-2024-v5
family-stats:audi-q2:dvsa-2024-v2,audi-q2,73559,7119,9.6779,5766,7.8386,1353,1.8393,62.3822,61.0185,63.7730,ok,dvsa-2024-v2,motriskindex-families-2024-v5
family-stats:audi-q3:dvsa-2024-v2,audi-q3,130906,21685,16.5653,18899,14.4371,2786,2.1282,75.0341,74.1263,75.9507,ok,dvsa-2024-v2,motriskindex-families-2024-v5
family-stats:audi-q4:dvsa-2024-v2,audi-q4,3938,509,12.9253,451,11.4525,58,1.4728,106.5204,98.1819,115.4543,low_sample,dvsa-2024-v2,motriskindex-families-2024-v5
family-stats:audi-q5:dvsa-2024-v2,audi-q5,110716,17953,16.2154,15332,13.8480,2621,2.3673,69.8865,68.9558,70.8273,ok,dvsa-2024-v2,motriskindex-families-2024-v5
family-stats:audi-q7:dvsa-2024-v2,audi-q7,48856,8853,18.1206,7438,15.2243,1415,2.8963,69.8496,68.5426,71.1759,ok,dvsa-2024-v2,motriskindex-families-2024-v5
family-stats:audi-q8:dvsa-2024-v2,audi-q8,4285,383,8.9382,327,7.6313,56,1.3069,62.4006,56.6909,68.6239,low_sample,dvsa-2024-v2,motriskindex-families-2024-v5
family-stats:audi-r8:dvsa-2024-v2,audi-r8,3866,376,9.7258,330,8.5360,46,1.1899,30.7794,27.9487,33.8632,low_sample,dvsa-2024-v2,motriskindex-families-2024-v5
family-stats:audi-rs4:dvsa-2024-v2,audi-rs4,1381,216,15.6408,191,13.8306,25,1.8103,39.6584,35.0431,44.7571,low_sample,dvsa-2024-v2,motriskindex-families-2024-v5
family-stats:audi-s3:dvsa-2024-v2,audi-s3,5719,951,16.6288,798,13.9535,153,2.6753,62.0795,58.5607,65.7655,ok,dvsa-2024-v2,motriskindex-families-2024-v5
family-stats:audi-s4:dvsa-2024-v2,audi-s4,2436,370,15.1888,318,13.0542,52,2.1346,54.2104,49.3192,59.4928,low_sample,dvsa-2024-v2,motriskindex-families-2024-v5
family-stats:audi-s5:dvsa-2024-v2,audi-s5,1944,370,19.0329,321,16.5123,49,2.5206,59.6379,54.3633,65.2953,low_sample,dvsa-2024-v2,motriskindex-families-2024-v5
family-stats:audi-sq5:dvsa-2024-v2,audi-sq5,1650,152,9.2121,134,8.1212,18,1.0909,50.0308,42.9581,58.1325,low_sample,dvsa-2024-v2,motriskindex-families-2024-v5
family-stats:audi-sq7:dvsa-2024-v2,audi-sq7,1096,124,11.3139,113,10.3102,11,1.0036,86.7150,73.3648,102.1365,low_sample,dvsa-2024-v2,motriskindex-families-2024-v5
family-stats:audi-tt:dvsa-2024-v2,audi-tt,113561,27460,24.1808,23378,20.5863,4082,3.5945,73.4273,72.6737,74.1862,ok,dvsa-2024-v2,motriskindex-families-2024-v5
family-stats:austin-mini:dvsa-2024-v2,austin-mini,3031,841,27.7466,738,24.3484,103,3.3982,79.5412,75.0545,84.1894,low_sample,dvsa-2024-v2,motriskindex-families-2024-v5
family-stats:bentley-arnage:dvsa-2024-v2,bentley-arnage,1448,208,14.3646,165,11.3950,43,2.9696,35.4300,31.2066,40.1185,low_sample,dvsa-2024-v2,motriskindex-families-2024-v5
family-stats:bentley-bentayga:dvsa-2024-v2,bentley-bentayga,2747,118,4.2956,104,3.7859,14,0.5096,25.3219,21.2157,30.1805,low_sample,dvsa-2024-v2,motriskindex-families-2024-v5
family-stats:bentley-continental:dvsa-2024-v2,bentley-continental,14552,1296,8.9060,1093,7.5110,203,1.3950,27.0294,25.6576,28.4671,ok,dvsa-2024-v2,motriskindex-families-2024-v5
family-stats:bmw-3-series:dvsa-2024-v2,bmw-3-series,498596,123942,24.8582,101228,20.3026,22714,4.5556,80.7442,80.3552,81.1345,ok,dvsa-2024-v2,motriskindex-families-2024-v5
family-stats:bmw-i3:dvsa-2024-v2,bmw-i3,23610,3051,12.9225,2419,10.2457,632,2.6768,72.5439,70.1756,74.9799,ok,dvsa-2024-v2,motriskindex-families-2024-v5
family-stats:bmw-i8:dvsa-2024-v2,bmw-i8,2175,240,11.0345,203,9.3333,37,1.7011,49.4651,43.8674,55.6788,low_sample,dvsa-2024-v2,motriskindex-families-2024-v5
family-stats:bmw-ix3:dvsa-2024-v2,bmw-ix3,3077,393,12.7722,350,11.3747,43,1.3975,105.5541,96.1895,115.6861,low_sample,dvsa-2024-v2,motriskindex-families-2024-v5
family-stats:bmw-m2:dvsa-2024-v2,bmw-m2,3719,431,11.5891,396,10.6480,35,0.9411,60.8510,55.6561,66.4621,low_sample,dvsa-2024-v2,motriskindex-families-2024-v5
family-stats:bmw-m3:dvsa-2024-v2,bmw-m3,15820,2205,13.9381,1789,11.3085,416,2.6296,39.7896,38.2739,41.3553,ok,dvsa-2024-v2,motriskindex-families-2024-v5
family-stats:bmw-m4:dvsa-2024-v2,bmw-m4,12459,1580,12.6816,1417,11.3733,163,1.3083,63.8723,60.9871,66.8734,ok,dvsa-2024-v2,motriskindex-families-2024-v5
family-stats:bmw-m5:dvsa-2024-v2,bmw-m5,3898,495,12.6988,420,10.7748,75,1.9241,36.7012,33.7861,39.8287,low_sample,dvsa-2024-v2,motriskindex-families-2024-v5
family-stats:bmw-m6:dvsa-2024-v2,bmw-m6,1281,165,12.8806,145,11.3193,20,1.5613,42.2129,36.5627,48.5907,low_sample,dvsa-2024-v2,motriskindex-families-2024-v5
family-stats:bmw-x1:dvsa-2024-v2,bmw-x1,107276,18501,17.2462,15297,14.2595,3204,2.9867,75.0813,74.1023,76.0707,ok,dvsa-2024-v2,motriskindex-families-2024-v5
family-stats:bmw-x2:dvsa-2024-v2,bmw-x2,19091,2817,14.7556,2272,11.9009,545,2.8547,99.6578,96.3079,103.1036,ok,dvsa-2024-v2,motriskindex-families-2024-v5
family-stats:bmw-x3:dvsa-2024-v2,bmw-x3,104772,21057,20.0979,17156,16.3746,3901,3.7233,81.6952,80.7133,82.6860,ok,dvsa-2024-v2,motriskindex-families-2024-v5
family-stats:bmw-x4:dvsa-2024-v2,bmw-x4,17419,2607,14.9664,2201,12.6356,406,2.3308,79.7232,76.9423,82.5864,ok,dvsa-2024-v2,motriskindex-families-2024-v5
family-stats:bmw-x5:dvsa-2024-v2,bmw-x5,91002,18942,20.8149,16152,17.7491,2790,3.0659,73.5178,72.5905,74.4538,ok,dvsa-2024-v2,motriskindex-families-2024-v5
family-stats:bmw-x6:dvsa-2024-v2,bmw-x6,15622,2719,17.4049,2342,14.9917,377,2.4133,67.2538,64.9874,69.5821,ok,dvsa-2024-v2,motriskindex-families-2024-v5
family-stats:bmw-x7:dvsa-2024-v2,bmw-x7,1914,290,15.1515,259,13.5319,31,1.6196,113.8714,102.3243,126.4677,low_sample,dvsa-2024-v2,motriskindex-families-2024-v5
family-stats:bmw-z3:dvsa-2024-v2,bmw-z3,11668,3648,31.2650,3048,26.1227,600,5.1423,83.5726,81.3410,85.8372,ok,dvsa-2024-v2,motriskindex-families-2024-v5
family-stats:bmw-z4:dvsa-2024-v2,bmw-z4,35286,8059,22.8391,6883,19.5063,1176,3.3328,64.7311,63.4981,65.9809,ok,dvsa-2024-v2,motriskindex-families-2024-v5
family-stats:caterham-seven:dvsa-2024-v2,caterham-seven,1387,194,13.9870,139,10.0216,55,3.9654,35.7489,31.3371,40.6691,low_sample,dvsa-2024-v2,motriskindex-families-2024-v5
family-stats:chevrolet-aveo:dvsa-2024-v2,chevrolet-aveo,8732,4466,51.1452,3748,42.9226,718,8.2226,131.9565,129.2507,134.6597,ok,dvsa-2024-v2,motriskindex-families-2024-v5
family-stats:chevrolet-captiva:dvsa-2024-v2,chevrolet-captiva,5970,2911,48.7605,2451,41.0553,460,7.7052,127.4447,124.1338,130.7598,ok,dvsa-2024-v2,motriskindex-families-2024-v5
family-stats:chevrolet-cruze:dvsa-2024-v2,chevrolet-cruze,5067,2003,39.5303,1545,30.4914,458,9.0389,110.3992,106.6630,114.1797,ok,dvsa-2024-v2,motriskindex-families-2024-v5
family-stats:chevrolet-kalos:dvsa-2024-v2,chevrolet-kalos,2430,1287,52.9630,1093,44.9794,194,7.9835,122.2890,117.6996,126.8568,low_sample,dvsa-2024-v2,motriskindex-families-2024-v5
family-stats:chevrolet-lacetti:dvsa-2024-v2,chevrolet-lacetti,2064,1051,50.9205,889,43.0717,162,7.8488,120.4122,115.3128,125.5035,low_sample,dvsa-2024-v2,motriskindex-families-2024-v5
family-stats:chevrolet-matiz:dvsa-2024-v2,chevrolet-matiz,10142,5058,49.8718,4244,41.8458,814,8.0260,117.4566,115.1653,119.7481,ok,dvsa-2024-v2,motriskindex-families-2024-v5
family-stats:chevrolet-orlando:dvsa-2024-v2,chevrolet-orlando,3839,1564,40.7398,1184,30.8414,380,9.8984,114.1310,109.8047,118.5092,low_sample,dvsa-2024-v2,motriskindex-families-2024-v5
family-stats:chevrolet-spark:dvsa-2024-v2,chevrolet-spark,14723,6559,44.5493,5140,34.9114,1419,9.6380,122.6684,120.4620,124.8827,ok,dvsa-2024-v2,motriskindex-families-2024-v5
family-stats:chevrolet-trax:dvsa-2024-v2,chevrolet-trax,1482,550,37.1120,477,32.1862,73,4.9258,115.7224,108.1659,123.4868,low_sample,dvsa-2024-v2,motriskindex-families-2024-v5
family-stats:chrysler-300:dvsa-2024-v2,chrysler-300,1534,465,30.3129,403,26.2712,62,4.0417,74.3081,68.7962,80.0611,low_sample,dvsa-2024-v2,motriskindex-families-2024-v5
family-stats:chrysler-crossfire:dvsa-2024-v2,chrysler-crossfire,1930,652,33.7824,531,27.5130,121,6.2694,79.4423,74.5602,84.4758,low_sample,dvsa-2024-v2,motriskindex-families-2024-v5
family-stats:chrysler-grand:dvsa-2024-v2,chrysler-grand,4550,1890,41.5385,1546,33.9780,344,7.5604,104.2302,100.6566,107.8396,low_sample,dvsa-2024-v2,motriskindex-families-2024-v5
family-stats:chrysler-jeep-300:dvsa-2024-v2,chrysler-jeep-300,3372,1206,35.7651,1011,29.9822,195,5.7829,83.8315,80.0794,87.6596,low_sample,dvsa-2024-v2,motriskindex-families-2024-v5
family-stats:chrysler-jeep-cherokee:dvsa-2024-v2,chrysler-jeep-cherokee,1943,775,39.8868,655,33.7108,120,6.1760,95.9384,90.7544,101.2185,low_sample,dvsa-2024-v2,motriskindex-families-2024-v5
family-stats:chrysler-jeep-grand:dvsa-2024-v2,chrysler-jeep-grand,2963,1194,40.2970,992,33.4796,202,6.8174,96.4733,92.2777,100.7289,low_sample,dvsa-2024-v2,motriskindex-families-2024-v5
family-stats:chrysler-pt:dvsa-2024-v2,chrysler-pt,1916,861,44.9374,752,39.2484,109,5.6889,105.4375,100.2404,110.6822,low_sample,dvsa-2024-v2,motriskindex-families-2024-v5
family-stats:chrysler-ypsilon:dvsa-2024-v2,chrysler-ypsilon,4780,1775,37.1339,1556,32.5523,219,4.5816,111.6505,107.5647,115.7984,low_sample,dvsa-2024-v2,motriskindex-families-2024-v5
family-stats:citroen-2cv:dvsa-2024-v2,citroen-2cv,2559,728,28.4486,581,22.7042,147,5.7444,82.0217,77.0778,87.1519,low_sample,dvsa-2024-v2,motriskindex-families-2024-v5
family-stats:citroen-berlingo:dvsa-2024-v2,citroen-berlingo,188688,78035,41.3566,57538,30.4937,20497,10.8629,149.2040,148.4029,150.0063,ok,dvsa-2024-v2,motriskindex-families-2024-v5
family-stats:citroen-c-crosser:dvsa-2024-v2,citroen-c-crosser,1698,743,43.7574,641,37.7503,102,6.0071,104.6988,99.0928,110.3721,low_sample,dvsa-2024-v2,motriskindex-families-2024-v5
family-stats:citroen-c1:dvsa-2024-v2,citroen-c1,168723,51513,30.5311,40492,23.9991,11021,6.5320,97.4559,96.7558,98.1587,ok,dvsa-2024-v2,motriskindex-families-2024-v5
family-stats:citroen-c15:dvsa-2024-v2,citroen-c15,1059,523,49.3862,464,43.8149,59,5.5713,135.5590,127.3145,143.8156,low_sample,dvsa-2024-v2,motriskindex-families-2024-v5
family-stats:citroen-c2:dvsa-2024-v2,citroen-c2,11000,5196,47.2364,4321,39.2818,875,7.9545,111.0870,108.8956,113.2830,ok,dvsa-2024-v2,motriskindex-families-2024-v5
family-stats:citroen-c3:dvsa-2024-v2,citroen-c3,194555,68630,35.2754,54322,27.9212,14308,7.3542,118.7773,118.0633,119.4932,ok,dvsa-2024-v2,motriskindex-families-2024-v5
family-stats:citroen-c3-aircross:dvsa-2024-v2,citroen-c3-aircross,29668,4465,15.0499,3663,12.3466,802,2.7032,98.6203,95.9838,101.3162,ok,dvsa-2024-v2,motriskindex-families-2024-v5
family-stats:citroen-c3-picasso:dvsa-2024-v2,citroen-c3-picasso,6392,1963,30.7103,1422,22.2466,541,8.4637,131.3162,126.5313,136.2001,ok,dvsa-2024-v2,motriskindex-families-2024-v5
family-stats:citroen-c4:dvsa-2024-v2,citroen-c4,132717,53964,40.6610,43706,32.9317,10258,7.7292,133.4204,132.5541,134.2884,ok,dvsa-2024-v2,motriskindex-families-2024-v5
family-stats:citroen-c4-cactus:dvsa-2024-v2,citroen-c4-cactus,21290,5745,26.9845,4335,20.3617,1410,6.6228,146.2122,143.0042,149.4653,ok,dvsa-2024-v2,motriskindex-families-2024-v5
family-stats:citroen-c4-grand-picasso:dvsa-2024-v2,citroen-c4-grand-picasso,17599,5175,29.4051,4172,23.7059,1003,5.6992,151.9400,148.4853,155.4412,ok,dvsa-2024-v2,motriskindex-families-2024-v5
family-stats:citroen-c4-picasso:dvsa-2024-v2,citroen-c4-picasso,6779,1772,26.1395,1416,20.8880,356,5.2515,118.7069,114.0191,123.5175,ok,dvsa-2024-v2,motriskindex-families-2024-v5
family-stats:citroen-c5:dvsa-2024-v2,citroen-c5,20466,5428,26.5220,4263,20.8297,1165,5.6924,109.4458,106.9683,111.9596,ok,dvsa-2024-v2,motriskindex-families-2024-v5
family-stats:citroen-c5-aircross:dvsa-2024-v2,citroen-c5-aircross,3311,397,11.9903,311,9.3929,86,2.5974,97.5438,88.8985,106.9058,low_sample,dvsa-2024-v2,motriskindex-families-2024-v5
family-stats:citroen-dispatch:dvsa-2024-v2,citroen-dispatch,47069,19229,40.8528,14811,31.4666,4418,9.3862,152.3393,150.6862,153.9980,ok,dvsa-2024-v2,motriskindex-families-2024-v5
family-stats:citroen-ds4:dvsa-2024-v2,citroen-ds4,10193,4559,44.7268,3782,37.1039,777,7.6229,136.1822,133.2498,139.1267,ok,dvsa-2024-v2,motriskindex-families-2024-v5
family-stats:citroen-ds5:dvsa-2024-v2,citroen-ds5,4235,1669,39.4097,1438,33.9551,231,5.4545,121.6018,117.0922,126.1707,low_sample,dvsa-2024-v2,motriskindex-families-2024-v5
family-stats:citroen-e-c4:dvsa-2024-v2,citroen-e-c4,1410,244,17.3050,201,14.2553,43,3.0496,143.5013,127.8696,160.6064,low_sample,dvsa-2024-v2,motriskindex-families-2024-v5
family-stats:citroen-grand:dvsa-2024-v2,citroen-grand,4573,2378,52.0009,1925,42.0949,453,9.9060,133.1575,129.4468,136.8596,low_sample,dvsa-2024-v2,motriskindex-families-2024-v5
family-stats:citroen-nemo:dvsa-2024-v2,citroen-nemo,13917,5857,42.0852,4876,35.0363,981,7.0489,122.8971,120.5085,125.2984,ok,dvsa-2024-v2,motriskindex-families-2024-v5
family-stats:citroen-relay:dvsa-2024-v2,citroen-relay,13072,4652,35.5875,3835,29.3375,817,6.2500,112.5596,109.9774,115.1687,ok,dvsa-2024-v2,motriskindex-families-2024-v5
family-stats:citroen-saxo:dvsa-2024-v2,citroen-saxo,3610,1623,44.9584,1377,38.1440,246,6.8144,111.3491,107.3454,115.3794,low_sample,dvsa-2024-v2,motriskindex-families-2024-v5
family-stats:citroen-spacetourer:dvsa-2024-v2,citroen-spacetourer,2949,665,22.5500,489,16.5819,176,5.9681,139.2346,130.1452,148.7649,low_sample,dvsa-2024-v2,motriskindex-families-2024-v5
family-stats:citroen-xsara:dvsa-2024-v2,citroen-xsara,26142,13073,50.0077,10870,41.5806,2203,8.4271,117.8898,116.4610,119.3186,ok,dvsa-2024-v2,motriskindex-families-2024-v5
family-stats:cupra-formentor:dvsa-2024-v2,cupra-formentor,6920,717,10.3613,594,8.5838,123,1.7775,84.9056,79.2006,90.9711,ok,dvsa-2024-v2,motriskindex-families-2024-v5
family-stats:dacia-duster:dvsa-2024-v2,dacia-duster,72275,20037,27.7233,13997,19.3663,6040,8.3570,140.5973,138.9482,142.2583,ok,dvsa-2024-v2,motriskindex-families-2024-v5
family-stats:dacia-logan:dvsa-2024-v2,dacia-logan,15647,4726,30.2039,3461,22.1193,1265,8.0846,136.3077,133.0832,139.5760,ok,dvsa-2024-v2,motriskindex-families-2024-v5
family-stats:dacia-sandero:dvsa-2024-v2,dacia-sandero,106749,32941,30.8584,24789,23.2218,8152,7.6366,144.4283,143.1346,145.7284,ok,dvsa-2024-v2,motriskindex-families-2024-v5
family-stats:daihatsu-charade:dvsa-2024-v2,daihatsu-charade,1241,509,41.0153,432,34.8106,77,6.2047,98.0899,91.6213,104.6912,low_sample,dvsa-2024-v2,motriskindex-families-2024-v5
family-stats:daihatsu-copen:dvsa-2024-v2,daihatsu-copen,1280,391,30.5469,331,25.8594,60,4.6875,72.2169,66.3963,78.3127,low_sample,dvsa-2024-v2,motriskindex-families-2024-v5
family-stats:daihatsu-fourtrak:dvsa-2024-v2,daihatsu-fourtrak,1291,519,40.2014,428,33.1526,91,7.0488,113.6655,106.1963,121.2991,low_sample,dvsa-2024-v2,motriskindex-families-2024-v5
family-stats:daihatsu-sirion:dvsa-2024-v2,daihatsu-sirion,6147,2427,39.4827,2017,32.8128,410,6.6699,92.4480,89.6029,95.3238,ok,dvsa-2024-v2,motriskindex-families-2024-v5
family-stats:daihatsu-terios:dvsa-2024-v2,daihatsu-terios,4027,1624,40.3278,1403,34.8398,221,5.4880,94.7168,91.1815,98.2954,low_sample,dvsa-2024-v2,motriskindex-families-2024-v5
family-stats:dodge-nitro:dvsa-2024-v2,dodge-nitro,1084,489,45.1107,389,35.8856,100,9.2251,106.1472,99.2297,113.1460,low_sample,dvsa-2024-v2,motriskindex-families-2024-v5
family-stats:dodge-ram:dvsa-2024-v2,dodge-ram,1084,195,17.9889,160,14.7601,35,3.2288,50.2638,44.1942,56.9651,low_sample,dvsa-2024-v2,motriskindex-families-2024-v5
family-stats:ds-ds:dvsa-2024-v2,ds-ds,1279,202,15.7936,160,12.5098,42,3.2838,126.5082,111.3224,143.3350,low_sample,dvsa-2024-v2,motriskindex-families-2024-v5
family-stats:ds-ds4:dvsa-2024-v2,ds-ds4,4489,1478,32.9249,1201,26.7543,277,6.1706,145.5636,139.5526,151.7038,low_sample,dvsa-2024-v2,motriskindex-families-2024-v5
family-stats:ds-ds5:dvsa-2024-v2,ds-ds5,1360,340,25.0000,297,21.8382,43,3.1618,108.0143,98.3846,118.2524,low_sample,dvsa-2024-v2,motriskindex-families-2024-v5
family-stats:ds-ds7:dvsa-2024-v2,ds-ds7,3562,619,17.3779,548,15.3846,71,1.9933,115.8706,107.8089,124.4010,low_sample,dvsa-2024-v2,motriskindex-families-2024-v5
family-stats:ds3:dvsa-2024-v2,ds3,105294,45265,42.9892,36574,34.7351,8691,8.2540,146.1378,145.1222,147.1552,ok,dvsa-2024-v2,motriskindex-families-2024-v5
family-stats:ferrari-360:dvsa-2024-v2,ferrari-360,1043,61,5.8485,50,4.7939,11,1.0547,14.3386,11.2282,18.2435,low_sample,dvsa-2024-v2,motriskindex-families-2024-v5
family-stats:ferrari-458:dvsa-2024-v2,ferrari-458,1501,63,4.1972,38,2.5316,25,1.6656,12.8656,10.0977,16.3502,low_sample,dvsa-2024-v2,motriskindex-families-2024-v5
family-stats:ferrari-488:dvsa-2024-v2,ferrari-488,1645,73,4.4377,40,2.4316,33,2.0061,24.4944,19.5626,30.5981,low_sample,dvsa-2024-v2,motriskindex-families-2024-v5
family-stats:ferrari-california:dvsa-2024-v2,ferrari-california,1470,89,6.0544,63,4.2857,26,1.7687,19.0796,15.5866,23.2946,low_sample,dvsa-2024-v2,motriskindex-families-2024-v5
family-stats:ferrari-f430:dvsa-2024-v2,ferrari-f430,1155,67,5.8009,56,4.8485,11,0.9524,13.5345,10.7176,17.0352,low_sample,dvsa-2024-v2,motriskindex-families-2024-v5
family-stats:fiat-124:dvsa-2024-v2,fiat-124,2863,439,15.3336,336,11.7359,103,3.5976,76.7818,70.4058,83.6232,low_sample,dvsa-2024-v2,motriskindex-families-2024-v5
family-stats:fiat-500:dvsa-2024-v2,fiat-500,321524,107145,33.3241,90442,28.1292,16703,5.1949,113.6595,113.1044,114.2159,ok,dvsa-2024-v2,motriskindex-families-2024-v5
family-stats:fiat-500e:dvsa-2024-v2,fiat-500e,2572,382,14.8523,324,12.5972,58,2.2551,122.0750,111.2097,133.8020,low_sample,dvsa-2024-v2,motriskindex-families-2024-v5
family-stats:fiat-500l:dvsa-2024-v2,fiat-500l,21603,7959,36.8421,6553,30.3337,1406,6.5084,126.5077,124.3071,128.7243,ok,dvsa-2024-v2,motriskindex-families-2024-v5
family-stats:fiat-500x:dvsa-2024-v2,fiat-500x,35966,8756,24.3452,7105,19.7548,1651,4.5904,115.3018,113.2142,117.4154,ok,dvsa-2024-v2,motriskindex-families-2024-v5
family-stats:fiat-bravo:dvsa-2024-v2,fiat-bravo,5041,2417,47.9468,2107,41.7973,310,6.1496,116.4434,113.0992,119.7952,ok,dvsa-2024-v2,motriskindex-families-2024-v5
family-stats:fiat-doblo:dvsa-2024-v2,fiat-doblo,46820,17147,36.6232,14319,30.5831,2828,6.0402,119.6512,118.2291,121.0805,ok,dvsa-2024-v2,motriskindex-families-2024-v5
family-stats:fiat-ducato:dvsa-2024-v2,fiat-ducato,71072,18944,26.6547,15353,21.6020,3591,5.0526,75.5163,74.5989,76.4408,ok,dvsa-2024-v2,motriskindex-families-2024-v5
family-stats:fiat-fiorino:dvsa-2024-v2,fiat-fiorino,8424,3201,37.9986,2622,31.1254,579,6.8732,138.1459,134.3982,141.9333,ok,dvsa-2024-v2,motriskindex-families-2024-v5
family-stats:fiat-fullback:dvsa-2024-v2,fiat-fullback,2825,547,19.3628,396,14.0177,151,5.3451,101.4198,94.0075,109.2679,low_sample,dvsa-2024-v2,motriskindex-families-2024-v5
family-stats:fiat-grand:dvsa-2024-v2,fiat-grand,3348,1512,45.1613,1235,36.8877,277,8.2736,107.9742,103.9593,112.0155,low_sample,dvsa-2024-v2,motriskindex-families-2024-v5
family-stats:fiat-grande:dvsa-2024-v2,fiat-grande,6496,2966,45.6589,2436,37.5000,530,8.1589,110.0043,107.0929,112.9280,ok,dvsa-2024-v2,motriskindex-families-2024-v5
family-stats:fiat-panda:dvsa-2024-v2,fiat-panda,89584,31709,35.3958,26785,29.8993,4924,5.4965,104.6729,103.7487,105.6008,ok,dvsa-2024-v2,motriskindex-families-2024-v5
family-stats:fiat-punto:dvsa-2024-v2,fiat-punto,61272,27375,44.6778,22055,35.9952,5320,8.6826,117.1823,116.1507,118.2157,ok,dvsa-2024-v2,motriskindex-families-2024-v5
family-stats:fiat-qubo:dvsa-2024-v2,fiat-qubo,4289,1555,36.2555,1351,31.4992,204,4.7564,107.5259,103.2971,111.8276,low_sample,dvsa-2024-v2,motriskindex-families-2024-v5
family-stats:fiat-scudo:dvsa-2024-v2,fiat-scudo,8100,3985,49.1975,3327,41.0741,658,8.1235,123.6760,120.9407,126.4133,ok,dvsa-2024-v2,motriskindex-families-2024-v5
family-stats:fiat-sedici:dvsa-2024-v2,fiat-sedici,1165,567,48.6695,486,41.7167,81,6.9528,113.3568,106.6930,120.0410,low_sample,dvsa-2024-v2,motriskindex-families-2024-v5
family-stats:fiat-seicento:dvsa-2024-v2,fiat-seicento,1322,600,45.3858,513,38.8048,87,6.5809,112.3104,105.7117,118.9752,low_sample,dvsa-2024-v2,motriskindex-families-2024-v5
family-stats:fiat-talento:dvsa-2024-v2,fiat-talento,1722,512,29.7329,432,25.0871,80,4.6458,176.5064,163.9696,189.5789,low_sample,dvsa-2024-v2,motriskindex-families-2024-v5
family-stats:fiat-tipo:dvsa-2024-v2,fiat-tipo,13014,3557,27.3321,2851,21.9072,706,5.4249,149.7357,145.5780,153.9667,ok,dvsa-2024-v2,motriskindex-families-2024-v5
family-stats:ford-b-max:dvsa-2024-v2,ford-b-max,54386,16196,29.7797,12090,22.2300,4106,7.5497,104.5777,103.2331,105.9323,ok,dvsa-2024-v2,motriskindex-families-2024-v5
family-stats:ford-c-max:dvsa-2024-v2,ford-c-max,111957,34887,31.1611,27776,24.8095,7111,6.3515,97.3835,96.5376,98.2333,ok,dvsa-2024-v2,motriskindex-families-2024-v5
family-stats:ford-capri:dvsa-2024-v2,ford-capri,2156,392,18.1818,324,15.0278,68,3.1540,51.5426,47.0890,56.3170,low_sample,dvsa-2024-v2,motriskindex-families-2024-v5
family-stats:ford-ecosport:dvsa-2024-v2,ford-ecosport,102987,22343,21.6950,15333,14.8883,7010,6.8067,116.5816,115.2345,117.9400,ok,dvsa-2024-v2,motriskindex-families-2024-v5
family-stats:ford-edge:dvsa-2024-v2,ford-edge,8935,1347,15.0755,1089,12.1880,258,2.8875,75.4927,71.8526,79.2831,ok,dvsa-2024-v2,motriskindex-families-2024-v5
family-stats:ford-escort:dvsa-2024-v2,ford-escort,10100,2244,22.2178,1870,18.5149,374,3.7030,61.1916,58.9880,63.4534,ok,dvsa-2024-v2,motriskindex-families-2024-v5
family-stats:ford-fiesta:dvsa-2024-v2,ford-fiesta,1344051,474052,35.2704,374349,27.8523,99703,7.4181,112.9879,112.7293,113.2468,ok,dvsa-2024-v2,motriskindex-families-2024-v5
family-stats:ford-focus:dvsa-2024-v2,ford-focus,916041,295152,32.2204,230410,25.1528,64742,7.0676,102.6928,102.3880,102.9981,ok,dvsa-2024-v2,motriskindex-families-2024-v5
family-stats:ford-freedom:dvsa-2024-v2,ford-freedom,1448,291,20.0967,221,15.2624,70,4.8343,105.6357,95.2086,116.8945,low_sample,dvsa-2024-v2,motriskindex-families-2024-v5
family-stats:ford-fusion:dvsa-2024-v2,ford-fusion,52440,21708,41.3959,16568,31.5942,5140,9.8017,98.7322,97.7282,99.7391,ok,dvsa-2024-v2,motriskindex-families-2024-v5
family-stats:ford-galaxy:dvsa-2024-v2,ford-galaxy,60060,22056,36.7233,17839,29.7020,4217,7.0213,116.9071,115.6825,118.1371,ok,dvsa-2024-v2,motriskindex-families-2024-v5
family-stats:ford-grand-c-max:dvsa-2024-v2,ford-grand-c-max,35822,11727,32.7369,9246,25.8110,2481,6.9259,116.2304,114.5118,117.9623,ok,dvsa-2024-v2,motriskindex-families-2024-v5
family-stats:ford-ka:dvsa-2024-v2,ford-ka,179906,59768,33.2218,49141,27.3148,10627,5.9070,103.2276,102.5524,103.9050,ok,dvsa-2024-v2,motriskindex-families-2024-v5
family-stats:ford-kuga:dvsa-2024-v2,ford-kuga,254154,55916,22.0008,43797,17.2325,12119,4.7684,90.1891,89.5307,90.8511,ok,dvsa-2024-v2,motriskindex-families-2024-v5
family-stats:ford-mondeo:dvsa-2024-v2,ford-mondeo,193408,64248,33.2189,52801,27.3003,11447,5.9186,98.7557,98.1326,99.3807,ok,dvsa-2024-v2,motriskindex-families-2024-v5
family-stats:ford-mustang:dvsa-2024-v2,ford-mustang,12248,2062,16.8354,1831,14.9494,231,1.8860,73.0836,70.2521,76.0054,ok,dvsa-2024-v2,motriskindex-families-2024-v5
family-stats:ford-mustang-mach-e:dvsa-2024-v2,ford-mustang-mach-e,2837,262,9.2351,197,6.9440,65,2.2912,77.0822,68.6440,86.4406,low_sample,dvsa-2024-v2,motriskindex-families-2024-v5
family-stats:ford-puma:dvsa-2024-v2,ford-puma,59379,5423,9.1329,4083,6.8762,1340,2.2567,67.2932,65.6053,69.0201,ok,dvsa-2024-v2,motriskindex-families-2024-v5
family-stats:ford-ranger:dvsa-2024-v2,ford-ranger,108814,30103,27.6646,24415,22.4374,5688,5.2273,121.4182,120.2551,122.5882,ok,dvsa-2024-v2,motriskindex-families-2024-v5
family-stats:ford-s-max:dvsa-2024-v2,ford-s-max,73047,25705,35.1897,21535,29.4810,4170,5.7087,107.5719,106.5156,108.6329,ok,dvsa-2024-v2,motriskindex-families-2024-v5
family-stats:ford-sierra:dvsa-2024-v2,ford-sierra,2688,353,13.1324,291,10.8259,62,2.3065,37.9540,34.4153,41.7968,low_sample,dvsa-2024-v2,motriskindex-families-2024-v5
family-stats:ford-tourneo:dvsa-2024-v2,ford-tourneo,13797,3834,27.7886,3195,23.1572,639,4.6314,127.0947,123.7046,130.5413,ok,dvsa-2024-v2,motriskindex-families-2024-v5
family-stats:ford-tourneo-connect:dvsa-2024-v2,ford-tourneo-connect,14469,3211,22.1923,2546,17.5962,665,4.5960,114.9535,111.4848,118.4988,ok,dvsa-2024-v2,motriskindex-families-2024-v5
family-stats:ford-tourneo-custom:dvsa-2024-v2,ford-tourneo-custom,8945,1856,20.7490,1365,15.2599,491,5.4891,153.6044,147.4768,159.9179,ok,dvsa-2024-v2,motriskindex-families-2024-v5
family-stats:ford-transit:dvsa-2024-v2,ford-transit,293444,111119,37.8672,91387,31.1429,19732,6.7243,127.2160,126.6270,127.8062,ok,dvsa-2024-v2,motriskindex-families-2024-v5
family-stats:ford-transit-connect:dvsa-2024-v2,ford-transit-connect,168016,58003,34.5223,45989,27.3718,12014,7.1505,127.9430,127.1017,128.7868,ok,dvsa-2024-v2,motriskindex-families-2024-v5
family-stats:ford-transit-courier:dvsa-2024-v2,ford-transit-courier,27215,8053,29.5903,5637,20.7128,2416,8.8775,160.7211,157.7913,163.6821,ok,dvsa-2024-v2,motriskindex-families-2024-v5
family-stats:ford-transit-custom:dvsa-2024-v2,ford-transit-custom,143187,32242,22.5174,22773,15.9044,9469,6.6130,156.9144,155.4119,158.4272,ok,dvsa-2024-v2,motriskindex-families-2024-v5
family-stats:great-wall-steed:dvsa-2024-v2,great-wall-steed,1165,486,41.7167,411,35.2790,75,6.4378,138.0243,128.7610,147.4679,low_sample,dvsa-2024-v2,motriskindex-families-2024-v5
family-stats:honda-accord:dvsa-2024-v2,honda-accord,26301,10413,39.5917,8258,31.3980,2155,8.1936,96.6416,95.2027,98.0879,ok,dvsa-2024-v2,motriskindex-families-2024-v5
family-stats:honda-civic:dvsa-2024-v2,honda-civic,272456,91913,33.7350,71023,26.0677,20890,7.6673,98.0598,97.5444,98.5765,ok,dvsa-2024-v2,motriskindex-families-2024-v5
family-stats:honda-cr-v:dvsa-2024-v2,honda-cr-v,199867,51765,25.8997,40347,20.1869,11418,5.7128,80.3089,79.7148,80.9059,ok,dvsa-2024-v2,motriskindex-families-2024-v5
family-stats:honda-cr-z:dvsa-2024-v2,honda-cr-z,3791,893,23.5558,776,20.4695,117,3.0863,62.5396,59.0253,66.1959,low_sample,dvsa-2024-v2,motriskindex-families-2024-v5
family-stats:honda-e:dvsa-2024-v2,honda-e,1473,152,10.3191,112,7.6035,40,2.7155,80.9669,69.5761,93.9775,low_sample,dvsa-2024-v2,motriskindex-families-2024-v5
family-stats:honda-fit:dvsa-2024-v2,honda-fit,3980,666,16.7337,468,11.7588,198,4.9749,49.4505,46.1185,52.9720,low_sample,dvsa-2024-v2,motriskindex-families-2024-v5
family-stats:honda-fr-v:dvsa-2024-v2,honda-fr-v,7098,3218,45.3367,2522,35.5311,696,9.8056,105.7871,103.0914,108.4946,ok,dvsa-2024-v2,motriskindex-families-2024-v5
family-stats:honda-hr-v:dvsa-2024-v2,honda-hr-v,32806,4287,13.0677,3195,9.7391,1092,3.3287,64.3840,62.6083,66.2023,ok,dvsa-2024-v2,motriskindex-families-2024-v5
family-stats:honda-insight:dvsa-2024-v2,honda-insight,8766,2720,31.0290,1858,21.1955,862,9.8334,80.4811,77.9912,83.0140,ok,dvsa-2024-v2,motriskindex-families-2024-v5
family-stats:honda-integra:dvsa-2024-v2,honda-integra,1307,203,15.5318,159,12.1653,44,3.3665,42.6537,37.5391,48.3232,low_sample,dvsa-2024-v2,motriskindex-families-2024-v5
family-stats:honda-jazz:dvsa-2024-v2,honda-jazz,319308,86574,27.1130,66559,20.8448,20015,6.2682,80.7795,80.3209,81.2397,ok,dvsa-2024-v2,motriskindex-families-2024-v5
family-stats:honda-prelude:dvsa-2024-v2,honda-prelude,1030,344,33.3981,300,29.1262,44,4.2718,92.2703,84.4961,100.3854,low_sample,dvsa-2024-v2,motriskindex-families-2024-v5
family-stats:honda-s2000:dvsa-2024-v2,honda-s2000,4910,904,18.4114,749,15.2546,155,3.1568,43.9625,41.4332,46.6097,low_sample,dvsa-2024-v2,motriskindex-families-2024-v5
family-stats:honda-stepwagon:dvsa-2024-v2,honda-stepwagon,3089,822,26.6106,632,20.4597,190,6.1509,77.7561,73.2893,82.3928,low_sample,dvsa-2024-v2,motriskindex-families-2024-v5
family-stats:hyundai-accent:dvsa-2024-v2,hyundai-accent,1705,801,46.9795,683,40.0587,118,6.9208,113.3536,107.6603,119.0796,low_sample,dvsa-2024-v2,motriskindex-families-2024-v5
family-stats:hyundai-amica:dvsa-2024-v2,hyundai-amica,5785,2514,43.4572,1948,33.6733,566,9.7839,101.1686,98.2059,104.1515,ok,dvsa-2024-v2,motriskindex-families-2024-v5
family-stats:hyundai-bayon:dvsa-2024-v2,hyundai-bayon,1506,214,14.2098,139,9.2297,75,4.9801,120.9731,106.7348,136.7620,low_sample,dvsa-2024-v2,motriskindex-families-2024-v5
family-stats:hyundai-coupe:dvsa-2024-v2,hyundai-coupe,5941,2838,47.7697,2456,41.3398,382,6.4299,112.4784,109.4920,115.4716,ok,dvsa-2024-v2,motriskindex-families-2024-v5
family-stats:hyundai-getz:dvsa-2024-v2,hyundai-getz,19678,9123,46.3614,7351,37.3564,1772,9.0050,108.2618,106.6366,109.8903,ok,dvsa-2024-v2,motriskindex-families-2024-v5
family-stats:hyundai-i10:dvsa-2024-v2,hyundai-i10,247138,67602,27.3539,51344,20.7754,16258,6.5785,97.1136,96.4909,97.7388,ok,dvsa-2024-v2,motriskindex-families-2024-v5
family-stats:hyundai-i20:dvsa-2024-v2,hyundai-i20,129343,35585,27.5121,26751,20.6822,8834,6.8299,98.7716,97.9002,99.6477,ok,dvsa-2024-v2,motriskindex-families-2024-v5
family-stats:hyundai-i30:dvsa-2024-v2,hyundai-i30,105171,37146,35.3196,30228,28.7418,6918,6.5779,117.2103,116.2534,118.1707,ok,dvsa-2024-v2,motriskindex-families-2024-v5
family-stats:hyundai-i40:dvsa-2024-v2,hyundai-i40,21133,5943,28.1219,5027,23.7874,916,4.3345,101.9685,99.7851,104.1807,ok,dvsa-2024-v2,motriskindex-families-2024-v5
family-stats:hyundai-i800:dvsa-2024-v2,hyundai-i800,8151,3092,37.9340,2195,26.9292,897,11.0048,155.9197,151.6142,160.2718,ok,dvsa-2024-v2,motriskindex-families-2024-v5
family-stats:hyundai-ioniq:dvsa-2024-v2,hyundai-ioniq,44983,6063,13.4784,4347,9.6637,1716,3.8148,89.0698,87.0050,91.1759,ok,dvsa-2024-v2,motriskindex-families-2024-v5
family-stats:hyundai-ioniq-5:dvsa-2024-v2,hyundai-ioniq-5,2875,158,5.4957,108,3.7565,50,1.7391,48.3504,41.5300,56.2158,low_sample,dvsa-2024-v2,motriskindex-families-2024-v5
family-stats:hyundai-ix20:dvsa-2024-v2,hyundai-ix20,29005,8551,29.4811,6741,23.2408,1810,6.2403,105.8757,104.0011,107.7699,ok,dvsa-2024-v2,motriskindex-families-2024-v5
family-stats:hyundai-ix35:dvsa-2024-v2,hyundai-ix35,51662,18129,35.0916,15425,29.8575,2704,5.2340,109.2680,107.9900,110.5529,ok,dvsa-2024-v2,motriskindex-families-2024-v5
family-stats:hyundai-kona:dvsa-2024-v2,hyundai-kona,45683,5897,12.9085,4222,9.2419,1675,3.6666,93.2449,91.0464,95.4885,ok,dvsa-2024-v2,motriskindex-families-2024-v5
family-stats:hyundai-matrix:dvsa-2024-v2,hyundai-matrix,3471,1670,48.1129,1410,40.6223,260,7.4906,112.8561,108.9642,116.7578,low_sample,dvsa-2024-v2,motriskindex-families-2024-v5
family-stats:hyundai-santa-fe:dvsa-2024-v2,hyundai-santa-fe,33318,10907,32.7361,9201,27.6157,1706,5.1204,107.8021,106.1495,109.4679,ok,dvsa-2024-v2,motriskindex-families-2024-v5
family-stats:hyundai-terracan:dvsa-2024-v2,hyundai-terracan,1242,515,41.4654,439,35.3462,76,6.1192,97.0115,90.6723,103.4738,low_sample,dvsa-2024-v2,motriskindex-families-2024-v5
family-stats:hyundai-tucson:dvsa-2024-v2,hyundai-tucson,142343,25236,17.7290,20444,14.3625,4792,3.3665,97.2818,96.1979,98.3752,ok,dvsa-2024-v2,motriskindex-families-2024-v5
family-stats:hyundai-veloster:dvsa-2024-v2,hyundai-veloster,2540,1007,39.6457,868,34.1732,139,5.4724,115.1959,109.7178,120.7649,low_sample,dvsa-2024-v2,motriskindex-families-2024-v5
family-stats:infiniti-q30:dvsa-2024-v2,infiniti-q30,4866,852,17.5092,702,14.4266,150,3.0826,83.5382,78.5663,88.7547,low_sample,dvsa-2024-v2,motriskindex-families-2024-v5
family-stats:infiniti-q50:dvsa-2024-v2,infiniti-q50,2480,539,21.7339,476,19.1935,63,2.5403,89.7857,83.2632,96.6694,low_sample,dvsa-2024-v2,motriskindex-families-2024-v5
family-stats:isuzu-d-max:dvsa-2024-v2,isuzu-d-max,33786,9824,29.0771,8037,23.7880,1787,5.2892,132.0358,129.8478,134.2454,ok,dvsa-2024-v2,motriskindex-families-2024-v5
family-stats:isuzu-rodeo:dvsa-2024-v2,isuzu-rodeo,4970,2258,45.4326,1859,37.4044,399,8.0282,109.8576,106.5202,113.2122,low_sample,dvsa-2024-v2,motriskindex-families-2024-v5
family-stats:isuzu-tf:dvsa-2024-v2,isuzu-tf,1807,818,45.2684,665,36.8013,153,8.4671,117.5173,111.5917,123.4951,low_sample,dvsa-2024-v2,motriskindex-families-2024-v5
family-stats:isuzu-trooper:dvsa-2024-v2,isuzu-trooper,2503,994,39.7123,855,34.1590,139,5.5533,102.8853,97.9636,107.8888,low_sample,dvsa-2024-v2,motriskindex-families-2024-v5
family-stats:iveco-daily:dvsa-2024-v2,iveco-daily,3312,1140,34.4203,965,29.1365,175,5.2838,96.5862,92.0987,101.1750,low_sample,dvsa-2024-v2,motriskindex-families-2024-v5
family-stats:jaguar-e-pace:dvsa-2024-v2,jaguar-e-pace,31628,3879,12.2644,3122,9.8710,757,2.3934,80.6820,78.3338,83.0904,ok,dvsa-2024-v2,motriskindex-families-2024-v5
family-stats:jaguar-e-type:dvsa-2024-v2,jaguar-e-type,1317,141,10.7062,107,8.1245,34,2.5816,27.2322,23.2716,31.7742,low_sample,dvsa-2024-v2,motriskindex-families-2024-v5
family-stats:jaguar-f-pace:dvsa-2024-v2,jaguar-f-pace,54195,8100,14.9460,6610,12.1967,1490,2.7493,86.6721,84.9457,88.4273,ok,dvsa-2024-v2,motriskindex-families-2024-v5
family-stats:jaguar-f-type:dvsa-2024-v2,jaguar-f-type,14816,1396,9.4222,1193,8.0521,203,1.3701,43.0295,40.9290,45.2261,ok,dvsa-2024-v2,motriskindex-families-2024-v5
family-stats:jaguar-i-pace:dvsa-2024-v2,jaguar-i-pace,18005,1435,7.9700,1214,6.7426,221,1.2274,59.0765,56.2102,62.0757,ok,dvsa-2024-v2,motriskindex-families-2024-v5
family-stats:jaguar-s-type:dvsa-2024-v2,jaguar-s-type,11255,4292,38.1342,3723,33.0786,569,5.0555,90.9855,88.8545,93.1358,ok,dvsa-2024-v2,motriskindex-families-2024-v5
family-stats:jaguar-x-type:dvsa-2024-v2,jaguar-x-type,24451,10221,41.8020,8857,36.2235,1364,5.5785,98.6152,97.1598,100.0766,ok,dvsa-2024-v2,motriskindex-families-2024-v5
family-stats:jaguar-xe:dvsa-2024-v2,jaguar-xe,43948,8353,19.0066,6763,15.3886,1590,3.6179,90.7759,89.0369,92.5408,ok,dvsa-2024-v2,motriskindex-families-2024-v5
family-stats:jaguar-xf:dvsa-2024-v2,jaguar-xf,98155,24934,25.4027,21122,21.5190,3812,3.8837,82.5894,81.7072,83.4780,ok,dvsa-2024-v2,motriskindex-families-2024-v5
family-stats:jaguar-xj:dvsa-2024-v2,jaguar-xj,25677,6300,24.5356,5367,20.9020,933,3.6336,68.4505,66.9928,69.9294,ok,dvsa-2024-v2,motriskindex-families-2024-v5
family-stats:jaguar-xjs:dvsa-2024-v2,jaguar-xjs,3075,629,20.4553,546,17.7561,83,2.6992,59.1177,55.1049,63.3435,low_sample,dvsa-2024-v2,motriskindex-families-2024-v5
family-stats:jaguar-xk:dvsa-2024-v2,jaguar-xk,23270,5428,23.3262,4696,20.1805,732,3.1457,59.0956,57.7302,60.4833,ok,dvsa-2024-v2,motriskindex-families-2024-v5
family-stats:jeep-cherokee:dvsa-2024-v2,jeep-cherokee,10398,3394,32.6409,2879,27.6880,515,4.9529,100.8705,98.1055,103.6751,ok,dvsa-2024-v2,motriskindex-families-2024-v5
family-stats:jeep-compass:dvsa-2024-v2,jeep-compass,11286,2700,23.9234,2229,19.7501,471,4.1733,124.2925,120.2498,128.4275,ok,dvsa-2024-v2,motriskindex-families-2024-v5
family-stats:jeep-g-cherokee:dvsa-2024-v2,jeep-g-cherokee,1532,539,35.1828,424,27.6762,115,7.5065,83.7581,78.1599,89.5328,low_sample,dvsa-2024-v2,motriskindex-families-2024-v5
family-stats:jeep-grand-cherokee:dvsa-2024-v2,jeep-grand-cherokee,9934,2466,24.8238,2059,20.7268,407,4.0970,80.0175,77.3109,82.7869,ok,dvsa-2024-v2,motriskindex-families-2024-v5
family-stats:jeep-patriot:dvsa-2024-v2,jeep-patriot,1447,721,49.8272,603,41.6724,118,8.1548,121.1322,114.8786,127.3880,low_sample,dvsa-2024-v2,motriskindex-families-2024-v5
family-stats:jeep-renegade:dvsa-2024-v2,jeep-renegade,28860,7088,24.5599,5784,20.0416,1304,4.5184,116.6920,114.3486,119.0676,ok,dvsa-2024-v2,motriskindex-families-2024-v5
family-stats:jeep-wrangler:dvsa-2024-v2,jeep-wrangler,7038,1835,26.0727,1496,21.2560,339,4.8167,94.1905,90.5329,97.9425,ok,dvsa-2024-v2,motriskindex-families-2024-v5
family-stats:kia-carens:dvsa-2024-v2,kia-carens,14773,5388,36.4719,4347,29.4253,1041,7.0466,124.7424,122.0999,127.4090,ok,dvsa-2024-v2,motriskindex-families-2024-v5
family-stats:kia-ceed:dvsa-2024-v2,kia-ceed,121743,40028,32.8791,32860,26.9913,7168,5.8878,116.4755,115.5425,117.4122,ok,dvsa-2024-v2,motriskindex-families-2024-v5
family-stats:kia-ev6:dvsa-2024-v2,kia-ev6,1393,97,6.9634,73,5.2405,24,1.7229,65.4447,53.9628,79.1514,low_sample,dvsa-2024-v2,motriskindex-families-2024-v5
family-stats:kia-niro:dvsa-2024-v2,kia-niro,79411,9545,12.0197,6868,8.6487,2677,3.3711,88.5046,86.8527,90.1836,ok,dvsa-2024-v2,motriskindex-families-2024-v5
family-stats:kia-optima:dvsa-2024-v2,kia-optima,11304,2374,21.0014,2012,17.7990,362,3.2024,98.9997,95.5068,102.5854,ok,dvsa-2024-v2,motriskindex-families-2024-v5
family-stats:kia-picanto:dvsa-2024-v2,kia-picanto,185577,54033,29.1162,43694,23.5449,10339,5.5713,104.5533,103.8126,105.2971,ok,dvsa-2024-v2,motriskindex-families-2024-v5
family-stats:kia-proceed:dvsa-2024-v2,kia-proceed,6099,1424,23.3481,1149,18.8392,275,4.5089,120.5923,115.1962,126.1617,ok,dvsa-2024-v2,motriskindex-families-2024-v5
family-stats:kia-rio:dvsa-2024-v2,kia-rio,98818,30317,30.6796,24707,25.0025,5610,5.6771,106.7534,105.7555,107.7565,ok,dvsa-2024-v2,motriskindex-families-2024-v5
family-stats:kia-sedona:dvsa-2024-v2,kia-sedona,5096,2325,45.6240,1967,38.5989,358,7.0251,109.8243,106.5415,113.1229,ok,dvsa-2024-v2,motriskindex-families-2024-v5
family-stats:kia-sorento:dvsa-2024-v2,kia-sorento,36420,10815,29.6952,9220,25.3158,1595,4.3795,106.0753,104.4067,107.7591,ok,dvsa-2024-v2,motriskindex-families-2024-v5
family-stats:kia-soul:dvsa-2024-v2,kia-soul,24610,7196,29.2401,6027,24.4900,1169,4.7501,98.8744,96.9638,100.8069,ok,dvsa-2024-v2,motriskindex-families-2024-v5
family-stats:kia-sportage:dvsa-2024-v2,kia-sportage,257674,62536,24.2694,52240,20.2737,10296,3.9957,104.8719,104.1583,105.5889,ok,dvsa-2024-v2,motriskindex-families-2024-v5
family-stats:kia-stinger:dvsa-2024-v2,kia-stinger,2119,279,13.1666,238,11.2317,41,1.9349,83.5378,74.8248,93.0966,low_sample,dvsa-2024-v2,motriskindex-families-2024-v5
family-stats:kia-stonic:dvsa-2024-v2,kia-stonic,26811,3226,12.0324,2350,8.7651,876,3.2673,81.2773,78.6834,83.9447,ok,dvsa-2024-v2,motriskindex-families-2024-v5
family-stats:kia-venga:dvsa-2024-v2,kia-venga,47237,13118,27.7706,10098,21.3773,3020,6.3933,98.9678,97.5349,100.4135,ok,dvsa-2024-v2,motriskindex-families-2024-v5
family-stats:kia-xceed:dvsa-2024-v2,kia-xceed,15903,2049,12.8844,1561,9.8158,488,3.0686,101.8432,97.7980,106.0300,ok,dvsa-2024-v2,motriskindex-families-2024-v5
family-stats:land-rover-88:dvsa-2024-v2,land-rover-88,1313,384,29.2460,321,24.4478,63,4.7982,75.1526,68.9927,81.6237,low_sample,dvsa-2024-v2,motriskindex-families-2024-v5
family-stats:land-rover-defender:dvsa-2024-v2,land-rover-defender,112487,33116,29.4398,27185,24.1672,5931,5.2726,86.8128,86.0294,87.6002,ok,dvsa-2024-v2,motriskindex-families-2024-v5
family-stats:land-rover-discovery:dvsa-2024-v2,land-rover-discovery,148507,39768,26.7785,33043,22.2501,6725,4.5284,84.0884,83.3831,84.7975,ok,dvsa-2024-v2,motriskindex-families-2024-v5
family-stats:land-rover-discovery-sport:dvsa-2024-v2,land-rover-discovery-sport,116148,21364,18.3938,17168,14.7811,4196,3.6126,95.9215,94.7649,97.0889,ok,dvsa-2024-v2,motriskindex-families-2024-v5
family-stats:land-rover-discovry:dvsa-2024-v2,land-rover-discovry,1228,201,16.3681,174,14.1694,27,2.1987,132.4987,116.6008,150.0947,low_sample,dvsa-2024-v2,motriskindex-families-2024-v5
family-stats:land-rover-freelander:dvsa-2024-v2,land-rover-freelander,119704,41833,34.9470,34662,28.9564,7171,5.9906,89.6795,88.9876,90.3739,ok,dvsa-2024-v2,motriskindex-families-2024-v5
family-stats:land-rover-range-rover:dvsa-2024-v2,land-rover-range-rover,89169,19213,21.5467,16710,18.7397,2503,2.8070,70.9177,70.0335,71.8099,ok,dvsa-2024-v2,motriskindex-families-2024-v5
family-stats:land-rover-range-rover-evoque:dvsa-2024-v2,land-rover-range-rover-evoque,164629,29038,17.6384,24250,14.7301,4788,2.9084,75.5092,74.7242,76.3006,ok,dvsa-2024-v2,motriskindex-families-2024-v5
family-stats:land-rover-range-rover-sport:dvsa-2024-v2,land-rover-range-rover-sport,117761,23867,20.2673,19993,16.9776,3874,3.2897,72.5012,71.6833,73.3260,ok,dvsa-2024-v2,motriskindex-families-2024-v5
family-stats:land-rover-range-rover-velar:dvsa-2024-v2,land-rover-range-rover-velar,33337,5266,15.7963,4097,12.2896,1169,3.5066,100.3315,97.8699,102.8432,ok,dvsa-2024-v2,motriskindex-families-2024-v5
family-stats:ldv-maxus:dvsa-2024-v2,ldv-maxus,2089,958,45.8593,796,38.1044,162,7.7549,106.7068,101.7571,111.6920,low_sample,dvsa-2024-v2,motriskindex-families-2024-v5
family-stats:levc-tx:dvsa-2024-v2,levc-tx,15173,1388,9.1478,682,4.4948,706,4.6530,75.5697,71.8651,79.4450,ok,dvsa-2024-v2,motriskindex-families-2024-v5
family-stats:lexus-ct:dvsa-2024-v2,lexus-ct,31149,5176,16.6169,3542,11.3712,1634,5.2458,60.8359,59.3376,62.3644,ok,dvsa-2024-v2,motriskindex-families-2024-v5
family-stats:lexus-es:dvsa-2024-v2,lexus-es,3483,221,6.3451,152,4.3641,69,1.9811,48.4055,42.5888,54.9561,low_sample,dvsa-2024-v2,motriskindex-families-2024-v5
family-stats:lexus-gs:dvsa-2024-v2,lexus-gs,7851,1579,20.1121,1216,15.4885,363,4.6236,55.9603,53.5342,58.4678,ok,dvsa-2024-v2,motriskindex-families-2024-v5
family-stats:lexus-is:dvsa-2024-v2,lexus-is,37265,8491,22.7855,6584,17.6681,1907,5.1174,65.1429,63.9334,66.3684,ok,dvsa-2024-v2,motriskindex-families-2024-v5
family-stats:lexus-ls:dvsa-2024-v2,lexus-ls,3292,709,21.5371,584,17.7400,125,3.7971,55.8431,52.2891,59.5691,low_sample,dvsa-2024-v2,motriskindex-families-2024-v5
family-stats:lexus-nx:dvsa-2024-v2,lexus-nx,28899,2927,10.1284,1889,6.5366,1038,3.5918,55.8445,53.9557,57.7918,ok,dvsa-2024-v2,motriskindex-families-2024-v5
family-stats:lexus-rc:dvsa-2024-v2,lexus-rc,2333,226,9.6871,184,7.8868,42,1.8003,50.1469,44.2723,56.7076,low_sample,dvsa-2024-v2,motriskindex-families-2024-v5
family-stats:lexus-rx:dvsa-2024-v2,lexus-rx,36487,7006,19.2014,5328,14.6025,1678,4.5989,59.4573,58.2159,60.7188,ok,dvsa-2024-v2,motriskindex-families-2024-v5
family-stats:lexus-sc:dvsa-2024-v2,lexus-sc,1801,384,21.3215,312,17.3237,72,3.9978,50.9163,46.5473,55.5769,low_sample,dvsa-2024-v2,motriskindex-families-2024-v5
family-stats:lexus-ux:dvsa-2024-v2,lexus-ux,12773,786,6.1536,500,3.9145,286,2.2391,46.2984,43.2609,49.5342,ok,dvsa-2024-v2,motriskindex-families-2024-v5
family-stats:london-taxis-int-tx4:dvsa-2024-v2,london-taxis-int-tx4,12160,4579,37.6562,2915,23.9720,1664,13.6842,120.7363,117.9880,123.5097,ok,dvsa-2024-v2,motriskindex-families-2024-v5
family-stats:lotus-elan:dvsa-2024-v2,lotus-elan,1337,307,22.9619,273,20.4188,34,2.5430,63.9939,57.9320,70.4877,low_sample,dvsa-2024-v2,motriskindex-families-2024-v5
family-stats:lotus-elise:dvsa-2024-v2,lotus-elise,5057,724,14.3168,608,12.0229,116,2.2939,39.2014,36.6323,41.9189,ok,dvsa-2024-v2,motriskindex-families-2024-v5
family-stats:lotus-exige:dvsa-2024-v2,lotus-exige,1363,142,10.4182,117,8.5840,25,1.8342,34.0540,29.1113,39.7241,low_sample,dvsa-2024-v2,motriskindex-families-2024-v5
family-stats:maserati-ghibli:dvsa-2024-v2,maserati-ghibli,3519,611,17.3629,534,15.1748,77,2.1881,75.2577,69.9880,80.8358,low_sample,dvsa-2024-v2,motriskindex-families-2024-v5
family-stats:maserati-granturismo:dvsa-2024-v2,maserati-granturismo,1892,351,18.5518,313,16.5433,38,2.0085,53.7925,48.9002,59.0543,low_sample,dvsa-2024-v2,motriskindex-families-2024-v5
family-stats:maserati-levante:dvsa-2024-v2,maserati-levante,2651,374,14.1079,323,12.1841,51,1.9238,86.6162,78.7990,95.0712,low_sample,dvsa-2024-v2,motriskindex-families-2024-v5
family-stats:maserati-quattroporte:dvsa-2024-v2,maserati-quattroporte,1337,277,20.7180,249,18.6238,28,2.0942,61.6335,55.4247,68.3414,low_sample,dvsa-2024-v2,motriskindex-families-2024-v5
family-stats:mazda-2:dvsa-2024-v2,mazda-2,127191,38874,30.5635,31634,24.8713,7240,5.6922,100.0328,99.2061,100.8634,ok,dvsa-2024-v2,motriskindex-families-2024-v5
family-stats:mazda-3:dvsa-2024-v2,mazda-3,108560,34090,31.4020,28282,26.0520,5808,5.3500,104.4448,103.5287,105.3653,ok,dvsa-2024-v2,motriskindex-families-2024-v5
family-stats:mazda-323:dvsa-2024-v2,mazda-323,1334,561,42.0540,484,36.2819,77,5.7721,111.0881,104.1605,118.1362,low_sample,dvsa-2024-v2,motriskindex-families-2024-v5
family-stats:mazda-5:dvsa-2024-v2,mazda-5,10518,5025,47.7752,4247,40.3784,778,7.3968,122.3679,119.9253,124.8146,ok,dvsa-2024-v2,motriskindex-families-2024-v5
family-stats:mazda-6:dvsa-2024-v2,mazda-6,61959,18791,30.3281,15609,25.1925,3182,5.1357,100.3395,99.1460,101.5410,ok,dvsa-2024-v2,motriskindex-families-2024-v5
family-stats:mazda-b:dvsa-2024-v2,mazda-b,1632,675,41.3603,550,33.7010,125,7.6593,100.8835,95.1116,106.7544,low_sample,dvsa-2024-v2,motriskindex-families-2024-v5
family-stats:mazda-bongo:dvsa-2024-v2,mazda-bongo,10295,4678,45.4395,4108,39.9029,570,5.5367,123.3187,120.7135,125.9332,ok,dvsa-2024-v2,motriskindex-families-2024-v5
family-stats:mazda-cx-3:dvsa-2024-v2,mazda-cx-3,25438,3726,14.6474,2967,11.6637,759,2.9837,75.9847,73.7583,78.2664,ok,dvsa-2024-v2,motriskindex-families-2024-v5
family-stats:mazda-cx-30:dvsa-2024-v2,mazda-cx-30,14963,1250,8.3539,883,5.9012,367,2.4527,66.0490,62.6276,69.6393,ok,dvsa-2024-v2,motriskindex-families-2024-v5
family-stats:mazda-cx-5:dvsa-2024-v2,mazda-cx-5,66597,12344,18.5354,10202,15.3190,2142,3.2164,88.1279,86.7333,89.5398,ok,dvsa-2024-v2,motriskindex-families-2024-v5
family-stats:mazda-cx-7:dvsa-2024-v2,mazda-cx-7,1292,556,43.0341,472,36.5325,84,6.5015,107.7111,101.0151,114.5105,low_sample,dvsa-2024-v2,motriskindex-families-2024-v5
family-stats:mazda-mx-30:dvsa-2024-v2,mazda-mx-30,2025,181,8.9383,129,6.3704,52,2.5679,72.6447,63.1672,83.3861,low_sample,dvsa-2024-v2,motriskindex-families-2024-v5
family-stats:mazda-mx-5:dvsa-2024-v2,mazda-mx-5,92610,23831,25.7326,20136,21.7428,3695,3.9898,74.0387,73.2315,74.8517,ok,dvsa-2024-v2,motriskindex-families-2024-v5
family-stats:mazda-rx-8:dvsa-2024-v2,mazda-rx-8,2921,963,32.9682,826,28.2780,137,4.6902,77.4172,73.4687,81.4708,low_sample,dvsa-2024-v2,motriskindex-families-2024-v5
family-stats:mercedes-190:dvsa-2024-v2,mercedes-190,2562,702,27.4005,584,22.7947,118,4.6058,78.9678,74.0906,84.0399,low_sample,dvsa-2024-v2,motriskindex-families-2024-v5
family-stats:mercedes-300:dvsa-2024-v2,mercedes-300,2791,651,23.3250,534,19.1329,117,4.1920,66.7405,62.3579,71.3329,low_sample,dvsa-2024-v2,motriskindex-families-2024-v5
family-stats:mercedes-a-class:dvsa-2024-v2,mercedes-a-class,331452,72305,21.8146,59319,17.8967,12986,3.9179,94.1675,93.5619,94.7758,ok,dvsa-2024-v2,motriskindex-families-2024-v5
family-stats:mercedes-b:dvsa-2024-v2,mercedes-b,1065,117,10.9859,94,8.8263,23,2.1596,74.7017,62.8716,88.4388,low_sample,dvsa-2024-v2,motriskindex-families-2024-v5
family-stats:mercedes-b-class:dvsa-2024-v2,mercedes-b-class,71436,19699,27.5757,16404,22.9632,3295,4.6125,91.7647,90.6782,92.8593,ok,dvsa-2024-v2,motriskindex-families-2024-v5
family-stats:mercedes-c-class:dvsa-2024-v2,mercedes-c-class,365590,94790,25.9280,80548,22.0323,14242,3.8956,87.4147,86.9366,87.8945,ok,dvsa-2024-v2,motriskindex-families-2024-v5
family-stats:mercedes-citan:dvsa-2024-v2,mercedes-citan,20482,8039,39.2491,5982,29.2061,2057,10.0430,181.7243,178.6376,184.8296,ok,dvsa-2024-v2,motriskindex-families-2024-v5
family-stats:mercedes-cl:dvsa-2024-v2,mercedes-cl,3060,676,22.0915,586,19.1503,90,2.9412,54.7888,51.2313,58.5199,low_sample,dvsa-2024-v2,motriskindex-families-2024-v5
family-stats:mercedes-cla:dvsa-2024-v2,mercedes-cla,63888,12348,19.3276,10331,16.1705,2017,3.1571,100.5590,98.9755,102.1617,ok,dvsa-2024-v2,motriskindex-families-2024-v5
family-stats:mercedes-clc:dvsa-2024-v2,mercedes-clc,8510,3738,43.9248,3192,37.5088,546,6.4160,106.2588,103.7152,108.8157,ok,dvsa-2024-v2,motriskindex-families-2024-v5
family-stats:mercedes-clk:dvsa-2024-v2,mercedes-clk,28446,10751,37.7944,9077,31.9096,1674,5.8848,90.0136,88.6756,91.3595,ok,dvsa-2024-v2,motriskindex-families-2024-v5
family-stats:mercedes-cls:dvsa-2024-v2,mercedes-cls,23802,6258,26.2919,5494,23.0821,764,3.2098,82.4689,80.7268,84.2350,ok,dvsa-2024-v2,motriskindex-families-2024-v5
family-stats:mercedes-e-class:dvsa-2024-v2,mercedes-e-class,229181,52770,23.0255,46284,20.1954,6486,2.8301,80.7108,80.1082,81.3166,ok,dvsa-2024-v2,motriskindex-families-2024-v5
family-stats:mercedes-eqa:dvsa-2024-v2,mercedes-eqa,5109,617,12.0767,519,10.1585,98,1.9182,99.0341,91.9394,106.5961,ok,dvsa-2024-v2,motriskindex-families-2024-v5
family-stats:mercedes-eqc:dvsa-2024-v2,mercedes-eqc,7205,1187,16.4747,1060,14.7120,127,1.7627,131.1454,124.4694,138.1059,ok,dvsa-2024-v2,motriskindex-families-2024-v5
family-stats:mercedes-g:dvsa-2024-v2,mercedes-g,1523,135,8.8641,118,7.7479,17,1.1162,60.4023,51.3671,70.8481,low_sample,dvsa-2024-v2,motriskindex-families-2024-v5
family-stats:mercedes-g-class:dvsa-2024-v2,mercedes-g-class,1396,239,17.1203,204,14.6132,35,2.5072,67.2085,59.8080,75.3173,low_sample,dvsa-2024-v2,motriskindex-families-2024-v5
family-stats:mercedes-gl:dvsa-2024-v2,mercedes-gl,3626,753,20.7667,602,16.6023,151,4.1644,61.4794,57.6632,65.4788,low_sample,dvsa-2024-v2,motriskindex-families-2024-v5
family-stats:mercedes-gla:dvsa-2024-v2,mercedes-gla,87343,13166,15.0739,10988,12.5803,2178,2.4936,81.3166,80.0448,82.6049,ok,dvsa-2024-v2,motriskindex-families-2024-v5
family-stats:mercedes-glb:dvsa-2024-v2,mercedes-glb,6885,647,9.3972,536,7.7850,111,1.6122,75.3022,69.9591,81.0082,ok,dvsa-2024-v2,motriskindex-families-2024-v5
family-stats:mercedes-glc:dvsa-2024-v2,mercedes-glc,78203,10119,12.9394,8772,11.2170,1347,1.7224,75.5764,74.2130,76.9610,ok,dvsa-2024-v2,motriskindex-families-2024-v5
family-stats:mercedes-gle:dvsa-2024-v2,mercedes-gle,30531,3865,12.6593,3361,11.0085,504,1.6508,72.3764,70.2707,74.5358,ok,dvsa-2024-v2,motriskindex-families-2024-v5
family-stats:mercedes-gls:dvsa-2024-v2,mercedes-gls,2759,374,13.5556,327,11.8521,47,1.7035,78.0617,70.9971,85.7100,low_sample,dvsa-2024-v2,motriskindex-families-2024-v5
family-stats:mercedes-gt:dvsa-2024-v2,mercedes-gt,1349,91,6.7457,81,6.0044,10,0.7413,33.4410,27.3963,40.7035,low_sample,dvsa-2024-v2,motriskindex-families-2024-v5
family-stats:mercedes-m-class:dvsa-2024-v2,mercedes-m-class,31973,9133,28.5647,7403,23.1539,1730,5.4108,77.0953,75.7659,78.4386,ok,dvsa-2024-v2,motriskindex-families-2024-v5
family-stats:mercedes-r-class:dvsa-2024-v2,mercedes-r-class,2065,654,31.6707,521,25.2300,133,6.4407,78.7222,73.8233,83.7902,low_sample,dvsa-2024-v2,motriskindex-families-2024-v5
family-stats:mercedes-s:dvsa-2024-v2,mercedes-s,1752,146,8.3333,128,7.3059,18,1.0274,67.9872,58.1576,79.3043,low_sample,dvsa-2024-v2,motriskindex-families-2024-v5
family-stats:mercedes-s-class:dvsa-2024-v2,mercedes-s-class,25541,4532,17.7440,3778,14.7919,754,2.9521,59.4303,57.8773,61.0158,ok,dvsa-2024-v2,motriskindex-families-2024-v5
family-stats:mercedes-sl:dvsa-2024-v2,mercedes-sl,21309,3641,17.0867,3088,14.4915,553,2.5951,47.5892,46.1982,49.0133,ok,dvsa-2024-v2,motriskindex-families-2024-v5
family-stats:mercedes-slc:dvsa-2024-v2,mercedes-slc,8972,1230,13.7093,1086,12.1043,144,1.6050,70.8819,67.2823,74.6421,ok,dvsa-2024-v2,motriskindex-families-2024-v5
family-stats:mercedes-slk:dvsa-2024-v2,mercedes-slk,56594,15947,28.1779,13868,24.5044,2079,3.6735,75.1708,74.1860,76.1635,ok,dvsa-2024-v2,motriskindex-families-2024-v5
family-stats:mercedes-sprinter:dvsa-2024-v2,mercedes-sprinter,21107,5828,27.6117,4740,22.4570,1088,5.1547,87.0673,85.1784,88.9819,ok,dvsa-2024-v2,motriskindex-families-2024-v5
family-stats:mercedes-v:dvsa-2024-v2,mercedes-v,2250,355,15.7778,294,13.0667,61,2.7111,98.9050,89.8294,108.7119,low_sample,dvsa-2024-v2,motriskindex-families-2024-v5
family-stats:mercedes-v-class:dvsa-2024-v2,mercedes-v-class,10642,2108,19.8083,1799,16.9047,309,2.9036,99.8833,96.1202,103.7563,ok,dvsa-2024-v2,motriskindex-families-2024-v5
family-stats:mercedes-viano:dvsa-2024-v2,mercedes-viano,5332,1853,34.7524,1519,28.4884,334,6.2641,91.4095,88.0775,94.7993,ok,dvsa-2024-v2,motriskindex-families-2024-v5
family-stats:mercedes-vito:dvsa-2024-v2,mercedes-vito,86846,28983,33.3729,23035,26.5240,5948,6.8489,117.6655,116.5623,118.7738,ok,dvsa-2024-v2,motriskindex-families-2024-v5
family-stats:mercedes-x:dvsa-2024-v2,mercedes-x,3594,740,20.5899,613,17.0562,127,3.5337,130.2871,122.1227,138.8490,low_sample,dvsa-2024-v2,motriskindex-families-2024-v5
family-stats:mg-3:dvsa-2024-v2,mg-3,21060,5055,24.0028,3891,18.4758,1164,5.5271,124.6322,121.6618,127.6518,ok,dvsa-2024-v2,motriskindex-families-2024-v5
family-stats:mg-5:dvsa-2024-v2,mg-5,8734,1243,14.2317,749,8.5757,494,5.6561,132.0823,125.4278,139.0286,ok,dvsa-2024-v2,motriskindex-families-2024-v5
family-stats:mg-6:dvsa-2024-v2,mg-6,1948,738,37.8850,629,32.2895,109,5.5955,123.2587,116.3339,130.3386,low_sample,dvsa-2024-v2,motriskindex-families-2024-v5
family-stats:mg-b:dvsa-2024-v2,mg-b,4193,767,18.2924,654,15.5974,113,2.6950,44.6856,41.8983,47.6147,low_sample,dvsa-2024-v2,motriskindex-families-2024-v5
family-stats:mg-gs:dvsa-2024-v2,mg-gs,2867,759,26.4737,577,20.1256,182,6.3481,137.6333,129.4048,146.1890,low_sample,dvsa-2024-v2,motriskindex-families-2024-v5
family-stats:mg-hs:dvsa-2024-v2,mg-hs,12820,1311,10.2262,991,7.7301,320,2.4961,83.8405,79.6376,88.2388,ok,dvsa-2024-v2,motriskindex-families-2024-v5
family-stats:mg-mgf:dvsa-2024-v2,mg-mgf,5696,1875,32.9178,1676,29.4242,199,3.4937,86.9848,83.7914,90.2391,ok,dvsa-2024-v2,motriskindex-families-2024-v5
family-stats:mg-tf:dvsa-2024-v2,mg-tf,9385,2924,31.1561,2521,26.8620,403,4.2941,75.1917,72.9493,77.4712,ok,dvsa-2024-v2,motriskindex-families-2024-v5
family-stats:mg-zr:dvsa-2024-v2,mg-zr,1988,715,35.9658,593,29.8290,122,6.1368,86.4871,81.4838,91.6207,low_sample,dvsa-2024-v2,motriskindex-families-2024-v5
family-stats:mg-zt:dvsa-2024-v2,mg-zt,2239,805,35.9536,695,31.0406,110,4.9129,86.2274,81.5218,91.0484,low_sample,dvsa-2024-v2,motriskindex-families-2024-v5
family-stats:mini-clubman:dvsa-2024-v2,mini-clubman,27383,5201,18.9935,4080,14.8998,1121,4.0938,86.1994,84.1106,88.3276,ok,dvsa-2024-v2,motriskindex-families-2024-v5
family-stats:mini-countryman:dvsa-2024-v2,mini-countryman,106827,17213,16.1130,12923,12.0971,4290,4.0158,69.2971,68.3542,70.2505,ok,dvsa-2024-v2,motriskindex-families-2024-v5
family-stats:mini-hatch:dvsa-2024-v2,mini-hatch,614057,156369,25.4649,122874,20.0102,33495,5.4547,86.0454,85.6777,86.4141,ok,dvsa-2024-v2,motriskindex-families-2024-v5
family-stats:mini-paceman:dvsa-2024-v2,mini-paceman,7910,1416,17.9014,1036,13.0973,380,4.8040,63.7057,60.7548,66.7675,ok,dvsa-2024-v2,motriskindex-families-2024-v5
family-stats:mini-roadster:dvsa-2024-v2,mini-roadster,2683,527,19.6422,401,14.9460,126,4.6962,67.2766,62.2778,72.5728,low_sample,dvsa-2024-v2,motriskindex-families-2024-v5
family-stats:mitsubishi-asx:dvsa-2024-v2,mitsubishi-asx,29479,7006,23.7661,5854,19.8582,1152,3.9079,90.3679,88.5333,92.2284,ok,dvsa-2024-v2,motriskindex-families-2024-v5
family-stats:mitsubishi-colt:dvsa-2024-v2,mitsubishi-colt,22529,10336,45.8786,7984,35.4388,2352,10.4399,110.7094,109.1410,112.2811,ok,dvsa-2024-v2,motriskindex-families-2024-v5
family-stats:mitsubishi-delica:dvsa-2024-v2,mitsubishi-delica,1342,538,40.0894,472,35.1714,66,4.9180,112.1160,104.8721,119.5181,low_sample,dvsa-2024-v2,motriskindex-families-2024-v5
family-stats:mitsubishi-eclipse:dvsa-2024-v2,mitsubishi-eclipse,9601,1366,14.2277,1054,10.9780,312,3.2497,86.1668,82.0215,90.4855,ok,dvsa-2024-v2,motriskindex-families-2024-v5
family-stats:mitsubishi-eclipse-cross:dvsa-2024-v2,mitsubishi-eclipse-cross,2605,375,14.3954,262,10.0576,113,4.3378,108.9624,99.1552,119.5634,low_sample,dvsa-2024-v2,motriskindex-families-2024-v5
family-stats:mitsubishi-grandis:dvsa-2024-v2,mitsubishi-grandis,1149,565,49.1732,454,39.5126,111,9.6606,115.7624,108.9749,122.5628,low_sample,dvsa-2024-v2,motriskindex-families-2024-v5
family-stats:mitsubishi-l200:dvsa-2024-v2,mitsubishi-l200,87555,27407,31.3026,21850,24.9557,5557,6.3469,109.2722,108.2028,110.3474,ok,dvsa-2024-v2,motriskindex-families-2024-v5
family-stats:mitsubishi-lancer:dvsa-2024-v2,mitsubishi-lancer,9907,3302,33.3300,2767,27.9297,535,5.4002,81.5834,79.3274,83.8710,ok,dvsa-2024-v2,motriskindex-families-2024-v5
family-stats:mitsubishi-mirage:dvsa-2024-v2,mitsubishi-mirage,11282,2148,19.0392,1556,13.7919,592,5.2473,79.0380,76.0744,82.0891,ok,dvsa-2024-v2,motriskindex-families-2024-v5
family-stats:mitsubishi-outlander:dvsa-2024-v2,mitsubishi-outlander,78306,17731,22.6432,14205,18.1404,3526,4.5028,97.0262,95.7759,98.2881,ok,dvsa-2024-v2,motriskindex-families-2024-v5
family-stats:mitsubishi-pajero:dvsa-2024-v2,mitsubishi-pajero,1770,591,33.3898,497,28.0791,94,5.3107,84.3003,78.8493,89.9329,low_sample,dvsa-2024-v2,motriskindex-families-2024-v5
family-stats:mitsubishi-shogun:dvsa-2024-v2,mitsubishi-shogun,26171,8097,30.9388,6788,25.9371,1309,5.0017,93.1394,91.4620,94.8336,ok,dvsa-2024-v2,motriskindex-families-2024-v5
family-stats:mitsubishi-shogun-pinin:dvsa-2024-v2,mitsubishi-shogun-pinin,1291,587,45.4686,504,39.0395,83,6.4291,108.3616,101.9297,114.8575,low_sample,dvsa-2024-v2,motriskindex-families-2024-v5
family-stats:mitsubishi-shogun-sport:dvsa-2024-v2,mitsubishi-shogun-sport,4251,1869,43.9661,1589,37.3794,280,6.5867,104.0287,100.5127,107.5705,low_sample,dvsa-2024-v2,motriskindex-families-2024-v5
family-stats:mitsubishi-space-star:dvsa-2024-v2,mitsubishi-space-star,1436,791,55.0836,695,48.3983,96,6.6852,132.7915,126.5648,138.9527,low_sample,dvsa-2024-v2,motriskindex-families-2024-v5
family-stats:morgan-4-4:dvsa-2024-v2,morgan-4-4,1930,254,13.1606,198,10.2591,56,2.9016,34.3337,30.5891,38.4601,low_sample,dvsa-2024-v2,motriskindex-families-2024-v5
family-stats:morgan-plus:dvsa-2024-v2,morgan-plus,2525,286,11.3267,235,9.3069,51,2.0198,35.2260,31.5628,39.2545,low_sample,dvsa-2024-v2,motriskindex-families-2024-v5
family-stats:morris-minor:dvsa-2024-v2,morris-minor,2090,442,21.1483,376,17.9904,66,3.1579,51.6244,47.4819,56.0254,low_sample,dvsa-2024-v2,motriskindex-families-2024-v5
family-stats:nissan-350z:dvsa-2024-v2,nissan-350z,5215,1415,27.1333,1185,22.7229,230,4.4104,66.4733,63.5588,69.4703,ok,dvsa-2024-v2,motriskindex-families-2024-v5
family-stats:nissan-370z:dvsa-2024-v2,nissan-370z,1840,269,14.6196,245,13.3152,24,1.3043,43.1366,38.5909,48.1174,low_sample,dvsa-2024-v2,motriskindex-families-2024-v5
family-stats:nissan-almera:dvsa-2024-v2,nissan-almera,14441,6466,44.7753,5120,35.4546,1346,9.3207,107.0560,105.1204,108.9982,ok,dvsa-2024-v2,motriskindex-families-2024-v5
family-stats:nissan-cube:dvsa-2024-v2,nissan-cube,2809,938,33.3927,780,27.7679,158,5.6248,92.9001,88.1140,97.8124,low_sample,dvsa-2024-v2,motriskindex-families-2024-v5
family-stats:nissan-e-nv200:dvsa-2024-v2,nissan-e-nv200,6024,1536,25.4980,1165,19.3393,371,6.1587,185.9902,178.0774,194.1309,ok,dvsa-2024-v2,motriskindex-families-2024-v5
family-stats:nissan-elgrand:dvsa-2024-v2,nissan-elgrand,13301,4251,31.9600,3658,27.5017,593,4.4583,92.7529,90.4683,95.0677,ok,dvsa-2024-v2,motriskindex-families-2024-v5
family-stats:nissan-figaro:dvsa-2024-v2,nissan-figaro,2413,907,37.5881,792,32.8222,115,4.7659,92.6685,87.9562,97.4782,low_sample,dvsa-2024-v2,motriskindex-families-2024-v5
family-stats:nissan-gt-r:dvsa-2024-v2,nissan-gt-r,2371,147,6.1999,112,4.7237,35,1.4762,19.5406,16.6989,22.8290,low_sample,dvsa-2024-v2,motriskindex-families-2024-v5
family-stats:nissan-juke:dvsa-2024-v2,nissan-juke,315198,95275,30.2270,79633,25.2644,15642,4.9626,120.2869,119.6499,120.9259,ok,dvsa-2024-v2,motriskindex-families-2024-v5
family-stats:nissan-leaf:dvsa-2024-v2,nissan-leaf,45716,8793,19.2340,7355,16.0885,1438,3.1455,103.3937,101.4654,105.3498,ok,dvsa-2024-v2,motriskindex-families-2024-v5
family-stats:nissan-micra:dvsa-2024-v2,nissan-micra,247054,89277,36.1366,68851,27.8688,20426,8.2678,106.0346,105.4794,106.5911,ok,dvsa-2024-v2,motriskindex-families-2024-v5
family-stats:nissan-navara:dvsa-2024-v2,nissan-navara,72755,23200,31.8878,19203,26.3941,3997,5.4938,126.6249,125.2840,127.9734,ok,dvsa-2024-v2,motriskindex-families-2024-v5
family-stats:nissan-note:dvsa-2024-v2,nissan-note,152487,55273,36.2477,41967,27.5217,13306,8.7260,102.6252,101.9430,103.3093,ok,dvsa-2024-v2,motriskindex-families-2024-v5
family-stats:nissan-nv200:dvsa-2024-v2,nissan-nv200,25567,11286,44.1428,8825,34.5172,2461,9.6257,155.0921,152.9568,157.2335,ok,dvsa-2024-v2,motriskindex-families-2024-v5
family-stats:nissan-nv250:dvsa-2024-v2,nissan-nv250,2271,690,30.3831,492,21.6645,198,8.7186,237.7670,223.2338,252.8187,low_sample,dvsa-2024-v2,motriskindex-families-2024-v5
family-stats:nissan-nv300:dvsa-2024-v2,nissan-nv300,2354,631,26.8054,515,21.8777,116,4.9278,171.5537,160.3503,183.2407,low_sample,dvsa-2024-v2,motriskindex-families-2024-v5
family-stats:nissan-pathfinder:dvsa-2024-v2,nissan-pathfinder,5686,2628,46.2188,2273,39.9754,355,6.2434,114.7747,111.5640,117.9981,ok,dvsa-2024-v2,motriskindex-families-2024-v5
family-stats:nissan-patrol:dvsa-2024-v2,nissan-patrol,1013,306,30.2073,246,24.2843,60,5.9230,76.2012,69.2680,83.5117,low_sample,dvsa-2024-v2,motriskindex-families-2024-v5
family-stats:nissan-pickup:dvsa-2024-v2,nissan-pickup,1297,597,46.0293,509,39.2444,88,6.7849,111.1720,104.6584,117.7423,low_sample,dvsa-2024-v2,motriskindex-families-2024-v5
family-stats:nissan-pixo:dvsa-2024-v2,nissan-pixo,11513,4179,36.2981,3088,26.8219,1091,9.4762,92.3079,90.0861,94.5529,ok,dvsa-2024-v2,motriskindex-families-2024-v5
family-stats:nissan-primastar:dvsa-2024-v2,nissan-primastar,8819,4700,53.2940,4020,45.5834,680,7.7106,131.4327,128.8617,133.9966,ok,dvsa-2024-v2,motriskindex-families-2024-v5
family-stats:nissan-primera:dvsa-2024-v2,nissan-primera,3222,1434,44.5065,1147,35.5990,287,8.9075,109.4994,105.2960,113.7350,low_sample,dvsa-2024-v2,motriskindex-families-2024-v5
family-stats:nissan-pulsar:dvsa-2024-v2,nissan-pulsar,21130,5723,27.0847,4998,23.6536,725,3.4311,113.8953,111.3932,116.4324,ok,dvsa-2024-v2,motriskindex-families-2024-v5
family-stats:nissan-qashqai:dvsa-2024-v2,nissan-qashqai,556607,175605,31.5492,149660,26.8879,25945,4.6613,118.1576,117.7008,118.6153,ok,dvsa-2024-v2,motriskindex-families-2024-v5
family-stats:nissan-serena:dvsa-2024-v2,nissan-serena,2527,624,24.6933,482,19.0740,142,5.6193,77.7034,72.5361,83.1124,low_sample,dvsa-2024-v2,motriskindex-families-2024-v5
family-stats:nissan-skyline:dvsa-2024-v2,nissan-skyline,2071,277,13.3752,221,10.6712,56,2.7040,36.2856,32.4918,40.4473,low_sample,dvsa-2024-v2,motriskindex-families-2024-v5
family-stats:nissan-terrano:dvsa-2024-v2,nissan-terrano,1462,622,42.5445,533,36.4569,89,6.0876,104.2767,98.1208,110.5284,low_sample,dvsa-2024-v2,motriskindex-families-2024-v5
family-stats:nissan-x-trail:dvsa-2024-v2,nissan-x-trail,91761,27339,29.7937,23898,26.0437,3441,3.7500,112.6296,111.5141,113.7515,ok,dvsa-2024-v2,motriskindex-families-2024-v5
family-stats:perodua-myvi:dvsa-2024-v2,perodua-myvi,1954,624,31.9345,477,24.4115,147,7.5230,80.8591,75.7190,86.1788,low_sample,dvsa-2024-v2,motriskindex-families-2024-v5
family-stats:peugeot-1007:dvsa-2024-v2,peugeot-1007,1983,800,40.3429,645,32.5265,155,7.8164,92.8640,87.9412,97.8727,low_sample,dvsa-2024-v2,motriskindex-families-2024-v5
family-stats:peugeot-106:dvsa-2024-v2,peugeot-106,5029,2220,44.1440,1878,37.3434,342,6.8006,115.0225,111.4595,118.6088,ok,dvsa-2024-v2,motriskindex-families-2024-v5
family-stats:peugeot-107:dvsa-2024-v2,peugeot-107,113663,43063,37.8866,33974,29.8901,9089,7.9964,98.2103,97.4804,98.9425,ok,dvsa-2024-v2,motriskindex-families-2024-v5
family-stats:peugeot-108:dvsa-2024-v2,peugeot-108,76962,13757,17.8751,10841,14.0862,2916,3.7889,81.9049,80.6719,83.1525,ok,dvsa-2024-v2,motriskindex-families-2024-v5
family-stats:peugeot-2008:dvsa-2024-v2,peugeot-2008,132103,34445,26.0744,26138,19.7861,8307,6.2883,128.5204,127.3568,129.6908,ok,dvsa-2024-v2,motriskindex-families-2024-v5
family-stats:peugeot-205:dvsa-2024-v2,peugeot-205,3363,1066,31.6979,882,26.2266,184,5.4713,92.2906,87.7748,96.9280,low_sample,dvsa-2024-v2,motriskindex-families-2024-v5
family-stats:peugeot-206:dvsa-2024-v2,peugeot-206,45114,21596,47.8698,17468,38.7197,4128,9.1502,113.9424,112.8456,115.0400,ok,dvsa-2024-v2,motriskindex-families-2024-v5
family-stats:peugeot-207:dvsa-2024-v2,peugeot-207,135810,67826,49.9418,53955,39.7283,13871,10.2135,123.4392,122.7819,124.0965,ok,dvsa-2024-v2,motriskindex-families-2024-v5
family-stats:peugeot-208:dvsa-2024-v2,peugeot-208,207436,60095,28.9704,46771,22.5472,13324,6.4232,119.5453,118.7414,120.3525,ok,dvsa-2024-v2,motriskindex-families-2024-v5
family-stats:peugeot-3008:dvsa-2024-v2,peugeot-3008,140943,40488,28.7265,32596,23.1271,7892,5.5994,121.9386,120.9383,122.9438,ok,dvsa-2024-v2,motriskindex-families-2024-v5
family-stats:peugeot-306:dvsa-2024-v2,peugeot-306,4111,1732,42.1309,1490,36.2442,242,5.8866,111.3510,107.3829,115.3579,low_sample,dvsa-2024-v2,motriskindex-families-2024-v5
family-stats:peugeot-307:dvsa-2024-v2,peugeot-307,29477,15093,51.2026,12404,42.0803,2689,9.1224,119.7710,118.4359,121.1053,ok,dvsa-2024-v2,motriskindex-families-2024-v5
family-stats:peugeot-308:dvsa-2024-v2,peugeot-308,133166,47768,35.8710,38847,29.1719,8921,6.6992,119.8215,118.9624,120.6833,ok,dvsa-2024-v2,motriskindex-families-2024-v5
family-stats:peugeot-4007:dvsa-2024-v2,peugeot-4007,1367,638,46.6715,539,39.4294,99,7.2421,112.5706,106.2230,118.9631,low_sample,dvsa-2024-v2,motriskindex-families-2024-v5
family-stats:peugeot-406:dvsa-2024-v2,peugeot-406,3046,1365,44.8129,1151,37.7873,214,7.0256,113.1141,108.6755,117.5857,low_sample,dvsa-2024-v2,motriskindex-families-2024-v5
family-stats:peugeot-407:dvsa-2024-v2,peugeot-407,8915,4138,46.4162,3413,38.2838,725,8.1324,109.1171,106.6875,111.5539,ok,dvsa-2024-v2,motriskindex-families-2024-v5
family-stats:peugeot-5008:dvsa-2024-v2,peugeot-5008,35613,10690,30.0171,8585,24.1064,2105,5.9108,140.1549,137.9424,142.3875,ok,dvsa-2024-v2,motriskindex-families-2024-v5
family-stats:peugeot-508:dvsa-2024-v2,peugeot-508,18837,5377,28.5449,4436,23.5494,941,4.9955,105.4170,103.0515,107.8148,ok,dvsa-2024-v2,motriskindex-families-2024-v5
family-stats:peugeot-bipper:dvsa-2024-v2,peugeot-bipper,19709,8376,42.4984,6933,35.1768,1443,7.3215,126.6640,124.6116,128.7252,ok,dvsa-2024-v2,motriskindex-families-2024-v5
family-stats:peugeot-boxer:dvsa-2024-v2,peugeot-boxer,52288,14222,27.1994,11347,21.7010,2875,5.4984,82.7535,81.5982,83.9190,ok,dvsa-2024-v2,motriskindex-families-2024-v5
family-stats:peugeot-e7:dvsa-2024-v2,peugeot-e7,1173,460,39.2157,383,32.6513,77,6.5644,138.5556,128.8235,148.5364,low_sample,dvsa-2024-v2,motriskindex-families-2024-v5
family-stats:peugeot-expert:dvsa-2024-v2,peugeot-expert,55227,18549,33.5868,14228,25.7628,4321,7.8241,128.7199,127.2147,130.2338,ok,dvsa-2024-v2,motriskindex-families-2024-v5
family-stats:peugeot-partner:dvsa-2024-v2,peugeot-partner,153919,58156,37.7835,42713,27.7503,15443,10.0332,145.5550,144.6231,146.4893,ok,dvsa-2024-v2,motriskindex-families-2024-v5
family-stats:peugeot-rcz:dvsa-2024-v2,peugeot-rcz,10827,3774,34.8573,3038,28.0595,736,6.7978,101.3254,98.7323,103.9498,ok,dvsa-2024-v2,motriskindex-families-2024-v5
family-stats:peugeot-rifter:dvsa-2024-v2,peugeot-rifter,8266,1589,19.2233,1037,12.5454,552,6.6780,137.5131,131.5390,143.6917,ok,dvsa-2024-v2,motriskindex-families-2024-v5
family-stats:peugeot-traveller:dvsa-2024-v2,peugeot-traveller,1656,386,23.3092,299,18.0556,87,5.2536,137.7369,126.0771,150.1269,low_sample,dvsa-2024-v2,motriskindex-families-2024-v5
family-stats:polestar-polestar:dvsa-2024-v2,polestar-polestar,5886,665,11.2980,594,10.0917,71,1.2063,96.1675,89.4972,103.2674,ok,dvsa-2024-v2,motriskindex-families-2024-v5
family-stats:porsche-911:dvsa-2024-v2,porsche-911,50378,6085,12.0787,5108,10.1393,977,1.9393,35.7744,34.9402,36.6259,ok,dvsa-2024-v2,motriskindex-families-2024-v5
family-stats:porsche-944:dvsa-2024-v2,porsche-944,2252,571,25.3552,481,21.3588,90,3.9964,73.4371,68.3575,78.7598,low_sample,dvsa-2024-v2,motriskindex-families-2024-v5
family-stats:porsche-boxster:dvsa-2024-v2,porsche-boxster,32363,5701,17.6158,4944,15.2767,757,2.3391,48.4630,47.3317,49.6154,ok,dvsa-2024-v2,motriskindex-families-2024-v5
family-stats:porsche-cayenne:dvsa-2024-v2,porsche-cayenne,30161,4758,15.7753,3866,12.8179,892,2.9575,57.3237,55.8447,58.8344,ok,dvsa-2024-v2,motriskindex-families-2024-v5
family-stats:porsche-cayman:dvsa-2024-v2,porsche-cayman,14370,1645,11.4475,1391,9.6799,254,1.7676,37.3107,35.6475,39.0411,ok,dvsa-2024-v2,motriskindex-families-2024-v5
family-stats:porsche-macan:dvsa-2024-v2,porsche-macan,30095,2753,9.1477,2256,7.4963,497,1.6514,48.4569,46.7590,50.2099,ok,dvsa-2024-v2,motriskindex-families-2024-v5
family-stats:porsche-panamera:dvsa-2024-v2,porsche-panamera,7148,913,12.7728,829,11.5976,84,1.1752,50.8599,47.8581,54.0209,ok,dvsa-2024-v2,motriskindex-families-2024-v5
family-stats:porsche-taycan:dvsa-2024-v2,porsche-taycan,6213,573,9.2226,528,8.4983,45,0.7243,73.0400,67.5397,78.9393,ok,dvsa-2024-v2,motriskindex-families-2024-v5
family-stats:renault-arkana:dvsa-2024-v2,renault-arkana,1861,177,9.5110,124,6.6631,53,2.8479,82.7758,71.8906,95.1128,low_sample,dvsa-2024-v2,motriskindex-families-2024-v5
family-stats:renault-captur:dvsa-2024-v2,renault-captur,154861,34330,22.1683,28179,18.1963,6151,3.9719,105.0705,104.0932,106.0543,ok,dvsa-2024-v2,motriskindex-families-2024-v5
family-stats:renault-clio:dvsa-2024-v2,renault-clio,323880,138635,42.8044,117397,36.2471,21238,6.5574,136.1495,135.6078,136.6918,ok,dvsa-2024-v2,motriskindex-families-2024-v5
family-stats:renault-espace:dvsa-2024-v2,renault-espace,1455,711,48.8660,625,42.9553,86,5.9107,118.3014,112.0986,124.5186,low_sample,dvsa-2024-v2,motriskindex-families-2024-v5
family-stats:renault-g:dvsa-2024-v2,renault-g,1897,927,48.8666,782,41.2230,145,7.6436,151.1261,144.1834,158.0829,low_sample,dvsa-2024-v2,motriskindex-families-2024-v5
family-stats:renault-grand-espace:dvsa-2024-v2,renault-grand-espace,1596,745,46.6792,642,40.2256,103,6.4536,112.7463,106.8607,118.6704,low_sample,dvsa-2024-v2,motriskindex-families-2024-v5
family-stats:renault-grand-modus:dvsa-2024-v2,renault-grand-modus,3063,1479,48.2860,1252,40.8750,227,7.4110,118.9278,114.5771,123.2891,low_sample,dvsa-2024-v2,motriskindex-families-2024-v5
family-stats:renault-grand-scenic:dvsa-2024-v2,renault-grand-scenic,21240,9919,46.6996,8256,38.8701,1663,7.8296,135.7405,133.7921,137.6923,ok,dvsa-2024-v2,motriskindex-families-2024-v5
family-stats:renault-kadjar:dvsa-2024-v2,renault-kadjar,68977,15662,22.7061,12394,17.9683,3268,4.7378,119.2787,117.6443,120.9290,ok,dvsa-2024-v2,motriskindex-families-2024-v5
family-stats:renault-kangoo:dvsa-2024-v2,renault-kangoo,56323,25796,45.8001,21312,37.8389,4484,7.9612,141.4524,140.1825,142.7241,ok,dvsa-2024-v2,motriskindex-families-2024-v5
family-stats:renault-koleos:dvsa-2024-v2,renault-koleos,4163,1045,25.1021,870,20.8984,175,4.2037,107.8894,102.3286,113.6476,low_sample,dvsa-2024-v2,motriskindex-families-2024-v5
family-stats:renault-laguna:dvsa-2024-v2,renault-laguna,9316,4209,45.1803,3520,37.7845,689,7.3959,109.9168,107.4634,112.3798,ok,dvsa-2024-v2,motriskindex-families-2024-v5
family-stats:renault-master:dvsa-2024-v2,renault-master,15309,5135,33.5424,4221,27.5720,914,5.9703,103.0423,100.7577,105.3524,ok,dvsa-2024-v2,motriskindex-families-2024-v5
family-stats:renault-megane:dvsa-2024-v2,renault-megane,103379,47254,45.7095,39740,38.4411,7514,7.2684,131.0010,130.1312,131.8718,ok,dvsa-2024-v2,motriskindex-families-2024-v5
family-stats:renault-modus:dvsa-2024-v2,renault-modus,12021,5995,49.8711,5069,42.1679,926,7.7032,118.5782,116.4534,120.7032,ok,dvsa-2024-v2,motriskindex-families-2024-v5
family-stats:renault-scenic:dvsa-2024-v2,renault-scenic,40449,17907,44.2706,14965,36.9972,2942,7.2734,122.0804,120.7471,123.4167,ok,dvsa-2024-v2,motriskindex-families-2024-v5
family-stats:renault-trafic:dvsa-2024-v2,renault-trafic,108132,45159,41.7628,38390,35.5029,6769,6.2599,147.5518,146.5143,148.5914,ok,dvsa-2024-v2,motriskindex-families-2024-v5
family-stats:renault-twingo:dvsa-2024-v2,renault-twingo,25011,9552,38.1912,8331,33.3093,1221,4.8819,116.6958,114.8616,118.5411,ok,dvsa-2024-v2,motriskindex-families-2024-v5
family-stats:renault-wind:dvsa-2024-v2,renault-wind,2065,822,39.8063,720,34.8668,102,4.9395,102.4151,97.0366,107.8910,low_sample,dvsa-2024-v2,motriskindex-families-2024-v5
family-stats:renault-zoe:dvsa-2024-v2,renault-zoe,22018,4938,22.4271,4191,19.0344,747,3.3927,136.3491,133.0289,139.7277,ok,dvsa-2024-v2,motriskindex-families-2024-v5
family-stats:rolls-royce-silver:dvsa-2024-v2,rolls-royce-silver,1626,249,15.3137,206,12.6691,43,2.6445,42.1777,37.5822,47.2236,low_sample,dvsa-2024-v2,motriskindex-families-2024-v5
family-stats:rover-25:dvsa-2024-v2,rover-25,3223,1218,37.7909,977,30.3134,241,7.4775,91.3518,87.3427,95.4311,low_sample,dvsa-2024-v2,motriskindex-families-2024-v5
family-stats:rover-45:dvsa-2024-v2,rover-45,2003,884,44.1338,749,37.3939,135,6.7399,106.7550,101.5270,112.0373,low_sample,dvsa-2024-v2,motriskindex-families-2024-v5
family-stats:rover-75:dvsa-2024-v2,rover-75,7540,3154,41.8302,2772,36.7639,382,5.0663,101.1984,98.5155,103.9015,ok,dvsa-2024-v2,motriskindex-families-2024-v5
family-stats:rover-mini:dvsa-2024-v2,rover-mini,10968,3140,28.6287,2759,25.1550,381,3.4737,80.2878,77.9366,82.6809,ok,dvsa-2024-v2,motriskindex-families-2024-v5
family-stats:saab-9-3:dvsa-2024-v2,saab-9-3,37861,13915,36.7529,11860,31.3251,2055,5.4277,87.5189,86.3657,88.6785,ok,dvsa-2024-v2,motriskindex-families-2024-v5
family-stats:saab-9-5:dvsa-2024-v2,saab-9-5,7998,2882,36.0340,2351,29.3948,531,6.6392,86.2477,83.7458,88.7816,ok,dvsa-2024-v2,motriskindex-families-2024-v5
family-stats:saab-900:dvsa-2024-v2,saab-900,2305,807,35.0108,689,29.8915,118,5.1193,101.5774,96.0042,107.2954,low_sample,dvsa-2024-v2,motriskindex-families-2024-v5
family-stats:seat-alhambra:dvsa-2024-v2,seat-alhambra,27380,7075,25.8400,5943,21.7056,1132,4.1344,101.2335,99.2154,103.2781,ok,dvsa-2024-v2,motriskindex-families-2024-v5
family-stats:seat-altea:dvsa-2024-v2,seat-altea,14538,6030,41.4775,4907,33.7529,1123,7.7246,105.7937,103.7569,107.8419,ok,dvsa-2024-v2,motriskindex-families-2024-v5
family-stats:seat-arona:dvsa-2024-v2,seat-arona,50672,7581,14.9609,6373,12.5770,1208,2.3840,102.2445,100.1402,104.3851,ok,dvsa-2024-v2,motriskindex-families-2024-v5
family-stats:seat-arosa:dvsa-2024-v2,seat-arosa,2025,844,41.6790,664,32.7901,180,8.8889,102.9847,97.7225,108.3248,low_sample,dvsa-2024-v2,motriskindex-families-2024-v5
family-stats:seat-ateca:dvsa-2024-v2,seat-ateca,47498,5586,11.7605,4558,9.5962,1028,2.1643,73.1231,71.3409,74.9436,ok,dvsa-2024-v2,motriskindex-families-2024-v5
family-stats:seat-exeo:dvsa-2024-v2,seat-exeo,4823,1733,35.9320,1421,29.4630,312,6.4690,93.8908,90.3830,97.4571,low_sample,dvsa-2024-v2,motriskindex-families-2024-v5
family-stats:seat-ibiza:dvsa-2024-v2,seat-ibiza,194276,66286,34.1195,54628,28.1188,11658,6.0007,120.5988,119.8547,121.3451,ok,dvsa-2024-v2,motriskindex-families-2024-v5
family-stats:seat-leon:dvsa-2024-v2,seat-leon,188729,44024,23.3266,35877,19.0098,8147,4.3168,91.8972,91.1476,92.6510,ok,dvsa-2024-v2,motriskindex-families-2024-v5
family-stats:seat-mii:dvsa-2024-v2,seat-mii,18865,4201,22.2688,3228,17.1111,973,5.1577,86.0270,83.7553,88.3422,ok,dvsa-2024-v2,motriskindex-families-2024-v5
family-stats:seat-taracco:dvsa-2024-v2,seat-taracco,1663,215,12.9284,189,11.3650,26,1.5634,102.2930,90.2067,115.7314,low_sample,dvsa-2024-v2,motriskindex-families-2024-v5
family-stats:seat-tarraco:dvsa-2024-v2,seat-tarraco,7569,1117,14.7576,941,12.4323,176,2.3253,104.9613,99.4054,110.7716,ok,dvsa-2024-v2,motriskindex-families-2024-v5
family-stats:seat-toledo:dvsa-2024-v2,seat-toledo,5976,1849,30.9404,1530,25.6024,319,5.3380,113.0104,108.7756,117.3347,ok,dvsa-2024-v2,motriskindex-families-2024-v5
family-stats:skoda-citigo:dvsa-2024-v2,skoda-citigo,52407,10785,20.5793,7858,14.9942,2927,5.5851,80.8104,79.4597,82.1780,ok,dvsa-2024-v2,motriskindex-families-2024-v5
family-stats:skoda-enyaq:dvsa-2024-v2,skoda-enyaq,4348,579,13.3165,494,11.3615,85,1.9549,118.7204,110.0050,128.0132,low_sample,dvsa-2024-v2,motriskindex-families-2024-v5
family-stats:skoda-fabia:dvsa-2024-v2,skoda-fabia,233548,69501,29.7588,56505,24.1942,12996,5.5646,99.8106,99.1898,100.4337,ok,dvsa-2024-v2,motriskindex-families-2024-v5
family-stats:skoda-kamiq:dvsa-2024-v2,skoda-kamiq,16381,1780,10.8662,1482,9.0471,298,1.8192,85.3368,81.6657,89.1519,ok,dvsa-2024-v2,motriskindex-families-2024-v5
family-stats:skoda-karoq:dvsa-2024-v2,skoda-karoq,53001,5605,10.5753,4444,8.3847,1161,2.1905,72.2925,70.5222,74.1018,ok,dvsa-2024-v2,motriskindex-families-2024-v5
family-stats:skoda-kodiaq:dvsa-2024-v2,skoda-kodiaq,37481,4462,11.9047,3699,9.8690,763,2.0357,77.1489,75.0495,79.2990,ok,dvsa-2024-v2,motriskindex-families-2024-v5
family-stats:skoda-octavia:dvsa-2024-v2,skoda-octavia,205251,49669,24.1992,40633,19.7967,9036,4.4024,89.6619,88.9771,90.3502,ok,dvsa-2024-v2,motriskindex-families-2024-v5
family-stats:skoda-rapid:dvsa-2024-v2,skoda-rapid,22303,5846,26.2117,4861,21.7953,985,4.4164,102.8217,100.5738,105.1018,ok,dvsa-2024-v2,motriskindex-families-2024-v5
family-stats:skoda-roomster:dvsa-2024-v2,skoda-roomster,18403,6468,35.1464,5313,28.8703,1155,6.2762,96.2558,94.3754,98.1533,ok,dvsa-2024-v2,motriskindex-families-2024-v5
family-stats:skoda-scala:dvsa-2024-v2,skoda-scala,7954,948,11.9185,827,10.3973,121,1.5212,90.8893,85.5989,96.4601,ok,dvsa-2024-v2,motriskindex-families-2024-v5
family-stats:skoda-superb:dvsa-2024-v2,skoda-superb,65281,14493,22.2009,12290,18.8263,2203,3.3746,95.3208,93.9590,96.6967,ok,dvsa-2024-v2,motriskindex-families-2024-v5
family-stats:skoda-yeti:dvsa-2024-v2,skoda-yeti,75713,17708,23.3883,14687,19.3983,3021,3.9901,80.9380,79.8992,81.9861,ok,dvsa-2024-v2,motriskindex-families-2024-v5
family-stats:smart-city-review-c3a2a143:dvsa-2024-v2,smart-city-review-c3a2a143,4878,2009,41.1849,1607,32.9438,402,8.2411,98.5906,95.3021,101.9122,low_sample,dvsa-2024-v2,motriskindex-families-2024-v5
family-stats:smart-eq:dvsa-2024-v2,smart-eq,2569,292,11.3663,214,8.3301,78,3.0362,89.8250,80.5777,99.9841,low_sample,dvsa-2024-v2,motriskindex-families-2024-v5
family-stats:smart-forfour:dvsa-2024-v2,smart-forfour,23936,6593,27.5443,5177,21.6285,1416,5.9158,115.0405,112.6920,117.4192,ok,dvsa-2024-v2,motriskindex-families-2024-v5
family-stats:smart-fortwo:dvsa-2024-v2,smart-fortwo,51770,14779,28.5474,11414,22.0475,3365,6.4999,87.5701,86.3816,88.7684,ok,dvsa-2024-v2,motriskindex-families-2024-v5
family-stats:smart-roadster-review-389672ba:dvsa-2024-v2,smart-roadster-review-389672ba,1584,481,30.3662,402,25.3788,79,4.9874,72.3456,67.0689,77.8486,low_sample,dvsa-2024-v2,motriskindex-families-2024-v5
family-stats:ssangyong-korando:dvsa-2024-v2,ssangyong-korando,8242,2742,33.2686,2200,26.6926,542,6.5761,146.1260,141.6932,150.6274,ok,dvsa-2024-v2,motriskindex-families-2024-v5
family-stats:ssangyong-musso:dvsa-2024-v2,ssangyong-musso,2366,855,36.1369,751,31.7413,104,4.3956,227.7561,215.7066,240.0889,low_sample,dvsa-2024-v2,motriskindex-families-2024-v5
family-stats:ssangyong-rexton:dvsa-2024-v2,ssangyong-rexton,3553,1208,33.9994,1065,29.9747,143,4.0248,139.5936,133.2723,146.0568,low_sample,dvsa-2024-v2,motriskindex-families-2024-v5
family-stats:ssangyong-rodius:dvsa-2024-v2,ssangyong-rodius,2791,1105,39.5915,902,32.3182,203,7.2734,164.1875,156.7275,171.7661,low_sample,dvsa-2024-v2,motriskindex-families-2024-v5
family-stats:ssangyong-tivoli:dvsa-2024-v2,ssangyong-tivoli,7218,2079,28.8030,1590,22.0283,489,6.7747,144.6109,139.4235,149.9116,ok,dvsa-2024-v2,motriskindex-families-2024-v5
family-stats:subaru-forester:dvsa-2024-v2,subaru-forester,16244,4760,29.3031,3901,24.0150,859,5.2881,92.8138,90.6125,95.0461,ok,dvsa-2024-v2,motriskindex-families-2024-v5
family-stats:subaru-impreza:dvsa-2024-v2,subaru-impreza,17962,4555,25.3591,3745,20.8496,810,4.5095,63.2968,61.7219,64.8979,ok,dvsa-2024-v2,motriskindex-families-2024-v5
family-stats:subaru-legacy:dvsa-2024-v2,subaru-legacy,5265,1945,36.9421,1612,30.6173,333,6.3248,93.9489,90.6587,97.2876,ok,dvsa-2024-v2,motriskindex-families-2024-v5
family-stats:subaru-outback:dvsa-2024-v2,subaru-outback,7550,1886,24.9801,1528,20.2384,358,4.7417,87.5796,84.2012,91.0472,ok,dvsa-2024-v2,motriskindex-families-2024-v5
family-stats:subaru-wrx:dvsa-2024-v2,subaru-wrx,1832,202,11.0262,163,8.8974,39,2.1288,39.7003,34.8268,45.1611,low_sample,dvsa-2024-v2,motriskindex-families-2024-v5
family-stats:subaru-xv:dvsa-2024-v2,subaru-xv,6682,1238,18.5274,980,14.6663,258,3.8611,83.5067,79.3899,87.7866,ok,dvsa-2024-v2,motriskindex-families-2024-v5
family-stats:suzuki-alto:dvsa-2024-v2,suzuki-alto,48032,16623,34.6082,12286,25.5788,4337,9.0294,98.9908,97.7775,100.2112,ok,dvsa-2024-v2,motriskindex-families-2024-v5
family-stats:suzuki-baleno:dvsa-2024-v2,suzuki-baleno,6753,1732,25.6479,1432,21.2054,300,4.4425,128.4377,123.2922,133.7218,ok,dvsa-2024-v2,motriskindex-families-2024-v5
family-stats:suzuki-carry:dvsa-2024-v2,suzuki-carry,3835,1676,43.7027,1395,36.3755,281,7.3272,106.0729,102.2797,109.8967,low_sample,dvsa-2024-v2,motriskindex-families-2024-v5
family-stats:suzuki-celerio:dvsa-2024-v2,suzuki-celerio,27563,4236,15.3684,2710,9.8320,1526,5.5364,70.0071,68.0896,71.9686,ok,dvsa-2024-v2,motriskindex-families-2024-v5
family-stats:suzuki-grand-vitara:dvsa-2024-v2,suzuki-grand-vitara,21104,8019,37.9975,6562,31.0936,1457,6.9039,93.4804,91.8748,95.0967,ok,dvsa-2024-v2,motriskindex-families-2024-v5
family-stats:suzuki-ignis:dvsa-2024-v2,suzuki-ignis,30234,5994,19.8254,4692,15.5190,1302,4.3064,91.7740,89.7115,93.8720,ok,dvsa-2024-v2,motriskindex-families-2024-v5
family-stats:suzuki-jimny:dvsa-2024-v2,suzuki-jimny,24069,7422,30.8363,6213,25.8133,1209,5.0231,87.9867,86.3308,89.6601,ok,dvsa-2024-v2,motriskindex-families-2024-v5
family-stats:suzuki-liana:dvsa-2024-v2,suzuki-liana,1220,596,48.8525,505,41.3934,91,7.4590,115.0906,108.5013,121.6970,low_sample,dvsa-2024-v2,motriskindex-families-2024-v5
family-stats:suzuki-splash:dvsa-2024-v2,suzuki-splash,17616,6595,37.4376,5507,31.2614,1088,6.1762,102.8355,100.8801,104.8059,ok,dvsa-2024-v2,motriskindex-families-2024-v5
family-stats:suzuki-swace:dvsa-2024-v2,suzuki-swace,1728,164,9.4907,127,7.3495,37,2.1412,81.9443,70.7765,94.6637,low_sample,dvsa-2024-v2,motriskindex-families-2024-v5
family-stats:suzuki-swift:dvsa-2024-v2,suzuki-swift,136007,37775,27.7743,27917,20.5261,9858,7.2482,97.6491,96.8144,98.4882,ok,dvsa-2024-v2,motriskindex-families-2024-v5
family-stats:suzuki-sx4:dvsa-2024-v2,suzuki-sx4,39278,11802,30.0474,9688,24.6652,2114,5.3821,98.3281,96.8508,99.8182,ok,dvsa-2024-v2,motriskindex-families-2024-v5
family-stats:suzuki-sx4-s-cross:dvsa-2024-v2,suzuki-sx4-s-cross,2356,206,8.7436,99,4.2020,107,4.5416,70.0659,61.4554,79.7528,low_sample,dvsa-2024-v2,motriskindex-families-2024-v5
family-stats:suzuki-vitara:dvsa-2024-v2,suzuki-vitara,66554,10021,15.0569,6750,10.1421,3271,4.9148,79.9158,78.4844,81.3686,ok,dvsa-2024-v2,motriskindex-families-2024-v5
family-stats:suzuki-wagon-r:dvsa-2024-v2,suzuki-wagon-r,7689,3514,45.7017,2919,37.9633,595,7.7383,109.5696,106.9058,112.2436,ok,dvsa-2024-v2,motriskindex-families-2024-v5
family-stats:talbot-express:dvsa-2024-v2,talbot-express,5326,2489,46.7330,2165,40.6496,324,6.0834,135.4457,131.5703,139.3348,ok,dvsa-2024-v2,motriskindex-families-2024-v5
family-stats:tesla-model-3:dvsa-2024-v2,tesla-model-3,67619,10871,16.0768,9874,14.6024,997,1.4744,124.6871,122.5548,126.8493,ok,dvsa-2024-v2,motriskindex-families-2024-v5
family-stats:tesla-model-s:dvsa-2024-v2,tesla-model-s,10782,2163,20.0612,1946,18.0486,217,2.0126,97.6923,94.0635,101.4249,ok,dvsa-2024-v2,motriskindex-families-2024-v5
family-stats:tesla-model-x:dvsa-2024-v2,tesla-model-x,6113,1205,19.7121,1124,18.3870,81,1.3250,116.6666,110.8775,122.6809,ok,dvsa-2024-v2,motriskindex-families-2024-v5
family-stats:tesla-model-y:dvsa-2024-v2,tesla-model-y,1759,163,9.2666,142,8.0728,21,1.1939,116.4050,100.4798,134.5602,low_sample,dvsa-2024-v2,motriskindex-families-2024-v5
family-stats:toyota-alphard:dvsa-2024-v2,toyota-alphard,10637,2889,27.1599,2398,22.5440,491,4.6160,79.8262,77.3664,82.3345,ok,dvsa-2024-v2,motriskindex-families-2024-v5
family-stats:toyota-auris:dvsa-2024-v2,toyota-auris,153778,42301,27.5078,29313,19.0619,12988,8.4459,88.1340,87.4207,88.8509,ok,dvsa-2024-v2,motriskindex-families-2024-v5
family-stats:toyota-avensis:dvsa-2024-v2,toyota-avensis,63111,21423,33.9450,16236,25.7261,5187,8.2189,91.5704,90.5765,92.5697,ok,dvsa-2024-v2,motriskindex-families-2024-v5
family-stats:toyota-aygo:dvsa-2024-v2,toyota-aygo,261695,63543,24.2813,48785,18.6419,14758,5.6394,89.2660,88.6635,89.8714,ok,dvsa-2024-v2,motriskindex-families-2024-v5
family-stats:toyota-c-hr:dvsa-2024-v2,toyota-c-hr,86481,12101,13.9927,7721,8.9280,4380,5.0647,90.6255,89.1384,92.1334,ok,dvsa-2024-v2,motriskindex-families-2024-v5
family-stats:toyota-camry:dvsa-2024-v2,toyota-camry,1736,237,13.6521,185,10.6567,52,2.9954,63.1877,56.0827,71.0357,low_sample,dvsa-2024-v2,motriskindex-families-2024-v5
family-stats:toyota-celica:dvsa-2024-v2,toyota-celica,9463,3642,38.4867,3073,32.4738,569,6.0129,95.1757,92.7633,97.6111,ok,dvsa-2024-v2,motriskindex-families-2024-v5
family-stats:toyota-corolla:dvsa-2024-v2,toyota-corolla,117437,29345,24.9879,20818,17.7270,8527,7.2609,92.6763,91.7609,93.5977,ok,dvsa-2024-v2,motriskindex-families-2024-v5
family-stats:toyota-estima:dvsa-2024-v2,toyota-estima,17626,4137,23.4710,2959,16.7877,1178,6.6833,73.1605,71.2284,75.1287,ok,dvsa-2024-v2,motriskindex-families-2024-v5
family-stats:toyota-gr:dvsa-2024-v2,toyota-gr,3214,218,6.7828,181,5.6316,37,1.1512,54.6591,48.0612,62.0885,low_sample,dvsa-2024-v2,motriskindex-families-2024-v5
family-stats:toyota-granvia:dvsa-2024-v2,toyota-granvia,1185,435,36.7089,352,29.7046,83,7.0042,96.7365,89.6282,104.0711,low_sample,dvsa-2024-v2,motriskindex-families-2024-v5
family-stats:toyota-gt86:dvsa-2024-v2,toyota-gt86,6631,1084,16.3475,867,13.0750,217,3.2725,59.2765,56.1198,62.5744,ok,dvsa-2024-v2,motriskindex-families-2024-v5
family-stats:toyota-hiace:dvsa-2024-v2,toyota-hiace,14396,5136,35.6766,4010,27.8550,1126,7.8216,87.4875,85.5781,89.4156,ok,dvsa-2024-v2,motriskindex-families-2024-v5
family-stats:toyota-hilux:dvsa-2024-v2,toyota-hilux,71998,22252,30.9064,17738,24.6368,4514,6.2696,114.3130,113.0683,115.5652,ok,dvsa-2024-v2,motriskindex-families-2024-v5
family-stats:toyota-iq:dvsa-2024-v2,toyota-iq,16909,4194,24.8034,3070,18.1560,1124,6.6473,63.9804,62.3161,65.6742,ok,dvsa-2024-v2,motriskindex-families-2024-v5
family-stats:toyota-land-cruiser:dvsa-2024-v2,toyota-land-cruiser,21287,6198,29.1164,5100,23.9583,1098,5.1581,81.4748,79.7777,83.1930,ok,dvsa-2024-v2,motriskindex-families-2024-v5
family-stats:toyota-mr2:dvsa-2024-v2,toyota-mr2,10265,3369,32.8203,2960,28.8358,409,3.9844,82.9215,80.6431,85.2324,ok,dvsa-2024-v2,motriskindex-families-2024-v5
family-stats:toyota-previa:dvsa-2024-v2,toyota-previa,4479,2031,45.3449,1582,35.3204,449,10.0246,112.7647,109.1505,116.3988,low_sample,dvsa-2024-v2,motriskindex-families-2024-v5
family-stats:toyota-prius:dvsa-2024-v2,toyota-prius,157318,34623,22.0083,21086,13.4034,13537,8.6049,79.9723,79.2308,80.7187,ok,dvsa-2024-v2,motriskindex-families-2024-v5
family-stats:toyota-proace:dvsa-2024-v2,toyota-proace,12904,3848,29.8202,2741,21.2415,1107,8.5787,168.5173,164.0912,173.0113,ok,dvsa-2024-v2,motriskindex-families-2024-v5
family-stats:toyota-rav4:dvsa-2024-v2,toyota-rav4,130592,30314,23.2128,23487,17.9850,6827,5.2277,81.1840,80.3859,81.9876,ok,dvsa-2024-v2,motriskindex-families-2024-v5
family-stats:toyota-starlet:dvsa-2024-v2,toyota-starlet,3215,1085,33.7481,899,27.9627,186,5.7854,97.5066,92.8426,102.2827,low_sample,dvsa-2024-v2,motriskindex-families-2024-v5
family-stats:toyota-supra:dvsa-2024-v2,toyota-supra,2091,248,11.8604,201,9.6126,47,2.2477,39.4729,35.0918,44.3196,low_sample,dvsa-2024-v2,motriskindex-families-2024-v5
family-stats:toyota-urban-cruiser:dvsa-2024-v2,toyota-urban-cruiser,3864,1165,30.1501,888,22.9814,277,7.1687,76.2643,72.6555,79.9728,low_sample,dvsa-2024-v2,motriskindex-families-2024-v5
family-stats:toyota-vellfire:dvsa-2024-v2,toyota-vellfire,2402,358,14.9042,298,12.4063,60,2.4979,40.8793,37.1268,44.9393,low_sample,dvsa-2024-v2,motriskindex-families-2024-v5
family-stats:toyota-verso:dvsa-2024-v2,toyota-verso,27910,8013,28.7101,5560,19.9212,2453,8.7890,90.5868,88.9214,92.2707,ok,dvsa-2024-v2,motriskindex-families-2024-v5
family-stats:toyota-vitz:dvsa-2024-v2,toyota-vitz,1767,303,17.1477,218,12.3373,85,4.8104,53.1693,47.9423,58.8383,low_sample,dvsa-2024-v2,motriskindex-families-2024-v5
family-stats:toyota-voxy:dvsa-2024-v2,toyota-voxy,1755,270,15.3846,198,11.2821,72,4.1026,60.4607,54.1245,67.3912,low_sample,dvsa-2024-v2,motriskindex-families-2024-v5
family-stats:toyota-yaris:dvsa-2024-v2,toyota-yaris,459781,125653,27.3289,90745,19.7366,34908,7.5923,89.7571,89.3346,90.1808,ok,dvsa-2024-v2,motriskindex-families-2024-v5
family-stats:triumph-stag:dvsa-2024-v2,triumph-stag,1267,240,18.9424,203,16.0221,37,2.9203,46.2779,41.2389,51.7757,low_sample,dvsa-2024-v2,motriskindex-families-2024-v5
family-stats:tvr-chimaera:dvsa-2024-v2,tvr-chimaera,2421,357,14.7460,297,12.2677,60,2.4783,42.1384,38.2620,46.3340,low_sample,dvsa-2024-v2,motriskindex-families-2024-v5
family-stats:vauxhall-adam:dvsa-2024-v2,vauxhall-adam,59025,17708,30.0008,14776,25.0335,2932,4.9674,119.4958,118.0285,120.9735,ok,dvsa-2024-v2,motriskindex-families-2024-v5
family-stats:vauxhall-agila:dvsa-2024-v2,vauxhall-agila,35326,13617,38.5467,11279,31.9283,2338,6.6184,100.0236,98.7099,101.3437,ok,dvsa-2024-v2,motriskindex-families-2024-v5
family-stats:vauxhall-ampera:dvsa-2024-v2,vauxhall-ampera,1175,351,29.8723,317,26.9787,34,2.8936,92.5869,84.6894,100.8909,low_sample,dvsa-2024-v2,motriskindex-families-2024-v5
family-stats:vauxhall-antara:dvsa-2024-v2,vauxhall-antara,20568,9270,45.0700,7377,35.8664,1893,9.2036,135.0358,133.0013,137.0757,ok,dvsa-2024-v2,motriskindex-families-2024-v5
family-stats:vauxhall-astra:dvsa-2024-v2,vauxhall-astra,636078,218063,34.2824,175566,27.6013,42497,6.6811,104.4816,104.1264,104.8374,ok,dvsa-2024-v2,motriskindex-families-2024-v5
family-stats:vauxhall-astravan:dvsa-2024-v2,vauxhall-astravan,7830,3546,45.2874,2945,37.6117,601,7.6756,108.1899,105.5621,110.8288,ok,dvsa-2024-v2,motriskindex-families-2024-v5
family-stats:vauxhall-cascada:dvsa-2024-v2,vauxhall-cascada,2822,674,23.8838,575,20.3756,99,3.5082,85.1066,79.6298,90.8364,low_sample,dvsa-2024-v2,motriskindex-families-2024-v5
family-stats:vauxhall-cavalier:dvsa-2024-v2,vauxhall-cavalier,1082,283,26.1553,232,21.4418,51,4.7135,75.5312,68.2221,83.3276,low_sample,dvsa-2024-v2,motriskindex-families-2024-v5
family-stats:vauxhall-combo:dvsa-2024-v2,vauxhall-combo,105066,41537,39.5342,33238,31.6354,8299,7.8988,145.5671,144.4799,146.6570,ok,dvsa-2024-v2,motriskindex-families-2024-v5
family-stats:vauxhall-corsa:dvsa-2024-v2,vauxhall-corsa,824643,309300,37.5071,244297,29.6246,65003,7.8826,118.7233,118.3927,119.0542,ok,dvsa-2024-v2,motriskindex-families-2024-v5
family-stats:vauxhall-corsavan:dvsa-2024-v2,vauxhall-corsavan,3683,1756,47.6785,1413,38.3655,343,9.3131,118.2811,114.2874,122.2867,low_sample,dvsa-2024-v2,motriskindex-families-2024-v5
family-stats:vauxhall-crossland:dvsa-2024-v2,vauxhall-crossland,67658,10089,14.9118,8273,12.2277,1816,2.6841,103.1844,101.3409,105.0555,ok,dvsa-2024-v2,motriskindex-families-2024-v5
family-stats:vauxhall-grandland:dvsa-2024-v2,vauxhall-grandland,69131,9925,14.3568,7945,11.4927,1980,2.8641,97.9651,96.1950,99.7623,ok,dvsa-2024-v2,motriskindex-families-2024-v5
family-stats:vauxhall-insignia:dvsa-2024-v2,vauxhall-insignia,199814,63683,31.8711,51985,26.0167,11698,5.8544,108.2773,107.5844,108.9726,ok,dvsa-2024-v2,motriskindex-families-2024-v5
family-stats:vauxhall-meriva:dvsa-2024-v2,vauxhall-meriva,91310,33757,36.9697,27968,30.6297,5789,6.3399,104.9413,104.0541,105.8316,ok,dvsa-2024-v2,motriskindex-families-2024-v5
family-stats:vauxhall-mokka:dvsa-2024-v2,vauxhall-mokka,233293,66679,28.5817,53754,23.0414,12925,5.5402,126.3328,125.5240,127.1447,ok,dvsa-2024-v2,motriskindex-families-2024-v5
family-stats:vauxhall-movano:dvsa-2024-v2,vauxhall-movano,4473,1723,38.5200,1434,32.0590,289,6.4610,124.7364,120.1520,129.3847,low_sample,dvsa-2024-v2,motriskindex-families-2024-v5
family-stats:vauxhall-omega:dvsa-2024-v2,vauxhall-omega,1080,373,34.5370,324,30.0000,49,4.5370,86.0472,79.1295,93.2379,low_sample,dvsa-2024-v2,motriskindex-families-2024-v5
family-stats:vauxhall-signum:dvsa-2024-v2,vauxhall-signum,1157,499,43.1288,435,37.5972,64,5.5315,100.2073,93.6403,106.8799,low_sample,dvsa-2024-v2,motriskindex-families-2024-v5
family-stats:vauxhall-tigra:dvsa-2024-v2,vauxhall-tigra,6713,3214,47.8773,2780,41.4122,434,6.4651,112.0511,109.2579,114.8499,ok,dvsa-2024-v2,motriskindex-families-2024-v5
family-stats:vauxhall-vectra:dvsa-2024-v2,vauxhall-vectra,29528,13360,45.2452,11313,38.3128,2047,6.9324,105.8962,104.5689,107.2263,ok,dvsa-2024-v2,motriskindex-families-2024-v5
family-stats:vauxhall-viva:dvsa-2024-v2,vauxhall-viva,38341,6813,17.7695,5163,13.4660,1650,4.3035,83.4984,81.7157,85.3116,ok,dvsa-2024-v2,motriskindex-families-2024-v5
family-stats:vauxhall-vivaro:dvsa-2024-v2,vauxhall-vivaro,183293,79600,43.4277,67339,36.7384,12261,6.6893,151.8583,151.0653,152.6522,ok,dvsa-2024-v2,motriskindex-families-2024-v5
family-stats:vauxhall-zafira:dvsa-2024-v2,vauxhall-zafira,200253,77149,38.5258,61615,30.7686,15534,7.7572,112.3137,111.6929,112.9357,ok,dvsa-2024-v2,motriskindex-families-2024-v5
family-stats:volkswagen-amarok:dvsa-2024-v2,volkswagen-amarok,20324,4885,24.0356,3959,19.4794,926,4.5562,103.1404,100.6407,105.6822,ok,dvsa-2024-v2,motriskindex-families-2024-v5
family-stats:volkswagen-arteon:dvsa-2024-v2,volkswagen-arteon,7958,1075,13.5084,969,12.1764,106,1.3320,89.3712,84.5189,94.4565,ok,dvsa-2024-v2,motriskindex-families-2024-v5
family-stats:volkswagen-beetle:dvsa-2024-v2,volkswagen-beetle,44170,18530,41.9516,16016,36.2599,2514,5.6916,115.1115,113.8506,116.3761,ok,dvsa-2024-v2,motriskindex-families-2024-v5
family-stats:volkswagen-bora:dvsa-2024-v2,volkswagen-bora,5376,2247,41.7969,1816,33.7798,431,8.0171,100.4931,97.3382,103.6761,ok,dvsa-2024-v2,motriskindex-families-2024-v5
family-stats:volkswagen-caddy:dvsa-2024-v2,volkswagen-caddy,148609,46879,31.5452,38213,25.7138,8666,5.8314,109.0469,108.2318,109.8653,ok,dvsa-2024-v2,motriskindex-families-2024-v5
family-stats:volkswagen-california:dvsa-2024-v2,volkswagen-california,10101,1784,17.6616,1557,15.4143,227,2.2473,75.9589,72.8135,79.2101,ok,dvsa-2024-v2,motriskindex-families-2024-v5
family-stats:volkswagen-caravelle:dvsa-2024-v2,volkswagen-caravelle,18657,6493,34.8020,5663,30.3532,830,4.4487,106.4245,104.3441,108.5241,ok,dvsa-2024-v2,motriskindex-families-2024-v5
family-stats:volkswagen-cc:dvsa-2024-v2,volkswagen-cc,13925,3784,27.1741,3265,23.4470,519,3.7271,90.0394,87.6123,92.5083,ok,dvsa-2024-v2,motriskindex-families-2024-v5
family-stats:volkswagen-corrado:dvsa-2024-v2,volkswagen-corrado,1188,308,25.9259,261,21.9697,47,3.9562,75.4515,68.4331,82.9215,low_sample,dvsa-2024-v2,motriskindex-families-2024-v5
family-stats:volkswagen-crafter:dvsa-2024-v2,volkswagen-crafter,5407,1537,28.4261,1259,23.2846,278,5.1415,94.9068,90.9449,98.9710,ok,dvsa-2024-v2,motriskindex-families-2024-v5
family-stats:volkswagen-e-golf:dvsa-2024-v2,volkswagen-e-golf,6530,897,13.7366,777,11.8989,120,1.8377,95.1062,89.4729,101.0347,ok,dvsa-2024-v2,motriskindex-families-2024-v5
family-stats:volkswagen-e-up:dvsa-2024-v2,volkswagen-e-up,1535,130,8.4691,98,6.3844,32,2.0847,67.8998,57.5470,79.9150,low_sample,dvsa-2024-v2,motriskindex-families-2024-v5
family-stats:volkswagen-eos:dvsa-2024-v2,volkswagen-eos,12204,4383,35.9145,3800,31.1373,583,4.7771,88.0427,85.9673,90.1399,ok,dvsa-2024-v2,motriskindex-families-2024-v5
family-stats:volkswagen-fox:dvsa-2024-v2,volkswagen-fox,26107,12618,48.3319,10347,39.6330,2271,8.6988,116.0411,114.5864,117.4970,ok,dvsa-2024-v2,motriskindex-families-2024-v5
family-stats:volkswagen-golf:dvsa-2024-v2,volkswagen-golf,829934,224786,27.0848,186371,22.4561,38415,4.6287,85.8258,85.5232,86.1291,ok,dvsa-2024-v2,motriskindex-families-2024-v5
family-stats:volkswagen-id-3:dvsa-2024-v2,volkswagen-id-3,16521,1645,9.9570,1370,8.2925,275,1.6645,80.9054,77.2707,84.6914,ok,dvsa-2024-v2,motriskindex-families-2024-v5
family-stats:volkswagen-id-4:dvsa-2024-v2,volkswagen-id-4,6382,716,11.2191,565,8.8530,151,2.3660,97.5358,91.0059,104.4713,ok,dvsa-2024-v2,motriskindex-families-2024-v5
family-stats:volkswagen-jetta:dvsa-2024-v2,volkswagen-jetta,13327,4736,35.5369,3970,29.7891,766,5.7477,96.4891,94.2943,98.7065,ok,dvsa-2024-v2,motriskindex-families-2024-v5
family-stats:volkswagen-lt:dvsa-2024-v2,volkswagen-lt,2513,1111,44.2101,961,38.2411,150,5.9690,111.1617,106.3053,116.0627,low_sample,dvsa-2024-v2,motriskindex-families-2024-v5
family-stats:volkswagen-lupo:dvsa-2024-v2,volkswagen-lupo,5995,2415,40.2836,2008,33.4946,407,6.7890,98.5971,95.5745,101.6503,ok,dvsa-2024-v2,motriskindex-families-2024-v5
family-stats:volkswagen-multivan:dvsa-2024-v2,volkswagen-multivan,1496,237,15.8422,138,9.2246,99,6.6176,112.1816,99.7009,125.9014,low_sample,dvsa-2024-v2,motriskindex-families-2024-v5
family-stats:volkswagen-passat:dvsa-2024-v2,volkswagen-passat,190397,55018,28.8965,46069,24.1963,8949,4.7002,92.4000,91.7503,93.0525,ok,dvsa-2024-v2,motriskindex-families-2024-v5
family-stats:volkswagen-polo:dvsa-2024-v2,volkswagen-polo,595422,204526,34.3498,167790,28.1800,36736,6.1697,111.6412,111.2495,112.0336,ok,dvsa-2024-v2,motriskindex-families-2024-v5
family-stats:volkswagen-scirocco:dvsa-2024-v2,volkswagen-scirocco,47500,14764,31.0821,12328,25.9537,2436,5.1284,95.5651,94.2901,96.8494,ok,dvsa-2024-v2,motriskindex-families-2024-v5
family-stats:volkswagen-sharan:dvsa-2024-v2,volkswagen-sharan,36851,9081,24.6425,7280,19.7552,1801,4.8872,96.4745,94.7623,98.2073,ok,dvsa-2024-v2,motriskindex-families-2024-v5
family-stats:volkswagen-t-cross:dvsa-2024-v2,volkswagen-t-cross,23830,2516,10.5581,2145,9.0013,371,1.5569,79.2342,76.3537,82.2102,ok,dvsa-2024-v2,motriskindex-families-2024-v5
family-stats:volkswagen-t-roc:dvsa-2024-v2,volkswagen-t-roc,76126,6815,8.9523,5354,7.0331,1461,1.9192,62.4375,61.0374,63.8665,ok,dvsa-2024-v2,motriskindex-families-2024-v5
family-stats:volkswagen-tiguan:dvsa-2024-v2,volkswagen-tiguan,240949,43188,17.9241,36969,15.3431,6219,2.5810,80.7651,80.0773,81.4575,ok,dvsa-2024-v2,motriskindex-families-2024-v5
family-stats:volkswagen-touareg:dvsa-2024-v2,volkswagen-touareg,37782,8924,23.6197,7672,20.3060,1252,3.3137,83.4627,81.9588,84.9856,ok,dvsa-2024-v2,motriskindex-families-2024-v5
family-stats:volkswagen-touran:dvsa-2024-v2,volkswagen-touran,73577,23764,32.2981,19697,26.7706,4067,5.5275,97.0345,96.0221,98.0523,ok,dvsa-2024-v2,motriskindex-families-2024-v5
family-stats:volkswagen-transporter:dvsa-2024-v2,volkswagen-transporter,306287,98372,32.1176,82860,27.0531,15512,5.0645,105.6707,105.1274,106.2155,ok,dvsa-2024-v2,motriskindex-families-2024-v5
family-stats:volkswagen-up:dvsa-2024-v2,volkswagen-up,124718,25245,20.2417,18917,15.1678,6328,5.0738,78.4526,77.5919,79.3204,ok,dvsa-2024-v2,motriskindex-families-2024-v5
family-stats:volvo-240:dvsa-2024-v2,volvo-240,1311,472,36.0031,415,31.6552,57,4.3478,103.2320,95.9088,110.7897,low_sample,dvsa-2024-v2,motriskindex-families-2024-v5
family-stats:volvo-800:dvsa-2024-v2,volvo-800,1788,680,38.0313,573,32.0470,107,5.9843,109.7792,103.3644,116.3422,low_sample,dvsa-2024-v2,motriskindex-families-2024-v5
family-stats:volvo-900:dvsa-2024-v2,volvo-900,3112,1163,37.3715,997,32.0373,166,5.3342,108.7867,103.8869,113.7772,low_sample,dvsa-2024-v2,motriskindex-families-2024-v5
family-stats:volvo-c30:dvsa-2024-v2,volvo-c30,22664,9385,41.4093,7820,34.5041,1565,6.9052,103.3678,101.7708,104.9721,ok,dvsa-2024-v2,motriskindex-families-2024-v5
family-stats:volvo-c70:dvsa-2024-v2,volvo-c70,7712,3165,41.0399,2716,35.2178,449,5.8221,99.1632,96.5219,101.8261,ok,dvsa-2024-v2,motriskindex-families-2024-v5
family-stats:volvo-s40:dvsa-2024-v2,volvo-s40,18102,7813,43.1610,6586,36.3827,1227,6.7783,104.6105,102.8654,106.3627,ok,dvsa-2024-v2,motriskindex-families-2024-v5
family-stats:volvo-s60:dvsa-2024-v2,volvo-s60,20268,5829,28.7596,4673,23.0560,1156,5.7036,90.4524,88.5052,92.4248,ok,dvsa-2024-v2,motriskindex-families-2024-v5
family-stats:volvo-s80:dvsa-2024-v2,volvo-s80,7070,2274,32.1641,1736,24.5545,538,7.6096,82.7665,79.9902,85.5926,ok,dvsa-2024-v2,motriskindex-families-2024-v5
family-stats:volvo-s90:dvsa-2024-v2,volvo-s90,7633,1014,13.2844,902,11.8171,112,1.4673,78.5285,74.1364,83.1389,ok,dvsa-2024-v2,motriskindex-families-2024-v5
family-stats:volvo-v40:dvsa-2024-v2,volvo-v40,98785,26784,27.1134,23283,23.5694,3501,3.5441,108.1311,107.0290,109.2402,ok,dvsa-2024-v2,motriskindex-families-2024-v5
family-stats:volvo-v50:dvsa-2024-v2,volvo-v50,29883,13523,45.2532,11703,39.1627,1820,6.0904,110.3695,108.9947,111.7473,ok,dvsa-2024-v2,motriskindex-families-2024-v5
family-stats:volvo-v60:dvsa-2024-v2,volvo-v60,40098,8845,22.0585,7526,18.7690,1319,3.2894,92.3045,90.6174,94.0139,ok,dvsa-2024-v2,motriskindex-families-2024-v5
family-stats:volvo-v70:dvsa-2024-v2,volvo-v70,41482,15500,37.3656,12710,30.6398,2790,6.7258,95.4213,94.2355,96.6131,ok,dvsa-2024-v2,motriskindex-families-2024-v5
family-stats:volvo-v90:dvsa-2024-v2,volvo-v90,14705,2362,16.0626,2131,14.4917,231,1.5709,96.3110,92.8057,99.9226,ok,dvsa-2024-v2,motriskindex-families-2024-v5
family-stats:volvo-xc40:dvsa-2024-v2,volvo-xc40,72342,7076,9.7813,6022,8.3243,1054,1.4570,71.6686,70.0981,73.2704,ok,dvsa-2024-v2,motriskindex-families-2024-v5
family-stats:volvo-xc60:dvsa-2024-v2,volvo-xc60,113027,22070,19.5263,18514,16.3802,3556,3.1462,83.3998,82.4172,84.3913,ok,dvsa-2024-v2,motriskindex-families-2024-v5
family-stats:volvo-xc70:dvsa-2024-v2,volvo-xc70,17373,5429,31.2496,4500,25.9023,929,5.3474,85.1904,83.3229,87.0806,ok,dvsa-2024-v2,motriskindex-families-2024-v5
family-stats:volvo-xc90:dvsa-2024-v2,volvo-xc90,71826,18851,26.2454,15653,21.7929,3198,4.4524,95.4089,94.2438,96.5832,ok,dvsa-2024-v2,motriskindex-families-2024-v5
