claim_id,family,defect_group,n,initial_tests_2024,failure_items_per_100_tests,national_failure_items_per_100_tests,excess_pp,over_representation_ratio,confidence,source_data_release_id,dataset_release_id
fail-group:abarth-500:dvsa-2024-v2:lamps-reflectors-and-electrical-equipment,abarth-500,"Lamps, reflectors and electrical equipment",1115,5446,20.4737,18.0899,2.3839,1.1318,low_sample,dvsa-2024-v2,motriskindex-families-2024-v5
fail-group:abarth-500:dvsa-2024-v2:suspension,abarth-500,Suspension,1224,5446,22.4752,15.3574,7.1179,1.4635,low_sample,dvsa-2024-v2,motriskindex-families-2024-v5
fail-group:abarth-595:dvsa-2024-v2:lamps-reflectors-and-electrical-equipment,abarth-595,"Lamps, reflectors and electrical equipment",1256,20681,6.0732,18.0899,-12.0167,0.3357,low_sample,dvsa-2024-v2,motriskindex-families-2024-v5
fail-group:abarth-595:dvsa-2024-v2:suspension,abarth-595,Suspension,2082,20681,10.0672,15.3574,-5.2901,0.6555,low_sample,dvsa-2024-v2,motriskindex-families-2024-v5
fail-group:abarth-595:dvsa-2024-v2:brakes,abarth-595,Brakes,1100,20681,5.3189,11.2525,-5.9336,0.4727,low_sample,dvsa-2024-v2,motriskindex-families-2024-v5
fail-group:abarth-595:dvsa-2024-v2:visibility,abarth-595,Visibility,1006,20681,4.8644,8.3959,-3.5315,0.5794,low_sample,dvsa-2024-v2,motriskindex-families-2024-v5
fail-group:abarth-595:dvsa-2024-v2:tyres,abarth-595,Tyres,1781,20681,8.6118,8.7011,-0.0894,0.9897,low_sample,dvsa-2024-v2,motriskindex-families-2024-v5
fail-group:alfa-romeo-159:dvsa-2024-v2:suspension,alfa-romeo-159,Suspension,1190,3404,34.9589,15.3574,19.6015,2.2764,low_sample,dvsa-2024-v2,motriskindex-families-2024-v5
fail-group:alfa-romeo-giulietta:dvsa-2024-v2:lamps-reflectors-and-electrical-equipment,alfa-romeo-giulietta,"Lamps, reflectors and electrical equipment",5501,25728,21.3814,18.0899,3.2915,1.1820,ok,dvsa-2024-v2,motriskindex-families-2024-v5
fail-group:alfa-romeo-giulietta:dvsa-2024-v2:suspension,alfa-romeo-giulietta,Suspension,4489,25728,17.4479,15.3574,2.0906,1.1361,low_sample,dvsa-2024-v2,motriskindex-families-2024-v5
fail-group:alfa-romeo-giulietta:dvsa-2024-v2:brakes,alfa-romeo-giulietta,Brakes,2452,25728,9.5305,11.2525,-1.7220,0.8470,low_sample,dvsa-2024-v2,motriskindex-families-2024-v5
fail-group:alfa-romeo-giulietta:dvsa-2024-v2:visibility,alfa-romeo-giulietta,Visibility,1899,25728,7.3811,8.3959,-1.0148,0.8791,low_sample,dvsa-2024-v2,motriskindex-families-2024-v5
fail-group:alfa-romeo-giulietta:dvsa-2024-v2:tyres,alfa-romeo-giulietta,Tyres,3289,25728,12.7837,8.7011,4.0826,1.4692,low_sample,dvsa-2024-v2,motriskindex-families-2024-v5
fail-group:alfa-romeo-mito:dvsa-2024-v2:lamps-reflectors-and-electrical-equipment,alfa-romeo-mito,"Lamps, reflectors and electrical equipment",4060,19157,21.1933,18.0899,3.1034,1.1716,low_sample,dvsa-2024-v2,motriskindex-families-2024-v5
fail-group:alfa-romeo-mito:dvsa-2024-v2:suspension,alfa-romeo-mito,Suspension,3672,19157,19.1679,15.3574,3.8106,1.2481,low_sample,dvsa-2024-v2,motriskindex-families-2024-v5
fail-group:alfa-romeo-mito:dvsa-2024-v2:brakes,alfa-romeo-mito,Brakes,3567,19157,18.6198,11.2525,7.3674,1.6547,low_sample,dvsa-2024-v2,motriskindex-families-2024-v5
fail-group:alfa-romeo-mito:dvsa-2024-v2:visibility,alfa-romeo-mito,Visibility,1700,19157,8.8740,8.3959,0.4781,1.0570,low_sample,dvsa-2024-v2,motriskindex-families-2024-v5
fail-group:alfa-romeo-mito:dvsa-2024-v2:tyres,alfa-romeo-mito,Tyres,2111,19157,11.0195,8.7011,2.3183,1.2664,low_sample,dvsa-2024-v2,motriskindex-families-2024-v5
fail-group:alfa-romeo-mito:dvsa-2024-v2:body-chassis-structure,alfa-romeo-mito,"Body, chassis, structure",1480,19157,7.7256,5.8011,1.9245,1.3317,low_sample,dvsa-2024-v2,motriskindex-families-2024-v5
fail-group:alfa-romeo-mito:dvsa-2024-v2:noise-emissions-and-leaks,alfa-romeo-mito,"Noise, emissions and leaks",1330,19157,6.9426,3.6688,3.2738,1.8923,low_sample,dvsa-2024-v2,motriskindex-families-2024-v5
fail-group:alfa-romeo-mito:dvsa-2024-v2:steering,alfa-romeo-mito,Steering,1486,19157,7.7570,3.4692,4.2878,2.2360,low_sample,dvsa-2024-v2,motriskindex-families-2024-v5
fail-group:audi-a1:dvsa-2024-v2:lamps-reflectors-and-electrical-equipment,audi-a1,"Lamps, reflectors and electrical equipment",14622,222692,6.5660,18.0899,-11.5239,0.3630,ok,dvsa-2024-v2,motriskindex-families-2024-v5
fail-group:audi-a1:dvsa-2024-v2:suspension,audi-a1,Suspension,27148,222692,12.1908,15.3574,-3.1665,0.7938,ok,dvsa-2024-v2,motriskindex-families-2024-v5
fail-group:audi-a1:dvsa-2024-v2:brakes,audi-a1,Brakes,15671,222692,7.0371,11.2525,-4.2154,0.6254,ok,dvsa-2024-v2,motriskindex-families-2024-v5
fail-group:audi-a1:dvsa-2024-v2:visibility,audi-a1,Visibility,11474,222692,5.1524,8.3959,-3.2435,0.6137,ok,dvsa-2024-v2,motriskindex-families-2024-v5
fail-group:audi-a1:dvsa-2024-v2:tyres,audi-a1,Tyres,22235,222692,9.9846,8.7011,1.2835,1.1475,ok,dvsa-2024-v2,motriskindex-families-2024-v5
fail-group:audi-a1:dvsa-2024-v2:body-chassis-structure,audi-a1,"Body, chassis, structure",6755,222692,3.0333,5.8011,-2.7678,0.5229,ok,dvsa-2024-v2,motriskindex-families-2024-v5
fail-group:audi-a1:dvsa-2024-v2:noise-emissions-and-leaks,audi-a1,"Noise, emissions and leaks",4815,222692,2.1622,3.6688,-1.5066,0.5893,low_sample,dvsa-2024-v2,motriskindex-families-2024-v5
fail-group:audi-a1:dvsa-2024-v2:steering,audi-a1,Steering,4001,222692,1.7967,3.4692,-1.6725,0.5179,low_sample,dvsa-2024-v2,motriskindex-families-2024-v5
fail-group:audi-a1:dvsa-2024-v2:seat-belts-and-supplementary-restraint-systems,audi-a1,Seat belts and supplementary restraint systems,1456,222692,0.6538,1.0195,-0.3657,0.6413,low_sample,dvsa-2024-v2,motriskindex-families-2024-v5
fail-group:audi-a2:dvsa-2024-v2:lamps-reflectors-and-electrical-equipment,audi-a2,"Lamps, reflectors and electrical equipment",2360,6353,37.1478,18.0899,19.0579,2.0535,low_sample,dvsa-2024-v2,motriskindex-families-2024-v5
fail-group:audi-a2:dvsa-2024-v2:suspension,audi-a2,Suspension,2290,6353,36.0460,15.3574,20.6886,2.3471,low_sample,dvsa-2024-v2,motriskindex-families-2024-v5
fail-group:audi-a2:dvsa-2024-v2:brakes,audi-a2,Brakes,2066,6353,32.5201,11.2525,21.2676,2.8900,low_sample,dvsa-2024-v2,motriskindex-families-2024-v5
fail-group:audi-a3:dvsa-2024-v2:lamps-reflectors-and-electrical-equipment,audi-a3,"Lamps, reflectors and electrical equipment",54348,389739,13.9447,18.0899,-4.1452,0.7709,ok,dvsa-2024-v2,motriskindex-families-2024-v5
fail-group:audi-a3:dvsa-2024-v2:suspension,audi-a3,Suspension,63898,389739,16.3951,15.3574,1.0377,1.0676,ok,dvsa-2024-v2,motriskindex-families-2024-v5
fail-group:audi-a3:dvsa-2024-v2:brakes,audi-a3,Brakes,38085,389739,9.7719,11.2525,-1.4805,0.8684,ok,dvsa-2024-v2,motriskindex-families-2024-v5
fail-group:audi-a3:dvsa-2024-v2:visibility,audi-a3,Visibility,29585,389739,7.5910,8.3959,-0.8049,0.9041,ok,dvsa-2024-v2,motriskindex-families-2024-v5
fail-group:audi-a3:dvsa-2024-v2:tyres,audi-a3,Tyres,40660,389739,10.4326,8.7011,1.7315,1.1990,ok,dvsa-2024-v2,motriskindex-families-2024-v5
fail-group:audi-a3:dvsa-2024-v2:body-chassis-structure,audi-a3,"Body, chassis, structure",26497,389739,6.7987,5.8011,0.9975,1.1720,ok,dvsa-2024-v2,motriskindex-families-2024-v5
fail-group:audi-a3:dvsa-2024-v2:noise-emissions-and-leaks,audi-a3,"Noise, emissions and leaks",14132,389739,3.6260,3.6688,-0.0428,0.9883,ok,dvsa-2024-v2,motriskindex-families-2024-v5
fail-group:audi-a3:dvsa-2024-v2:steering,audi-a3,Steering,3790,389739,0.9724,3.4692,-2.4967,0.2803,low_sample,dvsa-2024-v2,motriskindex-families-2024-v5
fail-group:audi-a3:dvsa-2024-v2:seat-belts-and-supplementary-restraint-systems,audi-a3,Seat belts and supplementary restraint systems,3809,389739,0.9773,1.0195,-0.0422,0.9587,low_sample,dvsa-2024-v2,motriskindex-families-2024-v5
fail-group:audi-a3:dvsa-2024-v2:identification-of-the-vehicle,audi-a3,Identification of the vehicle,1626,389739,0.4172,0.3643,0.0529,1.1451,low_sample,dvsa-2024-v2,motriskindex-families-2024-v5
fail-group:audi-a3:dvsa-2024-v2:road-wheels,audi-a3,Road Wheels,1496,389739,0.3838,0.4406,-0.0567,0.8713,low_sample,dvsa-2024-v2,motriskindex-families-2024-v5
fail-group:audi-a4:dvsa-2024-v2:lamps-reflectors-and-electrical-equipment,audi-a4,"Lamps, reflectors and electrical equipment",35884,244118,14.6994,18.0899,-3.3904,0.8126,ok,dvsa-2024-v2,motriskindex-families-2024-v5
fail-group:audi-a4:dvsa-2024-v2:suspension,audi-a4,Suspension,41867,244118,17.1503,15.3574,1.7930,1.1167,ok,dvsa-2024-v2,motriskindex-families-2024-v5
fail-group:audi-a4:dvsa-2024-v2:brakes,audi-a4,Brakes,22342,244118,9.1521,11.2525,-2.1003,0.8133,ok,dvsa-2024-v2,motriskindex-families-2024-v5
fail-group:audi-a4:dvsa-2024-v2:visibility,audi-a4,Visibility,19926,244118,8.1624,8.3959,-0.2334,0.9722,ok,dvsa-2024-v2,motriskindex-families-2024-v5
fail-group:audi-a4:dvsa-2024-v2:tyres,audi-a4,Tyres,26994,244118,11.0578,8.7011,2.3566,1.2708,ok,dvsa-2024-v2,motriskindex-families-2024-v5
fail-group:audi-a4:dvsa-2024-v2:body-chassis-structure,audi-a4,"Body, chassis, structure",21520,244118,8.8154,5.8011,3.0143,1.5196,ok,dvsa-2024-v2,motriskindex-families-2024-v5
fail-group:audi-a4:dvsa-2024-v2:noise-emissions-and-leaks,audi-a4,"Noise, emissions and leaks",8496,244118,3.4803,3.6688,-0.1885,0.9486,ok,dvsa-2024-v2,motriskindex-families-2024-v5
fail-group:audi-a4:dvsa-2024-v2:steering,audi-a4,Steering,7669,244118,3.1415,3.4692,-0.3277,0.9055,ok,dvsa-2024-v2,motriskindex-families-2024-v5
fail-group:audi-a4:dvsa-2024-v2:seat-belts-and-supplementary-restraint-systems,audi-a4,Seat belts and supplementary restraint systems,2501,244118,1.0245,1.0195,0.0050,1.0049,low_sample,dvsa-2024-v2,motriskindex-families-2024-v5
fail-group:audi-a4:dvsa-2024-v2:identification-of-the-vehicle,audi-a4,Identification of the vehicle,1154,244118,0.4727,0.3643,0.1084,1.2975,low_sample,dvsa-2024-v2,motriskindex-families-2024-v5
fail-group:audi-a4:dvsa-2024-v2:road-wheels,audi-a4,Road Wheels,1465,244118,0.6001,0.4406,0.1596,1.3622,low_sample,dvsa-2024-v2,motriskindex-families-2024-v5
fail-group:audi-a5:dvsa-2024-v2:lamps-reflectors-and-electrical-equipment,audi-a5,"Lamps, reflectors and electrical equipment",9252,125932,7.3468,18.0899,-10.7431,0.4061,ok,dvsa-2024-v2,motriskindex-families-2024-v5
fail-group:audi-a5:dvsa-2024-v2:suspension,audi-a5,Suspension,11478,125932,9.1144,15.3574,-6.2429,0.5935,ok,dvsa-2024-v2,motriskindex-families-2024-v5
fail-group:audi-a5:dvsa-2024-v2:brakes,audi-a5,Brakes,5977,125932,4.7462,11.2525,-6.5062,0.4218,ok,dvsa-2024-v2,motriskindex-families-2024-v5
fail-group:audi-a5:dvsa-2024-v2:visibility,audi-a5,Visibility,8177,125932,6.4932,8.3959,-1.9027,0.7734,ok,dvsa-2024-v2,motriskindex-families-2024-v5
fail-group:audi-a5:dvsa-2024-v2:tyres,audi-a5,Tyres,15625,125932,12.4075,8.7011,3.7063,1.4260,ok,dvsa-2024-v2,motriskindex-families-2024-v5
fail-group:audi-a5:dvsa-2024-v2:body-chassis-structure,audi-a5,"Body, chassis, structure",4828,125932,3.8338,5.8011,-1.9673,0.6609,low_sample,dvsa-2024-v2,motriskindex-families-2024-v5
fail-group:audi-a5:dvsa-2024-v2:noise-emissions-and-leaks,audi-a5,"Noise, emissions and leaks",2354,125932,1.8693,3.6688,-1.7996,0.5095,low_sample,dvsa-2024-v2,motriskindex-families-2024-v5
fail-group:audi-a6:dvsa-2024-v2:lamps-reflectors-and-electrical-equipment,audi-a6,"Lamps, reflectors and electrical equipment",15509,126603,12.2501,18.0899,-5.8398,0.6772,ok,dvsa-2024-v2,motriskindex-families-2024-v5
fail-group:audi-a6:dvsa-2024-v2:suspension,audi-a6,Suspension,11748,126603,9.2794,15.3574,-6.0780,0.6042,ok,dvsa-2024-v2,motriskindex-families-2024-v5
fail-group:audi-a6:dvsa-2024-v2:brakes,audi-a6,Brakes,5943,126603,4.6942,11.2525,-6.5582,0.4172,ok,dvsa-2024-v2,motriskindex-families-2024-v5
fail-group:audi-a6:dvsa-2024-v2:visibility,audi-a6,Visibility,9137,126603,7.2170,8.3959,-1.1788,0.8596,ok,dvsa-2024-v2,motriskindex-families-2024-v5
fail-group:audi-a6:dvsa-2024-v2:tyres,audi-a6,Tyres,12530,126603,9.8971,8.7011,1.1959,1.1374,ok,dvsa-2024-v2,motriskindex-families-2024-v5
fail-group:audi-a6:dvsa-2024-v2:body-chassis-structure,audi-a6,"Body, chassis, structure",5446,126603,4.3016,5.8011,-1.4995,0.7415,ok,dvsa-2024-v2,motriskindex-families-2024-v5
fail-group:audi-a6:dvsa-2024-v2:noise-emissions-and-leaks,audi-a6,"Noise, emissions and leaks",3158,126603,2.4944,3.6688,-1.1744,0.6799,low_sample,dvsa-2024-v2,motriskindex-families-2024-v5
fail-group:audi-a6:dvsa-2024-v2:seat-belts-and-supplementary-restraint-systems,audi-a6,Seat belts and supplementary restraint systems,1316,126603,1.0395,1.0195,0.0200,1.0196,low_sample,dvsa-2024-v2,motriskindex-families-2024-v5
fail-group:audi-a7:dvsa-2024-v2:tyres,audi-a7,Tyres,1823,17065,10.6827,8.7011,1.9815,1.2277,low_sample,dvsa-2024-v2,motriskindex-families-2024-v5
fail-group:audi-e-tron:dvsa-2024-v2:tyres,audi-e-tron,Tyres,1445,13450,10.7435,8.7011,2.0423,1.2347,low_sample,dvsa-2024-v2,motriskindex-families-2024-v5
fail-group:audi-q2:dvsa-2024-v2:brakes,audi-q2,Brakes,2120,73559,2.8820,11.2525,-8.3704,0.2561,low_sample,dvsa-2024-v2,motriskindex-families-2024-v5
fail-group:audi-q2:dvsa-2024-v2:visibility,audi-q2,Visibility,2595,73559,3.5278,8.3959,-4.8681,0.4202,low_sample,dvsa-2024-v2,motriskindex-families-2024-v5
fail-group:audi-q2:dvsa-2024-v2:tyres,audi-q2,Tyres,4596,73559,6.2480,8.7011,-2.4531,0.7181,low_sample,dvsa-2024-v2,motriskindex-families-2024-v5
fail-group:audi-q3:dvsa-2024-v2:lamps-reflectors-and-electrical-equipment,audi-q3,"Lamps, reflectors and electrical equipment",4455,130906,3.4032,18.0899,-14.6867,0.1881,low_sample,dvsa-2024-v2,motriskindex-families-2024-v5
fail-group:audi-q3:dvsa-2024-v2:suspension,audi-q3,Suspension,10275,130906,7.8491,15.3574,-7.5082,0.5111,ok,dvsa-2024-v2,motriskindex-families-2024-v5
fail-group:audi-q3:dvsa-2024-v2:brakes,audi-q3,Brakes,5111,130906,3.9043,11.2525,-7.3481,0.3470,ok,dvsa-2024-v2,motriskindex-families-2024-v5
fail-group:audi-q3:dvsa-2024-v2:visibility,audi-q3,Visibility,6674,130906,5.0983,8.3959,-3.2976,0.6072,ok,dvsa-2024-v2,motriskindex-families-2024-v5
fail-group:audi-q3:dvsa-2024-v2:tyres,audi-q3,Tyres,10418,130906,7.9584,8.7011,-0.7428,0.9146,ok,dvsa-2024-v2,motriskindex-families-2024-v5
fail-group:audi-q3:dvsa-2024-v2:body-chassis-structure,audi-q3,"Body, chassis, structure",1763,130906,1.3468,5.8011,-4.4544,0.2322,low_sample,dvsa-2024-v2,motriskindex-families-2024-v5
fail-group:audi-q3:dvsa-2024-v2:noise-emissions-and-leaks,audi-q3,"Noise, emissions and leaks",2080,130906,1.5889,3.6688,-2.0799,0.4331,low_sample,dvsa-2024-v2,motriskindex-families-2024-v5
fail-group:audi-q5:dvsa-2024-v2:lamps-reflectors-and-electrical-equipment,audi-q5,"Lamps, reflectors and electrical equipment",5609,110716,5.0661,18.0899,-13.0238,0.2801,ok,dvsa-2024-v2,motriskindex-families-2024-v5
fail-group:audi-q5:dvsa-2024-v2:suspension,audi-q5,Suspension,6237,110716,5.6333,15.3574,-9.7240,0.3668,ok,dvsa-2024-v2,motriskindex-families-2024-v5
fail-group:audi-q5:dvsa-2024-v2:brakes,audi-q5,Brakes,3220,110716,2.9083,11.2525,-8.3441,0.2585,low_sample,dvsa-2024-v2,motriskindex-families-2024-v5
fail-group:audi-q5:dvsa-2024-v2:visibility,audi-q5,Visibility,6030,110716,5.4464,8.3959,-2.9495,0.6487,ok,dvsa-2024-v2,motriskindex-families-2024-v5
fail-group:audi-q5:dvsa-2024-v2:tyres,audi-q5,Tyres,6855,110716,6.1915,8.7011,-2.5096,0.7116,ok,dvsa-2024-v2,motriskindex-families-2024-v5
fail-group:audi-q5:dvsa-2024-v2:body-chassis-structure,audi-q5,"Body, chassis, structure",7290,110716,6.5844,5.8011,0.7833,1.1350,ok,dvsa-2024-v2,motriskindex-families-2024-v5
fail-group:audi-q5:dvsa-2024-v2:noise-emissions-and-leaks,audi-q5,"Noise, emissions and leaks",1743,110716,1.5743,3.6688,-2.0945,0.4291,low_sample,dvsa-2024-v2,motriskindex-families-2024-v5
fail-group:audi-q7:dvsa-2024-v2:lamps-reflectors-and-electrical-equipment,audi-q7,"Lamps, reflectors and electrical equipment",4347,48856,8.8976,18.0899,-9.1923,0.4919,low_sample,dvsa-2024-v2,motriskindex-families-2024-v5
fail-group:audi-q7:dvsa-2024-v2:suspension,audi-q7,Suspension,2968,48856,6.0750,15.3574,-9.2824,0.3956,low_sample,dvsa-2024-v2,motriskindex-families-2024-v5
fail-group:audi-q7:dvsa-2024-v2:brakes,audi-q7,Brakes,2630,48856,5.3832,11.2525,-5.8693,0.4784,low_sample,dvsa-2024-v2,motriskindex-families-2024-v5
fail-group:audi-q7:dvsa-2024-v2:visibility,audi-q7,Visibility,3156,48856,6.4598,8.3959,-1.9361,0.7694,low_sample,dvsa-2024-v2,motriskindex-families-2024-v5
fail-group:audi-q7:dvsa-2024-v2:tyres,audi-q7,Tyres,4694,48856,9.6078,8.7011,0.9067,1.1042,low_sample,dvsa-2024-v2,motriskindex-families-2024-v5
fail-group:audi-tt:dvsa-2024-v2:lamps-reflectors-and-electrical-equipment,audi-tt,"Lamps, reflectors and electrical equipment",18261,113561,16.0803,18.0899,-2.0095,0.8889,ok,dvsa-2024-v2,motriskindex-families-2024-v5
fail-group:audi-tt:dvsa-2024-v2:suspension,audi-tt,Suspension,13321,113561,11.7303,15.3574,-3.6271,0.7638,ok,dvsa-2024-v2,motriskindex-families-2024-v5
fail-group:audi-tt:dvsa-2024-v2:brakes,audi-tt,Brakes,10925,113561,9.6204,11.2525,-1.6321,0.8550,ok,dvsa-2024-v2,motriskindex-families-2024-v5
fail-group:audi-tt:dvsa-2024-v2:visibility,audi-tt,Visibility,7493,113561,6.5982,8.3959,-1.7977,0.7859,ok,dvsa-2024-v2,motriskindex-families-2024-v5
fail-group:audi-tt:dvsa-2024-v2:tyres,audi-tt,Tyres,10092,113561,8.8869,8.7011,0.1857,1.0213,ok,dvsa-2024-v2,motriskindex-families-2024-v5
fail-group:audi-tt:dvsa-2024-v2:body-chassis-structure,audi-tt,"Body, chassis, structure",7647,113561,6.7338,5.8011,0.9327,1.1608,ok,dvsa-2024-v2,motriskindex-families-2024-v5
fail-group:audi-tt:dvsa-2024-v2:noise-emissions-and-leaks,audi-tt,"Noise, emissions and leaks",5549,113561,4.8864,3.6688,1.2175,1.3319,ok,dvsa-2024-v2,motriskindex-families-2024-v5
fail-group:audi-tt:dvsa-2024-v2:steering,audi-tt,Steering,1752,113561,1.5428,3.4692,-1.9264,0.4447,low_sample,dvsa-2024-v2,motriskindex-families-2024-v5
fail-group:audi-tt:dvsa-2024-v2:seat-belts-and-supplementary-restraint-systems,audi-tt,Seat belts and supplementary restraint systems,1284,113561,1.1307,1.0195,0.1112,1.1091,low_sample,dvsa-2024-v2,motriskindex-families-2024-v5
fail-group:austin-mini:dvsa-2024-v2:lamps-reflectors-and-electrical-equipment,austin-mini,"Lamps, reflectors and electrical equipment",1083,3031,35.7308,18.0899,17.6409,1.9752,low_sample,dvsa-2024-v2,motriskindex-families-2024-v5
fail-group:bmw-3-series:dvsa-2024-v2:lamps-reflectors-and-electrical-equipment,bmw-3-series,"Lamps, reflectors and electrical equipment",62107,498596,12.4564,18.0899,-5.6335,0.6886,ok,dvsa-2024-v2,motriskindex-families-2024-v5
fail-group:bmw-3-series:dvsa-2024-v2:suspension,bmw-3-series,Suspension,54138,498596,10.8581,15.3574,-4.4993,0.7070,ok,dvsa-2024-v2,motriskindex-families-2024-v5
fail-group:bmw-3-series:dvsa-2024-v2:brakes,bmw-3-series,Brakes,52620,498596,10.5536,11.2525,-0.6988,0.9379,ok,dvsa-2024-v2,motriskindex-families-2024-v5
fail-group:bmw-3-series:dvsa-2024-v2:visibility,bmw-3-series,Visibility,38637,498596,7.7492,8.3959,-0.6467,0.9230,ok,dvsa-2024-v2,motriskindex-families-2024-v5
fail-group:bmw-3-series:dvsa-2024-v2:tyres,bmw-3-series,Tyres,53059,498596,10.6417,8.7011,1.9405,1.2230,ok,dvsa-2024-v2,motriskindex-families-2024-v5
fail-group:bmw-3-series:dvsa-2024-v2:body-chassis-structure,bmw-3-series,"Body, chassis, structure",8755,498596,1.7559,5.8011,-4.0452,0.3027,ok,dvsa-2024-v2,motriskindex-families-2024-v5
fail-group:bmw-3-series:dvsa-2024-v2:noise-emissions-and-leaks,bmw-3-series,"Noise, emissions and leaks",15903,498596,3.1896,3.6688,-0.4793,0.8694,ok,dvsa-2024-v2,motriskindex-families-2024-v5
fail-group:bmw-3-series:dvsa-2024-v2:steering,bmw-3-series,Steering,5539,498596,1.1109,3.4692,-2.3583,0.3202,ok,dvsa-2024-v2,motriskindex-families-2024-v5
fail-group:bmw-3-series:dvsa-2024-v2:seat-belts-and-supplementary-restraint-systems,bmw-3-series,Seat belts and supplementary restraint systems,4894,498596,0.9816,1.0195,-0.0379,0.9628,low_sample,dvsa-2024-v2,motriskindex-families-2024-v5
fail-group:bmw-3-series:dvsa-2024-v2:identification-of-the-vehicle,bmw-3-series,Identification of the vehicle,2449,498596,0.4912,0.3643,0.1268,1.3481,low_sample,dvsa-2024-v2,motriskindex-families-2024-v5
fail-group:bmw-3-series:dvsa-2024-v2:road-wheels,bmw-3-series,Road Wheels,6703,498596,1.3444,0.4406,0.9038,3.0515,ok,dvsa-2024-v2,motriskindex-families-2024-v5
fail-group:bmw-i3:dvsa-2024-v2:visibility,bmw-i3,Visibility,1089,23610,4.6125,8.3959,-3.7834,0.5494,low_sample,dvsa-2024-v2,motriskindex-families-2024-v5
fail-group:bmw-i3:dvsa-2024-v2:tyres,bmw-i3,Tyres,1971,23610,8.3482,8.7011,-0.3530,0.9594,low_sample,dvsa-2024-v2,motriskindex-families-2024-v5
fail-group:bmw-m3:dvsa-2024-v2:lamps-reflectors-and-electrical-equipment,bmw-m3,"Lamps, reflectors and electrical equipment",1019,15820,6.4412,18.0899,-11.6487,0.3561,low_sample,dvsa-2024-v2,motriskindex-families-2024-v5
fail-group:bmw-m4:dvsa-2024-v2:tyres,bmw-m4,Tyres,1286,12459,10.3219,8.7011,1.6207,1.1863,low_sample,dvsa-2024-v2,motriskindex-families-2024-v5
fail-group:bmw-x1:dvsa-2024-v2:lamps-reflectors-and-electrical-equipment,bmw-x1,"Lamps, reflectors and electrical equipment",4693,107276,4.3747,18.0899,-13.7152,0.2418,low_sample,dvsa-2024-v2,motriskindex-families-2024-v5
fail-group:bmw-x1:dvsa-2024-v2:suspension,bmw-x1,Suspension,5991,107276,5.5847,15.3574,-9.7727,0.3636,ok,dvsa-2024-v2,motriskindex-families-2024-v5
fail-group:bmw-x1:dvsa-2024-v2:brakes,bmw-x1,Brakes,4938,107276,4.6031,11.2525,-6.6494,0.4091,low_sample,dvsa-2024-v2,motriskindex-families-2024-v5
fail-group:bmw-x1:dvsa-2024-v2:visibility,bmw-x1,Visibility,6318,107276,5.8895,8.3959,-2.5064,0.7015,ok,dvsa-2024-v2,motriskindex-families-2024-v5
fail-group:bmw-x1:dvsa-2024-v2:tyres,bmw-x1,Tyres,9127,107276,8.5080,8.7011,-0.1932,0.9778,ok,dvsa-2024-v2,motriskindex-families-2024-v5
fail-group:bmw-x1:dvsa-2024-v2:body-chassis-structure,bmw-x1,"Body, chassis, structure",1593,107276,1.4850,5.8011,-4.3162,0.2560,low_sample,dvsa-2024-v2,motriskindex-families-2024-v5
fail-group:bmw-x2:dvsa-2024-v2:visibility,bmw-x2,Visibility,1100,19091,5.7619,8.3959,-2.6340,0.6863,low_sample,dvsa-2024-v2,motriskindex-families-2024-v5
fail-group:bmw-x2:dvsa-2024-v2:tyres,bmw-x2,Tyres,1797,19091,9.4128,8.7011,0.7117,1.0818,low_sample,dvsa-2024-v2,motriskindex-families-2024-v5
fail-group:bmw-x3:dvsa-2024-v2:lamps-reflectors-and-electrical-equipment,bmw-x3,"Lamps, reflectors and electrical equipment",9459,104772,9.0282,18.0899,-9.0617,0.4991,ok,dvsa-2024-v2,motriskindex-families-2024-v5
fail-group:bmw-x3:dvsa-2024-v2:suspension,bmw-x3,Suspension,6933,104772,6.6172,15.3574,-8.7401,0.4309,ok,dvsa-2024-v2,motriskindex-families-2024-v5
fail-group:bmw-x3:dvsa-2024-v2:brakes,bmw-x3,Brakes,4959,104772,4.7331,11.2525,-6.5193,0.4206,low_sample,dvsa-2024-v2,motriskindex-families-2024-v5
fail-group:bmw-x3:dvsa-2024-v2:visibility,bmw-x3,Visibility,7765,104772,7.4113,8.3959,-0.9846,0.8827,ok,dvsa-2024-v2,motriskindex-families-2024-v5
fail-group:bmw-x3:dvsa-2024-v2:tyres,bmw-x3,Tyres,9178,104772,8.7600,8.7011,0.0588,1.0068,ok,dvsa-2024-v2,motriskindex-families-2024-v5
fail-group:bmw-x3:dvsa-2024-v2:body-chassis-structure,bmw-x3,"Body, chassis, structure",1819,104772,1.7362,5.8011,-4.0650,0.2993,low_sample,dvsa-2024-v2,motriskindex-families-2024-v5
fail-group:bmw-x3:dvsa-2024-v2:noise-emissions-and-leaks,bmw-x3,"Noise, emissions and leaks",1414,104772,1.3496,3.6688,-2.3192,0.3679,low_sample,dvsa-2024-v2,motriskindex-families-2024-v5
fail-group:bmw-x4:dvsa-2024-v2:visibility,bmw-x4,Visibility,1113,17419,6.3896,8.3959,-2.0063,0.7610,low_sample,dvsa-2024-v2,motriskindex-families-2024-v5
fail-group:bmw-x4:dvsa-2024-v2:tyres,bmw-x4,Tyres,1408,17419,8.0831,8.7011,-0.6180,0.9290,low_sample,dvsa-2024-v2,motriskindex-families-2024-v5
fail-group:bmw-x5:dvsa-2024-v2:lamps-reflectors-and-electrical-equipment,bmw-x5,"Lamps, reflectors and electrical equipment",12463,91002,13.6953,18.0899,-4.3946,0.7571,ok,dvsa-2024-v2,motriskindex-families-2024-v5
fail-group:bmw-x5:dvsa-2024-v2:suspension,bmw-x5,Suspension,9632,91002,10.5844,15.3574,-4.7730,0.6892,ok,dvsa-2024-v2,motriskindex-families-2024-v5
fail-group:bmw-x5:dvsa-2024-v2:brakes,bmw-x5,Brakes,7086,91002,7.7866,11.2525,-3.4658,0.6920,ok,dvsa-2024-v2,motriskindex-families-2024-v5
fail-group:bmw-x5:dvsa-2024-v2:visibility,bmw-x5,Visibility,6769,91002,7.4383,8.3959,-0.9576,0.8859,ok,dvsa-2024-v2,motriskindex-families-2024-v5
fail-group:bmw-x5:dvsa-2024-v2:tyres,bmw-x5,Tyres,9777,91002,10.7437,8.7011,2.0426,1.2347,ok,dvsa-2024-v2,motriskindex-families-2024-v5
fail-group:bmw-x5:dvsa-2024-v2:body-chassis-structure,bmw-x5,"Body, chassis, structure",5801,91002,6.3746,5.8011,0.5735,1.0989,ok,dvsa-2024-v2,motriskindex-families-2024-v5
fail-group:bmw-x5:dvsa-2024-v2:noise-emissions-and-leaks,bmw-x5,"Noise, emissions and leaks",1212,91002,1.3318,3.6688,-2.3370,0.3630,low_sample,dvsa-2024-v2,motriskindex-families-2024-v5
fail-group:bmw-x6:dvsa-2024-v2:suspension,bmw-x6,Suspension,1039,15622,6.6509,15.3574,-8.7065,0.4331,low_sample,dvsa-2024-v2,motriskindex-families-2024-v5
fail-group:bmw-x6:dvsa-2024-v2:tyres,bmw-x6,Tyres,1552,15622,9.9347,8.7011,1.2336,1.1418,low_sample,dvsa-2024-v2,motriskindex-families-2024-v5
fail-group:bmw-z3:dvsa-2024-v2:lamps-reflectors-and-electrical-equipment,bmw-z3,"Lamps, reflectors and electrical equipment",2523,11668,21.6232,18.0899,3.5334,1.1953,low_sample,dvsa-2024-v2,motriskindex-families-2024-v5
fail-group:bmw-z3:dvsa-2024-v2:suspension,bmw-z3,Suspension,1994,11668,17.0895,15.3574,1.7321,1.1128,low_sample,dvsa-2024-v2,motriskindex-families-2024-v5
fail-group:bmw-z3:dvsa-2024-v2:brakes,bmw-z3,Brakes,2374,11668,20.3462,11.2525,9.0938,1.8082,low_sample,dvsa-2024-v2,motriskindex-families-2024-v5
fail-group:bmw-z3:dvsa-2024-v2:visibility,bmw-z3,Visibility,1210,11668,10.3702,8.3959,1.9744,1.2352,low_sample,dvsa-2024-v2,motriskindex-families-2024-v5
fail-group:bmw-z3:dvsa-2024-v2:noise-emissions-and-leaks,bmw-z3,"Noise, emissions and leaks",1267,11668,10.8588,3.6688,7.1899,2.9597,low_sample,dvsa-2024-v2,motriskindex-families-2024-v5
fail-group:bmw-z4:dvsa-2024-v2:lamps-reflectors-and-electrical-equipment,bmw-z4,"Lamps, reflectors and electrical equipment",4364,35286,12.3675,18.0899,-5.7224,0.6837,low_sample,dvsa-2024-v2,motriskindex-families-2024-v5
fail-group:bmw-z4:dvsa-2024-v2:suspension,bmw-z4,Suspension,3508,35286,9.9416,15.3574,-5.4157,0.6474,low_sample,dvsa-2024-v2,motriskindex-families-2024-v5
fail-group:bmw-z4:dvsa-2024-v2:brakes,bmw-z4,Brakes,3356,35286,9.5109,11.2525,-1.7416,0.8452,low_sample,dvsa-2024-v2,motriskindex-families-2024-v5
fail-group:bmw-z4:dvsa-2024-v2:visibility,bmw-z4,Visibility,2437,35286,6.9064,8.3959,-1.4895,0.8226,low_sample,dvsa-2024-v2,motriskindex-families-2024-v5
fail-group:bmw-z4:dvsa-2024-v2:tyres,bmw-z4,Tyres,2948,35286,8.3546,8.7011,-0.3466,0.9602,low_sample,dvsa-2024-v2,motriskindex-families-2024-v5
fail-group:bmw-z4:dvsa-2024-v2:noise-emissions-and-leaks,bmw-z4,"Noise, emissions and leaks",1301,35286,3.6870,3.6688,0.0182,1.0050,low_sample,dvsa-2024-v2,motriskindex-families-2024-v5
fail-group:chevrolet-aveo:dvsa-2024-v2:lamps-reflectors-and-electrical-equipment,chevrolet-aveo,"Lamps, reflectors and electrical equipment",3391,8732,38.8342,18.0899,20.7443,2.1467,low_sample,dvsa-2024-v2,motriskindex-families-2024-v5
fail-group:chevrolet-aveo:dvsa-2024-v2:suspension,chevrolet-aveo,Suspension,3900,8732,44.6633,15.3574,29.3060,2.9083,low_sample,dvsa-2024-v2,motriskindex-families-2024-v5
fail-group:chevrolet-aveo:dvsa-2024-v2:brakes,chevrolet-aveo,Brakes,2160,8732,24.7366,11.2525,13.4842,2.1983,low_sample,dvsa-2024-v2,motriskindex-families-2024-v5
fail-group:chevrolet-aveo:dvsa-2024-v2:visibility,chevrolet-aveo,Visibility,1210,8732,13.8571,8.3959,5.4612,1.6505,low_sample,dvsa-2024-v2,motriskindex-families-2024-v5
fail-group:chevrolet-aveo:dvsa-2024-v2:body-chassis-structure,chevrolet-aveo,"Body, chassis, structure",1108,8732,12.6890,5.8011,6.8878,2.1873,low_sample,dvsa-2024-v2,motriskindex-families-2024-v5
fail-group:chevrolet-aveo:dvsa-2024-v2:steering,chevrolet-aveo,Steering,1013,8732,11.6010,3.4692,8.1318,3.3440,low_sample,dvsa-2024-v2,motriskindex-families-2024-v5
fail-group:chevrolet-captiva:dvsa-2024-v2:lamps-reflectors-and-electrical-equipment,chevrolet-captiva,"Lamps, reflectors and electrical equipment",3234,5970,54.1709,18.0899,36.0810,2.9945,low_sample,dvsa-2024-v2,motriskindex-families-2024-v5
fail-group:chevrolet-captiva:dvsa-2024-v2:suspension,chevrolet-captiva,Suspension,2035,5970,34.0871,15.3574,18.7297,2.2196,low_sample,dvsa-2024-v2,motriskindex-families-2024-v5
fail-group:chevrolet-captiva:dvsa-2024-v2:brakes,chevrolet-captiva,Brakes,1887,5970,31.6080,11.2525,20.3556,2.8090,low_sample,dvsa-2024-v2,motriskindex-families-2024-v5
fail-group:chevrolet-captiva:dvsa-2024-v2:body-chassis-structure,chevrolet-captiva,"Body, chassis, structure",1739,5970,29.1290,5.8011,23.3279,5.0213,low_sample,dvsa-2024-v2,motriskindex-families-2024-v5
fail-group:chevrolet-cruze:dvsa-2024-v2:lamps-reflectors-and-electrical-equipment,chevrolet-cruze,"Lamps, reflectors and electrical equipment",1391,5067,27.4521,18.0899,9.3623,1.5175,low_sample,dvsa-2024-v2,motriskindex-families-2024-v5
fail-group:chevrolet-kalos:dvsa-2024-v2:lamps-reflectors-and-electrical-equipment,chevrolet-kalos,"Lamps, reflectors and electrical equipment",1378,2430,56.7078,18.0899,38.6179,3.1348,low_sample,dvsa-2024-v2,motriskindex-families-2024-v5
fail-group:chevrolet-kalos:dvsa-2024-v2:suspension,chevrolet-kalos,Suspension,1081,2430,44.4856,15.3574,29.1282,2.8967,low_sample,dvsa-2024-v2,motriskindex-families-2024-v5
fail-group:chevrolet-lacetti:dvsa-2024-v2:lamps-reflectors-and-electrical-equipment,chevrolet-lacetti,"Lamps, reflectors and electrical equipment",1102,2064,53.3915,18.0899,35.3016,2.9515,low_sample,dvsa-2024-v2,motriskindex-families-2024-v5
fail-group:chevrolet-matiz:dvsa-2024-v2:lamps-reflectors-and-electrical-equipment,chevrolet-matiz,"Lamps, reflectors and electrical equipment",4446,10142,43.8375,18.0899,25.7476,2.4233,low_sample,dvsa-2024-v2,motriskindex-families-2024-v5
fail-group:chevrolet-matiz:dvsa-2024-v2:suspension,chevrolet-matiz,Suspension,3847,10142,37.9314,15.3574,22.5740,2.4699,low_sample,dvsa-2024-v2,motriskindex-families-2024-v5
fail-group:chevrolet-matiz:dvsa-2024-v2:brakes,chevrolet-matiz,Brakes,3427,10142,33.7902,11.2525,22.5377,3.0029,low_sample,dvsa-2024-v2,motriskindex-families-2024-v5
fail-group:chevrolet-matiz:dvsa-2024-v2:visibility,chevrolet-matiz,Visibility,1400,10142,13.8040,8.3959,5.4081,1.6441,low_sample,dvsa-2024-v2,motriskindex-families-2024-v5
fail-group:chevrolet-matiz:dvsa-2024-v2:tyres,chevrolet-matiz,Tyres,1314,10142,12.9560,8.7011,4.2549,1.4890,low_sample,dvsa-2024-v2,motriskindex-families-2024-v5
fail-group:chevrolet-matiz:dvsa-2024-v2:body-chassis-structure,chevrolet-matiz,"Body, chassis, structure",1484,10142,14.6322,5.8011,8.8311,2.5223,low_sample,dvsa-2024-v2,motriskindex-families-2024-v5
fail-group:chevrolet-orlando:dvsa-2024-v2:lamps-reflectors-and-electrical-equipment,chevrolet-orlando,"Lamps, reflectors and electrical equipment",1250,3839,32.5606,18.0899,14.4707,1.7999,low_sample,dvsa-2024-v2,motriskindex-families-2024-v5
fail-group:chevrolet-spark:dvsa-2024-v2:lamps-reflectors-and-electrical-equipment,chevrolet-spark,"Lamps, reflectors and electrical equipment",5119,14723,34.7687,18.0899,16.6788,1.9220,ok,dvsa-2024-v2,motriskindex-families-2024-v5
fail-group:chevrolet-spark:dvsa-2024-v2:suspension,chevrolet-spark,Suspension,3168,14723,21.5174,15.3574,6.1600,1.4011,low_sample,dvsa-2024-v2,motriskindex-families-2024-v5
fail-group:chevrolet-spark:dvsa-2024-v2:brakes,chevrolet-spark,Brakes,5016,14723,34.0691,11.2525,22.8167,3.0277,ok,dvsa-2024-v2,motriskindex-families-2024-v5
fail-group:chevrolet-spark:dvsa-2024-v2:visibility,chevrolet-spark,Visibility,1846,14723,12.5382,8.3959,4.1423,1.4934,low_sample,dvsa-2024-v2,motriskindex-families-2024-v5
fail-group:chevrolet-spark:dvsa-2024-v2:tyres,chevrolet-spark,Tyres,1465,14723,9.9504,8.7011,1.2493,1.1436,low_sample,dvsa-2024-v2,motriskindex-families-2024-v5
fail-group:chevrolet-spark:dvsa-2024-v2:body-chassis-structure,chevrolet-spark,"Body, chassis, structure",1069,14723,7.2607,5.8011,1.4596,1.2516,low_sample,dvsa-2024-v2,motriskindex-families-2024-v5
fail-group:chrysler-grand:dvsa-2024-v2:lamps-reflectors-and-electrical-equipment,chrysler-grand,"Lamps, reflectors and electrical equipment",2041,4550,44.8571,18.0899,26.7673,2.4797,low_sample,dvsa-2024-v2,motriskindex-families-2024-v5
fail-group:chrysler-grand:dvsa-2024-v2:suspension,chrysler-grand,Suspension,1054,4550,23.1648,15.3574,7.8075,1.5084,low_sample,dvsa-2024-v2,motriskindex-families-2024-v5
fail-group:chrysler-grand:dvsa-2024-v2:brakes,chrysler-grand,Brakes,1771,4550,38.9231,11.2525,27.6706,3.4591,low_sample,dvsa-2024-v2,motriskindex-families-2024-v5
fail-group:chrysler-jeep-300:dvsa-2024-v2:suspension,chrysler-jeep-300,Suspension,1117,3372,33.1257,15.3574,17.7684,2.1570,low_sample,dvsa-2024-v2,motriskindex-families-2024-v5
fail-group:chrysler-jeep-300:dvsa-2024-v2:brakes,chrysler-jeep-300,Brakes,1319,3372,39.1163,11.2525,27.8638,3.4762,low_sample,dvsa-2024-v2,motriskindex-families-2024-v5
fail-group:chrysler-jeep-grand:dvsa-2024-v2:lamps-reflectors-and-electrical-equipment,chrysler-jeep-grand,"Lamps, reflectors and electrical equipment",1314,2963,44.3469,18.0899,26.2571,2.4515,low_sample,dvsa-2024-v2,motriskindex-families-2024-v5
fail-group:chrysler-pt:dvsa-2024-v2:lamps-reflectors-and-electrical-equipment,chrysler-pt,"Lamps, reflectors and electrical equipment",1059,1916,55.2714,18.0899,37.1815,3.0554,low_sample,dvsa-2024-v2,motriskindex-families-2024-v5
fail-group:chrysler-ypsilon:dvsa-2024-v2:suspension,chrysler-ypsilon,Suspension,1401,4780,29.3096,15.3574,13.9523,1.9085,low_sample,dvsa-2024-v2,motriskindex-families-2024-v5
fail-group:citroen-berlingo:dvsa-2024-v2:lamps-reflectors-and-electrical-equipment,citroen-berlingo,"Lamps, reflectors and electrical equipment",79133,188688,41.9385,18.0899,23.8487,2.3183,ok,dvsa-2024-v2,motriskindex-families-2024-v5
fail-group:citroen-berlingo:dvsa-2024-v2:suspension,citroen-berlingo,Suspension,31954,188688,16.9348,15.3574,1.5775,1.1027,ok,dvsa-2024-v2,motriskindex-families-2024-v5
fail-group:citroen-berlingo:dvsa-2024-v2:brakes,citroen-berlingo,Brakes,25389,188688,13.4555,11.2525,2.2031,1.1958,ok,dvsa-2024-v2,motriskindex-families-2024-v5
fail-group:citroen-berlingo:dvsa-2024-v2:visibility,citroen-berlingo,Visibility,28732,188688,15.2273,8.3959,6.8314,1.8137,ok,dvsa-2024-v2,motriskindex-families-2024-v5
fail-group:citroen-berlingo:dvsa-2024-v2:tyres,citroen-berlingo,Tyres,18365,188688,9.7330,8.7011,1.0318,1.1186,ok,dvsa-2024-v2,motriskindex-families-2024-v5
fail-group:citroen-berlingo:dvsa-2024-v2:body-chassis-structure,citroen-berlingo,"Body, chassis, structure",25747,188688,13.6453,5.8011,7.8442,2.3522,ok,dvsa-2024-v2,motriskindex-families-2024-v5
fail-group:citroen-berlingo:dvsa-2024-v2:noise-emissions-and-leaks,citroen-berlingo,"Noise, emissions and leaks",7429,188688,3.9372,3.6688,0.2684,1.0731,ok,dvsa-2024-v2,motriskindex-families-2024-v5
fail-group:citroen-berlingo:dvsa-2024-v2:steering,citroen-berlingo,Steering,7310,188688,3.8741,3.4692,0.4049,1.1167,ok,dvsa-2024-v2,motriskindex-families-2024-v5
fail-group:citroen-berlingo:dvsa-2024-v2:seat-belts-and-supplementary-restraint-systems,citroen-berlingo,Seat belts and supplementary restraint systems,5253,188688,2.7840,1.0195,1.7645,2.7308,ok,dvsa-2024-v2,motriskindex-families-2024-v5
fail-group:citroen-c1:dvsa-2024-v2:lamps-reflectors-and-electrical-equipment,citroen-c1,"Lamps, reflectors and electrical equipment",38759,168723,22.9720,18.0899,4.8821,1.2699,ok,dvsa-2024-v2,motriskindex-families-2024-v5
fail-group:citroen-c1:dvsa-2024-v2:suspension,citroen-c1,Suspension,19184,168723,11.3701,15.3574,-3.9872,0.7404,ok,dvsa-2024-v2,motriskindex-families-2024-v5
fail-group:citroen-c1:dvsa-2024-v2:brakes,citroen-c1,Brakes,28026,168723,16.6107,11.2525,5.3582,1.4762,ok,dvsa-2024-v2,motriskindex-families-2024-v5
fail-group:citroen-c1:dvsa-2024-v2:visibility,citroen-c1,Visibility,11100,168723,6.5788,8.3959,-1.8171,0.7836,ok,dvsa-2024-v2,motriskindex-families-2024-v5
fail-group:citroen-c1:dvsa-2024-v2:tyres,citroen-c1,Tyres,15032,168723,8.9093,8.7011,0.2081,1.0239,ok,dvsa-2024-v2,motriskindex-families-2024-v5
fail-group:citroen-c1:dvsa-2024-v2:body-chassis-structure,citroen-c1,"Body, chassis, structure",9119,168723,5.4047,5.8011,-0.3964,0.9317,ok,dvsa-2024-v2,motriskindex-families-2024-v5
fail-group:citroen-c1:dvsa-2024-v2:noise-emissions-and-leaks,citroen-c1,"Noise, emissions and leaks",9604,168723,5.6922,3.6688,2.0233,1.5515,ok,dvsa-2024-v2,motriskindex-families-2024-v5
fail-group:citroen-c1:dvsa-2024-v2:steering,citroen-c1,Steering,1033,168723,0.6122,3.4692,-2.8569,0.1765,low_sample,dvsa-2024-v2,motriskindex-families-2024-v5
fail-group:citroen-c1:dvsa-2024-v2:seat-belts-and-supplementary-restraint-systems,citroen-c1,Seat belts and supplementary restraint systems,1688,168723,1.0005,1.0195,-0.0190,0.9813,low_sample,dvsa-2024-v2,motriskindex-families-2024-v5
fail-group:citroen-c2:dvsa-2024-v2:lamps-reflectors-and-electrical-equipment,citroen-c2,"Lamps, reflectors and electrical equipment",5077,11000,46.1545,18.0899,28.0647,2.5514,ok,dvsa-2024-v2,motriskindex-families-2024-v5
fail-group:citroen-c2:dvsa-2024-v2:suspension,citroen-c2,Suspension,4363,11000,39.6636,15.3574,24.3063,2.5827,low_sample,dvsa-2024-v2,motriskindex-families-2024-v5
fail-group:citroen-c2:dvsa-2024-v2:brakes,citroen-c2,Brakes,2188,11000,19.8909,11.2525,8.6385,1.7677,low_sample,dvsa-2024-v2,motriskindex-families-2024-v5
fail-group:citroen-c2:dvsa-2024-v2:visibility,citroen-c2,Visibility,1689,11000,15.3545,8.3959,6.9587,1.8288,low_sample,dvsa-2024-v2,motriskindex-families-2024-v5
fail-group:citroen-c2:dvsa-2024-v2:tyres,citroen-c2,Tyres,1134,11000,10.3091,8.7011,1.6079,1.1848,low_sample,dvsa-2024-v2,motriskindex-families-2024-v5
fail-group:citroen-c2:dvsa-2024-v2:body-chassis-structure,citroen-c2,"Body, chassis, structure",2523,11000,22.9364,5.8011,17.1352,3.9538,low_sample,dvsa-2024-v2,motriskindex-families-2024-v5
fail-group:citroen-c3:dvsa-2024-v2:lamps-reflectors-and-electrical-equipment,citroen-c3,"Lamps, reflectors and electrical equipment",56723,194555,29.1553,18.0899,11.0654,1.6117,ok,dvsa-2024-v2,motriskindex-families-2024-v5
fail-group:citroen-c3:dvsa-2024-v2:suspension,citroen-c3,Suspension,31684,194555,16.2854,15.3574,0.9280,1.0604,ok,dvsa-2024-v2,motriskindex-families-2024-v5
fail-group:citroen-c3:dvsa-2024-v2:brakes,citroen-c3,Brakes,20047,194555,10.3040,11.2525,-0.9484,0.9157,ok,dvsa-2024-v2,motriskindex-families-2024-v5
fail-group:citroen-c3:dvsa-2024-v2:visibility,citroen-c3,Visibility,16336,194555,8.3966,8.3959,0.0007,1.0001,ok,dvsa-2024-v2,motriskindex-families-2024-v5
fail-group:citroen-c3:dvsa-2024-v2:tyres,citroen-c3,Tyres,17977,194555,9.2401,8.7011,0.5389,1.0619,ok,dvsa-2024-v2,motriskindex-families-2024-v5
fail-group:citroen-c3:dvsa-2024-v2:body-chassis-structure,citroen-c3,"Body, chassis, structure",20587,194555,10.5816,5.8011,4.7805,1.8241,ok,dvsa-2024-v2,motriskindex-families-2024-v5
fail-group:citroen-c3:dvsa-2024-v2:noise-emissions-and-leaks,citroen-c3,"Noise, emissions and leaks",10076,194555,5.1790,3.6688,1.5102,1.4116,ok,dvsa-2024-v2,motriskindex-families-2024-v5
fail-group:citroen-c3:dvsa-2024-v2:steering,citroen-c3,Steering,7593,194555,3.9028,3.4692,0.4336,1.1250,ok,dvsa-2024-v2,motriskindex-families-2024-v5
fail-group:citroen-c3:dvsa-2024-v2:seat-belts-and-supplementary-restraint-systems,citroen-c3,Seat belts and supplementary restraint systems,2376,194555,1.2212,1.0195,0.2018,1.1979,low_sample,dvsa-2024-v2,motriskindex-families-2024-v5
fail-group:citroen-c3-aircross:dvsa-2024-v2:brakes,citroen-c3-aircross,Brakes,2207,29668,7.4390,11.2525,-3.8135,0.6611,low_sample,dvsa-2024-v2,motriskindex-families-2024-v5
fail-group:citroen-c3-aircross:dvsa-2024-v2:tyres,citroen-c3-aircross,Tyres,1652,29668,5.5683,8.7011,-3.1329,0.6399,low_sample,dvsa-2024-v2,motriskindex-families-2024-v5
fail-group:citroen-c3-aircross:dvsa-2024-v2:body-chassis-structure,citroen-c3-aircross,"Body, chassis, structure",1414,29668,4.7661,5.8011,-1.0350,0.8216,low_sample,dvsa-2024-v2,motriskindex-families-2024-v5
fail-group:citroen-c4:dvsa-2024-v2:lamps-reflectors-and-electrical-equipment,citroen-c4,"Lamps, reflectors and electrical equipment",44745,132717,33.7146,18.0899,15.6247,1.8637,ok,dvsa-2024-v2,motriskindex-families-2024-v5
fail-group:citroen-c4:dvsa-2024-v2:suspension,citroen-c4,Suspension,27094,132717,20.4149,15.3574,5.0575,1.3293,ok,dvsa-2024-v2,motriskindex-families-2024-v5
fail-group:citroen-c4:dvsa-2024-v2:brakes,citroen-c4,Brakes,19751,132717,14.8820,11.2525,3.6296,1.3226,ok,dvsa-2024-v2,motriskindex-families-2024-v5
fail-group:citroen-c4:dvsa-2024-v2:visibility,citroen-c4,Visibility,12905,132717,9.7237,8.3959,1.3278,1.1581,ok,dvsa-2024-v2,motriskindex-families-2024-v5
fail-group:citroen-c4:dvsa-2024-v2:tyres,citroen-c4,Tyres,15174,132717,11.4334,8.7011,2.7322,1.3140,ok,dvsa-2024-v2,motriskindex-families-2024-v5
fail-group:citroen-c4:dvsa-2024-v2:body-chassis-structure,citroen-c4,"Body, chassis, structure",17387,132717,13.1008,5.8011,7.2997,2.2583,ok,dvsa-2024-v2,motriskindex-families-2024-v5
fail-group:citroen-c4:dvsa-2024-v2:noise-emissions-and-leaks,citroen-c4,"Noise, emissions and leaks",5095,132717,3.8390,3.6688,0.1702,1.0464,ok,dvsa-2024-v2,motriskindex-families-2024-v5
fail-group:citroen-c4:dvsa-2024-v2:steering,citroen-c4,Steering,6970,132717,5.2518,3.4692,1.7826,1.5138,ok,dvsa-2024-v2,motriskindex-families-2024-v5
fail-group:citroen-c4:dvsa-2024-v2:seat-belts-and-supplementary-restraint-systems,citroen-c4,Seat belts and supplementary restraint systems,1797,132717,1.3540,1.0195,0.3345,1.3281,low_sample,dvsa-2024-v2,motriskindex-families-2024-v5
fail-group:citroen-c4-cactus:dvsa-2024-v2:lamps-reflectors-and-electrical-equipment,citroen-c4-cactus,"Lamps, reflectors and electrical equipment",3089,21290,14.5092,18.0899,-3.5807,0.8021,low_sample,dvsa-2024-v2,motriskindex-families-2024-v5
fail-group:citroen-c4-cactus:dvsa-2024-v2:brakes,citroen-c4-cactus,Brakes,1364,21290,6.4068,11.2525,-4.8457,0.5694,low_sample,dvsa-2024-v2,motriskindex-families-2024-v5
fail-group:citroen-c4-cactus:dvsa-2024-v2:visibility,citroen-c4-cactus,Visibility,2370,21290,11.1320,8.3959,2.7361,1.3259,low_sample,dvsa-2024-v2,motriskindex-families-2024-v5
fail-group:citroen-c4-cactus:dvsa-2024-v2:tyres,citroen-c4-cactus,Tyres,1725,21290,8.1024,8.7011,-0.5988,0.9312,low_sample,dvsa-2024-v2,motriskindex-families-2024-v5
fail-group:citroen-c4-cactus:dvsa-2024-v2:body-chassis-structure,citroen-c4-cactus,"Body, chassis, structure",1405,21290,6.5993,5.8011,0.7982,1.1376,low_sample,dvsa-2024-v2,motriskindex-families-2024-v5
fail-group:citroen-c4-grand-picasso:dvsa-2024-v2:lamps-reflectors-and-electrical-equipment,citroen-c4-grand-picasso,"Lamps, reflectors and electrical equipment",3076,17599,17.4783,18.0899,-0.6116,0.9662,low_sample,dvsa-2024-v2,motriskindex-families-2024-v5
fail-group:citroen-c4-grand-picasso:dvsa-2024-v2:suspension,citroen-c4-grand-picasso,Suspension,1615,17599,9.1767,15.3574,-6.1807,0.5975,low_sample,dvsa-2024-v2,motriskindex-families-2024-v5
fail-group:citroen-c4-grand-picasso:dvsa-2024-v2:brakes,citroen-c4-grand-picasso,Brakes,1734,17599,9.8528,11.2525,-1.3996,0.8756,low_sample,dvsa-2024-v2,motriskindex-families-2024-v5
fail-group:citroen-c4-grand-picasso:dvsa-2024-v2:visibility,citroen-c4-grand-picasso,Visibility,1046,17599,5.9435,8.3959,-2.4524,0.7079,low_sample,dvsa-2024-v2,motriskindex-families-2024-v5
fail-group:citroen-c4-grand-picasso:dvsa-2024-v2:tyres,citroen-c4-grand-picasso,Tyres,1787,17599,10.1540,8.7011,1.4528,1.1670,low_sample,dvsa-2024-v2,motriskindex-families-2024-v5
fail-group:citroen-c4-grand-picasso:dvsa-2024-v2:body-chassis-structure,citroen-c4-grand-picasso,"Body, chassis, structure",1395,17599,7.9266,5.8011,2.1255,1.3664,low_sample,dvsa-2024-v2,motriskindex-families-2024-v5
fail-group:citroen-c4-picasso:dvsa-2024-v2:lamps-reflectors-and-electrical-equipment,citroen-c4-picasso,"Lamps, reflectors and electrical equipment",1029,6779,15.1792,18.0899,-2.9107,0.8391,low_sample,dvsa-2024-v2,motriskindex-families-2024-v5
fail-group:citroen-c5:dvsa-2024-v2:lamps-reflectors-and-electrical-equipment,citroen-c5,"Lamps, reflectors and electrical equipment",4512,20466,22.0463,18.0899,3.9564,1.2187,low_sample,dvsa-2024-v2,motriskindex-families-2024-v5
fail-group:citroen-c5:dvsa-2024-v2:suspension,citroen-c5,Suspension,2070,20466,10.1143,15.3574,-5.2430,0.6586,low_sample,dvsa-2024-v2,motriskindex-families-2024-v5
fail-group:citroen-c5:dvsa-2024-v2:brakes,citroen-c5,Brakes,2137,20466,10.4417,11.2525,-0.8107,0.9279,low_sample,dvsa-2024-v2,motriskindex-families-2024-v5
fail-group:citroen-c5:dvsa-2024-v2:visibility,citroen-c5,Visibility,1253,20466,6.1223,8.3959,-2.2735,0.7292,low_sample,dvsa-2024-v2,motriskindex-families-2024-v5
fail-group:citroen-c5:dvsa-2024-v2:tyres,citroen-c5,Tyres,1765,20466,8.6241,8.7011,-0.0771,0.9911,low_sample,dvsa-2024-v2,motriskindex-families-2024-v5
fail-group:citroen-c5:dvsa-2024-v2:body-chassis-structure,citroen-c5,"Body, chassis, structure",2022,20466,9.8798,5.8011,4.0787,1.7031,low_sample,dvsa-2024-v2,motriskindex-families-2024-v5
fail-group:citroen-dispatch:dvsa-2024-v2:lamps-reflectors-and-electrical-equipment,citroen-dispatch,"Lamps, reflectors and electrical equipment",19324,47069,41.0546,18.0899,22.9647,2.2695,ok,dvsa-2024-v2,motriskindex-families-2024-v5
fail-group:citroen-dispatch:dvsa-2024-v2:suspension,citroen-dispatch,Suspension,8580,47069,18.2286,15.3574,2.8712,1.1870,ok,dvsa-2024-v2,motriskindex-families-2024-v5
fail-group:citroen-dispatch:dvsa-2024-v2:brakes,citroen-dispatch,Brakes,7692,47069,16.3420,11.2525,5.0895,1.4523,ok,dvsa-2024-v2,motriskindex-families-2024-v5
fail-group:citroen-dispatch:dvsa-2024-v2:visibility,citroen-dispatch,Visibility,8538,47069,18.1393,8.3959,9.7434,2.1605,ok,dvsa-2024-v2,motriskindex-families-2024-v5
fail-group:citroen-dispatch:dvsa-2024-v2:tyres,citroen-dispatch,Tyres,3992,47069,8.4812,8.7011,-0.2200,0.9747,low_sample,dvsa-2024-v2,motriskindex-families-2024-v5
fail-group:citroen-dispatch:dvsa-2024-v2:body-chassis-structure,citroen-dispatch,"Body, chassis, structure",12440,47069,26.4293,5.8011,20.6282,4.5559,ok,dvsa-2024-v2,motriskindex-families-2024-v5
fail-group:citroen-dispatch:dvsa-2024-v2:noise-emissions-and-leaks,citroen-dispatch,"Noise, emissions and leaks",1943,47069,4.1280,3.6688,0.4592,1.1252,low_sample,dvsa-2024-v2,motriskindex-families-2024-v5
fail-group:citroen-dispatch:dvsa-2024-v2:steering,citroen-dispatch,Steering,1497,47069,3.1804,3.4692,-0.2888,0.9168,low_sample,dvsa-2024-v2,motriskindex-families-2024-v5
fail-group:citroen-ds4:dvsa-2024-v2:lamps-reflectors-and-electrical-equipment,citroen-ds4,"Lamps, reflectors and electrical equipment",3667,10193,35.9757,18.0899,17.8858,1.9887,low_sample,dvsa-2024-v2,motriskindex-families-2024-v5
fail-group:citroen-ds4:dvsa-2024-v2:suspension,citroen-ds4,Suspension,2438,10193,23.9184,15.3574,8.5610,1.5575,low_sample,dvsa-2024-v2,motriskindex-families-2024-v5
fail-group:citroen-ds4:dvsa-2024-v2:brakes,citroen-ds4,Brakes,1850,10193,18.1497,11.2525,6.8973,1.6130,low_sample,dvsa-2024-v2,motriskindex-families-2024-v5
fail-group:citroen-ds4:dvsa-2024-v2:tyres,citroen-ds4,Tyres,1535,10193,15.0594,8.7011,6.3582,1.7307,low_sample,dvsa-2024-v2,motriskindex-families-2024-v5
fail-group:citroen-ds4:dvsa-2024-v2:body-chassis-structure,citroen-ds4,"Body, chassis, structure",1500,10193,14.7160,5.8011,8.9149,2.5367,low_sample,dvsa-2024-v2,motriskindex-families-2024-v5
fail-group:citroen-ds5:dvsa-2024-v2:lamps-reflectors-and-electrical-equipment,citroen-ds5,"Lamps, reflectors and electrical equipment",1103,4235,26.0449,18.0899,7.9550,1.4397,low_sample,dvsa-2024-v2,motriskindex-families-2024-v5
fail-group:citroen-ds5:dvsa-2024-v2:suspension,citroen-ds5,Suspension,1054,4235,24.8878,15.3574,9.5305,1.6206,low_sample,dvsa-2024-v2,motriskindex-families-2024-v5
fail-group:citroen-grand:dvsa-2024-v2:lamps-reflectors-and-electrical-equipment,citroen-grand,"Lamps, reflectors and electrical equipment",2685,4573,58.7142,18.0899,40.6243,3.2457,low_sample,dvsa-2024-v2,motriskindex-families-2024-v5
fail-group:citroen-grand:dvsa-2024-v2:suspension,citroen-grand,Suspension,1250,4573,27.3344,15.3574,11.9770,1.7799,low_sample,dvsa-2024-v2,motriskindex-families-2024-v5
fail-group:citroen-grand:dvsa-2024-v2:brakes,citroen-grand,Brakes,1084,4573,23.7044,11.2525,12.4519,2.1066,low_sample,dvsa-2024-v2,motriskindex-families-2024-v5
fail-group:citroen-nemo:dvsa-2024-v2:lamps-reflectors-and-electrical-equipment,citroen-nemo,"Lamps, reflectors and electrical equipment",5300,13917,38.0829,18.0899,19.9930,2.1052,ok,dvsa-2024-v2,motriskindex-families-2024-v5
fail-group:citroen-nemo:dvsa-2024-v2:suspension,citroen-nemo,Suspension,4801,13917,34.4974,15.3574,19.1400,2.2463,low_sample,dvsa-2024-v2,motriskindex-families-2024-v5
fail-group:citroen-nemo:dvsa-2024-v2:brakes,citroen-nemo,Brakes,1203,13917,8.6441,11.2525,-2.6083,0.7682,low_sample,dvsa-2024-v2,motriskindex-families-2024-v5
fail-group:citroen-nemo:dvsa-2024-v2:visibility,citroen-nemo,Visibility,2825,13917,20.2989,8.3959,11.9030,2.4177,low_sample,dvsa-2024-v2,motriskindex-families-2024-v5
fail-group:citroen-nemo:dvsa-2024-v2:tyres,citroen-nemo,Tyres,1877,13917,13.4871,8.7011,4.7860,1.5500,low_sample,dvsa-2024-v2,motriskindex-families-2024-v5
fail-group:citroen-nemo:dvsa-2024-v2:body-chassis-structure,citroen-nemo,"Body, chassis, structure",1262,13917,9.0680,5.8011,3.2669,1.5632,low_sample,dvsa-2024-v2,motriskindex-families-2024-v5
fail-group:citroen-relay:dvsa-2024-v2:lamps-reflectors-and-electrical-equipment,citroen-relay,"Lamps, reflectors and electrical equipment",4797,13072,36.6968,18.0899,18.6069,2.0286,low_sample,dvsa-2024-v2,motriskindex-families-2024-v5
fail-group:citroen-relay:dvsa-2024-v2:suspension,citroen-relay,Suspension,3166,13072,24.2197,15.3574,8.8624,1.5771,low_sample,dvsa-2024-v2,motriskindex-families-2024-v5
fail-group:citroen-relay:dvsa-2024-v2:brakes,citroen-relay,Brakes,3009,13072,23.0187,11.2525,11.7662,2.0457,low_sample,dvsa-2024-v2,motriskindex-families-2024-v5
fail-group:citroen-relay:dvsa-2024-v2:visibility,citroen-relay,Visibility,2218,13072,16.9676,8.3959,8.5717,2.0209,low_sample,dvsa-2024-v2,motriskindex-families-2024-v5
fail-group:citroen-relay:dvsa-2024-v2:body-chassis-structure,citroen-relay,"Body, chassis, structure",2109,13072,16.1337,5.8011,10.3326,2.7811,low_sample,dvsa-2024-v2,motriskindex-families-2024-v5
fail-group:citroen-saxo:dvsa-2024-v2:lamps-reflectors-and-electrical-equipment,citroen-saxo,"Lamps, reflectors and electrical equipment",1304,3610,36.1219,18.0899,18.0320,1.9968,low_sample,dvsa-2024-v2,motriskindex-families-2024-v5
fail-group:citroen-saxo:dvsa-2024-v2:brakes,citroen-saxo,Brakes,1101,3610,30.4986,11.2525,19.2462,2.7104,low_sample,dvsa-2024-v2,motriskindex-families-2024-v5
fail-group:citroen-xsara:dvsa-2024-v2:lamps-reflectors-and-electrical-equipment,citroen-xsara,"Lamps, reflectors and electrical equipment",13802,26142,52.7963,18.0899,34.7064,2.9186,ok,dvsa-2024-v2,motriskindex-families-2024-v5
fail-group:citroen-xsara:dvsa-2024-v2:suspension,citroen-xsara,Suspension,8464,26142,32.3770,15.3574,17.0197,2.1082,ok,dvsa-2024-v2,motriskindex-families-2024-v5
fail-group:citroen-xsara:dvsa-2024-v2:brakes,citroen-xsara,Brakes,4836,26142,18.4990,11.2525,7.2465,1.6440,low_sample,dvsa-2024-v2,motriskindex-families-2024-v5
fail-group:citroen-xsara:dvsa-2024-v2:visibility,citroen-xsara,Visibility,3422,26142,13.0900,8.3959,4.6942,1.5591,low_sample,dvsa-2024-v2,motriskindex-families-2024-v5
fail-group:citroen-xsara:dvsa-2024-v2:tyres,citroen-xsara,Tyres,2962,26142,11.3304,8.7011,2.6293,1.3022,low_sample,dvsa-2024-v2,motriskindex-families-2024-v5
fail-group:citroen-xsara:dvsa-2024-v2:body-chassis-structure,citroen-xsara,"Body, chassis, structure",6801,26142,26.0156,5.8011,20.2145,4.4846,ok,dvsa-2024-v2,motriskindex-families-2024-v5
fail-group:citroen-xsara:dvsa-2024-v2:noise-emissions-and-leaks,citroen-xsara,"Noise, emissions and leaks",1934,26142,7.3981,3.6688,3.7292,2.0165,low_sample,dvsa-2024-v2,motriskindex-families-2024-v5
fail-group:citroen-xsara:dvsa-2024-v2:steering,citroen-xsara,Steering,2428,26142,9.2877,3.4692,5.8185,2.6772,low_sample,dvsa-2024-v2,motriskindex-families-2024-v5
fail-group:citroen-xsara:dvsa-2024-v2:seat-belts-and-supplementary-restraint-systems,citroen-xsara,Seat belts and supplementary restraint systems,2822,26142,10.7949,1.0195,9.7754,10.5887,low_sample,dvsa-2024-v2,motriskindex-families-2024-v5
fail-group:dacia-duster:dvsa-2024-v2:lamps-reflectors-and-electrical-equipment,dacia-duster,"Lamps, reflectors and electrical equipment",11119,72275,15.3843,18.0899,-2.7056,0.8504,ok,dvsa-2024-v2,motriskindex-families-2024-v5
fail-group:dacia-duster:dvsa-2024-v2:suspension,dacia-duster,Suspension,4025,72275,5.5690,15.3574,-9.7883,0.3626,low_sample,dvsa-2024-v2,motriskindex-families-2024-v5
fail-group:dacia-duster:dvsa-2024-v2:brakes,dacia-duster,Brakes,6761,72275,9.3545,11.2525,-1.8979,0.8313,ok,dvsa-2024-v2,motriskindex-families-2024-v5
fail-group:dacia-duster:dvsa-2024-v2:visibility,dacia-duster,Visibility,6186,72275,8.5590,8.3959,0.1631,1.0194,ok,dvsa-2024-v2,motriskindex-families-2024-v5
fail-group:dacia-duster:dvsa-2024-v2:tyres,dacia-duster,Tyres,4643,72275,6.4241,8.7011,-2.2771,0.7383,low_sample,dvsa-2024-v2,motriskindex-families-2024-v5
fail-group:dacia-duster:dvsa-2024-v2:body-chassis-structure,dacia-duster,"Body, chassis, structure",2549,72275,3.5268,5.8011,-2.2743,0.6080,low_sample,dvsa-2024-v2,motriskindex-families-2024-v5
fail-group:dacia-duster:dvsa-2024-v2:noise-emissions-and-leaks,dacia-duster,"Noise, emissions and leaks",1246,72275,1.7240,3.6688,-1.9449,0.4699,low_sample,dvsa-2024-v2,motriskindex-families-2024-v5
fail-group:dacia-duster:dvsa-2024-v2:steering,dacia-duster,Steering,1887,72275,2.6109,3.4692,-0.8583,0.7526,low_sample,dvsa-2024-v2,motriskindex-families-2024-v5
fail-group:dacia-logan:dvsa-2024-v2:lamps-reflectors-and-electrical-equipment,dacia-logan,"Lamps, reflectors and electrical equipment",2777,15647,17.7478,18.0899,-0.3421,0.9811,low_sample,dvsa-2024-v2,motriskindex-families-2024-v5
fail-group:dacia-logan:dvsa-2024-v2:suspension,dacia-logan,Suspension,1399,15647,8.9410,15.3574,-6.4163,0.5822,low_sample,dvsa-2024-v2,motriskindex-families-2024-v5
fail-group:dacia-logan:dvsa-2024-v2:brakes,dacia-logan,Brakes,1335,15647,8.5320,11.2525,-2.7205,0.7582,low_sample,dvsa-2024-v2,motriskindex-families-2024-v5
fail-group:dacia-logan:dvsa-2024-v2:visibility,dacia-logan,Visibility,1540,15647,9.8421,8.3959,1.4463,1.1723,low_sample,dvsa-2024-v2,motriskindex-families-2024-v5
fail-group:dacia-logan:dvsa-2024-v2:tyres,dacia-logan,Tyres,1199,15647,7.6628,8.7011,-1.0383,0.8807,low_sample,dvsa-2024-v2,motriskindex-families-2024-v5
fail-group:dacia-sandero:dvsa-2024-v2:lamps-reflectors-and-electrical-equipment,dacia-sandero,"Lamps, reflectors and electrical equipment",12526,106749,11.7341,18.0899,-6.3558,0.6487,ok,dvsa-2024-v2,motriskindex-families-2024-v5
fail-group:dacia-sandero:dvsa-2024-v2:suspension,dacia-sandero,Suspension,11078,106749,10.3776,15.3574,-4.9797,0.6757,ok,dvsa-2024-v2,motriskindex-families-2024-v5
fail-group:dacia-sandero:dvsa-2024-v2:brakes,dacia-sandero,Brakes,10500,106749,9.8362,11.2525,-1.4163,0.8741,ok,dvsa-2024-v2,motriskindex-families-2024-v5
fail-group:dacia-sandero:dvsa-2024-v2:visibility,dacia-sandero,Visibility,10396,106749,9.7387,8.3959,1.3428,1.1599,ok,dvsa-2024-v2,motriskindex-families-2024-v5
fail-group:dacia-sandero:dvsa-2024-v2:tyres,dacia-sandero,Tyres,6877,106749,6.4422,8.7011,-2.2589,0.7404,ok,dvsa-2024-v2,motriskindex-families-2024-v5
fail-group:dacia-sandero:dvsa-2024-v2:body-chassis-structure,dacia-sandero,"Body, chassis, structure",7297,106749,6.8357,5.8011,1.0345,1.1783,ok,dvsa-2024-v2,motriskindex-families-2024-v5
fail-group:dacia-sandero:dvsa-2024-v2:noise-emissions-and-leaks,dacia-sandero,"Noise, emissions and leaks",2375,106749,2.2248,3.6688,-1.4440,0.6064,low_sample,dvsa-2024-v2,motriskindex-families-2024-v5
fail-group:dacia-sandero:dvsa-2024-v2:steering,dacia-sandero,Steering,1667,106749,1.5616,3.4692,-1.9076,0.4501,low_sample,dvsa-2024-v2,motriskindex-families-2024-v5
fail-group:daihatsu-sirion:dvsa-2024-v2:lamps-reflectors-and-electrical-equipment,daihatsu-sirion,"Lamps, reflectors and electrical equipment",1732,6147,28.1763,18.0899,10.0865,1.5576,low_sample,dvsa-2024-v2,motriskindex-families-2024-v5
fail-group:daihatsu-sirion:dvsa-2024-v2:suspension,daihatsu-sirion,Suspension,1991,6147,32.3898,15.3574,17.0324,2.1091,low_sample,dvsa-2024-v2,motriskindex-families-2024-v5
fail-group:daihatsu-sirion:dvsa-2024-v2:brakes,daihatsu-sirion,Brakes,1038,6147,16.8863,11.2525,5.6338,1.5007,low_sample,dvsa-2024-v2,motriskindex-families-2024-v5
fail-group:daihatsu-terios:dvsa-2024-v2:suspension,daihatsu-terios,Suspension,1835,4027,45.5674,15.3574,30.2101,2.9671,low_sample,dvsa-2024-v2,motriskindex-families-2024-v5
fail-group:daihatsu-terios:dvsa-2024-v2:body-chassis-structure,daihatsu-terios,"Body, chassis, structure",1075,4027,26.6948,5.8011,20.8937,4.6017,low_sample,dvsa-2024-v2,motriskindex-families-2024-v5
fail-group:ds3:dvsa-2024-v2:lamps-reflectors-and-electrical-equipment,ds3,"Lamps, reflectors and electrical equipment",28583,105294,27.1459,18.0899,9.0560,1.5006,ok,dvsa-2024-v2,motriskindex-families-2024-v5
fail-group:ds3:dvsa-2024-v2:suspension,ds3,Suspension,19167,105294,18.2033,15.3574,2.8460,1.1853,ok,dvsa-2024-v2,motriskindex-families-2024-v5
fail-group:ds3:dvsa-2024-v2:brakes,ds3,Brakes,12769,105294,12.1270,11.2525,0.8745,1.0777,ok,dvsa-2024-v2,motriskindex-families-2024-v5
fail-group:ds3:dvsa-2024-v2:visibility,ds3,Visibility,9842,105294,9.3472,8.3959,0.9513,1.1133,ok,dvsa-2024-v2,motriskindex-families-2024-v5
fail-group:ds3:dvsa-2024-v2:tyres,ds3,Tyres,12071,105294,11.4641,8.7011,2.7629,1.3175,ok,dvsa-2024-v2,motriskindex-families-2024-v5
fail-group:ds3:dvsa-2024-v2:body-chassis-structure,ds3,"Body, chassis, structure",20132,105294,19.1198,5.8011,13.3187,3.2959,ok,dvsa-2024-v2,motriskindex-families-2024-v5
fail-group:ds3:dvsa-2024-v2:noise-emissions-and-leaks,ds3,"Noise, emissions and leaks",5645,105294,5.3612,3.6688,1.6924,1.4613,ok,dvsa-2024-v2,motriskindex-families-2024-v5
fail-group:ds3:dvsa-2024-v2:steering,ds3,Steering,6518,105294,6.1903,3.4692,2.7211,1.7844,ok,dvsa-2024-v2,motriskindex-families-2024-v5
fail-group:fiat-500:dvsa-2024-v2:lamps-reflectors-and-electrical-equipment,fiat-500,"Lamps, reflectors and electrical equipment",44932,321524,13.9747,18.0899,-4.1152,0.7725,ok,dvsa-2024-v2,motriskindex-families-2024-v5
fail-group:fiat-500:dvsa-2024-v2:suspension,fiat-500,Suspension,80651,321524,25.0840,15.3574,9.7266,1.6334,ok,dvsa-2024-v2,motriskindex-families-2024-v5
fail-group:fiat-500:dvsa-2024-v2:brakes,fiat-500,Brakes,37779,321524,11.7500,11.2525,0.4975,1.0442,ok,dvsa-2024-v2,motriskindex-families-2024-v5
fail-group:fiat-500:dvsa-2024-v2:visibility,fiat-500,Visibility,23064,321524,7.1733,8.3959,-1.2226,0.8544,ok,dvsa-2024-v2,motriskindex-families-2024-v5
fail-group:fiat-500:dvsa-2024-v2:tyres,fiat-500,Tyres,30005,321524,9.3321,8.7011,0.6310,1.0725,ok,dvsa-2024-v2,motriskindex-families-2024-v5
fail-group:fiat-500:dvsa-2024-v2:body-chassis-structure,fiat-500,"Body, chassis, structure",14239,321524,4.4286,5.8011,-1.3725,0.7634,ok,dvsa-2024-v2,motriskindex-families-2024-v5
fail-group:fiat-500:dvsa-2024-v2:noise-emissions-and-leaks,fiat-500,"Noise, emissions and leaks",12010,321524,3.7353,3.6688,0.0665,1.0181,ok,dvsa-2024-v2,motriskindex-families-2024-v5
fail-group:fiat-500:dvsa-2024-v2:steering,fiat-500,Steering,3195,321524,0.9937,3.4692,-2.4755,0.2864,low_sample,dvsa-2024-v2,motriskindex-families-2024-v5
fail-group:fiat-500:dvsa-2024-v2:seat-belts-and-supplementary-restraint-systems,fiat-500,Seat belts and supplementary restraint systems,1602,321524,0.4983,1.0195,-0.5212,0.4887,low_sample,dvsa-2024-v2,motriskindex-families-2024-v5
fail-group:fiat-500l:dvsa-2024-v2:lamps-reflectors-and-electrical-equipment,fiat-500l,"Lamps, reflectors and electrical equipment",2545,21603,11.7808,18.0899,-6.3091,0.6512,low_sample,dvsa-2024-v2,motriskindex-families-2024-v5
fail-group:fiat-500l:dvsa-2024-v2:suspension,fiat-500l,Suspension,4143,21603,19.1779,15.3574,3.8205,1.2488,low_sample,dvsa-2024-v2,motriskindex-families-2024-v5
fail-group:fiat-500l:dvsa-2024-v2:brakes,fiat-500l,Brakes,2811,21603,13.0121,11.2525,1.7596,1.1564,low_sample,dvsa-2024-v2,motriskindex-families-2024-v5
fail-group:fiat-500l:dvsa-2024-v2:visibility,fiat-500l,Visibility,1657,21603,7.6702,8.3959,-0.7257,0.9136,low_sample,dvsa-2024-v2,motriskindex-families-2024-v5
fail-group:fiat-500l:dvsa-2024-v2:tyres,fiat-500l,Tyres,2038,21603,9.4339,8.7011,0.7327,1.0842,low_sample,dvsa-2024-v2,motriskindex-families-2024-v5
fail-group:fiat-500l:dvsa-2024-v2:steering,fiat-500l,Steering,1862,21603,8.6192,3.4692,5.1500,2.4845,low_sample,dvsa-2024-v2,motriskindex-families-2024-v5
fail-group:fiat-500x:dvsa-2024-v2:lamps-reflectors-and-electrical-equipment,fiat-500x,"Lamps, reflectors and electrical equipment",3529,35966,9.8120,18.0899,-8.2778,0.5424,low_sample,dvsa-2024-v2,motriskindex-families-2024-v5
fail-group:fiat-500x:dvsa-2024-v2:suspension,fiat-500x,Suspension,2087,35966,5.8027,15.3574,-9.5547,0.3778,low_sample,dvsa-2024-v2,motriskindex-families-2024-v5
fail-group:fiat-500x:dvsa-2024-v2:brakes,fiat-500x,Brakes,1497,35966,4.1623,11.2525,-7.0902,0.3699,low_sample,dvsa-2024-v2,motriskindex-families-2024-v5
fail-group:fiat-500x:dvsa-2024-v2:visibility,fiat-500x,Visibility,1561,35966,4.3402,8.3959,-4.0557,0.5169,low_sample,dvsa-2024-v2,motriskindex-families-2024-v5
fail-group:fiat-500x:dvsa-2024-v2:tyres,fiat-500x,Tyres,3254,35966,9.0474,8.7011,0.3463,1.0398,low_sample,dvsa-2024-v2,motriskindex-families-2024-v5
fail-group:fiat-500x:dvsa-2024-v2:steering,fiat-500x,Steering,5887,35966,16.3682,3.4692,12.8990,4.7182,ok,dvsa-2024-v2,motriskindex-families-2024-v5
fail-group:fiat-bravo:dvsa-2024-v2:lamps-reflectors-and-electrical-equipment,fiat-bravo,"Lamps, reflectors and electrical equipment",1838,5041,36.4610,18.0899,18.3711,2.0155,low_sample,dvsa-2024-v2,motriskindex-families-2024-v5
fail-group:fiat-bravo:dvsa-2024-v2:suspension,fiat-bravo,Suspension,1825,5041,36.2031,15.3574,20.8458,2.3574,low_sample,dvsa-2024-v2,motriskindex-families-2024-v5
fail-group:fiat-bravo:dvsa-2024-v2:brakes,fiat-bravo,Brakes,1177,5041,23.3485,11.2525,12.0961,2.0750,low_sample,dvsa-2024-v2,motriskindex-families-2024-v5
fail-group:fiat-bravo:dvsa-2024-v2:body-chassis-structure,fiat-bravo,"Body, chassis, structure",1040,5041,20.6308,5.8011,14.8297,3.5564,low_sample,dvsa-2024-v2,motriskindex-families-2024-v5
fail-group:fiat-doblo:dvsa-2024-v2:lamps-reflectors-and-electrical-equipment,fiat-doblo,"Lamps, reflectors and electrical equipment",13733,46820,29.3315,18.0899,11.2416,1.6214,ok,dvsa-2024-v2,motriskindex-families-2024-v5
fail-group:fiat-doblo:dvsa-2024-v2:suspension,fiat-doblo,Suspension,12114,46820,25.8736,15.3574,10.5162,1.6848,ok,dvsa-2024-v2,motriskindex-families-2024-v5
fail-group:fiat-doblo:dvsa-2024-v2:brakes,fiat-doblo,Brakes,5271,46820,11.2580,11.2525,0.0056,1.0005,ok,dvsa-2024-v2,motriskindex-families-2024-v5
fail-group:fiat-doblo:dvsa-2024-v2:visibility,fiat-doblo,Visibility,6964,46820,14.8740,8.3959,6.4781,1.7716,ok,dvsa-2024-v2,motriskindex-families-2024-v5
fail-group:fiat-doblo:dvsa-2024-v2:tyres,fiat-doblo,Tyres,4978,46820,10.6322,8.7011,1.9311,1.2219,low_sample,dvsa-2024-v2,motriskindex-families-2024-v5
fail-group:fiat-doblo:dvsa-2024-v2:body-chassis-structure,fiat-doblo,"Body, chassis, structure",4417,46820,9.4340,5.8011,3.6329,1.6262,low_sample,dvsa-2024-v2,motriskindex-families-2024-v5
fail-group:fiat-doblo:dvsa-2024-v2:noise-emissions-and-leaks,fiat-doblo,"Noise, emissions and leaks",3729,46820,7.9645,3.6688,4.2957,2.1709,low_sample,dvsa-2024-v2,motriskindex-families-2024-v5
fail-group:fiat-ducato:dvsa-2024-v2:lamps-reflectors-and-electrical-equipment,fiat-ducato,"Lamps, reflectors and electrical equipment",20907,71072,29.4166,18.0899,11.3268,1.6261,ok,dvsa-2024-v2,motriskindex-families-2024-v5
fail-group:fiat-ducato:dvsa-2024-v2:suspension,fiat-ducato,Suspension,7878,71072,11.0845,15.3574,-4.2728,0.7218,ok,dvsa-2024-v2,motriskindex-families-2024-v5
fail-group:fiat-ducato:dvsa-2024-v2:brakes,fiat-ducato,Brakes,10637,71072,14.9665,11.2525,3.7141,1.3301,ok,dvsa-2024-v2,motriskindex-families-2024-v5
fail-group:fiat-ducato:dvsa-2024-v2:visibility,fiat-ducato,Visibility,7038,71072,9.9026,8.3959,1.5067,1.1795,ok,dvsa-2024-v2,motriskindex-families-2024-v5
fail-group:fiat-ducato:dvsa-2024-v2:tyres,fiat-ducato,Tyres,1977,71072,2.7817,8.7011,-5.9195,0.3197,low_sample,dvsa-2024-v2,motriskindex-families-2024-v5
fail-group:fiat-ducato:dvsa-2024-v2:body-chassis-structure,fiat-ducato,"Body, chassis, structure",7751,71072,10.9058,5.8011,5.1047,1.8800,ok,dvsa-2024-v2,motriskindex-families-2024-v5
fail-group:fiat-ducato:dvsa-2024-v2:noise-emissions-and-leaks,fiat-ducato,"Noise, emissions and leaks",1693,71072,2.3821,3.6688,-1.2867,0.6493,low_sample,dvsa-2024-v2,motriskindex-families-2024-v5
fail-group:fiat-ducato:dvsa-2024-v2:steering,fiat-ducato,Steering,1260,71072,1.7729,3.4692,-1.6963,0.5110,low_sample,dvsa-2024-v2,motriskindex-families-2024-v5
fail-group:fiat-ducato:dvsa-2024-v2:seat-belts-and-supplementary-restraint-systems,fiat-ducato,Seat belts and supplementary restraint systems,1246,71072,1.7532,1.0195,0.7337,1.7197,low_sample,dvsa-2024-v2,motriskindex-families-2024-v5
fail-group:fiat-fiorino:dvsa-2024-v2:lamps-reflectors-and-electrical-equipment,fiat-fiorino,"Lamps, reflectors and electrical equipment",2781,8424,33.0128,18.0899,14.9229,1.8249,low_sample,dvsa-2024-v2,motriskindex-families-2024-v5
fail-group:fiat-fiorino:dvsa-2024-v2:suspension,fiat-fiorino,Suspension,2166,8424,25.7123,15.3574,10.3549,1.6743,low_sample,dvsa-2024-v2,motriskindex-families-2024-v5
fail-group:fiat-fiorino:dvsa-2024-v2:visibility,fiat-fiorino,Visibility,1684,8424,19.9905,8.3959,11.5946,2.3810,low_sample,dvsa-2024-v2,motriskindex-families-2024-v5
fail-group:fiat-fiorino:dvsa-2024-v2:tyres,fiat-fiorino,Tyres,1114,8424,13.2241,8.7011,4.5230,1.5198,low_sample,dvsa-2024-v2,motriskindex-families-2024-v5
fail-group:fiat-grand:dvsa-2024-v2:lamps-reflectors-and-electrical-equipment,fiat-grand,"Lamps, reflectors and electrical equipment",1758,3348,52.5090,18.0899,34.4191,2.9027,low_sample,dvsa-2024-v2,motriskindex-families-2024-v5
fail-group:fiat-grande:dvsa-2024-v2:lamps-reflectors-and-electrical-equipment,fiat-grande,"Lamps, reflectors and electrical equipment",3311,6496,50.9698,18.0899,32.8799,2.8176,low_sample,dvsa-2024-v2,motriskindex-families-2024-v5
fail-group:fiat-grande:dvsa-2024-v2:suspension,fiat-grande,Suspension,1782,6496,27.4323,15.3574,12.0749,1.7863,low_sample,dvsa-2024-v2,motriskindex-families-2024-v5
fail-group:fiat-grande:dvsa-2024-v2:noise-emissions-and-leaks,fiat-grande,"Noise, emissions and leaks",1085,6496,16.7026,3.6688,13.0338,4.5526,low_sample,dvsa-2024-v2,motriskindex-families-2024-v5
fail-group:fiat-panda:dvsa-2024-v2:lamps-reflectors-and-electrical-equipment,fiat-panda,"Lamps, reflectors and electrical equipment",15910,89584,17.7599,18.0899,-0.3300,0.9818,ok,dvsa-2024-v2,motriskindex-families-2024-v5
fail-group:fiat-panda:dvsa-2024-v2:suspension,fiat-panda,Suspension,25521,89584,28.4883,15.3574,13.1310,1.8550,ok,dvsa-2024-v2,motriskindex-families-2024-v5
fail-group:fiat-panda:dvsa-2024-v2:brakes,fiat-panda,Brakes,12711,89584,14.1889,11.2525,2.9365,1.2610,ok,dvsa-2024-v2,motriskindex-families-2024-v5
fail-group:fiat-panda:dvsa-2024-v2:visibility,fiat-panda,Visibility,8562,89584,9.5575,8.3959,1.1616,1.1384,ok,dvsa-2024-v2,motriskindex-families-2024-v5
fail-group:fiat-panda:dvsa-2024-v2:tyres,fiat-panda,Tyres,8910,89584,9.9460,8.7011,1.2448,1.1431,ok,dvsa-2024-v2,motriskindex-families-2024-v5
fail-group:fiat-panda:dvsa-2024-v2:body-chassis-structure,fiat-panda,"Body, chassis, structure",6120,89584,6.8316,5.8011,1.0305,1.1776,ok,dvsa-2024-v2,motriskindex-families-2024-v5
fail-group:fiat-panda:dvsa-2024-v2:noise-emissions-and-leaks,fiat-panda,"Noise, emissions and leaks",4924,89584,5.4965,3.6688,1.8277,1.4982,low_sample,dvsa-2024-v2,motriskindex-families-2024-v5
fail-group:fiat-panda:dvsa-2024-v2:steering,fiat-panda,Steering,2219,89584,2.4770,3.4692,-0.9922,0.7140,low_sample,dvsa-2024-v2,motriskindex-families-2024-v5
fail-group:fiat-punto:dvsa-2024-v2:lamps-reflectors-and-electrical-equipment,fiat-punto,"Lamps, reflectors and electrical equipment",26721,61272,43.6105,18.0899,25.5206,2.4108,ok,dvsa-2024-v2,motriskindex-families-2024-v5
fail-group:fiat-punto:dvsa-2024-v2:suspension,fiat-punto,Suspension,13666,61272,22.3038,15.3574,6.9465,1.4523,ok,dvsa-2024-v2,motriskindex-families-2024-v5
fail-group:fiat-punto:dvsa-2024-v2:brakes,fiat-punto,Brakes,9275,61272,15.1374,11.2525,3.8850,1.3453,ok,dvsa-2024-v2,motriskindex-families-2024-v5
fail-group:fiat-punto:dvsa-2024-v2:visibility,fiat-punto,Visibility,6264,61272,10.2233,8.3959,1.8274,1.2177,ok,dvsa-2024-v2,motriskindex-families-2024-v5
fail-group:fiat-punto:dvsa-2024-v2:tyres,fiat-punto,Tyres,5877,61272,9.5917,8.7011,0.8905,1.1023,ok,dvsa-2024-v2,motriskindex-families-2024-v5
fail-group:fiat-punto:dvsa-2024-v2:body-chassis-structure,fiat-punto,"Body, chassis, structure",8108,61272,13.2328,5.8011,7.4317,2.2811,ok,dvsa-2024-v2,motriskindex-families-2024-v5
fail-group:fiat-punto:dvsa-2024-v2:noise-emissions-and-leaks,fiat-punto,"Noise, emissions and leaks",7669,61272,12.5163,3.6688,8.8475,3.4115,ok,dvsa-2024-v2,motriskindex-families-2024-v5
fail-group:fiat-punto:dvsa-2024-v2:steering,fiat-punto,Steering,5606,61272,9.1494,3.4692,5.6802,2.6373,ok,dvsa-2024-v2,motriskindex-families-2024-v5
fail-group:fiat-punto:dvsa-2024-v2:seat-belts-and-supplementary-restraint-systems,fiat-punto,Seat belts and supplementary restraint systems,1554,61272,2.5362,1.0195,1.5168,2.4878,low_sample,dvsa-2024-v2,motriskindex-families-2024-v5
fail-group:fiat-qubo:dvsa-2024-v2:suspension,fiat-qubo,Suspension,1118,4289,26.0667,15.3574,10.7093,1.6973,low_sample,dvsa-2024-v2,motriskindex-families-2024-v5
fail-group:fiat-scudo:dvsa-2024-v2:lamps-reflectors-and-electrical-equipment,fiat-scudo,"Lamps, reflectors and electrical equipment",3992,8100,49.2840,18.0899,31.1941,2.7244,low_sample,dvsa-2024-v2,motriskindex-families-2024-v5
fail-group:fiat-scudo:dvsa-2024-v2:suspension,fiat-scudo,Suspension,3292,8100,40.6420,15.3574,25.2846,2.6464,low_sample,dvsa-2024-v2,motriskindex-families-2024-v5
fail-group:fiat-scudo:dvsa-2024-v2:brakes,fiat-scudo,Brakes,2170,8100,26.7901,11.2525,15.5377,2.3808,low_sample,dvsa-2024-v2,motriskindex-families-2024-v5
fail-group:fiat-scudo:dvsa-2024-v2:visibility,fiat-scudo,Visibility,1736,8100,21.4321,8.3959,13.0362,2.5527,low_sample,dvsa-2024-v2,motriskindex-families-2024-v5
fail-group:fiat-scudo:dvsa-2024-v2:body-chassis-structure,fiat-scudo,"Body, chassis, structure",3537,8100,43.6667,5.8011,37.8655,7.5273,low_sample,dvsa-2024-v2,motriskindex-families-2024-v5
fail-group:fiat-tipo:dvsa-2024-v2:suspension,fiat-tipo,Suspension,1617,13014,12.4251,15.3574,-2.9323,0.8091,low_sample,dvsa-2024-v2,motriskindex-families-2024-v5
fail-group:fiat-tipo:dvsa-2024-v2:brakes,fiat-tipo,Brakes,1053,13014,8.0913,11.2525,-3.1612,0.7191,low_sample,dvsa-2024-v2,motriskindex-families-2024-v5
fail-group:fiat-tipo:dvsa-2024-v2:visibility,fiat-tipo,Visibility,1042,13014,8.0068,8.3959,-0.3891,0.9537,low_sample,dvsa-2024-v2,motriskindex-families-2024-v5
fail-group:fiat-tipo:dvsa-2024-v2:tyres,fiat-tipo,Tyres,1281,13014,9.8432,8.7011,1.1421,1.1313,low_sample,dvsa-2024-v2,motriskindex-families-2024-v5
fail-group:ford-b-max:dvsa-2024-v2:lamps-reflectors-and-electrical-equipment,ford-b-max,"Lamps, reflectors and electrical equipment",7561,54386,13.9025,18.0899,-4.1874,0.7685,ok,dvsa-2024-v2,motriskindex-families-2024-v5
fail-group:ford-b-max:dvsa-2024-v2:suspension,ford-b-max,Suspension,6365,54386,11.7034,15.3574,-3.6540,0.7621,ok,dvsa-2024-v2,motriskindex-families-2024-v5
fail-group:ford-b-max:dvsa-2024-v2:brakes,ford-b-max,Brakes,2429,54386,4.4662,11.2525,-6.7862,0.3969,low_sample,dvsa-2024-v2,motriskindex-families-2024-v5
fail-group:ford-b-max:dvsa-2024-v2:visibility,ford-b-max,Visibility,4504,54386,8.2815,8.3959,-0.1143,0.9864,low_sample,dvsa-2024-v2,motriskindex-families-2024-v5
fail-group:ford-b-max:dvsa-2024-v2:tyres,ford-b-max,Tyres,4550,54386,8.3661,8.7011,-0.3350,0.9615,low_sample,dvsa-2024-v2,motriskindex-families-2024-v5
fail-group:ford-b-max:dvsa-2024-v2:noise-emissions-and-leaks,ford-b-max,"Noise, emissions and leaks",1524,54386,2.8022,3.6688,-0.8666,0.7638,low_sample,dvsa-2024-v2,motriskindex-families-2024-v5
fail-group:ford-c-max:dvsa-2024-v2:lamps-reflectors-and-electrical-equipment,ford-c-max,"Lamps, reflectors and electrical equipment",19685,111957,17.5826,18.0899,-0.5072,0.9720,ok,dvsa-2024-v2,motriskindex-families-2024-v5
fail-group:ford-c-max:dvsa-2024-v2:suspension,ford-c-max,Suspension,13526,111957,12.0814,15.3574,-3.2759,0.7867,ok,dvsa-2024-v2,motriskindex-families-2024-v5
fail-group:ford-c-max:dvsa-2024-v2:brakes,ford-c-max,Brakes,11160,111957,9.9681,11.2525,-1.2843,0.8859,ok,dvsa-2024-v2,motriskindex-families-2024-v5
fail-group:ford-c-max:dvsa-2024-v2:visibility,ford-c-max,Visibility,8958,111957,8.0013,8.3959,-0.3946,0.9530,ok,dvsa-2024-v2,motriskindex-families-2024-v5
fail-group:ford-c-max:dvsa-2024-v2:tyres,ford-c-max,Tyres,13263,111957,11.8465,8.7011,3.1454,1.3615,ok,dvsa-2024-v2,motriskindex-families-2024-v5
fail-group:ford-c-max:dvsa-2024-v2:body-chassis-structure,ford-c-max,"Body, chassis, structure",8248,111957,7.3671,5.8011,1.5660,1.2699,ok,dvsa-2024-v2,motriskindex-families-2024-v5
fail-group:ford-c-max:dvsa-2024-v2:noise-emissions-and-leaks,ford-c-max,"Noise, emissions and leaks",4201,111957,3.7523,3.6688,0.0835,1.0228,low_sample,dvsa-2024-v2,motriskindex-families-2024-v5
fail-group:ford-c-max:dvsa-2024-v2:steering,ford-c-max,Steering,3118,111957,2.7850,3.4692,-0.6842,0.8028,low_sample,dvsa-2024-v2,motriskindex-families-2024-v5
fail-group:ford-ecosport:dvsa-2024-v2:lamps-reflectors-and-electrical-equipment,ford-ecosport,"Lamps, reflectors and electrical equipment",8945,102987,8.6856,18.0899,-9.4043,0.4801,ok,dvsa-2024-v2,motriskindex-families-2024-v5
fail-group:ford-ecosport:dvsa-2024-v2:suspension,ford-ecosport,Suspension,4327,102987,4.2015,15.3574,-11.1559,0.2736,low_sample,dvsa-2024-v2,motriskindex-families-2024-v5
fail-group:ford-ecosport:dvsa-2024-v2:brakes,ford-ecosport,Brakes,6962,102987,6.7601,11.2525,-4.4924,0.6008,ok,dvsa-2024-v2,motriskindex-families-2024-v5
fail-group:ford-ecosport:dvsa-2024-v2:visibility,ford-ecosport,Visibility,4981,102987,4.8365,8.3959,-3.5594,0.5761,low_sample,dvsa-2024-v2,motriskindex-families-2024-v5
fail-group:ford-ecosport:dvsa-2024-v2:tyres,ford-ecosport,Tyres,6614,102987,6.4222,8.7011,-2.2790,0.7381,ok,dvsa-2024-v2,motriskindex-families-2024-v5
fail-group:ford-ecosport:dvsa-2024-v2:body-chassis-structure,ford-ecosport,"Body, chassis, structure",2285,102987,2.2187,5.8011,-3.5824,0.3825,low_sample,dvsa-2024-v2,motriskindex-families-2024-v5
fail-group:ford-ecosport:dvsa-2024-v2:noise-emissions-and-leaks,ford-ecosport,"Noise, emissions and leaks",2500,102987,2.4275,3.6688,-1.2413,0.6617,low_sample,dvsa-2024-v2,motriskindex-families-2024-v5
fail-group:ford-ecosport:dvsa-2024-v2:steering,ford-ecosport,Steering,1278,102987,1.2409,3.4692,-2.2283,0.3577,low_sample,dvsa-2024-v2,motriskindex-families-2024-v5
fail-group:ford-escort:dvsa-2024-v2:lamps-reflectors-and-electrical-equipment,ford-escort,"Lamps, reflectors and electrical equipment",1643,10100,16.2673,18.0899,-1.8226,0.8992,low_sample,dvsa-2024-v2,motriskindex-families-2024-v5
fail-group:ford-escort:dvsa-2024-v2:suspension,ford-escort,Suspension,1613,10100,15.9703,15.3574,0.6129,1.0399,low_sample,dvsa-2024-v2,motriskindex-families-2024-v5
fail-group:ford-escort:dvsa-2024-v2:brakes,ford-escort,Brakes,1527,10100,15.1188,11.2525,3.8664,1.3436,low_sample,dvsa-2024-v2,motriskindex-families-2024-v5
fail-group:ford-escort:dvsa-2024-v2:body-chassis-structure,ford-escort,"Body, chassis, structure",1612,10100,15.9604,5.8011,10.1593,2.7513,low_sample,dvsa-2024-v2,motriskindex-families-2024-v5
fail-group:ford-fiesta:dvsa-2024-v2:lamps-reflectors-and-electrical-equipment,ford-fiesta,"Lamps, reflectors and electrical equipment",307838,1344051,22.9037,18.0899,4.8139,1.2661,ok,dvsa-2024-v2,motriskindex-families-2024-v5
fail-group:ford-fiesta:dvsa-2024-v2:suspension,ford-fiesta,Suspension,292678,1344051,21.7758,15.3574,6.4185,1.4179,ok,dvsa-2024-v2,motriskindex-families-2024-v5
fail-group:ford-fiesta:dvsa-2024-v2:brakes,ford-fiesta,Brakes,122902,1344051,9.1441,11.2525,-2.1083,0.8126,ok,dvsa-2024-v2,motriskindex-families-2024-v5
fail-group:ford-fiesta:dvsa-2024-v2:visibility,ford-fiesta,Visibility,107100,1344051,7.9684,8.3959,-0.4274,0.9491,ok,dvsa-2024-v2,motriskindex-families-2024-v5
fail-group:ford-fiesta:dvsa-2024-v2:tyres,ford-fiesta,Tyres,145200,1344051,10.8032,8.7011,2.1020,1.2416,ok,dvsa-2024-v2,motriskindex-families-2024-v5
fail-group:ford-fiesta:dvsa-2024-v2:body-chassis-structure,ford-fiesta,"Body, chassis, structure",66108,1344051,4.9186,5.8011,-0.8826,0.8479,ok,dvsa-2024-v2,motriskindex-families-2024-v5
fail-group:ford-fiesta:dvsa-2024-v2:noise-emissions-and-leaks,ford-fiesta,"Noise, emissions and leaks",68624,1344051,5.1058,3.6688,1.4369,1.3917,ok,dvsa-2024-v2,motriskindex-families-2024-v5
fail-group:ford-fiesta:dvsa-2024-v2:steering,ford-fiesta,Steering,62828,1344051,4.6745,3.4692,1.2053,1.3474,ok,dvsa-2024-v2,motriskindex-families-2024-v5
fail-group:ford-fiesta:dvsa-2024-v2:seat-belts-and-supplementary-restraint-systems,ford-fiesta,Seat belts and supplementary restraint systems,10533,1344051,0.7837,1.0195,-0.2358,0.7687,ok,dvsa-2024-v2,motriskindex-families-2024-v5
fail-group:ford-fiesta:dvsa-2024-v2:identification-of-the-vehicle,ford-fiesta,Identification of the vehicle,5082,1344051,0.3781,0.3643,0.0138,1.0378,ok,dvsa-2024-v2,motriskindex-families-2024-v5
fail-group:ford-fiesta:dvsa-2024-v2:road-wheels,ford-fiesta,Road Wheels,6695,1344051,0.4981,0.4406,0.0576,1.1307,ok,dvsa-2024-v2,motriskindex-families-2024-v5
fail-group:ford-focus:dvsa-2024-v2:lamps-reflectors-and-electrical-equipment,ford-focus,"Lamps, reflectors and electrical equipment",195391,916041,21.3299,18.0899,3.2401,1.1791,ok,dvsa-2024-v2,motriskindex-families-2024-v5
fail-group:ford-focus:dvsa-2024-v2:suspension,ford-focus,Suspension,153430,916041,16.7493,15.3574,1.3919,1.0906,ok,dvsa-2024-v2,motriskindex-families-2024-v5
fail-group:ford-focus:dvsa-2024-v2:brakes,ford-focus,Brakes,77583,916041,8.4694,11.2525,-2.7831,0.7527,ok,dvsa-2024-v2,motriskindex-families-2024-v5
fail-group:ford-focus:dvsa-2024-v2:visibility,ford-focus,Visibility,69514,916041,7.5885,8.3959,-0.8074,0.9038,ok,dvsa-2024-v2,motriskindex-families-2024-v5
fail-group:ford-focus:dvsa-2024-v2:tyres,ford-focus,Tyres,98370,916041,10.7386,8.7011,2.0375,1.2342,ok,dvsa-2024-v2,motriskindex-families-2024-v5
fail-group:ford-focus:dvsa-2024-v2:body-chassis-structure,ford-focus,"Body, chassis, structure",53567,916041,5.8477,5.8011,0.0465,1.0080,ok,dvsa-2024-v2,motriskindex-families-2024-v5
fail-group:ford-focus:dvsa-2024-v2:noise-emissions-and-leaks,ford-focus,"Noise, emissions and leaks",39536,916041,4.3160,3.6688,0.6471,1.1764,ok,dvsa-2024-v2,motriskindex-families-2024-v5
fail-group:ford-focus:dvsa-2024-v2:steering,ford-focus,Steering,18091,916041,1.9749,3.4692,-1.4943,0.5693,ok,dvsa-2024-v2,motriskindex-families-2024-v5
fail-group:ford-focus:dvsa-2024-v2:seat-belts-and-supplementary-restraint-systems,ford-focus,Seat belts and supplementary restraint systems,6766,916041,0.7386,1.0195,-0.2809,0.7245,ok,dvsa-2024-v2,motriskindex-families-2024-v5
fail-group:ford-focus:dvsa-2024-v2:identification-of-the-vehicle,ford-focus,Identification of the vehicle,3653,916041,0.3988,0.3643,0.0344,1.0945,low_sample,dvsa-2024-v2,motriskindex-families-2024-v5
fail-group:ford-focus:dvsa-2024-v2:road-wheels,ford-focus,Road Wheels,5118,916041,0.5587,0.4406,0.1182,1.2682,ok,dvsa-2024-v2,motriskindex-families-2024-v5
fail-group:ford-fusion:dvsa-2024-v2:lamps-reflectors-and-electrical-equipment,ford-fusion,"Lamps, reflectors and electrical equipment",20507,52440,39.1056,18.0899,21.0158,2.1617,ok,dvsa-2024-v2,motriskindex-families-2024-v5
fail-group:ford-fusion:dvsa-2024-v2:suspension,ford-fusion,Suspension,15806,52440,30.1411,15.3574,14.7838,1.9627,ok,dvsa-2024-v2,motriskindex-families-2024-v5
fail-group:ford-fusion:dvsa-2024-v2:brakes,ford-fusion,Brakes,11065,52440,21.1003,11.2525,9.8479,1.8752,ok,dvsa-2024-v2,motriskindex-families-2024-v5
fail-group:ford-fusion:dvsa-2024-v2:visibility,ford-fusion,Visibility,6261,52440,11.9394,8.3959,3.5435,1.4220,ok,dvsa-2024-v2,motriskindex-families-2024-v5
fail-group:ford-fusion:dvsa-2024-v2:tyres,ford-fusion,Tyres,4324,52440,8.2456,8.7011,-0.4555,0.9476,low_sample,dvsa-2024-v2,motriskindex-families-2024-v5
fail-group:ford-fusion:dvsa-2024-v2:body-chassis-structure,ford-fusion,"Body, chassis, structure",4811,52440,9.1743,5.8011,3.3732,1.5815,low_sample,dvsa-2024-v2,motriskindex-families-2024-v5
fail-group:ford-fusion:dvsa-2024-v2:noise-emissions-and-leaks,ford-fusion,"Noise, emissions and leaks",3420,52440,6.5217,3.6688,2.8529,1.7776,low_sample,dvsa-2024-v2,motriskindex-families-2024-v5
fail-group:ford-fusion:dvsa-2024-v2:steering,ford-fusion,Steering,2672,52440,5.0953,3.4692,1.6262,1.4687,low_sample,dvsa-2024-v2,motriskindex-families-2024-v5
fail-group:ford-galaxy:dvsa-2024-v2:lamps-reflectors-and-electrical-equipment,ford-galaxy,"Lamps, reflectors and electrical equipment",22414,60060,37.3193,18.0899,19.2295,2.0630,ok,dvsa-2024-v2,motriskindex-families-2024-v5
fail-group:ford-galaxy:dvsa-2024-v2:suspension,ford-galaxy,Suspension,12602,60060,20.9824,15.3574,5.6250,1.3663,ok,dvsa-2024-v2,motriskindex-families-2024-v5
fail-group:ford-galaxy:dvsa-2024-v2:brakes,ford-galaxy,Brakes,7974,60060,13.2767,11.2525,2.0243,1.1799,ok,dvsa-2024-v2,motriskindex-families-2024-v5
fail-group:ford-galaxy:dvsa-2024-v2:visibility,ford-galaxy,Visibility,6153,60060,10.2448,8.3959,1.8489,1.2202,ok,dvsa-2024-v2,motriskindex-families-2024-v5
fail-group:ford-galaxy:dvsa-2024-v2:tyres,ford-galaxy,Tyres,7396,60060,12.3144,8.7011,3.6132,1.4153,ok,dvsa-2024-v2,motriskindex-families-2024-v5
fail-group:ford-galaxy:dvsa-2024-v2:body-chassis-structure,ford-galaxy,"Body, chassis, structure",7599,60060,12.6523,5.8011,6.8512,2.1810,ok,dvsa-2024-v2,motriskindex-families-2024-v5
fail-group:ford-galaxy:dvsa-2024-v2:noise-emissions-and-leaks,ford-galaxy,"Noise, emissions and leaks",2381,60060,3.9644,3.6688,0.2955,1.0806,low_sample,dvsa-2024-v2,motriskindex-families-2024-v5
fail-group:ford-galaxy:dvsa-2024-v2:steering,ford-galaxy,Steering,3179,60060,5.2930,3.4692,1.8239,1.5257,low_sample,dvsa-2024-v2,motriskindex-families-2024-v5
fail-group:ford-galaxy:dvsa-2024-v2:seat-belts-and-supplementary-restraint-systems,ford-galaxy,Seat belts and supplementary restraint systems,1351,60060,2.2494,1.0195,1.2299,2.2065,low_sample,dvsa-2024-v2,motriskindex-families-2024-v5
fail-group:ford-grand-c-max:dvsa-2024-v2:lamps-reflectors-and-electrical-equipment,ford-grand-c-max,"Lamps, reflectors and electrical equipment",6890,35822,19.2340,18.0899,1.1441,1.0632,ok,dvsa-2024-v2,motriskindex-families-2024-v5
fail-group:ford-grand-c-max:dvsa-2024-v2:suspension,ford-grand-c-max,Suspension,2853,35822,7.9644,15.3574,-7.3930,0.5186,low_sample,dvsa-2024-v2,motriskindex-families-2024-v5
fail-group:ford-grand-c-max:dvsa-2024-v2:brakes,ford-grand-c-max,Brakes,4260,35822,11.8921,11.2525,0.6397,1.0568,low_sample,dvsa-2024-v2,motriskindex-families-2024-v5
fail-group:ford-grand-c-max:dvsa-2024-v2:visibility,ford-grand-c-max,Visibility,3283,35822,9.1648,8.3959,0.7689,1.0916,low_sample,dvsa-2024-v2,motriskindex-families-2024-v5
fail-group:ford-grand-c-max:dvsa-2024-v2:tyres,ford-grand-c-max,Tyres,5323,35822,14.8596,8.7011,6.1584,1.7078,ok,dvsa-2024-v2,motriskindex-families-2024-v5
fail-group:ford-grand-c-max:dvsa-2024-v2:body-chassis-structure,ford-grand-c-max,"Body, chassis, structure",2976,35822,8.3077,5.8011,2.5066,1.4321,low_sample,dvsa-2024-v2,motriskindex-families-2024-v5
fail-group:ford-grand-c-max:dvsa-2024-v2:noise-emissions-and-leaks,ford-grand-c-max,"Noise, emissions and leaks",1291,35822,3.6039,3.6688,-0.0649,0.9823,low_sample,dvsa-2024-v2,motriskindex-families-2024-v5
fail-group:ford-ka:dvsa-2024-v2:lamps-reflectors-and-electrical-equipment,ford-ka,"Lamps, reflectors and electrical equipment",29937,179906,16.6404,18.0899,-1.4495,0.9199,ok,dvsa-2024-v2,motriskindex-families-2024-v5
fail-group:ford-ka:dvsa-2024-v2:suspension,ford-ka,Suspension,49053,179906,27.2659,15.3574,11.9086,1.7754,ok,dvsa-2024-v2,motriskindex-families-2024-v5
fail-group:ford-ka:dvsa-2024-v2:brakes,ford-ka,Brakes,22901,179906,12.7294,11.2525,1.4770,1.1313,ok,dvsa-2024-v2,motriskindex-families-2024-v5
fail-group:ford-ka:dvsa-2024-v2:visibility,ford-ka,Visibility,14293,179906,7.9447,8.3959,-0.4512,0.9463,ok,dvsa-2024-v2,motriskindex-families-2024-v5
fail-group:ford-ka:dvsa-2024-v2:tyres,ford-ka,Tyres,15161,179906,8.4272,8.7011,-0.2740,0.9685,ok,dvsa-2024-v2,motriskindex-families-2024-v5
fail-group:ford-ka:dvsa-2024-v2:body-chassis-structure,ford-ka,"Body, chassis, structure",11360,179906,6.3144,5.8011,0.5133,1.0885,ok,dvsa-2024-v2,motriskindex-families-2024-v5
fail-group:ford-ka:dvsa-2024-v2:noise-emissions-and-leaks,ford-ka,"Noise, emissions and leaks",7246,179906,4.0277,3.6688,0.3588,1.0978,ok,dvsa-2024-v2,motriskindex-families-2024-v5
fail-group:ford-ka:dvsa-2024-v2:steering,ford-ka,Steering,3603,179906,2.0027,3.4692,-1.4665,0.5773,low_sample,dvsa-2024-v2,motriskindex-families-2024-v5
fail-group:ford-ka:dvsa-2024-v2:seat-belts-and-supplementary-restraint-systems,ford-ka,Seat belts and supplementary restraint systems,2562,179906,1.4241,1.0195,0.4046,1.3969,low_sample,dvsa-2024-v2,motriskindex-families-2024-v5
fail-group:ford-kuga:dvsa-2024-v2:lamps-reflectors-and-electrical-equipment,ford-kuga,"Lamps, reflectors and electrical equipment",25775,254154,10.1415,18.0899,-7.9484,0.5606,ok,dvsa-2024-v2,motriskindex-families-2024-v5
fail-group:ford-kuga:dvsa-2024-v2:suspension,ford-kuga,Suspension,11714,254154,4.6090,15.3574,-10.7483,0.3001,ok,dvsa-2024-v2,motriskindex-families-2024-v5
fail-group:ford-kuga:dvsa-2024-v2:brakes,ford-kuga,Brakes,19086,254154,7.5096,11.2525,-3.7428,0.6674,ok,dvsa-2024-v2,motriskindex-families-2024-v5
fail-group:ford-kuga:dvsa-2024-v2:visibility,ford-kuga,Visibility,17376,254154,6.8368,8.3959,-1.5591,0.8143,ok,dvsa-2024-v2,motriskindex-families-2024-v5
fail-group:ford-kuga:dvsa-2024-v2:tyres,ford-kuga,Tyres,20893,254154,8.2206,8.7011,-0.4805,0.9448,ok,dvsa-2024-v2,motriskindex-families-2024-v5
fail-group:ford-kuga:dvsa-2024-v2:body-chassis-structure,ford-kuga,"Body, chassis, structure",6494,254154,2.5551,5.8011,-3.2460,0.4405,ok,dvsa-2024-v2,motriskindex-families-2024-v5
fail-group:ford-kuga:dvsa-2024-v2:noise-emissions-and-leaks,ford-kuga,"Noise, emissions and leaks",5028,254154,1.9783,3.6688,-1.6905,0.5392,ok,dvsa-2024-v2,motriskindex-families-2024-v5
fail-group:ford-kuga:dvsa-2024-v2:steering,ford-kuga,Steering,3211,254154,1.2634,3.4692,-2.2058,0.3642,low_sample,dvsa-2024-v2,motriskindex-families-2024-v5
fail-group:ford-mondeo:dvsa-2024-v2:lamps-reflectors-and-electrical-equipment,ford-mondeo,"Lamps, reflectors and electrical equipment",50690,193408,26.2088,18.0899,8.1190,1.4488,ok,dvsa-2024-v2,motriskindex-families-2024-v5
fail-group:ford-mondeo:dvsa-2024-v2:suspension,ford-mondeo,Suspension,39880,193408,20.6196,15.3574,5.2623,1.3427,ok,dvsa-2024-v2,motriskindex-families-2024-v5
fail-group:ford-mondeo:dvsa-2024-v2:brakes,ford-mondeo,Brakes,28826,193408,14.9042,11.2525,3.6518,1.3245,ok,dvsa-2024-v2,motriskindex-families-2024-v5
fail-group:ford-mondeo:dvsa-2024-v2:visibility,ford-mondeo,Visibility,16402,193408,8.4805,8.3959,0.0846,1.0101,ok,dvsa-2024-v2,motriskindex-families-2024-v5
fail-group:ford-mondeo:dvsa-2024-v2:tyres,ford-mondeo,Tyres,23603,193408,12.2037,8.7011,3.5026,1.4025,ok,dvsa-2024-v2,motriskindex-families-2024-v5
fail-group:ford-mondeo:dvsa-2024-v2:body-chassis-structure,ford-mondeo,"Body, chassis, structure",13787,193408,7.1285,5.8011,1.3273,1.2288,ok,dvsa-2024-v2,motriskindex-families-2024-v5
fail-group:ford-mondeo:dvsa-2024-v2:noise-emissions-and-leaks,ford-mondeo,"Noise, emissions and leaks",9444,193408,4.8829,3.6688,1.2141,1.3309,ok,dvsa-2024-v2,motriskindex-families-2024-v5
fail-group:ford-mondeo:dvsa-2024-v2:steering,ford-mondeo,Steering,7245,193408,3.7460,3.4692,0.2768,1.0798,ok,dvsa-2024-v2,motriskindex-families-2024-v5
fail-group:ford-mondeo:dvsa-2024-v2:seat-belts-and-supplementary-restraint-systems,ford-mondeo,Seat belts and supplementary restraint systems,1696,193408,0.8769,1.0195,-0.1426,0.8602,low_sample,dvsa-2024-v2,motriskindex-families-2024-v5
fail-group:ford-mustang:dvsa-2024-v2:brakes,ford-mustang,Brakes,1433,12248,11.6999,11.2525,0.4474,1.0398,low_sample,dvsa-2024-v2,motriskindex-families-2024-v5
fail-group:ford-puma:dvsa-2024-v2:lamps-reflectors-and-electrical-equipment,ford-puma,"Lamps, reflectors and electrical equipment",1235,59379,2.0799,18.0899,-16.0100,0.1150,low_sample,dvsa-2024-v2,motriskindex-families-2024-v5
fail-group:ford-puma:dvsa-2024-v2:brakes,ford-puma,Brakes,1537,59379,2.5885,11.2525,-8.6640,0.2300,low_sample,dvsa-2024-v2,motriskindex-families-2024-v5
fail-group:ford-puma:dvsa-2024-v2:visibility,ford-puma,Visibility,1405,59379,2.3662,8.3959,-6.0297,0.2818,low_sample,dvsa-2024-v2,motriskindex-families-2024-v5
fail-group:ford-puma:dvsa-2024-v2:tyres,ford-puma,Tyres,2160,59379,3.6376,8.7011,-5.0635,0.4181,low_sample,dvsa-2024-v2,motriskindex-families-2024-v5
fail-group:ford-ranger:dvsa-2024-v2:lamps-reflectors-and-electrical-equipment,ford-ranger,"Lamps, reflectors and electrical equipment",24930,108814,22.9107,18.0899,4.8208,1.2665,ok,dvsa-2024-v2,motriskindex-families-2024-v5
fail-group:ford-ranger:dvsa-2024-v2:suspension,ford-ranger,Suspension,18729,108814,17.2119,15.3574,1.8546,1.1208,ok,dvsa-2024-v2,motriskindex-families-2024-v5
fail-group:ford-ranger:dvsa-2024-v2:brakes,ford-ranger,Brakes,12918,108814,11.8716,11.2525,0.6192,1.0550,ok,dvsa-2024-v2,motriskindex-families-2024-v5
fail-group:ford-ranger:dvsa-2024-v2:visibility,ford-ranger,Visibility,8618,108814,7.9199,8.3959,-0.4760,0.9433,ok,dvsa-2024-v2,motriskindex-families-2024-v5
fail-group:ford-ranger:dvsa-2024-v2:tyres,ford-ranger,Tyres,5669,108814,5.2098,8.7011,-3.4913,0.5987,ok,dvsa-2024-v2,motriskindex-families-2024-v5
fail-group:ford-ranger:dvsa-2024-v2:body-chassis-structure,ford-ranger,"Body, chassis, structure",9791,108814,8.9979,5.8011,3.1968,1.5511,ok,dvsa-2024-v2,motriskindex-families-2024-v5
fail-group:ford-ranger:dvsa-2024-v2:noise-emissions-and-leaks,ford-ranger,"Noise, emissions and leaks",4134,108814,3.7991,3.6688,0.1303,1.0355,low_sample,dvsa-2024-v2,motriskindex-families-2024-v5
fail-group:ford-ranger:dvsa-2024-v2:steering,ford-ranger,Steering,2828,108814,2.5989,3.4692,-0.8703,0.7491,low_sample,dvsa-2024-v2,motriskindex-families-2024-v5
fail-group:ford-ranger:dvsa-2024-v2:seat-belts-and-supplementary-restraint-systems,ford-ranger,Seat belts and supplementary restraint systems,1090,108814,1.0017,1.0195,-0.0178,0.9826,low_sample,dvsa-2024-v2,motriskindex-families-2024-v5
fail-group:ford-s-max:dvsa-2024-v2:lamps-reflectors-and-electrical-equipment,ford-s-max,"Lamps, reflectors and electrical equipment",21976,73047,30.0847,18.0899,11.9949,1.6631,ok,dvsa-2024-v2,motriskindex-families-2024-v5
fail-group:ford-s-max:dvsa-2024-v2:suspension,ford-s-max,Suspension,13605,73047,18.6250,15.3574,3.2676,1.2128,ok,dvsa-2024-v2,motriskindex-families-2024-v5
fail-group:ford-s-max:dvsa-2024-v2:brakes,ford-s-max,Brakes,8945,73047,12.2455,11.2525,0.9931,1.0883,ok,dvsa-2024-v2,motriskindex-families-2024-v5
fail-group:ford-s-max:dvsa-2024-v2:visibility,ford-s-max,Visibility,7579,73047,10.3755,8.3959,1.9796,1.2358,ok,dvsa-2024-v2,motriskindex-families-2024-v5
fail-group:ford-s-max:dvsa-2024-v2:tyres,ford-s-max,Tyres,10110,73047,13.8404,8.7011,5.1393,1.5906,ok,dvsa-2024-v2,motriskindex-families-2024-v5
fail-group:ford-s-max:dvsa-2024-v2:body-chassis-structure,ford-s-max,"Body, chassis, structure",6988,73047,9.5664,5.8011,3.7653,1.6491,ok,dvsa-2024-v2,motriskindex-families-2024-v5
fail-group:ford-s-max:dvsa-2024-v2:noise-emissions-and-leaks,ford-s-max,"Noise, emissions and leaks",2799,73047,3.8318,3.6688,0.1630,1.0444,low_sample,dvsa-2024-v2,motriskindex-families-2024-v5
fail-group:ford-s-max:dvsa-2024-v2:steering,ford-s-max,Steering,3499,73047,4.7901,3.4692,1.3209,1.3807,low_sample,dvsa-2024-v2,motriskindex-families-2024-v5
fail-group:ford-s-max:dvsa-2024-v2:seat-belts-and-supplementary-restraint-systems,ford-s-max,Seat belts and supplementary restraint systems,1405,73047,1.9234,1.0195,0.9039,1.8867,low_sample,dvsa-2024-v2,motriskindex-families-2024-v5
fail-group:ford-tourneo:dvsa-2024-v2:lamps-reflectors-and-electrical-equipment,ford-tourneo,"Lamps, reflectors and electrical equipment",1992,13797,14.4379,18.0899,-3.6520,0.7981,low_sample,dvsa-2024-v2,motriskindex-families-2024-v5
fail-group:ford-tourneo:dvsa-2024-v2:suspension,ford-tourneo,Suspension,1651,13797,11.9664,15.3574,-3.3910,0.7792,low_sample,dvsa-2024-v2,motriskindex-families-2024-v5
fail-group:ford-tourneo:dvsa-2024-v2:brakes,ford-tourneo,Brakes,1784,13797,12.9303,11.2525,1.6779,1.1491,low_sample,dvsa-2024-v2,motriskindex-families-2024-v5
fail-group:ford-tourneo:dvsa-2024-v2:visibility,ford-tourneo,Visibility,1448,13797,10.4950,8.3959,2.0991,1.2500,low_sample,dvsa-2024-v2,motriskindex-families-2024-v5
fail-group:ford-tourneo:dvsa-2024-v2:body-chassis-structure,ford-tourneo,"Body, chassis, structure",1606,13797,11.6402,5.8011,5.8391,2.0065,low_sample,dvsa-2024-v2,motriskindex-families-2024-v5
fail-group:ford-tourneo-connect:dvsa-2024-v2:brakes,ford-tourneo-connect,Brakes,1098,14469,7.5886,11.2525,-3.6638,0.6744,low_sample,dvsa-2024-v2,motriskindex-families-2024-v5
fail-group:ford-tourneo-connect:dvsa-2024-v2:visibility,ford-tourneo-connect,Visibility,1352,14469,9.3441,8.3959,0.9482,1.1129,low_sample,dvsa-2024-v2,motriskindex-families-2024-v5
fail-group:ford-tourneo-connect:dvsa-2024-v2:tyres,ford-tourneo-connect,Tyres,1253,14469,8.6599,8.7011,-0.0413,0.9953,low_sample,dvsa-2024-v2,motriskindex-families-2024-v5
fail-group:ford-tourneo-custom:dvsa-2024-v2:visibility,ford-tourneo-custom,Visibility,1046,8945,11.6937,8.3959,3.2978,1.3928,low_sample,dvsa-2024-v2,motriskindex-families-2024-v5
fail-group:ford-transit:dvsa-2024-v2:lamps-reflectors-and-electrical-equipment,ford-transit,"Lamps, reflectors and electrical equipment",103385,293444,35.2316,18.0899,17.1417,1.9476,ok,dvsa-2024-v2,motriskindex-families-2024-v5
fail-group:ford-transit:dvsa-2024-v2:suspension,ford-transit,Suspension,86795,293444,29.5780,15.3574,14.2207,1.9260,ok,dvsa-2024-v2,motriskindex-families-2024-v5
fail-group:ford-transit:dvsa-2024-v2:brakes,ford-transit,Brakes,66610,293444,22.6994,11.2525,11.4469,2.0173,ok,dvsa-2024-v2,motriskindex-families-2024-v5
fail-group:ford-transit:dvsa-2024-v2:visibility,ford-transit,Visibility,56925,293444,19.3989,8.3959,11.0030,2.3105,ok,dvsa-2024-v2,motriskindex-families-2024-v5
fail-group:ford-transit:dvsa-2024-v2:tyres,ford-transit,Tyres,19902,293444,6.7822,8.7011,-1.9189,0.7795,ok,dvsa-2024-v2,motriskindex-families-2024-v5
fail-group:ford-transit:dvsa-2024-v2:body-chassis-structure,ford-transit,"Body, chassis, structure",69896,293444,23.8192,5.8011,18.0181,4.1060,ok,dvsa-2024-v2,motriskindex-families-2024-v5
fail-group:ford-transit:dvsa-2024-v2:noise-emissions-and-leaks,ford-transit,"Noise, emissions and leaks",15148,293444,5.1621,3.6688,1.4933,1.4070,ok,dvsa-2024-v2,motriskindex-families-2024-v5
fail-group:ford-transit:dvsa-2024-v2:steering,ford-transit,Steering,10958,293444,3.7343,3.4692,0.2651,1.0764,ok,dvsa-2024-v2,motriskindex-families-2024-v5
fail-group:ford-transit:dvsa-2024-v2:seat-belts-and-supplementary-restraint-systems,ford-transit,Seat belts and supplementary restraint systems,6825,293444,2.3258,1.0195,1.3064,2.2814,ok,dvsa-2024-v2,motriskindex-families-2024-v5
fail-group:ford-transit:dvsa-2024-v2:identification-of-the-vehicle,ford-transit,Identification of the vehicle,1490,293444,0.5078,0.3643,0.1434,1.3937,low_sample,dvsa-2024-v2,motriskindex-families-2024-v5
fail-group:ford-transit:dvsa-2024-v2:road-wheels,ford-transit,Road Wheels,1361,293444,0.4638,0.4406,0.0232,1.0528,low_sample,dvsa-2024-v2,motriskindex-families-2024-v5
fail-group:ford-transit-connect:dvsa-2024-v2:lamps-reflectors-and-electrical-equipment,ford-transit-connect,"Lamps, reflectors and electrical equipment",52491,168016,31.2417,18.0899,13.1518,1.7270,ok,dvsa-2024-v2,motriskindex-families-2024-v5
fail-group:ford-transit-connect:dvsa-2024-v2:suspension,ford-transit-connect,Suspension,31264,168016,18.6078,15.3574,3.2504,1.2117,ok,dvsa-2024-v2,motriskindex-families-2024-v5
fail-group:ford-transit-connect:dvsa-2024-v2:brakes,ford-transit-connect,Brakes,32302,168016,19.2255,11.2525,7.9731,1.7086,ok,dvsa-2024-v2,motriskindex-families-2024-v5
fail-group:ford-transit-connect:dvsa-2024-v2:visibility,ford-transit-connect,Visibility,30475,168016,18.1382,8.3959,9.7423,2.1604,ok,dvsa-2024-v2,motriskindex-families-2024-v5
fail-group:ford-transit-connect:dvsa-2024-v2:tyres,ford-transit-connect,Tyres,19013,168016,11.3162,8.7011,2.6150,1.3005,ok,dvsa-2024-v2,motriskindex-families-2024-v5
fail-group:ford-transit-connect:dvsa-2024-v2:body-chassis-structure,ford-transit-connect,"Body, chassis, structure",25208,168016,15.0033,5.8011,9.2022,2.5863,ok,dvsa-2024-v2,motriskindex-families-2024-v5
fail-group:ford-transit-connect:dvsa-2024-v2:noise-emissions-and-leaks,ford-transit-connect,"Noise, emissions and leaks",8937,168016,5.3191,3.6688,1.6503,1.4498,ok,dvsa-2024-v2,motriskindex-families-2024-v5
fail-group:ford-transit-connect:dvsa-2024-v2:steering,ford-transit-connect,Steering,3457,168016,2.0575,3.4692,-1.4116,0.5931,low_sample,dvsa-2024-v2,motriskindex-families-2024-v5
fail-group:ford-transit-connect:dvsa-2024-v2:seat-belts-and-supplementary-restraint-systems,ford-transit-connect,Seat belts and supplementary restraint systems,4717,168016,2.8075,1.0195,1.7880,2.7539,low_sample,dvsa-2024-v2,motriskindex-families-2024-v5
fail-group:ford-transit-courier:dvsa-2024-v2:lamps-reflectors-and-electrical-equipment,ford-transit-courier,"Lamps, reflectors and electrical equipment",5677,27215,20.8598,18.0899,2.7699,1.1531,ok,dvsa-2024-v2,motriskindex-families-2024-v5
fail-group:ford-transit-courier:dvsa-2024-v2:suspension,ford-transit-courier,Suspension,1734,27215,6.3715,15.3574,-8.9859,0.4149,low_sample,dvsa-2024-v2,motriskindex-families-2024-v5
fail-group:ford-transit-courier:dvsa-2024-v2:brakes,ford-transit-courier,Brakes,1469,27215,5.3978,11.2525,-5.8547,0.4797,low_sample,dvsa-2024-v2,motriskindex-families-2024-v5
fail-group:ford-transit-courier:dvsa-2024-v2:visibility,ford-transit-courier,Visibility,4189,27215,15.3922,8.3959,6.9964,1.8333,low_sample,dvsa-2024-v2,motriskindex-families-2024-v5
fail-group:ford-transit-courier:dvsa-2024-v2:tyres,ford-transit-courier,Tyres,2682,27215,9.8549,8.7011,1.1537,1.1326,low_sample,dvsa-2024-v2,motriskindex-families-2024-v5
fail-group:ford-transit-courier:dvsa-2024-v2:noise-emissions-and-leaks,ford-transit-courier,"Noise, emissions and leaks",1180,27215,4.3358,3.6688,0.6670,1.1818,low_sample,dvsa-2024-v2,motriskindex-families-2024-v5
fail-group:ford-transit-custom:dvsa-2024-v2:lamps-reflectors-and-electrical-equipment,ford-transit-custom,"Lamps, reflectors and electrical equipment",15229,143187,10.6357,18.0899,-7.4541,0.5879,ok,dvsa-2024-v2,motriskindex-families-2024-v5
fail-group:ford-transit-custom:dvsa-2024-v2:suspension,ford-transit-custom,Suspension,2033,143187,1.4198,15.3574,-13.9375,0.0925,low_sample,dvsa-2024-v2,motriskindex-families-2024-v5
fail-group:ford-transit-custom:dvsa-2024-v2:brakes,ford-transit-custom,Brakes,10830,143187,7.5635,11.2525,-3.6889,0.6722,ok,dvsa-2024-v2,motriskindex-families-2024-v5
fail-group:ford-transit-custom:dvsa-2024-v2:visibility,ford-transit-custom,Visibility,23145,143187,16.1642,8.3959,7.7683,1.9252,ok,dvsa-2024-v2,motriskindex-families-2024-v5
fail-group:ford-transit-custom:dvsa-2024-v2:tyres,ford-transit-custom,Tyres,9093,143187,6.3504,8.7011,-2.3507,0.7298,ok,dvsa-2024-v2,motriskindex-families-2024-v5
fail-group:ford-transit-custom:dvsa-2024-v2:body-chassis-structure,ford-transit-custom,"Body, chassis, structure",6262,143187,4.3733,5.8011,-1.4278,0.7539,ok,dvsa-2024-v2,motriskindex-families-2024-v5
fail-group:ford-transit-custom:dvsa-2024-v2:noise-emissions-and-leaks,ford-transit-custom,"Noise, emissions and leaks",1700,143187,1.1873,3.6688,-2.4816,0.3236,low_sample,dvsa-2024-v2,motriskindex-families-2024-v5
fail-group:honda-accord:dvsa-2024-v2:lamps-reflectors-and-electrical-equipment,honda-accord,"Lamps, reflectors and electrical equipment",13254,26301,50.3935,18.0899,32.3036,2.7857,ok,dvsa-2024-v2,motriskindex-families-2024-v5
fail-group:honda-accord:dvsa-2024-v2:suspension,honda-accord,Suspension,7741,26301,29.4323,15.3574,14.0750,1.9165,ok,dvsa-2024-v2,motriskindex-families-2024-v5
fail-group:honda-accord:dvsa-2024-v2:brakes,honda-accord,Brakes,5072,26301,19.2844,11.2525,8.0320,1.7138,ok,dvsa-2024-v2,motriskindex-families-2024-v5
fail-group:honda-accord:dvsa-2024-v2:visibility,honda-accord,Visibility,3232,26301,12.2885,8.3959,3.8926,1.4636,low_sample,dvsa-2024-v2,motriskindex-families-2024-v5
fail-group:honda-accord:dvsa-2024-v2:tyres,honda-accord,Tyres,2615,26301,9.9426,8.7011,1.2414,1.1427,low_sample,dvsa-2024-v2,motriskindex-families-2024-v5
fail-group:honda-accord:dvsa-2024-v2:body-chassis-structure,honda-accord,"Body, chassis, structure",2099,26301,7.9807,5.8011,2.1796,1.3757,low_sample,dvsa-2024-v2,motriskindex-families-2024-v5
fail-group:honda-accord:dvsa-2024-v2:noise-emissions-and-leaks,honda-accord,"Noise, emissions and leaks",1852,26301,7.0416,3.6688,3.3727,1.9193,low_sample,dvsa-2024-v2,motriskindex-families-2024-v5
fail-group:honda-accord:dvsa-2024-v2:steering,honda-accord,Steering,1526,26301,5.8021,3.4692,2.3329,1.6725,low_sample,dvsa-2024-v2,motriskindex-families-2024-v5
fail-group:honda-civic:dvsa-2024-v2:lamps-reflectors-and-electrical-equipment,honda-civic,"Lamps, reflectors and electrical equipment",101959,272456,37.4222,18.0899,19.3323,2.0687,ok,dvsa-2024-v2,motriskindex-families-2024-v5
fail-group:honda-civic:dvsa-2024-v2:suspension,honda-civic,Suspension,65812,272456,24.1551,15.3574,8.7977,1.5729,ok,dvsa-2024-v2,motriskindex-families-2024-v5
fail-group:honda-civic:dvsa-2024-v2:brakes,honda-civic,Brakes,37962,272456,13.9333,11.2525,2.6808,1.2382,ok,dvsa-2024-v2,motriskindex-families-2024-v5
fail-group:honda-civic:dvsa-2024-v2:visibility,honda-civic,Visibility,25362,272456,9.3087,8.3959,0.9128,1.1087,ok,dvsa-2024-v2,motriskindex-families-2024-v5
fail-group:honda-civic:dvsa-2024-v2:tyres,honda-civic,Tyres,24076,272456,8.8367,8.7011,0.1355,1.0156,ok,dvsa-2024-v2,motriskindex-families-2024-v5
fail-group:honda-civic:dvsa-2024-v2:body-chassis-structure,honda-civic,"Body, chassis, structure",13923,272456,5.1102,5.8011,-0.6909,0.8809,ok,dvsa-2024-v2,motriskindex-families-2024-v5
fail-group:honda-civic:dvsa-2024-v2:noise-emissions-and-leaks,honda-civic,"Noise, emissions and leaks",10599,272456,3.8902,3.6688,0.2213,1.0603,ok,dvsa-2024-v2,motriskindex-families-2024-v5
fail-group:honda-civic:dvsa-2024-v2:steering,honda-civic,Steering,23334,272456,8.5643,3.4692,5.0951,2.4687,ok,dvsa-2024-v2,motriskindex-families-2024-v5
fail-group:honda-civic:dvsa-2024-v2:seat-belts-and-supplementary-restraint-systems,honda-civic,Seat belts and supplementary restraint systems,3204,272456,1.1760,1.0195,0.1565,1.1535,low_sample,dvsa-2024-v2,motriskindex-families-2024-v5
fail-group:honda-civic:dvsa-2024-v2:identification-of-the-vehicle,honda-civic,Identification of the vehicle,1203,272456,0.4415,0.3643,0.0772,1.2119,low_sample,dvsa-2024-v2,motriskindex-families-2024-v5
fail-group:honda-civic:dvsa-2024-v2:road-wheels,honda-civic,Road Wheels,1538,272456,0.5645,0.4406,0.1239,1.2813,low_sample,dvsa-2024-v2,motriskindex-families-2024-v5
fail-group:honda-cr-v:dvsa-2024-v2:lamps-reflectors-and-electrical-equipment,honda-cr-v,"Lamps, reflectors and electrical equipment",48071,199867,24.0515,18.0899,5.9616,1.3296,ok,dvsa-2024-v2,motriskindex-families-2024-v5
fail-group:honda-cr-v:dvsa-2024-v2:suspension,honda-cr-v,Suspension,46685,199867,23.3580,15.3574,8.0007,1.5210,ok,dvsa-2024-v2,motriskindex-families-2024-v5
fail-group:honda-cr-v:dvsa-2024-v2:brakes,honda-cr-v,Brakes,15023,199867,7.5165,11.2525,-3.7360,0.6680,ok,dvsa-2024-v2,motriskindex-families-2024-v5
fail-group:honda-cr-v:dvsa-2024-v2:visibility,honda-cr-v,Visibility,17506,199867,8.7588,8.3959,0.3629,1.0432,ok,dvsa-2024-v2,motriskindex-families-2024-v5
fail-group:honda-cr-v:dvsa-2024-v2:tyres,honda-cr-v,Tyres,13338,199867,6.6734,8.7011,-2.0277,0.7670,ok,dvsa-2024-v2,motriskindex-families-2024-v5
fail-group:honda-cr-v:dvsa-2024-v2:body-chassis-structure,honda-cr-v,"Body, chassis, structure",9539,199867,4.7727,5.8011,-1.0284,0.8227,ok,dvsa-2024-v2,motriskindex-families-2024-v5
fail-group:honda-cr-v:dvsa-2024-v2:noise-emissions-and-leaks,honda-cr-v,"Noise, emissions and leaks",6313,199867,3.1586,3.6688,-0.5102,0.8609,ok,dvsa-2024-v2,motriskindex-families-2024-v5
fail-group:honda-cr-v:dvsa-2024-v2:steering,honda-cr-v,Steering,22980,199867,11.4976,3.4692,8.0285,3.3142,ok,dvsa-2024-v2,motriskindex-families-2024-v5
fail-group:honda-cr-v:dvsa-2024-v2:seat-belts-and-supplementary-restraint-systems,honda-cr-v,Seat belts and supplementary restraint systems,2373,199867,1.1873,1.0195,0.1678,1.1646,low_sample,dvsa-2024-v2,motriskindex-families-2024-v5
fail-group:honda-fr-v:dvsa-2024-v2:lamps-reflectors-and-electrical-equipment,honda-fr-v,"Lamps, reflectors and electrical equipment",3605,7098,50.7890,18.0899,32.6991,2.8076,low_sample,dvsa-2024-v2,motriskindex-families-2024-v5
fail-group:honda-fr-v:dvsa-2024-v2:suspension,honda-fr-v,Suspension,3325,7098,46.8442,15.3574,31.4868,3.0503,low_sample,dvsa-2024-v2,motriskindex-families-2024-v5
fail-group:honda-fr-v:dvsa-2024-v2:brakes,honda-fr-v,Brakes,1306,7098,18.3995,11.2525,7.1471,1.6352,low_sample,dvsa-2024-v2,motriskindex-families-2024-v5
fail-group:honda-fr-v:dvsa-2024-v2:steering,honda-fr-v,Steering,1017,7098,14.3280,3.4692,10.8588,4.1301,low_sample,dvsa-2024-v2,motriskindex-families-2024-v5
fail-group:honda-hr-v:dvsa-2024-v2:lamps-reflectors-and-electrical-equipment,honda-hr-v,"Lamps, reflectors and electrical equipment",1374,32806,4.1883,18.0899,-13.9016,0.2315,low_sample,dvsa-2024-v2,motriskindex-families-2024-v5
fail-group:honda-hr-v:dvsa-2024-v2:suspension,honda-hr-v,Suspension,1401,32806,4.2706,15.3574,-11.0868,0.2781,low_sample,dvsa-2024-v2,motriskindex-families-2024-v5
fail-group:honda-hr-v:dvsa-2024-v2:brakes,honda-hr-v,Brakes,1281,32806,3.9048,11.2525,-7.3477,0.3470,low_sample,dvsa-2024-v2,motriskindex-families-2024-v5
fail-group:honda-hr-v:dvsa-2024-v2:visibility,honda-hr-v,Visibility,1817,32806,5.5386,8.3959,-2.8573,0.6597,low_sample,dvsa-2024-v2,motriskindex-families-2024-v5
fail-group:honda-hr-v:dvsa-2024-v2:tyres,honda-hr-v,Tyres,1461,32806,4.4535,8.7011,-4.2477,0.5118,low_sample,dvsa-2024-v2,motriskindex-families-2024-v5
fail-group:honda-insight:dvsa-2024-v2:lamps-reflectors-and-electrical-equipment,honda-insight,"Lamps, reflectors and electrical equipment",2800,8766,31.9416,18.0899,13.8517,1.7657,low_sample,dvsa-2024-v2,motriskindex-families-2024-v5
fail-group:honda-insight:dvsa-2024-v2:suspension,honda-insight,Suspension,1285,8766,14.6589,15.3574,-0.6984,0.9545,low_sample,dvsa-2024-v2,motriskindex-families-2024-v5
fail-group:honda-jazz:dvsa-2024-v2:lamps-reflectors-and-electrical-equipment,honda-jazz,"Lamps, reflectors and electrical equipment",74183,319308,23.2324,18.0899,5.1425,1.2843,ok,dvsa-2024-v2,motriskindex-families-2024-v5
fail-group:honda-jazz:dvsa-2024-v2:suspension,honda-jazz,Suspension,42631,319308,13.3511,15.3574,-2.0063,0.8694,ok,dvsa-2024-v2,motriskindex-families-2024-v5
fail-group:honda-jazz:dvsa-2024-v2:brakes,honda-jazz,Brakes,50178,319308,15.7146,11.2525,4.4622,1.3965,ok,dvsa-2024-v2,motriskindex-families-2024-v5
fail-group:honda-jazz:dvsa-2024-v2:visibility,honda-jazz,Visibility,29137,319308,9.1250,8.3959,0.7292,1.0868,ok,dvsa-2024-v2,motriskindex-families-2024-v5
fail-group:honda-jazz:dvsa-2024-v2:tyres,honda-jazz,Tyres,20733,319308,6.4931,8.7011,-2.2080,0.7462,ok,dvsa-2024-v2,motriskindex-families-2024-v5
fail-group:honda-jazz:dvsa-2024-v2:body-chassis-structure,honda-jazz,"Body, chassis, structure",11686,319308,3.6598,5.8011,-2.1413,0.6309,ok,dvsa-2024-v2,motriskindex-families-2024-v5
fail-group:honda-jazz:dvsa-2024-v2:noise-emissions-and-leaks,honda-jazz,"Noise, emissions and leaks",12465,319308,3.9038,3.6688,0.2349,1.0640,ok,dvsa-2024-v2,motriskindex-families-2024-v5
fail-group:honda-jazz:dvsa-2024-v2:steering,honda-jazz,Steering,13553,319308,4.2445,3.4692,0.7753,1.2235,ok,dvsa-2024-v2,motriskindex-families-2024-v5
fail-group:honda-jazz:dvsa-2024-v2:seat-belts-and-supplementary-restraint-systems,honda-jazz,Seat belts and supplementary restraint systems,2844,319308,0.8907,1.0195,-0.1288,0.8737,low_sample,dvsa-2024-v2,motriskindex-families-2024-v5
fail-group:honda-stepwagon:dvsa-2024-v2:lamps-reflectors-and-electrical-equipment,honda-stepwagon,"Lamps, reflectors and electrical equipment",1096,3089,35.4807,18.0899,17.3908,1.9614,low_sample,dvsa-2024-v2,motriskindex-families-2024-v5
fail-group:hyundai-amica:dvsa-2024-v2:lamps-reflectors-and-electrical-equipment,hyundai-amica,"Lamps, reflectors and electrical equipment",1874,5785,32.3941,18.0899,14.3042,1.7907,low_sample,dvsa-2024-v2,motriskindex-families-2024-v5
fail-group:hyundai-amica:dvsa-2024-v2:suspension,hyundai-amica,Suspension,1224,5785,21.1582,15.3574,5.8008,1.3777,low_sample,dvsa-2024-v2,motriskindex-families-2024-v5
fail-group:hyundai-amica:dvsa-2024-v2:brakes,hyundai-amica,Brakes,1189,5785,20.5532,11.2525,9.3007,1.8265,low_sample,dvsa-2024-v2,motriskindex-families-2024-v5
fail-group:hyundai-coupe:dvsa-2024-v2:lamps-reflectors-and-electrical-equipment,hyundai-coupe,"Lamps, reflectors and electrical equipment",2670,5941,44.9419,18.0899,26.8520,2.4844,low_sample,dvsa-2024-v2,motriskindex-families-2024-v5
fail-group:hyundai-coupe:dvsa-2024-v2:suspension,hyundai-coupe,Suspension,1599,5941,26.9147,15.3574,11.5573,1.7526,low_sample,dvsa-2024-v2,motriskindex-families-2024-v5
fail-group:hyundai-coupe:dvsa-2024-v2:brakes,hyundai-coupe,Brakes,3039,5941,51.1530,11.2525,39.9006,4.5459,low_sample,dvsa-2024-v2,motriskindex-families-2024-v5
fail-group:hyundai-getz:dvsa-2024-v2:lamps-reflectors-and-electrical-equipment,hyundai-getz,"Lamps, reflectors and electrical equipment",8283,19678,42.0927,18.0899,24.0028,2.3269,ok,dvsa-2024-v2,motriskindex-families-2024-v5
fail-group:hyundai-getz:dvsa-2024-v2:suspension,hyundai-getz,Suspension,7109,19678,36.1266,15.3574,20.7693,2.3524,ok,dvsa-2024-v2,motriskindex-families-2024-v5
fail-group:hyundai-getz:dvsa-2024-v2:brakes,hyundai-getz,Brakes,3331,19678,16.9275,11.2525,5.6751,1.5043,low_sample,dvsa-2024-v2,motriskindex-families-2024-v5
fail-group:hyundai-getz:dvsa-2024-v2:visibility,hyundai-getz,Visibility,2876,19678,14.6153,8.3959,6.2194,1.7408,low_sample,dvsa-2024-v2,motriskindex-families-2024-v5
fail-group:hyundai-getz:dvsa-2024-v2:tyres,hyundai-getz,Tyres,2321,19678,11.7949,8.7011,3.0937,1.3556,low_sample,dvsa-2024-v2,motriskindex-families-2024-v5
fail-group:hyundai-getz:dvsa-2024-v2:body-chassis-structure,hyundai-getz,"Body, chassis, structure",5190,19678,26.3746,5.8011,20.5735,4.5465,ok,dvsa-2024-v2,motriskindex-families-2024-v5
fail-group:hyundai-getz:dvsa-2024-v2:noise-emissions-and-leaks,hyundai-getz,"Noise, emissions and leaks",1963,19678,9.9756,3.6688,6.3068,2.7190,low_sample,dvsa-2024-v2,motriskindex-families-2024-v5
fail-group:hyundai-i10:dvsa-2024-v2:lamps-reflectors-and-electrical-equipment,hyundai-i10,"Lamps, reflectors and electrical equipment",36975,247138,14.9613,18.0899,-3.1286,0.8271,ok,dvsa-2024-v2,motriskindex-families-2024-v5
fail-group:hyundai-i10:dvsa-2024-v2:suspension,hyundai-i10,Suspension,23495,247138,9.5068,15.3574,-5.8505,0.6190,ok,dvsa-2024-v2,motriskindex-families-2024-v5
fail-group:hyundai-i10:dvsa-2024-v2:brakes,hyundai-i10,Brakes,35828,247138,14.4972,11.2525,3.2447,1.2884,ok,dvsa-2024-v2,motriskindex-families-2024-v5
fail-group:hyundai-i10:dvsa-2024-v2:visibility,hyundai-i10,Visibility,22776,247138,9.2159,8.3959,0.8200,1.0977,ok,dvsa-2024-v2,motriskindex-families-2024-v5
fail-group:hyundai-i10:dvsa-2024-v2:tyres,hyundai-i10,Tyres,19466,247138,7.8766,8.7011,-0.8246,0.9052,ok,dvsa-2024-v2,motriskindex-families-2024-v5
fail-group:hyundai-i10:dvsa-2024-v2:body-chassis-structure,hyundai-i10,"Body, chassis, structure",2935,247138,1.1876,5.8011,-4.6135,0.2047,low_sample,dvsa-2024-v2,motriskindex-families-2024-v5
fail-group:hyundai-i10:dvsa-2024-v2:noise-emissions-and-leaks,hyundai-i10,"Noise, emissions and leaks",4367,247138,1.7670,3.6688,-1.9018,0.4816,low_sample,dvsa-2024-v2,motriskindex-families-2024-v5
fail-group:hyundai-i10:dvsa-2024-v2:steering,hyundai-i10,Steering,4338,247138,1.7553,3.4692,-1.7139,0.5060,low_sample,dvsa-2024-v2,motriskindex-families-2024-v5
fail-group:hyundai-i10:dvsa-2024-v2:seat-belts-and-supplementary-restraint-systems,hyundai-i10,Seat belts and supplementary restraint systems,1516,247138,0.6134,1.0195,-0.4060,0.6017,low_sample,dvsa-2024-v2,motriskindex-families-2024-v5
fail-group:hyundai-i20:dvsa-2024-v2:lamps-reflectors-and-electrical-equipment,hyundai-i20,"Lamps, reflectors and electrical equipment",21900,129343,16.9317,18.0899,-1.1582,0.9360,ok,dvsa-2024-v2,motriskindex-families-2024-v5
fail-group:hyundai-i20:dvsa-2024-v2:suspension,hyundai-i20,Suspension,16649,129343,12.8720,15.3574,-2.4854,0.8382,ok,dvsa-2024-v2,motriskindex-families-2024-v5
fail-group:hyundai-i20:dvsa-2024-v2:brakes,hyundai-i20,Brakes,18128,129343,14.0154,11.2525,2.7630,1.2455,ok,dvsa-2024-v2,motriskindex-families-2024-v5
fail-group:hyundai-i20:dvsa-2024-v2:visibility,hyundai-i20,Visibility,12125,129343,9.3743,8.3959,0.9784,1.1165,ok,dvsa-2024-v2,motriskindex-families-2024-v5
fail-group:hyundai-i20:dvsa-2024-v2:tyres,hyundai-i20,Tyres,8788,129343,6.7943,8.7011,-1.9068,0.7809,ok,dvsa-2024-v2,motriskindex-families-2024-v5
fail-group:hyundai-i20:dvsa-2024-v2:body-chassis-structure,hyundai-i20,"Body, chassis, structure",3782,129343,2.9240,5.8011,-2.8771,0.5040,low_sample,dvsa-2024-v2,motriskindex-families-2024-v5
fail-group:hyundai-i20:dvsa-2024-v2:noise-emissions-and-leaks,hyundai-i20,"Noise, emissions and leaks",2892,129343,2.2359,3.6688,-1.4329,0.6094,low_sample,dvsa-2024-v2,motriskindex-families-2024-v5
fail-group:hyundai-i20:dvsa-2024-v2:steering,hyundai-i20,Steering,2388,129343,1.8463,3.4692,-1.6229,0.5322,low_sample,dvsa-2024-v2,motriskindex-families-2024-v5
fail-group:hyundai-i20:dvsa-2024-v2:seat-belts-and-supplementary-restraint-systems,hyundai-i20,Seat belts and supplementary restraint systems,1745,129343,1.3491,1.0195,0.3297,1.3234,low_sample,dvsa-2024-v2,motriskindex-families-2024-v5
fail-group:hyundai-i30:dvsa-2024-v2:lamps-reflectors-and-electrical-equipment,hyundai-i30,"Lamps, reflectors and electrical equipment",24176,105171,22.9873,18.0899,4.8974,1.2707,ok,dvsa-2024-v2,motriskindex-families-2024-v5
fail-group:hyundai-i30:dvsa-2024-v2:suspension,hyundai-i30,Suspension,17062,105171,16.2231,15.3574,0.8657,1.0564,ok,dvsa-2024-v2,motriskindex-families-2024-v5
fail-group:hyundai-i30:dvsa-2024-v2:brakes,hyundai-i30,Brakes,23842,105171,22.6697,11.2525,11.4173,2.0146,ok,dvsa-2024-v2,motriskindex-families-2024-v5
fail-group:hyundai-i30:dvsa-2024-v2:visibility,hyundai-i30,Visibility,9278,105171,8.8218,8.3959,0.4259,1.0507,ok,dvsa-2024-v2,motriskindex-families-2024-v5
fail-group:hyundai-i30:dvsa-2024-v2:tyres,hyundai-i30,Tyres,10705,105171,10.1787,8.7011,1.4775,1.1698,ok,dvsa-2024-v2,motriskindex-families-2024-v5
fail-group:hyundai-i30:dvsa-2024-v2:body-chassis-structure,hyundai-i30,"Body, chassis, structure",2942,105171,2.7973,5.8011,-3.0038,0.4822,low_sample,dvsa-2024-v2,motriskindex-families-2024-v5
fail-group:hyundai-i30:dvsa-2024-v2:noise-emissions-and-leaks,hyundai-i30,"Noise, emissions and leaks",2015,105171,1.9159,3.6688,-1.7529,0.5222,low_sample,dvsa-2024-v2,motriskindex-families-2024-v5
fail-group:hyundai-i30:dvsa-2024-v2:steering,hyundai-i30,Steering,7900,105171,7.5116,3.4692,4.0424,2.1652,ok,dvsa-2024-v2,motriskindex-families-2024-v5
fail-group:hyundai-i40:dvsa-2024-v2:lamps-reflectors-and-electrical-equipment,hyundai-i40,"Lamps, reflectors and electrical equipment",2866,21133,13.5617,18.0899,-4.5282,0.7497,low_sample,dvsa-2024-v2,motriskindex-families-2024-v5
fail-group:hyundai-i40:dvsa-2024-v2:suspension,hyundai-i40,Suspension,1846,21133,8.7352,15.3574,-6.6222,0.5688,low_sample,dvsa-2024-v2,motriskindex-families-2024-v5
fail-group:hyundai-i40:dvsa-2024-v2:brakes,hyundai-i40,Brakes,3205,21133,15.1659,11.2525,3.9134,1.3478,low_sample,dvsa-2024-v2,motriskindex-families-2024-v5
fail-group:hyundai-i40:dvsa-2024-v2:visibility,hyundai-i40,Visibility,1368,21133,6.4733,8.3959,-1.9226,0.7710,low_sample,dvsa-2024-v2,motriskindex-families-2024-v5
fail-group:hyundai-i40:dvsa-2024-v2:tyres,hyundai-i40,Tyres,2074,21133,9.8140,8.7011,1.1129,1.1279,low_sample,dvsa-2024-v2,motriskindex-families-2024-v5
fail-group:hyundai-i40:dvsa-2024-v2:steering,hyundai-i40,Steering,1294,21133,6.1231,3.4692,2.6539,1.7650,low_sample,dvsa-2024-v2,motriskindex-families-2024-v5
fail-group:hyundai-i800:dvsa-2024-v2:lamps-reflectors-and-electrical-equipment,hyundai-i800,"Lamps, reflectors and electrical equipment",2964,8151,36.3636,18.0899,18.2737,2.0102,low_sample,dvsa-2024-v2,motriskindex-families-2024-v5
fail-group:hyundai-i800:dvsa-2024-v2:brakes,hyundai-i800,Brakes,1924,8151,23.6045,11.2525,12.3520,2.0977,low_sample,dvsa-2024-v2,motriskindex-families-2024-v5
fail-group:hyundai-ioniq:dvsa-2024-v2:lamps-reflectors-and-electrical-equipment,hyundai-ioniq,"Lamps, reflectors and electrical equipment",1850,44983,4.1127,18.0899,-13.9772,0.2273,low_sample,dvsa-2024-v2,motriskindex-families-2024-v5
fail-group:hyundai-ioniq:dvsa-2024-v2:brakes,hyundai-ioniq,Brakes,1667,44983,3.7058,11.2525,-7.5466,0.3293,low_sample,dvsa-2024-v2,motriskindex-families-2024-v5
fail-group:hyundai-ioniq:dvsa-2024-v2:visibility,hyundai-ioniq,Visibility,2408,44983,5.3531,8.3959,-3.0428,0.6376,low_sample,dvsa-2024-v2,motriskindex-families-2024-v5
fail-group:hyundai-ioniq:dvsa-2024-v2:tyres,hyundai-ioniq,Tyres,2563,44983,5.6977,8.7011,-3.0034,0.6548,low_sample,dvsa-2024-v2,motriskindex-families-2024-v5
fail-group:hyundai-ix20:dvsa-2024-v2:lamps-reflectors-and-electrical-equipment,hyundai-ix20,"Lamps, reflectors and electrical equipment",4669,29005,16.0972,18.0899,-1.9927,0.8898,low_sample,dvsa-2024-v2,motriskindex-families-2024-v5
fail-group:hyundai-ix20:dvsa-2024-v2:suspension,hyundai-ix20,Suspension,3063,29005,10.5602,15.3574,-4.7971,0.6876,low_sample,dvsa-2024-v2,motriskindex-families-2024-v5
fail-group:hyundai-ix20:dvsa-2024-v2:brakes,hyundai-ix20,Brakes,5853,29005,20.1793,11.2525,8.9268,1.7933,ok,dvsa-2024-v2,motriskindex-families-2024-v5
fail-group:hyundai-ix20:dvsa-2024-v2:visibility,hyundai-ix20,Visibility,1806,29005,6.2265,8.3959,-2.1694,0.7416,low_sample,dvsa-2024-v2,motriskindex-families-2024-v5
fail-group:hyundai-ix20:dvsa-2024-v2:tyres,hyundai-ix20,Tyres,1873,29005,6.4575,8.7011,-2.2436,0.7421,low_sample,dvsa-2024-v2,motriskindex-families-2024-v5
fail-group:hyundai-ix20:dvsa-2024-v2:steering,hyundai-ix20,Steering,1985,29005,6.8436,3.4692,3.3745,1.9727,low_sample,dvsa-2024-v2,motriskindex-families-2024-v5
fail-group:hyundai-ix35:dvsa-2024-v2:lamps-reflectors-and-electrical-equipment,hyundai-ix35,"Lamps, reflectors and electrical equipment",10081,51662,19.5134,18.0899,1.4235,1.0787,ok,dvsa-2024-v2,motriskindex-families-2024-v5
fail-group:hyundai-ix35:dvsa-2024-v2:suspension,hyundai-ix35,Suspension,7874,51662,15.2414,15.3574,-0.1160,0.9924,ok,dvsa-2024-v2,motriskindex-families-2024-v5
fail-group:hyundai-ix35:dvsa-2024-v2:brakes,hyundai-ix35,Brakes,14836,51662,28.7174,11.2525,17.4650,2.5521,ok,dvsa-2024-v2,motriskindex-families-2024-v5
fail-group:hyundai-ix35:dvsa-2024-v2:visibility,hyundai-ix35,Visibility,4271,51662,8.2672,8.3959,-0.1287,0.9847,low_sample,dvsa-2024-v2,motriskindex-families-2024-v5
fail-group:hyundai-ix35:dvsa-2024-v2:tyres,hyundai-ix35,Tyres,6016,51662,11.6449,8.7011,2.9438,1.3383,ok,dvsa-2024-v2,motriskindex-families-2024-v5
fail-group:hyundai-ix35:dvsa-2024-v2:steering,hyundai-ix35,Steering,4471,51662,8.6543,3.4692,5.1851,2.4946,low_sample,dvsa-2024-v2,motriskindex-families-2024-v5
fail-group:hyundai-kona:dvsa-2024-v2:brakes,hyundai-kona,Brakes,1198,45683,2.6224,11.2525,-8.6300,0.2331,low_sample,dvsa-2024-v2,motriskindex-families-2024-v5
fail-group:hyundai-kona:dvsa-2024-v2:visibility,hyundai-kona,Visibility,2608,45683,5.7089,8.3959,-2.6870,0.6800,low_sample,dvsa-2024-v2,motriskindex-families-2024-v5
fail-group:hyundai-kona:dvsa-2024-v2:tyres,hyundai-kona,Tyres,3045,45683,6.6655,8.7011,-2.0356,0.7660,low_sample,dvsa-2024-v2,motriskindex-families-2024-v5
fail-group:hyundai-matrix:dvsa-2024-v2:lamps-reflectors-and-electrical-equipment,hyundai-matrix,"Lamps, reflectors and electrical equipment",1406,3471,40.5071,18.0899,22.4172,2.2392,low_sample,dvsa-2024-v2,motriskindex-families-2024-v5
fail-group:hyundai-matrix:dvsa-2024-v2:suspension,hyundai-matrix,Suspension,1019,3471,29.3575,15.3574,14.0002,1.9116,low_sample,dvsa-2024-v2,motriskindex-families-2024-v5
fail-group:hyundai-matrix:dvsa-2024-v2:body-chassis-structure,hyundai-matrix,"Body, chassis, structure",1205,3471,34.7162,5.8011,28.9151,5.9844,low_sample,dvsa-2024-v2,motriskindex-families-2024-v5
fail-group:hyundai-santa-fe:dvsa-2024-v2:lamps-reflectors-and-electrical-equipment,hyundai-santa-fe,"Lamps, reflectors and electrical equipment",8470,33318,25.4217,18.0899,7.3318,1.4053,ok,dvsa-2024-v2,motriskindex-families-2024-v5
fail-group:hyundai-santa-fe:dvsa-2024-v2:suspension,hyundai-santa-fe,Suspension,5907,33318,17.7292,15.3574,2.3718,1.1544,ok,dvsa-2024-v2,motriskindex-families-2024-v5
fail-group:hyundai-santa-fe:dvsa-2024-v2:brakes,hyundai-santa-fe,Brakes,5341,33318,16.0304,11.2525,4.7779,1.4246,ok,dvsa-2024-v2,motriskindex-families-2024-v5
fail-group:hyundai-santa-fe:dvsa-2024-v2:visibility,hyundai-santa-fe,Visibility,2761,33318,8.2868,8.3959,-0.1091,0.9870,low_sample,dvsa-2024-v2,motriskindex-families-2024-v5
fail-group:hyundai-santa-fe:dvsa-2024-v2:tyres,hyundai-santa-fe,Tyres,2999,33318,9.0011,8.7011,0.3000,1.0345,low_sample,dvsa-2024-v2,motriskindex-families-2024-v5
fail-group:hyundai-santa-fe:dvsa-2024-v2:body-chassis-structure,hyundai-santa-fe,"Body, chassis, structure",3416,33318,10.2527,5.8011,4.4516,1.7674,low_sample,dvsa-2024-v2,motriskindex-families-2024-v5
fail-group:hyundai-santa-fe:dvsa-2024-v2:steering,hyundai-santa-fe,Steering,2146,33318,6.4410,3.4692,2.9718,1.8566,low_sample,dvsa-2024-v2,motriskindex-families-2024-v5
fail-group:hyundai-tucson:dvsa-2024-v2:lamps-reflectors-and-electrical-equipment,hyundai-tucson,"Lamps, reflectors and electrical equipment",5454,142343,3.8316,18.0899,-14.2583,0.2118,ok,dvsa-2024-v2,motriskindex-families-2024-v5
fail-group:hyundai-tucson:dvsa-2024-v2:suspension,hyundai-tucson,Suspension,4373,142343,3.0722,15.3574,-12.2852,0.2000,low_sample,dvsa-2024-v2,motriskindex-families-2024-v5
fail-group:hyundai-tucson:dvsa-2024-v2:brakes,hyundai-tucson,Brakes,13491,142343,9.4778,11.2525,-1.7746,0.8423,ok,dvsa-2024-v2,motriskindex-families-2024-v5
fail-group:hyundai-tucson:dvsa-2024-v2:visibility,hyundai-tucson,Visibility,9330,142343,6.5546,8.3959,-1.8413,0.7807,ok,dvsa-2024-v2,motriskindex-families-2024-v5
fail-group:hyundai-tucson:dvsa-2024-v2:tyres,hyundai-tucson,Tyres,8988,142343,6.3143,8.7011,-2.3868,0.7257,ok,dvsa-2024-v2,motriskindex-families-2024-v5
fail-group:hyundai-tucson:dvsa-2024-v2:body-chassis-structure,hyundai-tucson,"Body, chassis, structure",1939,142343,1.3622,5.8011,-4.4389,0.2348,low_sample,dvsa-2024-v2,motriskindex-families-2024-v5
fail-group:hyundai-tucson:dvsa-2024-v2:noise-emissions-and-leaks,hyundai-tucson,"Noise, emissions and leaks",2162,142343,1.5189,3.6688,-2.1500,0.4140,low_sample,dvsa-2024-v2,motriskindex-families-2024-v5
fail-group:hyundai-tucson:dvsa-2024-v2:steering,hyundai-tucson,Steering,1467,142343,1.0306,3.4692,-2.4386,0.2971,low_sample,dvsa-2024-v2,motriskindex-families-2024-v5
fail-group:isuzu-d-max:dvsa-2024-v2:lamps-reflectors-and-electrical-equipment,isuzu-d-max,"Lamps, reflectors and electrical equipment",8102,33786,23.9803,18.0899,5.8905,1.3256,ok,dvsa-2024-v2,motriskindex-families-2024-v5
fail-group:isuzu-d-max:dvsa-2024-v2:suspension,isuzu-d-max,Suspension,7202,33786,21.3165,15.3574,5.9592,1.3880,ok,dvsa-2024-v2,motriskindex-families-2024-v5
fail-group:isuzu-d-max:dvsa-2024-v2:brakes,isuzu-d-max,Brakes,5676,33786,16.7999,11.2525,5.5474,1.4930,ok,dvsa-2024-v2,motriskindex-families-2024-v5
fail-group:isuzu-d-max:dvsa-2024-v2:visibility,isuzu-d-max,Visibility,3257,33786,9.6401,8.3959,1.2442,1.1482,low_sample,dvsa-2024-v2,motriskindex-families-2024-v5
fail-group:isuzu-d-max:dvsa-2024-v2:tyres,isuzu-d-max,Tyres,1847,33786,5.4668,8.7011,-3.2344,0.6283,low_sample,dvsa-2024-v2,motriskindex-families-2024-v5
fail-group:isuzu-d-max:dvsa-2024-v2:body-chassis-structure,isuzu-d-max,"Body, chassis, structure",2268,33786,6.7128,5.8011,0.9117,1.1572,low_sample,dvsa-2024-v2,motriskindex-families-2024-v5
fail-group:isuzu-d-max:dvsa-2024-v2:noise-emissions-and-leaks,isuzu-d-max,"Noise, emissions and leaks",1136,33786,3.3623,3.6688,-0.3065,0.9165,low_sample,dvsa-2024-v2,motriskindex-families-2024-v5
fail-group:isuzu-rodeo:dvsa-2024-v2:lamps-reflectors-and-electrical-equipment,isuzu-rodeo,"Lamps, reflectors and electrical equipment",2889,4970,58.1288,18.0899,40.0389,3.2133,low_sample,dvsa-2024-v2,motriskindex-families-2024-v5
fail-group:isuzu-rodeo:dvsa-2024-v2:suspension,isuzu-rodeo,Suspension,2487,4970,50.0402,15.3574,34.6829,3.2584,low_sample,dvsa-2024-v2,motriskindex-families-2024-v5
fail-group:isuzu-rodeo:dvsa-2024-v2:brakes,isuzu-rodeo,Brakes,1344,4970,27.0423,11.2525,15.7898,2.4032,low_sample,dvsa-2024-v2,motriskindex-families-2024-v5
fail-group:isuzu-rodeo:dvsa-2024-v2:body-chassis-structure,isuzu-rodeo,"Body, chassis, structure",1198,4970,24.1046,5.8011,18.3035,4.1552,low_sample,dvsa-2024-v2,motriskindex-families-2024-v5
fail-group:isuzu-tf:dvsa-2024-v2:lamps-reflectors-and-electrical-equipment,isuzu-tf,"Lamps, reflectors and electrical equipment",1133,1807,62.7006,18.0899,44.6107,3.4661,low_sample,dvsa-2024-v2,motriskindex-families-2024-v5
fail-group:isuzu-trooper:dvsa-2024-v2:body-chassis-structure,isuzu-trooper,"Body, chassis, structure",1051,2503,41.9896,5.8011,36.1885,7.2382,low_sample,dvsa-2024-v2,motriskindex-families-2024-v5
fail-group:iveco-daily:dvsa-2024-v2:lamps-reflectors-and-electrical-equipment,iveco-daily,"Lamps, reflectors and electrical equipment",1507,3312,45.5012,18.0899,27.4113,2.5153,low_sample,dvsa-2024-v2,motriskindex-families-2024-v5
fail-group:iveco-daily:dvsa-2024-v2:brakes,iveco-daily,Brakes,1206,3312,36.4130,11.2525,25.1606,3.2360,low_sample,dvsa-2024-v2,motriskindex-families-2024-v5
fail-group:jaguar-e-pace:dvsa-2024-v2:brakes,jaguar-e-pace,Brakes,1266,31628,4.0028,11.2525,-7.2497,0.3557,low_sample,dvsa-2024-v2,motriskindex-families-2024-v5
fail-group:jaguar-e-pace:dvsa-2024-v2:visibility,jaguar-e-pace,Visibility,1796,31628,5.6785,8.3959,-2.7174,0.6763,low_sample,dvsa-2024-v2,motriskindex-families-2024-v5
fail-group:jaguar-e-pace:dvsa-2024-v2:tyres,jaguar-e-pace,Tyres,1784,31628,5.6406,8.7011,-3.0606,0.6483,low_sample,dvsa-2024-v2,motriskindex-families-2024-v5
fail-group:jaguar-f-pace:dvsa-2024-v2:lamps-reflectors-and-electrical-equipment,jaguar-f-pace,"Lamps, reflectors and electrical equipment",1363,54195,2.5150,18.0899,-15.5749,0.1390,low_sample,dvsa-2024-v2,motriskindex-families-2024-v5
fail-group:jaguar-f-pace:dvsa-2024-v2:brakes,jaguar-f-pace,Brakes,2443,54195,4.5078,11.2525,-6.7447,0.4006,low_sample,dvsa-2024-v2,motriskindex-families-2024-v5
fail-group:jaguar-f-pace:dvsa-2024-v2:visibility,jaguar-f-pace,Visibility,3651,54195,6.7368,8.3959,-1.6591,0.8024,low_sample,dvsa-2024-v2,motriskindex-families-2024-v5
fail-group:jaguar-f-pace:dvsa-2024-v2:tyres,jaguar-f-pace,Tyres,2899,54195,5.3492,8.7011,-3.3519,0.6148,low_sample,dvsa-2024-v2,motriskindex-families-2024-v5
fail-group:jaguar-f-pace:dvsa-2024-v2:steering,jaguar-f-pace,Steering,1358,54195,2.5058,3.4692,-0.9634,0.7223,low_sample,dvsa-2024-v2,motriskindex-families-2024-v5
fail-group:jaguar-i-pace:dvsa-2024-v2:tyres,jaguar-i-pace,Tyres,1061,18005,5.8928,8.7011,-2.8083,0.6772,low_sample,dvsa-2024-v2,motriskindex-families-2024-v5
fail-group:jaguar-s-type:dvsa-2024-v2:lamps-reflectors-and-electrical-equipment,jaguar-s-type,"Lamps, reflectors and electrical equipment",2840,11255,25.2332,18.0899,7.1433,1.3949,low_sample,dvsa-2024-v2,motriskindex-families-2024-v5
fail-group:jaguar-s-type:dvsa-2024-v2:suspension,jaguar-s-type,Suspension,7584,11255,67.3834,15.3574,52.0260,4.3877,ok,dvsa-2024-v2,motriskindex-families-2024-v5
fail-group:jaguar-s-type:dvsa-2024-v2:brakes,jaguar-s-type,Brakes,2515,11255,22.3456,11.2525,11.0932,1.9858,low_sample,dvsa-2024-v2,motriskindex-families-2024-v5
fail-group:jaguar-s-type:dvsa-2024-v2:visibility,jaguar-s-type,Visibility,1174,11255,10.4309,8.3959,2.0350,1.2424,low_sample,dvsa-2024-v2,motriskindex-families-2024-v5
fail-group:jaguar-s-type:dvsa-2024-v2:tyres,jaguar-s-type,Tyres,1026,11255,9.1159,8.7011,0.4148,1.0477,low_sample,dvsa-2024-v2,motriskindex-families-2024-v5
fail-group:jaguar-s-type:dvsa-2024-v2:steering,jaguar-s-type,Steering,2278,11255,20.2399,3.4692,16.7707,5.8342,low_sample,dvsa-2024-v2,motriskindex-families-2024-v5
fail-group:jaguar-x-type:dvsa-2024-v2:lamps-reflectors-and-electrical-equipment,jaguar-x-type,"Lamps, reflectors and electrical equipment",5741,24451,23.4796,18.0899,5.3897,1.2979,ok,dvsa-2024-v2,motriskindex-families-2024-v5
fail-group:jaguar-x-type:dvsa-2024-v2:suspension,jaguar-x-type,Suspension,10539,24451,43.1025,15.3574,27.7452,2.8066,ok,dvsa-2024-v2,motriskindex-families-2024-v5
fail-group:jaguar-x-type:dvsa-2024-v2:brakes,jaguar-x-type,Brakes,5649,24451,23.1033,11.2525,11.8509,2.0532,ok,dvsa-2024-v2,motriskindex-families-2024-v5
fail-group:jaguar-x-type:dvsa-2024-v2:visibility,jaguar-x-type,Visibility,2597,24451,10.6212,8.3959,2.2254,1.2651,low_sample,dvsa-2024-v2,motriskindex-families-2024-v5
fail-group:jaguar-x-type:dvsa-2024-v2:tyres,jaguar-x-type,Tyres,2909,24451,11.8973,8.7011,3.1961,1.3673,low_sample,dvsa-2024-v2,motriskindex-families-2024-v5
fail-group:jaguar-x-type:dvsa-2024-v2:body-chassis-structure,jaguar-x-type,"Body, chassis, structure",3367,24451,13.7704,5.8011,7.9693,2.3737,low_sample,dvsa-2024-v2,motriskindex-families-2024-v5
fail-group:jaguar-x-type:dvsa-2024-v2:noise-emissions-and-leaks,jaguar-x-type,"Noise, emissions and leaks",2282,24451,9.3330,3.6688,5.6641,2.5439,low_sample,dvsa-2024-v2,motriskindex-families-2024-v5
fail-group:jaguar-x-type:dvsa-2024-v2:seat-belts-and-supplementary-restraint-systems,jaguar-x-type,Seat belts and supplementary restraint systems,1386,24451,5.6685,1.0195,4.6490,5.5602,low_sample,dvsa-2024-v2,motriskindex-families-2024-v5
fail-group:jaguar-xe:dvsa-2024-v2:lamps-reflectors-and-electrical-equipment,jaguar-xe,"Lamps, reflectors and electrical equipment",1785,43948,4.0616,18.0899,-14.0283,0.2245,low_sample,dvsa-2024-v2,motriskindex-families-2024-v5
fail-group:jaguar-xe:dvsa-2024-v2:suspension,jaguar-xe,Suspension,1118,43948,2.5439,15.3574,-12.8134,0.1656,low_sample,dvsa-2024-v2,motriskindex-families-2024-v5
fail-group:jaguar-xe:dvsa-2024-v2:brakes,jaguar-xe,Brakes,2729,43948,6.2096,11.2525,-5.0428,0.5518,low_sample,dvsa-2024-v2,motriskindex-families-2024-v5
fail-group:jaguar-xe:dvsa-2024-v2:visibility,jaguar-xe,Visibility,2318,43948,5.2744,8.3959,-3.1215,0.6282,low_sample,dvsa-2024-v2,motriskindex-families-2024-v5
fail-group:jaguar-xe:dvsa-2024-v2:tyres,jaguar-xe,Tyres,4229,43948,9.6227,8.7011,0.9216,1.1059,low_sample,dvsa-2024-v2,motriskindex-families-2024-v5
fail-group:jaguar-xf:dvsa-2024-v2:lamps-reflectors-and-electrical-equipment,jaguar-xf,"Lamps, reflectors and electrical equipment",13584,98155,13.8393,18.0899,-4.2506,0.7650,ok,dvsa-2024-v2,motriskindex-families-2024-v5
fail-group:jaguar-xf:dvsa-2024-v2:suspension,jaguar-xf,Suspension,19935,98155,20.3097,15.3574,4.9524,1.3225,ok,dvsa-2024-v2,motriskindex-families-2024-v5
fail-group:jaguar-xf:dvsa-2024-v2:brakes,jaguar-xf,Brakes,8780,98155,8.9450,11.2525,-2.3074,0.7949,ok,dvsa-2024-v2,motriskindex-families-2024-v5
fail-group:jaguar-xf:dvsa-2024-v2:visibility,jaguar-xf,Visibility,6347,98155,6.4663,8.3959,-1.9296,0.7702,ok,dvsa-2024-v2,motriskindex-families-2024-v5
fail-group:jaguar-xf:dvsa-2024-v2:tyres,jaguar-xf,Tyres,11575,98155,11.7926,8.7011,3.0914,1.3553,ok,dvsa-2024-v2,motriskindex-families-2024-v5
fail-group:jaguar-xf:dvsa-2024-v2:body-chassis-structure,jaguar-xf,"Body, chassis, structure",1320,98155,1.3448,5.8011,-4.4563,0.2318,low_sample,dvsa-2024-v2,motriskindex-families-2024-v5
fail-group:jaguar-xf:dvsa-2024-v2:noise-emissions-and-leaks,jaguar-xf,"Noise, emissions and leaks",1465,98155,1.4925,3.6688,-2.1763,0.4068,low_sample,dvsa-2024-v2,motriskindex-families-2024-v5
fail-group:jaguar-xf:dvsa-2024-v2:steering,jaguar-xf,Steering,1422,98155,1.4487,3.4692,-2.0205,0.4176,low_sample,dvsa-2024-v2,motriskindex-families-2024-v5
fail-group:jaguar-xj:dvsa-2024-v2:lamps-reflectors-and-electrical-equipment,jaguar-xj,"Lamps, reflectors and electrical equipment",3421,25677,13.3232,18.0899,-4.7667,0.7365,low_sample,dvsa-2024-v2,motriskindex-families-2024-v5
fail-group:jaguar-xj:dvsa-2024-v2:suspension,jaguar-xj,Suspension,6931,25677,26.9930,15.3574,11.6357,1.7577,ok,dvsa-2024-v2,motriskindex-families-2024-v5
fail-group:jaguar-xj:dvsa-2024-v2:brakes,jaguar-xj,Brakes,2701,25677,10.5191,11.2525,-0.7333,0.9348,low_sample,dvsa-2024-v2,motriskindex-families-2024-v5
fail-group:jaguar-xj:dvsa-2024-v2:visibility,jaguar-xj,Visibility,1883,25677,7.3334,8.3959,-1.0625,0.8735,low_sample,dvsa-2024-v2,motriskindex-families-2024-v5
fail-group:jaguar-xj:dvsa-2024-v2:tyres,jaguar-xj,Tyres,1862,25677,7.2516,8.7011,-1.4495,0.8334,low_sample,dvsa-2024-v2,motriskindex-families-2024-v5
fail-group:jaguar-xj:dvsa-2024-v2:noise-emissions-and-leaks,jaguar-xj,"Noise, emissions and leaks",1160,25677,4.5177,3.6688,0.8488,1.2314,low_sample,dvsa-2024-v2,motriskindex-families-2024-v5
fail-group:jaguar-xj:dvsa-2024-v2:steering,jaguar-xj,Steering,1672,25677,6.5117,3.4692,3.0425,1.8770,low_sample,dvsa-2024-v2,motriskindex-families-2024-v5
fail-group:jaguar-xk:dvsa-2024-v2:lamps-reflectors-and-electrical-equipment,jaguar-xk,"Lamps, reflectors and electrical equipment",2638,23270,11.3365,18.0899,-6.7534,0.6267,low_sample,dvsa-2024-v2,motriskindex-families-2024-v5
fail-group:jaguar-xk:dvsa-2024-v2:suspension,jaguar-xk,Suspension,6388,23270,27.4517,15.3574,12.0943,1.7875,ok,dvsa-2024-v2,motriskindex-families-2024-v5
fail-group:jaguar-xk:dvsa-2024-v2:brakes,jaguar-xk,Brakes,2313,23270,9.9398,11.2525,-1.3126,0.8833,low_sample,dvsa-2024-v2,motriskindex-families-2024-v5
fail-group:jaguar-xk:dvsa-2024-v2:visibility,jaguar-xk,Visibility,1762,23270,7.5720,8.3959,-0.8239,0.9019,low_sample,dvsa-2024-v2,motriskindex-families-2024-v5
fail-group:jaguar-xk:dvsa-2024-v2:tyres,jaguar-xk,Tyres,1395,23270,5.9948,8.7011,-2.7063,0.6890,low_sample,dvsa-2024-v2,motriskindex-families-2024-v5
fail-group:jaguar-xk:dvsa-2024-v2:noise-emissions-and-leaks,jaguar-xk,"Noise, emissions and leaks",1036,23270,4.4521,3.6688,0.7833,1.2135,low_sample,dvsa-2024-v2,motriskindex-families-2024-v5
fail-group:jaguar-xk:dvsa-2024-v2:steering,jaguar-xk,Steering,1391,23270,5.9777,3.4692,2.5085,1.7231,low_sample,dvsa-2024-v2,motriskindex-families-2024-v5
fail-group:jeep-cherokee:dvsa-2024-v2:lamps-reflectors-and-electrical-equipment,jeep-cherokee,"Lamps, reflectors and electrical equipment",2682,10398,25.7934,18.0899,7.7035,1.4258,low_sample,dvsa-2024-v2,motriskindex-families-2024-v5
fail-group:jeep-cherokee:dvsa-2024-v2:suspension,jeep-cherokee,Suspension,2367,10398,22.7640,15.3574,7.4066,1.4823,low_sample,dvsa-2024-v2,motriskindex-families-2024-v5
fail-group:jeep-cherokee:dvsa-2024-v2:brakes,jeep-cherokee,Brakes,2160,10398,20.7732,11.2525,9.5208,1.8461,low_sample,dvsa-2024-v2,motriskindex-families-2024-v5
fail-group:jeep-cherokee:dvsa-2024-v2:visibility,jeep-cherokee,Visibility,1073,10398,10.3193,8.3959,1.9234,1.2291,low_sample,dvsa-2024-v2,motriskindex-families-2024-v5
fail-group:jeep-compass:dvsa-2024-v2:lamps-reflectors-and-electrical-equipment,jeep-compass,"Lamps, reflectors and electrical equipment",1055,11286,9.3479,18.0899,-8.7420,0.5167,low_sample,dvsa-2024-v2,motriskindex-families-2024-v5
fail-group:jeep-compass:dvsa-2024-v2:suspension,jeep-compass,Suspension,1513,11286,13.4060,15.3574,-1.9514,0.8729,low_sample,dvsa-2024-v2,motriskindex-families-2024-v5
fail-group:jeep-compass:dvsa-2024-v2:visibility,jeep-compass,Visibility,1214,11286,10.7567,8.3959,2.3608,1.2812,low_sample,dvsa-2024-v2,motriskindex-families-2024-v5
fail-group:jeep-compass:dvsa-2024-v2:tyres,jeep-compass,Tyres,1060,11286,9.3922,8.7011,0.6910,1.0794,low_sample,dvsa-2024-v2,motriskindex-families-2024-v5
fail-group:jeep-grand-cherokee:dvsa-2024-v2:lamps-reflectors-and-electrical-equipment,jeep-grand-cherokee,"Lamps, reflectors and electrical equipment",1917,9934,19.2974,18.0899,1.2075,1.0667,low_sample,dvsa-2024-v2,motriskindex-families-2024-v5
fail-group:jeep-grand-cherokee:dvsa-2024-v2:suspension,jeep-grand-cherokee,Suspension,1126,9934,11.3348,15.3574,-4.0225,0.7381,low_sample,dvsa-2024-v2,motriskindex-families-2024-v5
fail-group:jeep-grand-cherokee:dvsa-2024-v2:brakes,jeep-grand-cherokee,Brakes,1455,9934,14.6467,11.2525,3.3942,1.3016,low_sample,dvsa-2024-v2,motriskindex-families-2024-v5
fail-group:jeep-renegade:dvsa-2024-v2:lamps-reflectors-and-electrical-equipment,jeep-renegade,"Lamps, reflectors and electrical equipment",2643,28860,9.1580,18.0899,-8.9319,0.5062,low_sample,dvsa-2024-v2,motriskindex-families-2024-v5
fail-group:jeep-renegade:dvsa-2024-v2:suspension,jeep-renegade,Suspension,1916,28860,6.6389,15.3574,-8.7184,0.4323,low_sample,dvsa-2024-v2,motriskindex-families-2024-v5
fail-group:jeep-renegade:dvsa-2024-v2:brakes,jeep-renegade,Brakes,1333,28860,4.6188,11.2525,-6.6336,0.4105,low_sample,dvsa-2024-v2,motriskindex-families-2024-v5
fail-group:jeep-renegade:dvsa-2024-v2:visibility,jeep-renegade,Visibility,1668,28860,5.7796,8.3959,-2.6163,0.6884,low_sample,dvsa-2024-v2,motriskindex-families-2024-v5
fail-group:jeep-renegade:dvsa-2024-v2:tyres,jeep-renegade,Tyres,2851,28860,9.8787,8.7011,1.1776,1.1353,low_sample,dvsa-2024-v2,motriskindex-families-2024-v5
fail-group:jeep-renegade:dvsa-2024-v2:noise-emissions-and-leaks,jeep-renegade,"Noise, emissions and leaks",1021,28860,3.5378,3.6688,-0.1311,0.9643,low_sample,dvsa-2024-v2,motriskindex-families-2024-v5
fail-group:jeep-renegade:dvsa-2024-v2:steering,jeep-renegade,Steering,4292,28860,14.8718,3.4692,11.4026,4.2868,low_sample,dvsa-2024-v2,motriskindex-families-2024-v5
fail-group:jeep-wrangler:dvsa-2024-v2:lamps-reflectors-and-electrical-equipment,jeep-wrangler,"Lamps, reflectors and electrical equipment",2075,7038,29.4828,18.0899,11.3929,1.6298,low_sample,dvsa-2024-v2,motriskindex-families-2024-v5
fail-group:jeep-wrangler:dvsa-2024-v2:brakes,jeep-wrangler,Brakes,1193,7038,16.9508,11.2525,5.6984,1.5064,low_sample,dvsa-2024-v2,motriskindex-families-2024-v5
fail-group:kia-carens:dvsa-2024-v2:lamps-reflectors-and-electrical-equipment,kia-carens,"Lamps, reflectors and electrical equipment",3107,14773,21.0316,18.0899,2.9417,1.1626,low_sample,dvsa-2024-v2,motriskindex-families-2024-v5
fail-group:kia-carens:dvsa-2024-v2:suspension,kia-carens,Suspension,2359,14773,15.9683,15.3574,0.6110,1.0398,low_sample,dvsa-2024-v2,motriskindex-families-2024-v5
fail-group:kia-carens:dvsa-2024-v2:brakes,kia-carens,Brakes,3529,14773,23.8882,11.2525,12.6357,2.1229,low_sample,dvsa-2024-v2,motriskindex-families-2024-v5
fail-group:kia-carens:dvsa-2024-v2:visibility,kia-carens,Visibility,1348,14773,9.1248,8.3959,0.7289,1.0868,low_sample,dvsa-2024-v2,motriskindex-families-2024-v5
fail-group:kia-carens:dvsa-2024-v2:tyres,kia-carens,Tyres,1752,14773,11.8595,8.7011,3.1583,1.3630,low_sample,dvsa-2024-v2,motriskindex-families-2024-v5
fail-group:kia-ceed:dvsa-2024-v2:lamps-reflectors-and-electrical-equipment,kia-ceed,"Lamps, reflectors and electrical equipment",26969,121743,22.1524,18.0899,4.0625,1.2246,ok,dvsa-2024-v2,motriskindex-families-2024-v5
fail-group:kia-ceed:dvsa-2024-v2:suspension,kia-ceed,Suspension,18680,121743,15.3438,15.3574,-0.0136,0.9991,ok,dvsa-2024-v2,motriskindex-families-2024-v5
fail-group:kia-ceed:dvsa-2024-v2:brakes,kia-ceed,Brakes,20888,121743,17.1575,11.2525,5.9050,1.5248,ok,dvsa-2024-v2,motriskindex-families-2024-v5
fail-group:kia-ceed:dvsa-2024-v2:visibility,kia-ceed,Visibility,11669,121743,9.5849,8.3959,1.1891,1.1416,ok,dvsa-2024-v2,motriskindex-families-2024-v5
fail-group:kia-ceed:dvsa-2024-v2:tyres,kia-ceed,Tyres,13132,121743,10.7867,8.7011,2.0855,1.2397,ok,dvsa-2024-v2,motriskindex-families-2024-v5
fail-group:kia-ceed:dvsa-2024-v2:body-chassis-structure,kia-ceed,"Body, chassis, structure",5381,121743,4.4200,5.8011,-1.3812,0.7619,ok,dvsa-2024-v2,motriskindex-families-2024-v5
fail-group:kia-ceed:dvsa-2024-v2:noise-emissions-and-leaks,kia-ceed,"Noise, emissions and leaks",2653,121743,2.1792,3.6688,-1.4896,0.5940,low_sample,dvsa-2024-v2,motriskindex-families-2024-v5
fail-group:kia-ceed:dvsa-2024-v2:steering,kia-ceed,Steering,7236,121743,5.9437,3.4692,2.4745,1.7133,ok,dvsa-2024-v2,motriskindex-families-2024-v5
fail-group:kia-niro:dvsa-2024-v2:lamps-reflectors-and-electrical-equipment,kia-niro,"Lamps, reflectors and electrical equipment",2015,79411,2.5374,18.0899,-15.5525,0.1403,low_sample,dvsa-2024-v2,motriskindex-families-2024-v5
fail-group:kia-niro:dvsa-2024-v2:brakes,kia-niro,Brakes,1360,79411,1.7126,11.2525,-9.5398,0.1522,low_sample,dvsa-2024-v2,motriskindex-families-2024-v5
fail-group:kia-niro:dvsa-2024-v2:visibility,kia-niro,Visibility,3863,79411,4.8646,8.3959,-3.5313,0.5794,low_sample,dvsa-2024-v2,motriskindex-families-2024-v5
fail-group:kia-niro:dvsa-2024-v2:tyres,kia-niro,Tyres,6141,79411,7.7332,8.7011,-0.9680,0.8888,ok,dvsa-2024-v2,motriskindex-families-2024-v5
fail-group:kia-optima:dvsa-2024-v2:brakes,kia-optima,Brakes,1418,11304,12.5442,11.2525,1.2918,1.1148,low_sample,dvsa-2024-v2,motriskindex-families-2024-v5
fail-group:kia-optima:dvsa-2024-v2:tyres,kia-optima,Tyres,1060,11304,9.3772,8.7011,0.6761,1.0777,low_sample,dvsa-2024-v2,motriskindex-families-2024-v5
fail-group:kia-picanto:dvsa-2024-v2:lamps-reflectors-and-electrical-equipment,kia-picanto,"Lamps, reflectors and electrical equipment",24358,185577,13.1255,18.0899,-4.9643,0.7256,ok,dvsa-2024-v2,motriskindex-families-2024-v5
fail-group:kia-picanto:dvsa-2024-v2:suspension,kia-picanto,Suspension,23892,185577,12.8744,15.3574,-2.4829,0.8383,ok,dvsa-2024-v2,motriskindex-families-2024-v5
fail-group:kia-picanto:dvsa-2024-v2:brakes,kia-picanto,Brakes,35732,185577,19.2545,11.2525,8.0021,1.7111,ok,dvsa-2024-v2,motriskindex-families-2024-v5
fail-group:kia-picanto:dvsa-2024-v2:visibility,kia-picanto,Visibility,16613,185577,8.9521,8.3959,0.5562,1.0662,ok,dvsa-2024-v2,motriskindex-families-2024-v5
fail-group:kia-picanto:dvsa-2024-v2:tyres,kia-picanto,Tyres,17066,185577,9.1962,8.7011,0.4950,1.0569,ok,dvsa-2024-v2,motriskindex-families-2024-v5
fail-group:kia-picanto:dvsa-2024-v2:body-chassis-structure,kia-picanto,"Body, chassis, structure",9473,185577,5.1046,5.8011,-0.6965,0.8799,ok,dvsa-2024-v2,motriskindex-families-2024-v5
fail-group:kia-picanto:dvsa-2024-v2:noise-emissions-and-leaks,kia-picanto,"Noise, emissions and leaks",6967,185577,3.7542,3.6688,0.0854,1.0233,ok,dvsa-2024-v2,motriskindex-families-2024-v5
fail-group:kia-picanto:dvsa-2024-v2:steering,kia-picanto,Steering,5465,185577,2.9449,3.4692,-0.5243,0.8489,ok,dvsa-2024-v2,motriskindex-families-2024-v5
fail-group:kia-picanto:dvsa-2024-v2:seat-belts-and-supplementary-restraint-systems,kia-picanto,Seat belts and supplementary restraint systems,1716,185577,0.9247,1.0195,-0.0948,0.9070,low_sample,dvsa-2024-v2,motriskindex-families-2024-v5
fail-group:kia-rio:dvsa-2024-v2:lamps-reflectors-and-electrical-equipment,kia-rio,"Lamps, reflectors and electrical equipment",17259,98818,17.4654,18.0899,-0.6244,0.9655,ok,dvsa-2024-v2,motriskindex-families-2024-v5
fail-group:kia-rio:dvsa-2024-v2:suspension,kia-rio,Suspension,15144,98818,15.3251,15.3574,-0.0322,0.9979,ok,dvsa-2024-v2,motriskindex-families-2024-v5
fail-group:kia-rio:dvsa-2024-v2:brakes,kia-rio,Brakes,13995,98818,14.1624,11.2525,2.9099,1.2586,ok,dvsa-2024-v2,motriskindex-families-2024-v5
fail-group:kia-rio:dvsa-2024-v2:visibility,kia-rio,Visibility,9808,98818,9.9253,8.3959,1.5294,1.1822,ok,dvsa-2024-v2,motriskindex-families-2024-v5
fail-group:kia-rio:dvsa-2024-v2:tyres,kia-rio,Tyres,9301,98818,9.4123,8.7011,0.7111,1.0817,ok,dvsa-2024-v2,motriskindex-families-2024-v5
fail-group:kia-rio:dvsa-2024-v2:body-chassis-structure,kia-rio,"Body, chassis, structure",2886,98818,2.9205,5.8011,-2.8806,0.5034,low_sample,dvsa-2024-v2,motriskindex-families-2024-v5
fail-group:kia-rio:dvsa-2024-v2:noise-emissions-and-leaks,kia-rio,"Noise, emissions and leaks",2561,98818,2.5916,3.6688,-1.0772,0.7064,low_sample,dvsa-2024-v2,motriskindex-families-2024-v5
fail-group:kia-rio:dvsa-2024-v2:steering,kia-rio,Steering,6669,98818,6.7488,3.4692,3.2796,1.9453,ok,dvsa-2024-v2,motriskindex-families-2024-v5
fail-group:kia-rio:dvsa-2024-v2:seat-belts-and-supplementary-restraint-systems,kia-rio,Seat belts and supplementary restraint systems,1206,98818,1.2204,1.0195,0.2010,1.1971,low_sample,dvsa-2024-v2,motriskindex-families-2024-v5
fail-group:kia-sedona:dvsa-2024-v2:lamps-reflectors-and-electrical-equipment,kia-sedona,"Lamps, reflectors and electrical equipment",2150,5096,42.1900,18.0899,24.1001,2.3322,low_sample,dvsa-2024-v2,motriskindex-families-2024-v5
fail-group:kia-sedona:dvsa-2024-v2:suspension,kia-sedona,Suspension,1582,5096,31.0440,15.3574,15.6866,2.0214,low_sample,dvsa-2024-v2,motriskindex-families-2024-v5
fail-group:kia-sedona:dvsa-2024-v2:brakes,kia-sedona,Brakes,1493,5096,29.2975,11.2525,18.0450,2.6037,low_sample,dvsa-2024-v2,motriskindex-families-2024-v5
fail-group:kia-sorento:dvsa-2024-v2:lamps-reflectors-and-electrical-equipment,kia-sorento,"Lamps, reflectors and electrical equipment",6363,36420,17.4712,18.0899,-0.6187,0.9658,ok,dvsa-2024-v2,motriskindex-families-2024-v5
fail-group:kia-sorento:dvsa-2024-v2:suspension,kia-sorento,Suspension,6354,36420,17.4465,15.3574,2.0891,1.1360,ok,dvsa-2024-v2,motriskindex-families-2024-v5
fail-group:kia-sorento:dvsa-2024-v2:brakes,kia-sorento,Brakes,6176,36420,16.9577,11.2525,5.7053,1.5070,ok,dvsa-2024-v2,motriskindex-families-2024-v5
fail-group:kia-sorento:dvsa-2024-v2:visibility,kia-sorento,Visibility,2762,36420,7.5837,8.3959,-0.8121,0.9033,low_sample,dvsa-2024-v2,motriskindex-families-2024-v5
fail-group:kia-sorento:dvsa-2024-v2:tyres,kia-sorento,Tyres,2954,36420,8.1109,8.7011,-0.5902,0.9322,low_sample,dvsa-2024-v2,motriskindex-families-2024-v5
fail-group:kia-sorento:dvsa-2024-v2:body-chassis-structure,kia-sorento,"Body, chassis, structure",2397,36420,6.5815,5.8011,0.7804,1.1345,low_sample,dvsa-2024-v2,motriskindex-families-2024-v5
fail-group:kia-sorento:dvsa-2024-v2:steering,kia-sorento,Steering,2388,36420,6.5568,3.4692,3.0876,1.8900,low_sample,dvsa-2024-v2,motriskindex-families-2024-v5
fail-group:kia-soul:dvsa-2024-v2:lamps-reflectors-and-electrical-equipment,kia-soul,"Lamps, reflectors and electrical equipment",3410,24610,13.8562,18.0899,-4.2337,0.7660,low_sample,dvsa-2024-v2,motriskindex-families-2024-v5
fail-group:kia-soul:dvsa-2024-v2:suspension,kia-soul,Suspension,2842,24610,11.5482,15.3574,-3.8092,0.7520,low_sample,dvsa-2024-v2,motriskindex-families-2024-v5
fail-group:kia-soul:dvsa-2024-v2:brakes,kia-soul,Brakes,4186,24610,17.0093,11.2525,5.7569,1.5116,low_sample,dvsa-2024-v2,motriskindex-families-2024-v5
fail-group:kia-soul:dvsa-2024-v2:visibility,kia-soul,Visibility,2201,24610,8.9435,8.3959,0.5476,1.0652,low_sample,dvsa-2024-v2,motriskindex-families-2024-v5
fail-group:kia-soul:dvsa-2024-v2:tyres,kia-soul,Tyres,2137,24610,8.6835,8.7011,-0.0177,0.9980,low_sample,dvsa-2024-v2,motriskindex-families-2024-v5
fail-group:kia-soul:dvsa-2024-v2:steering,kia-soul,Steering,2489,24610,10.1138,3.4692,6.6446,2.9153,low_sample,dvsa-2024-v2,motriskindex-families-2024-v5
fail-group:kia-sportage:dvsa-2024-v2:lamps-reflectors-and-electrical-equipment,kia-sportage,"Lamps, reflectors and electrical equipment",20084,257674,7.7943,18.0899,-10.2955,0.4309,ok,dvsa-2024-v2,motriskindex-families-2024-v5
fail-group:kia-sportage:dvsa-2024-v2:suspension,kia-sportage,Suspension,21160,257674,8.2119,15.3574,-7.1454,0.5347,ok,dvsa-2024-v2,motriskindex-families-2024-v5
fail-group:kia-sportage:dvsa-2024-v2:brakes,kia-sportage,Brakes,37433,257674,14.5273,11.2525,3.2748,1.2910,ok,dvsa-2024-v2,motriskindex-families-2024-v5
fail-group:kia-sportage:dvsa-2024-v2:visibility,kia-sportage,Visibility,19281,257674,7.4827,8.3959,-0.9132,0.8912,ok,dvsa-2024-v2,motriskindex-families-2024-v5
fail-group:kia-sportage:dvsa-2024-v2:tyres,kia-sportage,Tyres,22755,257674,8.8309,8.7011,0.1298,1.0149,ok,dvsa-2024-v2,motriskindex-families-2024-v5
fail-group:kia-sportage:dvsa-2024-v2:body-chassis-structure,kia-sportage,"Body, chassis, structure",3927,257674,1.5240,5.8011,-4.2771,0.2627,low_sample,dvsa-2024-v2,motriskindex-families-2024-v5
fail-group:kia-sportage:dvsa-2024-v2:noise-emissions-and-leaks,kia-sportage,"Noise, emissions and leaks",5000,257674,1.9404,3.6688,-1.7284,0.5289,low_sample,dvsa-2024-v2,motriskindex-families-2024-v5
fail-group:kia-sportage:dvsa-2024-v2:steering,kia-sportage,Steering,9934,257674,3.8553,3.4692,0.3861,1.1113,ok,dvsa-2024-v2,motriskindex-families-2024-v5
fail-group:kia-stonic:dvsa-2024-v2:brakes,kia-stonic,Brakes,1131,26811,4.2184,11.2525,-7.0340,0.3749,low_sample,dvsa-2024-v2,motriskindex-families-2024-v5
fail-group:kia-stonic:dvsa-2024-v2:visibility,kia-stonic,Visibility,1716,26811,6.4004,8.3959,-1.9955,0.7623,low_sample,dvsa-2024-v2,motriskindex-families-2024-v5
fail-group:kia-venga:dvsa-2024-v2:lamps-reflectors-and-electrical-equipment,kia-venga,"Lamps, reflectors and electrical equipment",7471,47237,15.8160,18.0899,-2.2739,0.8743,ok,dvsa-2024-v2,motriskindex-families-2024-v5
fail-group:kia-venga:dvsa-2024-v2:suspension,kia-venga,Suspension,5595,47237,11.8445,15.3574,-3.5128,0.7713,ok,dvsa-2024-v2,motriskindex-families-2024-v5
fail-group:kia-venga:dvsa-2024-v2:brakes,kia-venga,Brakes,4556,47237,9.6450,11.2525,-1.6075,0.8571,low_sample,dvsa-2024-v2,motriskindex-families-2024-v5
fail-group:kia-venga:dvsa-2024-v2:visibility,kia-venga,Visibility,3154,47237,6.6770,8.3959,-1.7189,0.7953,low_sample,dvsa-2024-v2,motriskindex-families-2024-v5
fail-group:kia-venga:dvsa-2024-v2:tyres,kia-venga,Tyres,3023,47237,6.3996,8.7011,-2.3015,0.7355,low_sample,dvsa-2024-v2,motriskindex-families-2024-v5
fail-group:kia-venga:dvsa-2024-v2:steering,kia-venga,Steering,3927,47237,8.3134,3.4692,4.8442,2.3964,low_sample,dvsa-2024-v2,motriskindex-families-2024-v5
fail-group:kia-xceed:dvsa-2024-v2:visibility,kia-xceed,Visibility,1208,15903,7.5961,8.3959,-0.7998,0.9047,low_sample,dvsa-2024-v2,motriskindex-families-2024-v5
fail-group:kia-xceed:dvsa-2024-v2:tyres,kia-xceed,Tyres,1027,15903,6.4579,8.7011,-2.2432,0.7422,low_sample,dvsa-2024-v2,motriskindex-families-2024-v5
fail-group:land-rover-defender:dvsa-2024-v2:lamps-reflectors-and-electrical-equipment,land-rover-defender,"Lamps, reflectors and electrical equipment",30396,112487,27.0218,18.0899,8.9319,1.4938,ok,dvsa-2024-v2,motriskindex-families-2024-v5
fail-group:land-rover-defender:dvsa-2024-v2:suspension,land-rover-defender,Suspension,20186,112487,17.9452,15.3574,2.5878,1.1685,ok,dvsa-2024-v2,motriskindex-families-2024-v5
fail-group:land-rover-defender:dvsa-2024-v2:brakes,land-rover-defender,Brakes,16078,112487,14.2932,11.2525,3.0408,1.2702,ok,dvsa-2024-v2,motriskindex-families-2024-v5
fail-group:land-rover-defender:dvsa-2024-v2:visibility,land-rover-defender,Visibility,13841,112487,12.3045,8.3959,3.9086,1.4655,ok,dvsa-2024-v2,motriskindex-families-2024-v5
fail-group:land-rover-defender:dvsa-2024-v2:tyres,land-rover-defender,Tyres,3181,112487,2.8279,8.7011,-5.8733,0.3250,low_sample,dvsa-2024-v2,motriskindex-families-2024-v5
fail-group:land-rover-defender:dvsa-2024-v2:body-chassis-structure,land-rover-defender,"Body, chassis, structure",12500,112487,11.1124,5.8011,5.3113,1.9156,ok,dvsa-2024-v2,motriskindex-families-2024-v5
fail-group:land-rover-defender:dvsa-2024-v2:noise-emissions-and-leaks,land-rover-defender,"Noise, emissions and leaks",3116,112487,2.7701,3.6688,-0.8987,0.7550,low_sample,dvsa-2024-v2,motriskindex-families-2024-v5
fail-group:land-rover-defender:dvsa-2024-v2:steering,land-rover-defender,Steering,19736,112487,17.5451,3.4692,14.0759,5.0574,ok,dvsa-2024-v2,motriskindex-families-2024-v5
fail-group:land-rover-defender:dvsa-2024-v2:seat-belts-and-supplementary-restraint-systems,land-rover-defender,Seat belts and supplementary restraint systems,1813,112487,1.6117,1.0195,0.5923,1.5810,low_sample,dvsa-2024-v2,motriskindex-families-2024-v5
fail-group:land-rover-discovery:dvsa-2024-v2:lamps-reflectors-and-electrical-equipment,land-rover-discovery,"Lamps, reflectors and electrical equipment",28414,148507,19.1331,18.0899,1.0432,1.0577,ok,dvsa-2024-v2,motriskindex-families-2024-v5
fail-group:land-rover-discovery:dvsa-2024-v2:suspension,land-rover-discovery,Suspension,29969,148507,20.1802,15.3574,4.8228,1.3140,ok,dvsa-2024-v2,motriskindex-families-2024-v5
fail-group:land-rover-discovery:dvsa-2024-v2:brakes,land-rover-discovery,Brakes,22815,148507,15.3629,11.2525,4.1105,1.3653,ok,dvsa-2024-v2,motriskindex-families-2024-v5
fail-group:land-rover-discovery:dvsa-2024-v2:visibility,land-rover-discovery,Visibility,13916,148507,9.3706,8.3959,0.9747,1.1161,ok,dvsa-2024-v2,motriskindex-families-2024-v5
fail-group:land-rover-discovery:dvsa-2024-v2:tyres,land-rover-discovery,Tyres,9283,148507,6.2509,8.7011,-2.4503,0.7184,ok,dvsa-2024-v2,motriskindex-families-2024-v5
fail-group:land-rover-discovery:dvsa-2024-v2:body-chassis-structure,land-rover-discovery,"Body, chassis, structure",17799,148507,11.9853,5.8011,6.1842,2.0660,ok,dvsa-2024-v2,motriskindex-families-2024-v5
fail-group:land-rover-discovery:dvsa-2024-v2:noise-emissions-and-leaks,land-rover-discovery,"Noise, emissions and leaks",3255,148507,2.1918,3.6688,-1.4770,0.5974,low_sample,dvsa-2024-v2,motriskindex-families-2024-v5
fail-group:land-rover-discovery:dvsa-2024-v2:steering,land-rover-discovery,Steering,6550,148507,4.4106,3.4692,0.9414,1.2714,ok,dvsa-2024-v2,motriskindex-families-2024-v5
fail-group:land-rover-discovery:dvsa-2024-v2:seat-belts-and-supplementary-restraint-systems,land-rover-discovery,Seat belts and supplementary restraint systems,3116,148507,2.0982,1.0195,1.0787,2.0581,low_sample,dvsa-2024-v2,motriskindex-families-2024-v5
fail-group:land-rover-discovery-sport:dvsa-2024-v2:lamps-reflectors-and-electrical-equipment,land-rover-discovery-sport,"Lamps, reflectors and electrical equipment",5785,116148,4.9807,18.0899,-13.1092,0.2753,ok,dvsa-2024-v2,motriskindex-families-2024-v5
fail-group:land-rover-discovery-sport:dvsa-2024-v2:suspension,land-rover-discovery-sport,Suspension,2783,116148,2.3961,15.3574,-12.9613,0.1560,low_sample,dvsa-2024-v2,motriskindex-families-2024-v5
fail-group:land-rover-discovery-sport:dvsa-2024-v2:brakes,land-rover-discovery-sport,Brakes,5626,116148,4.8438,11.2525,-6.4086,0.4305,ok,dvsa-2024-v2,motriskindex-families-2024-v5
fail-group:land-rover-discovery-sport:dvsa-2024-v2:visibility,land-rover-discovery-sport,Visibility,8232,116148,7.0875,8.3959,-1.3084,0.8442,ok,dvsa-2024-v2,motriskindex-families-2024-v5
fail-group:land-rover-discovery-sport:dvsa-2024-v2:tyres,land-rover-discovery-sport,Tyres,9450,116148,8.1362,8.7011,-0.5650,0.9351,ok,dvsa-2024-v2,motriskindex-families-2024-v5
fail-group:land-rover-discovery-sport:dvsa-2024-v2:noise-emissions-and-leaks,land-rover-discovery-sport,"Noise, emissions and leaks",2665,116148,2.2945,3.6688,-1.3743,0.6254,low_sample,dvsa-2024-v2,motriskindex-families-2024-v5
fail-group:land-rover-freelander:dvsa-2024-v2:lamps-reflectors-and-electrical-equipment,land-rover-freelander,"Lamps, reflectors and electrical equipment",28379,119704,23.7076,18.0899,5.6178,1.3105,ok,dvsa-2024-v2,motriskindex-families-2024-v5
fail-group:land-rover-freelander:dvsa-2024-v2:suspension,land-rover-freelander,Suspension,29239,119704,24.4261,15.3574,9.0687,1.5905,ok,dvsa-2024-v2,motriskindex-families-2024-v5
fail-group:land-rover-freelander:dvsa-2024-v2:brakes,land-rover-freelander,Brakes,23535,119704,19.6610,11.2525,8.4085,1.7473,ok,dvsa-2024-v2,motriskindex-families-2024-v5
fail-group:land-rover-freelander:dvsa-2024-v2:visibility,land-rover-freelander,Visibility,10704,119704,8.9421,8.3959,0.5462,1.0651,ok,dvsa-2024-v2,motriskindex-families-2024-v5
fail-group:land-rover-freelander:dvsa-2024-v2:tyres,land-rover-freelander,Tyres,7877,119704,6.5804,8.7011,-2.1208,0.7563,ok,dvsa-2024-v2,motriskindex-families-2024-v5
fail-group:land-rover-freelander:dvsa-2024-v2:body-chassis-structure,land-rover-freelander,"Body, chassis, structure",9713,119704,8.1142,5.8011,2.3131,1.3987,ok,dvsa-2024-v2,motriskindex-families-2024-v5
fail-group:land-rover-freelander:dvsa-2024-v2:noise-emissions-and-leaks,land-rover-freelander,"Noise, emissions and leaks",2623,119704,2.1912,3.6688,-1.4776,0.5973,low_sample,dvsa-2024-v2,motriskindex-families-2024-v5
fail-group:land-rover-freelander:dvsa-2024-v2:steering,land-rover-freelander,Steering,11320,119704,9.4567,3.4692,5.9875,2.7259,ok,dvsa-2024-v2,motriskindex-families-2024-v5
fail-group:land-rover-freelander:dvsa-2024-v2:seat-belts-and-supplementary-restraint-systems,land-rover-freelander,Seat belts and supplementary restraint systems,2305,119704,1.9256,1.0195,0.9061,1.8888,low_sample,dvsa-2024-v2,motriskindex-families-2024-v5
fail-group:land-rover-range-rover:dvsa-2024-v2:lamps-reflectors-and-electrical-equipment,land-rover-range-rover,"Lamps, reflectors and electrical equipment",7265,89169,8.1475,18.0899,-9.9424,0.4504,ok,dvsa-2024-v2,motriskindex-families-2024-v5
fail-group:land-rover-range-rover:dvsa-2024-v2:suspension,land-rover-range-rover,Suspension,14683,89169,16.4665,15.3574,1.1091,1.0722,ok,dvsa-2024-v2,motriskindex-families-2024-v5
fail-group:land-rover-range-rover:dvsa-2024-v2:brakes,land-rover-range-rover,Brakes,10678,89169,11.9750,11.2525,0.7226,1.0642,ok,dvsa-2024-v2,motriskindex-families-2024-v5
fail-group:land-rover-range-rover:dvsa-2024-v2:visibility,land-rover-range-rover,Visibility,7067,89169,7.9254,8.3959,-0.4705,0.9440,ok,dvsa-2024-v2,motriskindex-families-2024-v5
fail-group:land-rover-range-rover:dvsa-2024-v2:tyres,land-rover-range-rover,Tyres,5858,89169,6.5695,8.7011,-2.1316,0.7550,ok,dvsa-2024-v2,motriskindex-families-2024-v5
fail-group:land-rover-range-rover:dvsa-2024-v2:body-chassis-structure,land-rover-range-rover,"Body, chassis, structure",7034,89169,7.8884,5.8011,2.0873,1.3598,ok,dvsa-2024-v2,motriskindex-families-2024-v5
fail-group:land-rover-range-rover:dvsa-2024-v2:noise-emissions-and-leaks,land-rover-range-rover,"Noise, emissions and leaks",1786,89169,2.0029,3.6688,-1.6659,0.5459,low_sample,dvsa-2024-v2,motriskindex-families-2024-v5
fail-group:land-rover-range-rover:dvsa-2024-v2:steering,land-rover-range-rover,Steering,2052,89169,2.3012,3.4692,-1.1679,0.6633,low_sample,dvsa-2024-v2,motriskindex-families-2024-v5
fail-group:land-rover-range-rover:dvsa-2024-v2:seat-belts-and-supplementary-restraint-systems,land-rover-range-rover,Seat belts and supplementary restraint systems,1634,89169,1.8325,1.0195,0.8130,1.7975,low_sample,dvsa-2024-v2,motriskindex-families-2024-v5
fail-group:land-rover-range-rover-evoque:dvsa-2024-v2:lamps-reflectors-and-electrical-equipment,land-rover-range-rover-evoque,"Lamps, reflectors and electrical equipment",7924,164629,4.8132,18.0899,-13.2766,0.2661,ok,dvsa-2024-v2,motriskindex-families-2024-v5
fail-group:land-rover-range-rover-evoque:dvsa-2024-v2:suspension,land-rover-range-rover-evoque,Suspension,6863,164629,4.1688,15.3574,-11.1886,0.2715,ok,dvsa-2024-v2,motriskindex-families-2024-v5
fail-group:land-rover-range-rover-evoque:dvsa-2024-v2:brakes,land-rover-range-rover-evoque,Brakes,9533,164629,5.7906,11.2525,-5.4619,0.5146,ok,dvsa-2024-v2,motriskindex-families-2024-v5
fail-group:land-rover-range-rover-evoque:dvsa-2024-v2:visibility,land-rover-range-rover-evoque,Visibility,6147,164629,3.7339,8.3959,-4.6620,0.4447,ok,dvsa-2024-v2,motriskindex-families-2024-v5
fail-group:land-rover-range-rover-evoque:dvsa-2024-v2:tyres,land-rover-range-rover-evoque,Tyres,11914,164629,7.2369,8.7011,-1.4643,0.8317,ok,dvsa-2024-v2,motriskindex-families-2024-v5
fail-group:land-rover-range-rover-evoque:dvsa-2024-v2:body-chassis-structure,land-rover-range-rover-evoque,"Body, chassis, structure",3428,164629,2.0823,5.8011,-3.7189,0.3589,low_sample,dvsa-2024-v2,motriskindex-families-2024-v5
fail-group:land-rover-range-rover-evoque:dvsa-2024-v2:noise-emissions-and-leaks,land-rover-range-rover-evoque,"Noise, emissions and leaks",3227,164629,1.9602,3.6688,-1.7087,0.5343,low_sample,dvsa-2024-v2,motriskindex-families-2024-v5
fail-group:land-rover-range-rover-sport:dvsa-2024-v2:lamps-reflectors-and-electrical-equipment,land-rover-range-rover-sport,"Lamps, reflectors and electrical equipment",9880,117761,8.3899,18.0899,-9.7000,0.4638,ok,dvsa-2024-v2,motriskindex-families-2024-v5
fail-group:land-rover-range-rover-sport:dvsa-2024-v2:suspension,land-rover-range-rover-sport,Suspension,14216,117761,12.0719,15.3574,-3.2854,0.7861,ok,dvsa-2024-v2,motriskindex-families-2024-v5
fail-group:land-rover-range-rover-sport:dvsa-2024-v2:brakes,land-rover-range-rover-sport,Brakes,11842,117761,10.0560,11.2525,-1.1965,0.8937,ok,dvsa-2024-v2,motriskindex-families-2024-v5
fail-group:land-rover-range-rover-sport:dvsa-2024-v2:visibility,land-rover-range-rover-sport,Visibility,7978,117761,6.7747,8.3959,-1.6212,0.8069,ok,dvsa-2024-v2,motriskindex-families-2024-v5
fail-group:land-rover-range-rover-sport:dvsa-2024-v2:tyres,land-rover-range-rover-sport,Tyres,8970,117761,7.6171,8.7011,-1.0840,0.8754,ok,dvsa-2024-v2,motriskindex-families-2024-v5
fail-group:land-rover-range-rover-sport:dvsa-2024-v2:body-chassis-structure,land-rover-range-rover-sport,"Body, chassis, structure",6233,117761,5.2929,5.8011,-0.5082,0.9124,ok,dvsa-2024-v2,motriskindex-families-2024-v5
fail-group:land-rover-range-rover-sport:dvsa-2024-v2:noise-emissions-and-leaks,land-rover-range-rover-sport,"Noise, emissions and leaks",1766,117761,1.4996,3.6688,-2.1692,0.4088,low_sample,dvsa-2024-v2,motriskindex-families-2024-v5
fail-group:land-rover-range-rover-sport:dvsa-2024-v2:seat-belts-and-supplementary-restraint-systems,land-rover-range-rover-sport,Seat belts and supplementary restraint systems,2082,117761,1.7680,1.0195,0.7485,1.7342,low_sample,dvsa-2024-v2,motriskindex-families-2024-v5
fail-group:land-rover-range-rover-sport:dvsa-2024-v2:identification-of-the-vehicle,land-rover-range-rover-sport,Identification of the vehicle,1248,117761,1.0598,0.3643,0.6954,2.9088,low_sample,dvsa-2024-v2,motriskindex-families-2024-v5
fail-group:land-rover-range-rover-velar:dvsa-2024-v2:brakes,land-rover-range-rover-velar,Brakes,1344,33337,4.0316,11.2525,-7.2209,0.3583,low_sample,dvsa-2024-v2,motriskindex-families-2024-v5
fail-group:land-rover-range-rover-velar:dvsa-2024-v2:visibility,land-rover-range-rover-velar,Visibility,2215,33337,6.6443,8.3959,-1.7516,0.7914,low_sample,dvsa-2024-v2,motriskindex-families-2024-v5
fail-group:land-rover-range-rover-velar:dvsa-2024-v2:tyres,land-rover-range-rover-velar,Tyres,2147,33337,6.4403,8.7011,-2.2609,0.7402,low_sample,dvsa-2024-v2,motriskindex-families-2024-v5
fail-group:ldv-maxus:dvsa-2024-v2:lamps-reflectors-and-electrical-equipment,ldv-maxus,"Lamps, reflectors and electrical equipment",1170,2089,56.0077,18.0899,37.9178,3.0961,low_sample,dvsa-2024-v2,motriskindex-families-2024-v5
fail-group:ldv-maxus:dvsa-2024-v2:brakes,ldv-maxus,Brakes,1113,2089,53.2791,11.2525,42.0266,4.7349,low_sample,dvsa-2024-v2,motriskindex-families-2024-v5
fail-group:lexus-ct:dvsa-2024-v2:lamps-reflectors-and-electrical-equipment,lexus-ct,"Lamps, reflectors and electrical equipment",2452,31149,7.8718,18.0899,-10.2180,0.4352,low_sample,dvsa-2024-v2,motriskindex-families-2024-v5
fail-group:lexus-ct:dvsa-2024-v2:suspension,lexus-ct,Suspension,1208,31149,3.8781,15.3574,-11.4792,0.2525,low_sample,dvsa-2024-v2,motriskindex-families-2024-v5
fail-group:lexus-ct:dvsa-2024-v2:brakes,lexus-ct,Brakes,1489,31149,4.7802,11.2525,-6.4722,0.4248,low_sample,dvsa-2024-v2,motriskindex-families-2024-v5
fail-group:lexus-ct:dvsa-2024-v2:visibility,lexus-ct,Visibility,1795,31149,5.7626,8.3959,-2.6333,0.6864,low_sample,dvsa-2024-v2,motriskindex-families-2024-v5
fail-group:lexus-ct:dvsa-2024-v2:tyres,lexus-ct,Tyres,2074,31149,6.6583,8.7011,-2.0428,0.7652,low_sample,dvsa-2024-v2,motriskindex-families-2024-v5
fail-group:lexus-gs:dvsa-2024-v2:lamps-reflectors-and-electrical-equipment,lexus-gs,"Lamps, reflectors and electrical equipment",1040,7851,13.2467,18.0899,-4.8432,0.7323,low_sample,dvsa-2024-v2,motriskindex-families-2024-v5
fail-group:lexus-is:dvsa-2024-v2:lamps-reflectors-and-electrical-equipment,lexus-is,"Lamps, reflectors and electrical equipment",7091,37265,19.0286,18.0899,0.9387,1.0519,ok,dvsa-2024-v2,motriskindex-families-2024-v5
fail-group:lexus-is:dvsa-2024-v2:suspension,lexus-is,Suspension,2478,37265,6.6497,15.3574,-8.7077,0.4330,low_sample,dvsa-2024-v2,motriskindex-families-2024-v5
fail-group:lexus-is:dvsa-2024-v2:brakes,lexus-is,Brakes,3709,37265,9.9530,11.2525,-1.2994,0.8845,low_sample,dvsa-2024-v2,motriskindex-families-2024-v5
fail-group:lexus-is:dvsa-2024-v2:visibility,lexus-is,Visibility,2941,37265,7.8921,8.3959,-0.5038,0.9400,low_sample,dvsa-2024-v2,motriskindex-families-2024-v5
fail-group:lexus-is:dvsa-2024-v2:tyres,lexus-is,Tyres,3492,37265,9.3707,8.7011,0.6696,1.0770,low_sample,dvsa-2024-v2,motriskindex-families-2024-v5
fail-group:lexus-is:dvsa-2024-v2:noise-emissions-and-leaks,lexus-is,"Noise, emissions and leaks",1166,37265,3.1289,3.6688,-0.5399,0.8528,low_sample,dvsa-2024-v2,motriskindex-families-2024-v5
fail-group:lexus-nx:dvsa-2024-v2:visibility,lexus-nx,Visibility,1536,28899,5.3151,8.3959,-3.0808,0.6331,low_sample,dvsa-2024-v2,motriskindex-families-2024-v5
fail-group:lexus-nx:dvsa-2024-v2:tyres,lexus-nx,Tyres,1208,28899,4.1801,8.7011,-4.5211,0.4804,low_sample,dvsa-2024-v2,motriskindex-families-2024-v5
fail-group:lexus-rx:dvsa-2024-v2:lamps-reflectors-and-electrical-equipment,lexus-rx,"Lamps, reflectors and electrical equipment",4622,36487,12.6675,18.0899,-5.4224,0.7003,low_sample,dvsa-2024-v2,motriskindex-families-2024-v5
fail-group:lexus-rx:dvsa-2024-v2:suspension,lexus-rx,Suspension,5495,36487,15.0602,15.3574,-0.2972,0.9806,ok,dvsa-2024-v2,motriskindex-families-2024-v5
fail-group:lexus-rx:dvsa-2024-v2:brakes,lexus-rx,Brakes,2950,36487,8.0851,11.2525,-3.1674,0.7185,low_sample,dvsa-2024-v2,motriskindex-families-2024-v5
fail-group:lexus-rx:dvsa-2024-v2:visibility,lexus-rx,Visibility,2571,36487,7.0463,8.3959,-1.3495,0.8393,low_sample,dvsa-2024-v2,motriskindex-families-2024-v5
fail-group:lexus-rx:dvsa-2024-v2:tyres,lexus-rx,Tyres,2103,36487,5.7637,8.7011,-2.9375,0.6624,low_sample,dvsa-2024-v2,motriskindex-families-2024-v5
fail-group:lexus-rx:dvsa-2024-v2:body-chassis-structure,lexus-rx,"Body, chassis, structure",1206,36487,3.3053,5.8011,-2.4958,0.5698,low_sample,dvsa-2024-v2,motriskindex-families-2024-v5
fail-group:london-taxis-int-tx4:dvsa-2024-v2:lamps-reflectors-and-electrical-equipment,london-taxis-int-tx4,"Lamps, reflectors and electrical equipment",2973,12160,24.4490,18.0899,6.3591,1.3515,low_sample,dvsa-2024-v2,motriskindex-families-2024-v5
fail-group:london-taxis-int-tx4:dvsa-2024-v2:suspension,london-taxis-int-tx4,Suspension,4216,12160,34.6711,15.3574,19.3137,2.2576,low_sample,dvsa-2024-v2,motriskindex-families-2024-v5
fail-group:london-taxis-int-tx4:dvsa-2024-v2:brakes,london-taxis-int-tx4,Brakes,1894,12160,15.5757,11.2525,4.3232,1.3842,low_sample,dvsa-2024-v2,motriskindex-families-2024-v5
fail-group:mazda-2:dvsa-2024-v2:lamps-reflectors-and-electrical-equipment,mazda-2,"Lamps, reflectors and electrical equipment",27292,127191,21.4575,18.0899,3.3676,1.1862,ok,dvsa-2024-v2,motriskindex-families-2024-v5
fail-group:mazda-2:dvsa-2024-v2:suspension,mazda-2,Suspension,25737,127191,20.2349,15.3574,4.8776,1.3176,ok,dvsa-2024-v2,motriskindex-families-2024-v5
fail-group:mazda-2:dvsa-2024-v2:brakes,mazda-2,Brakes,10448,127191,8.2144,11.2525,-3.0380,0.7300,ok,dvsa-2024-v2,motriskindex-families-2024-v5
fail-group:mazda-2:dvsa-2024-v2:visibility,mazda-2,Visibility,12043,127191,9.4684,8.3959,1.0725,1.1277,ok,dvsa-2024-v2,motriskindex-families-2024-v5
fail-group:mazda-2:dvsa-2024-v2:tyres,mazda-2,Tyres,11069,127191,8.7027,8.7011,0.0015,1.0002,ok,dvsa-2024-v2,motriskindex-families-2024-v5
fail-group:mazda-2:dvsa-2024-v2:body-chassis-structure,mazda-2,"Body, chassis, structure",3005,127191,2.3626,5.8011,-3.4385,0.4073,low_sample,dvsa-2024-v2,motriskindex-families-2024-v5
fail-group:mazda-2:dvsa-2024-v2:noise-emissions-and-leaks,mazda-2,"Noise, emissions and leaks",2738,127191,2.1527,3.6688,-1.5162,0.5867,low_sample,dvsa-2024-v2,motriskindex-families-2024-v5
fail-group:mazda-2:dvsa-2024-v2:steering,mazda-2,Steering,5873,127191,4.6175,3.4692,1.1483,1.3310,ok,dvsa-2024-v2,motriskindex-families-2024-v5
fail-group:mazda-2:dvsa-2024-v2:seat-belts-and-supplementary-restraint-systems,mazda-2,Seat belts and supplementary restraint systems,1572,127191,1.2359,1.0195,0.2165,1.2123,low_sample,dvsa-2024-v2,motriskindex-families-2024-v5
fail-group:mazda-3:dvsa-2024-v2:lamps-reflectors-and-electrical-equipment,mazda-3,"Lamps, reflectors and electrical equipment",22752,108560,20.9580,18.0899,2.8681,1.1585,ok,dvsa-2024-v2,motriskindex-families-2024-v5
fail-group:mazda-3:dvsa-2024-v2:suspension,mazda-3,Suspension,25176,108560,23.1909,15.3574,7.8335,1.5101,ok,dvsa-2024-v2,motriskindex-families-2024-v5
fail-group:mazda-3:dvsa-2024-v2:brakes,mazda-3,Brakes,12711,108560,11.7087,11.2525,0.4563,1.0405,ok,dvsa-2024-v2,motriskindex-families-2024-v5
fail-group:mazda-3:dvsa-2024-v2:visibility,mazda-3,Visibility,8449,108560,7.7828,8.3959,-0.6131,0.9270,ok,dvsa-2024-v2,motriskindex-families-2024-v5
fail-group:mazda-3:dvsa-2024-v2:tyres,mazda-3,Tyres,10003,108560,9.2143,8.7011,0.5131,1.0590,ok,dvsa-2024-v2,motriskindex-families-2024-v5
fail-group:mazda-3:dvsa-2024-v2:body-chassis-structure,mazda-3,"Body, chassis, structure",3804,108560,3.5041,5.8011,-2.2971,0.6040,low_sample,dvsa-2024-v2,motriskindex-families-2024-v5
fail-group:mazda-3:dvsa-2024-v2:noise-emissions-and-leaks,mazda-3,"Noise, emissions and leaks",3693,108560,3.4018,3.6688,-0.2670,0.9272,low_sample,dvsa-2024-v2,motriskindex-families-2024-v5
fail-group:mazda-3:dvsa-2024-v2:steering,mazda-3,Steering,1779,108560,1.6387,3.4692,-1.8305,0.4724,low_sample,dvsa-2024-v2,motriskindex-families-2024-v5
fail-group:mazda-3:dvsa-2024-v2:seat-belts-and-supplementary-restraint-systems,mazda-3,Seat belts and supplementary restraint systems,1005,108560,0.9258,1.0195,-0.0937,0.9081,low_sample,dvsa-2024-v2,motriskindex-families-2024-v5
fail-group:mazda-5:dvsa-2024-v2:lamps-reflectors-and-electrical-equipment,mazda-5,"Lamps, reflectors and electrical equipment",4135,10518,39.3136,18.0899,21.2237,2.1732,low_sample,dvsa-2024-v2,motriskindex-families-2024-v5
fail-group:mazda-5:dvsa-2024-v2:suspension,mazda-5,Suspension,5165,10518,49.1063,15.3574,33.7489,3.1976,ok,dvsa-2024-v2,motriskindex-families-2024-v5
fail-group:mazda-5:dvsa-2024-v2:brakes,mazda-5,Brakes,1704,10518,16.2008,11.2525,4.9483,1.4398,low_sample,dvsa-2024-v2,motriskindex-families-2024-v5
fail-group:mazda-5:dvsa-2024-v2:visibility,mazda-5,Visibility,1277,10518,12.1411,8.3959,3.7452,1.4461,low_sample,dvsa-2024-v2,motriskindex-families-2024-v5
fail-group:mazda-5:dvsa-2024-v2:tyres,mazda-5,Tyres,1554,10518,14.7747,8.7011,6.0735,1.6980,low_sample,dvsa-2024-v2,motriskindex-families-2024-v5
fail-group:mazda-5:dvsa-2024-v2:body-chassis-structure,mazda-5,"Body, chassis, structure",1945,10518,18.4921,5.8011,12.6910,3.1877,low_sample,dvsa-2024-v2,motriskindex-families-2024-v5
fail-group:mazda-5:dvsa-2024-v2:noise-emissions-and-leaks,mazda-5,"Noise, emissions and leaks",1382,10518,13.1394,3.6688,9.4706,3.5814,low_sample,dvsa-2024-v2,motriskindex-families-2024-v5
fail-group:mazda-6:dvsa-2024-v2:lamps-reflectors-and-electrical-equipment,mazda-6,"Lamps, reflectors and electrical equipment",12956,61959,20.9106,18.0899,2.8207,1.1559,ok,dvsa-2024-v2,motriskindex-families-2024-v5
fail-group:mazda-6:dvsa-2024-v2:suspension,mazda-6,Suspension,12676,61959,20.4587,15.3574,5.1013,1.3322,ok,dvsa-2024-v2,motriskindex-families-2024-v5
fail-group:mazda-6:dvsa-2024-v2:brakes,mazda-6,Brakes,11594,61959,18.7124,11.2525,7.4599,1.6630,ok,dvsa-2024-v2,motriskindex-families-2024-v5
fail-group:mazda-6:dvsa-2024-v2:visibility,mazda-6,Visibility,4973,61959,8.0263,8.3959,-0.3696,0.9560,low_sample,dvsa-2024-v2,motriskindex-families-2024-v5
fail-group:mazda-6:dvsa-2024-v2:tyres,mazda-6,Tyres,5023,61959,8.1070,8.7011,-0.5942,0.9317,ok,dvsa-2024-v2,motriskindex-families-2024-v5
fail-group:mazda-6:dvsa-2024-v2:body-chassis-structure,mazda-6,"Body, chassis, structure",1738,61959,2.8051,5.8011,-2.9960,0.4835,low_sample,dvsa-2024-v2,motriskindex-families-2024-v5
fail-group:mazda-6:dvsa-2024-v2:noise-emissions-and-leaks,mazda-6,"Noise, emissions and leaks",2341,61959,3.7783,3.6688,0.1095,1.0298,low_sample,dvsa-2024-v2,motriskindex-families-2024-v5
fail-group:mazda-6:dvsa-2024-v2:steering,mazda-6,Steering,1073,61959,1.7318,3.4692,-1.7374,0.4992,low_sample,dvsa-2024-v2,motriskindex-families-2024-v5
fail-group:mazda-bongo:dvsa-2024-v2:lamps-reflectors-and-electrical-equipment,mazda-bongo,"Lamps, reflectors and electrical equipment",5557,10295,53.9777,18.0899,35.8878,2.9839,ok,dvsa-2024-v2,motriskindex-families-2024-v5
fail-group:mazda-bongo:dvsa-2024-v2:suspension,mazda-bongo,Suspension,5702,10295,55.3861,15.3574,40.0288,3.6065,ok,dvsa-2024-v2,motriskindex-families-2024-v5
fail-group:mazda-bongo:dvsa-2024-v2:brakes,mazda-bongo,Brakes,1883,10295,18.2904,11.2525,7.0380,1.6255,low_sample,dvsa-2024-v2,motriskindex-families-2024-v5
fail-group:mazda-bongo:dvsa-2024-v2:visibility,mazda-bongo,Visibility,1459,10295,14.1719,8.3959,5.7760,1.6880,low_sample,dvsa-2024-v2,motriskindex-families-2024-v5
fail-group:mazda-bongo:dvsa-2024-v2:body-chassis-structure,mazda-bongo,"Body, chassis, structure",2902,10295,28.1884,5.8011,22.3873,4.8591,low_sample,dvsa-2024-v2,motriskindex-families-2024-v5
fail-group:mazda-bongo:dvsa-2024-v2:noise-emissions-and-leaks,mazda-bongo,"Noise, emissions and leaks",1084,10295,10.5294,3.6688,6.8606,2.8700,low_sample,dvsa-2024-v2,motriskindex-families-2024-v5
fail-group:mazda-bongo:dvsa-2024-v2:steering,mazda-bongo,Steering,1117,10295,10.8499,3.4692,7.3807,3.1275,low_sample,dvsa-2024-v2,motriskindex-families-2024-v5
fail-group:mazda-cx-3:dvsa-2024-v2:suspension,mazda-cx-3,Suspension,1102,25438,4.3321,15.3574,-11.0253,0.2821,low_sample,dvsa-2024-v2,motriskindex-families-2024-v5
fail-group:mazda-cx-3:dvsa-2024-v2:brakes,mazda-cx-3,Brakes,1190,25438,4.6780,11.2525,-6.5744,0.4157,low_sample,dvsa-2024-v2,motriskindex-families-2024-v5
fail-group:mazda-cx-3:dvsa-2024-v2:visibility,mazda-cx-3,Visibility,1628,25438,6.3999,8.3959,-1.9960,0.7623,low_sample,dvsa-2024-v2,motriskindex-families-2024-v5
fail-group:mazda-cx-3:dvsa-2024-v2:tyres,mazda-cx-3,Tyres,1528,25438,6.0068,8.7011,-2.6944,0.6903,low_sample,dvsa-2024-v2,motriskindex-families-2024-v5
fail-group:mazda-cx-5:dvsa-2024-v2:lamps-reflectors-and-electrical-equipment,mazda-cx-5,"Lamps, reflectors and electrical equipment",2973,66597,4.4642,18.0899,-13.6257,0.2468,low_sample,dvsa-2024-v2,motriskindex-families-2024-v5
fail-group:mazda-cx-5:dvsa-2024-v2:suspension,mazda-cx-5,Suspension,6369,66597,9.5635,15.3574,-5.7939,0.6227,ok,dvsa-2024-v2,motriskindex-families-2024-v5
fail-group:mazda-cx-5:dvsa-2024-v2:brakes,mazda-cx-5,Brakes,4018,66597,6.0333,11.2525,-5.2191,0.5362,low_sample,dvsa-2024-v2,motriskindex-families-2024-v5
fail-group:mazda-cx-5:dvsa-2024-v2:visibility,mazda-cx-5,Visibility,4739,66597,7.1159,8.3959,-1.2800,0.8475,low_sample,dvsa-2024-v2,motriskindex-families-2024-v5
fail-group:mazda-cx-5:dvsa-2024-v2:tyres,mazda-cx-5,Tyres,3501,66597,5.2570,8.7011,-3.4442,0.6042,low_sample,dvsa-2024-v2,motriskindex-families-2024-v5
fail-group:mazda-cx-5:dvsa-2024-v2:noise-emissions-and-leaks,mazda-cx-5,"Noise, emissions and leaks",1113,66597,1.6712,3.6688,-1.9976,0.4555,low_sample,dvsa-2024-v2,motriskindex-families-2024-v5
fail-group:mazda-cx-5:dvsa-2024-v2:steering,mazda-cx-5,Steering,4846,66597,7.2766,3.4692,3.8074,2.0975,low_sample,dvsa-2024-v2,motriskindex-families-2024-v5
fail-group:mazda-mx-5:dvsa-2024-v2:lamps-reflectors-and-electrical-equipment,mazda-mx-5,"Lamps, reflectors and electrical equipment",13326,92610,14.3894,18.0899,-3.7005,0.7954,ok,dvsa-2024-v2,motriskindex-families-2024-v5
fail-group:mazda-mx-5:dvsa-2024-v2:suspension,mazda-mx-5,Suspension,20161,92610,21.7698,15.3574,6.4124,1.4175,ok,dvsa-2024-v2,motriskindex-families-2024-v5
fail-group:mazda-mx-5:dvsa-2024-v2:brakes,mazda-mx-5,Brakes,12092,92610,13.0569,11.2525,1.8045,1.1604,ok,dvsa-2024-v2,motriskindex-families-2024-v5
fail-group:mazda-mx-5:dvsa-2024-v2:visibility,mazda-mx-5,Visibility,6509,92610,7.0284,8.3959,-1.3675,0.8371,ok,dvsa-2024-v2,motriskindex-families-2024-v5
fail-group:mazda-mx-5:dvsa-2024-v2:tyres,mazda-mx-5,Tyres,4162,92610,4.4941,8.7011,-4.2070,0.5165,low_sample,dvsa-2024-v2,motriskindex-families-2024-v5
fail-group:mazda-mx-5:dvsa-2024-v2:body-chassis-structure,mazda-mx-5,"Body, chassis, structure",4495,92610,4.8537,5.8011,-0.9474,0.8367,low_sample,dvsa-2024-v2,motriskindex-families-2024-v5
fail-group:mazda-mx-5:dvsa-2024-v2:noise-emissions-and-leaks,mazda-mx-5,"Noise, emissions and leaks",6287,92610,6.7887,3.6688,3.1199,1.8504,ok,dvsa-2024-v2,motriskindex-families-2024-v5
fail-group:mazda-mx-5:dvsa-2024-v2:steering,mazda-mx-5,Steering,1734,92610,1.8724,3.4692,-1.5968,0.5397,low_sample,dvsa-2024-v2,motriskindex-families-2024-v5
fail-group:mazda-mx-5:dvsa-2024-v2:seat-belts-and-supplementary-restraint-systems,mazda-mx-5,Seat belts and supplementary restraint systems,2413,92610,2.6056,1.0195,1.5861,2.5558,low_sample,dvsa-2024-v2,motriskindex-families-2024-v5
fail-group:mercedes-a-class:dvsa-2024-v2:lamps-reflectors-and-electrical-equipment,mercedes-a-class,"Lamps, reflectors and electrical equipment",24371,331452,7.3528,18.0899,-10.7371,0.4065,ok,dvsa-2024-v2,motriskindex-families-2024-v5
fail-group:mercedes-a-class:dvsa-2024-v2:suspension,mercedes-a-class,Suspension,28494,331452,8.5967,15.3574,-6.7606,0.5598,ok,dvsa-2024-v2,motriskindex-families-2024-v5
fail-group:mercedes-a-class:dvsa-2024-v2:brakes,mercedes-a-class,Brakes,22448,331452,6.7726,11.2525,-4.4798,0.6019,ok,dvsa-2024-v2,motriskindex-families-2024-v5
fail-group:mercedes-a-class:dvsa-2024-v2:visibility,mercedes-a-class,Visibility,23501,331452,7.0903,8.3959,-1.3056,0.8445,ok,dvsa-2024-v2,motriskindex-families-2024-v5
fail-group:mercedes-a-class:dvsa-2024-v2:tyres,mercedes-a-class,Tyres,30829,331452,9.3012,8.7011,0.6000,1.0690,ok,dvsa-2024-v2,motriskindex-families-2024-v5
fail-group:mercedes-a-class:dvsa-2024-v2:body-chassis-structure,mercedes-a-class,"Body, chassis, structure",8218,331452,2.4794,5.8011,-3.3217,0.4274,ok,dvsa-2024-v2,motriskindex-families-2024-v5
fail-group:mercedes-a-class:dvsa-2024-v2:noise-emissions-and-leaks,mercedes-a-class,"Noise, emissions and leaks",6634,331452,2.0015,3.6688,-1.6673,0.5455,ok,dvsa-2024-v2,motriskindex-families-2024-v5
fail-group:mercedes-a-class:dvsa-2024-v2:seat-belts-and-supplementary-restraint-systems,mercedes-a-class,Seat belts and supplementary restraint systems,5002,331452,1.5091,1.0195,0.4896,1.4803,ok,dvsa-2024-v2,motriskindex-families-2024-v5
fail-group:mercedes-a-class:dvsa-2024-v2:road-wheels,mercedes-a-class,Road Wheels,2030,331452,0.6125,0.4406,0.1719,1.3902,low_sample,dvsa-2024-v2,motriskindex-families-2024-v5
fail-group:mercedes-b-class:dvsa-2024-v2:lamps-reflectors-and-electrical-equipment,mercedes-b-class,"Lamps, reflectors and electrical equipment",10138,71436,14.1917,18.0899,-3.8982,0.7845,ok,dvsa-2024-v2,motriskindex-families-2024-v5
fail-group:mercedes-b-class:dvsa-2024-v2:suspension,mercedes-b-class,Suspension,12469,71436,17.4548,15.3574,2.0974,1.1366,ok,dvsa-2024-v2,motriskindex-families-2024-v5
fail-group:mercedes-b-class:dvsa-2024-v2:brakes,mercedes-b-class,Brakes,7577,71436,10.6067,11.2525,-0.6458,0.9426,ok,dvsa-2024-v2,motriskindex-families-2024-v5
fail-group:mercedes-b-class:dvsa-2024-v2:visibility,mercedes-b-class,Visibility,5478,71436,7.6684,8.3959,-0.7275,0.9134,ok,dvsa-2024-v2,motriskindex-families-2024-v5
fail-group:mercedes-b-class:dvsa-2024-v2:tyres,mercedes-b-class,Tyres,6436,71436,9.0095,8.7011,0.3083,1.0354,ok,dvsa-2024-v2,motriskindex-families-2024-v5
fail-group:mercedes-b-class:dvsa-2024-v2:body-chassis-structure,mercedes-b-class,"Body, chassis, structure",4921,71436,6.8887,5.8011,1.0876,1.1875,low_sample,dvsa-2024-v2,motriskindex-families-2024-v5
fail-group:mercedes-b-class:dvsa-2024-v2:noise-emissions-and-leaks,mercedes-b-class,"Noise, emissions and leaks",1982,71436,2.7745,3.6688,-0.8943,0.7562,low_sample,dvsa-2024-v2,motriskindex-families-2024-v5
fail-group:mercedes-c-class:dvsa-2024-v2:lamps-reflectors-and-electrical-equipment,mercedes-c-class,"Lamps, reflectors and electrical equipment",35900,365590,9.8197,18.0899,-8.2701,0.5428,ok,dvsa-2024-v2,motriskindex-families-2024-v5
fail-group:mercedes-c-class:dvsa-2024-v2:suspension,mercedes-c-class,Suspension,74566,365590,20.3961,15.3574,5.0387,1.3281,ok,dvsa-2024-v2,motriskindex-families-2024-v5
fail-group:mercedes-c-class:dvsa-2024-v2:brakes,mercedes-c-class,Brakes,41183,365590,11.2648,11.2525,0.0124,1.0011,ok,dvsa-2024-v2,motriskindex-families-2024-v5
fail-group:mercedes-c-class:dvsa-2024-v2:visibility,mercedes-c-class,Visibility,25105,365590,6.8670,8.3959,-1.5289,0.8179,ok,dvsa-2024-v2,motriskindex-families-2024-v5
fail-group:mercedes-c-class:dvsa-2024-v2:tyres,mercedes-c-class,Tyres,40138,365590,10.9790,8.7011,2.2778,1.2618,ok,dvsa-2024-v2,motriskindex-families-2024-v5
fail-group:mercedes-c-class:dvsa-2024-v2:body-chassis-structure,mercedes-c-class,"Body, chassis, structure",4813,365590,1.3165,5.8011,-4.4846,0.2269,low_sample,dvsa-2024-v2,motriskindex-families-2024-v5
fail-group:mercedes-c-class:dvsa-2024-v2:noise-emissions-and-leaks,mercedes-c-class,"Noise, emissions and leaks",13242,365590,3.6221,3.6688,-0.0467,0.9873,ok,dvsa-2024-v2,motriskindex-families-2024-v5
fail-group:mercedes-c-class:dvsa-2024-v2:steering,mercedes-c-class,Steering,3667,365590,1.0030,3.4692,-2.4662,0.2891,low_sample,dvsa-2024-v2,motriskindex-families-2024-v5
fail-group:mercedes-c-class:dvsa-2024-v2:seat-belts-and-supplementary-restraint-systems,mercedes-c-class,Seat belts and supplementary restraint systems,3390,365590,0.9273,1.0195,-0.0922,0.9096,low_sample,dvsa-2024-v2,motriskindex-families-2024-v5
fail-group:mercedes-c-class:dvsa-2024-v2:identification-of-the-vehicle,mercedes-c-class,Identification of the vehicle,1782,365590,0.4874,0.3643,0.1231,1.3379,low_sample,dvsa-2024-v2,motriskindex-families-2024-v5
fail-group:mercedes-c-class:dvsa-2024-v2:road-wheels,mercedes-c-class,Road Wheels,3744,365590,1.0241,0.4406,0.5835,2.3246,low_sample,dvsa-2024-v2,motriskindex-families-2024-v5
fail-group:mercedes-citan:dvsa-2024-v2:lamps-reflectors-and-electrical-equipment,mercedes-citan,"Lamps, reflectors and electrical equipment",7155,20482,34.9331,18.0899,16.8432,1.9311,ok,dvsa-2024-v2,motriskindex-families-2024-v5
fail-group:mercedes-citan:dvsa-2024-v2:suspension,mercedes-citan,Suspension,1693,20482,8.2658,15.3574,-7.0916,0.5382,low_sample,dvsa-2024-v2,motriskindex-families-2024-v5
fail-group:mercedes-citan:dvsa-2024-v2:brakes,mercedes-citan,Brakes,3792,20482,18.5138,11.2525,7.2614,1.6453,low_sample,dvsa-2024-v2,motriskindex-families-2024-v5
fail-group:mercedes-citan:dvsa-2024-v2:visibility,mercedes-citan,Visibility,3401,20482,16.6048,8.3959,8.2089,1.9777,low_sample,dvsa-2024-v2,motriskindex-families-2024-v5
fail-group:mercedes-citan:dvsa-2024-v2:tyres,mercedes-citan,Tyres,2361,20482,11.5272,8.7011,2.8260,1.3248,low_sample,dvsa-2024-v2,motriskindex-families-2024-v5
fail-group:mercedes-citan:dvsa-2024-v2:body-chassis-structure,mercedes-citan,"Body, chassis, structure",2255,20482,11.0097,5.8011,5.2085,1.8979,low_sample,dvsa-2024-v2,motriskindex-families-2024-v5
fail-group:mercedes-citan:dvsa-2024-v2:steering,mercedes-citan,Steering,1289,20482,6.2933,3.4692,2.8241,1.8141,low_sample,dvsa-2024-v2,motriskindex-families-2024-v5
fail-group:mercedes-cla:dvsa-2024-v2:lamps-reflectors-and-electrical-equipment,mercedes-cla,"Lamps, reflectors and electrical equipment",2050,63888,3.2087,18.0899,-14.8811,0.1774,low_sample,dvsa-2024-v2,motriskindex-families-2024-v5
fail-group:mercedes-cla:dvsa-2024-v2:suspension,mercedes-cla,Suspension,3832,63888,5.9980,15.3574,-9.3594,0.3906,low_sample,dvsa-2024-v2,motriskindex-families-2024-v5
fail-group:mercedes-cla:dvsa-2024-v2:brakes,mercedes-cla,Brakes,2861,63888,4.4781,11.2525,-6.7743,0.3980,low_sample,dvsa-2024-v2,motriskindex-families-2024-v5
fail-group:mercedes-cla:dvsa-2024-v2:visibility,mercedes-cla,Visibility,4052,63888,6.3423,8.3959,-2.0535,0.7554,low_sample,dvsa-2024-v2,motriskindex-families-2024-v5
fail-group:mercedes-cla:dvsa-2024-v2:tyres,mercedes-cla,Tyres,7574,63888,11.8551,8.7011,3.1540,1.3625,ok,dvsa-2024-v2,motriskindex-families-2024-v5
fail-group:mercedes-cla:dvsa-2024-v2:noise-emissions-and-leaks,mercedes-cla,"Noise, emissions and leaks",1095,63888,1.7139,3.6688,-1.9549,0.4672,low_sample,dvsa-2024-v2,motriskindex-families-2024-v5
fail-group:mercedes-clc:dvsa-2024-v2:lamps-reflectors-and-electrical-equipment,mercedes-clc,"Lamps, reflectors and electrical equipment",2610,8510,30.6698,18.0899,12.5799,1.6954,low_sample,dvsa-2024-v2,motriskindex-families-2024-v5
fail-group:mercedes-clc:dvsa-2024-v2:suspension,mercedes-clc,Suspension,4143,8510,48.6839,15.3574,33.3265,3.1701,low_sample,dvsa-2024-v2,motriskindex-families-2024-v5
fail-group:mercedes-clc:dvsa-2024-v2:brakes,mercedes-clc,Brakes,1725,8510,20.2703,11.2525,9.0178,1.8014,low_sample,dvsa-2024-v2,motriskindex-families-2024-v5
fail-group:mercedes-clc:dvsa-2024-v2:tyres,mercedes-clc,Tyres,1176,8510,13.8190,8.7011,5.1179,1.5882,low_sample,dvsa-2024-v2,motriskindex-families-2024-v5
fail-group:mercedes-clk:dvsa-2024-v2:lamps-reflectors-and-electrical-equipment,mercedes-clk,"Lamps, reflectors and electrical equipment",8794,28446,30.9147,18.0899,12.8248,1.7090,ok,dvsa-2024-v2,motriskindex-families-2024-v5
fail-group:mercedes-clk:dvsa-2024-v2:suspension,mercedes-clk,Suspension,10169,28446,35.7484,15.3574,20.3911,2.3278,ok,dvsa-2024-v2,motriskindex-families-2024-v5
fail-group:mercedes-clk:dvsa-2024-v2:brakes,mercedes-clk,Brakes,5682,28446,19.9747,11.2525,8.7222,1.7751,ok,dvsa-2024-v2,motriskindex-families-2024-v5
fail-group:mercedes-clk:dvsa-2024-v2:visibility,mercedes-clk,Visibility,3374,28446,11.8611,8.3959,3.4652,1.4127,low_sample,dvsa-2024-v2,motriskindex-families-2024-v5
fail-group:mercedes-clk:dvsa-2024-v2:tyres,mercedes-clk,Tyres,3181,28446,11.1826,8.7011,2.4814,1.2852,low_sample,dvsa-2024-v2,motriskindex-families-2024-v5
fail-group:mercedes-clk:dvsa-2024-v2:noise-emissions-and-leaks,mercedes-clk,"Noise, emissions and leaks",1753,28446,6.1626,3.6688,2.4937,1.6797,low_sample,dvsa-2024-v2,motriskindex-families-2024-v5
fail-group:mercedes-clk:dvsa-2024-v2:steering,mercedes-clk,Steering,1215,28446,4.2713,3.4692,0.8021,1.2312,low_sample,dvsa-2024-v2,motriskindex-families-2024-v5
fail-group:mercedes-cls:dvsa-2024-v2:lamps-reflectors-and-electrical-equipment,mercedes-cls,"Lamps, reflectors and electrical equipment",1876,23802,7.8817,18.0899,-10.2082,0.4357,low_sample,dvsa-2024-v2,motriskindex-families-2024-v5
fail-group:mercedes-cls:dvsa-2024-v2:suspension,mercedes-cls,Suspension,3775,23802,15.8600,15.3574,0.5027,1.0327,low_sample,dvsa-2024-v2,motriskindex-families-2024-v5
fail-group:mercedes-cls:dvsa-2024-v2:brakes,mercedes-cls,Brakes,2601,23802,10.9277,11.2525,-0.3248,0.9711,low_sample,dvsa-2024-v2,motriskindex-families-2024-v5
fail-group:mercedes-cls:dvsa-2024-v2:visibility,mercedes-cls,Visibility,1226,23802,5.1508,8.3959,-3.2451,0.6135,low_sample,dvsa-2024-v2,motriskindex-families-2024-v5
fail-group:mercedes-cls:dvsa-2024-v2:tyres,mercedes-cls,Tyres,3431,23802,14.4148,8.7011,5.7136,1.6566,low_sample,dvsa-2024-v2,motriskindex-families-2024-v5
fail-group:mercedes-e-class:dvsa-2024-v2:lamps-reflectors-and-electrical-equipment,mercedes-e-class,"Lamps, reflectors and electrical equipment",17524,229181,7.6464,18.0899,-10.4435,0.4227,ok,dvsa-2024-v2,motriskindex-families-2024-v5
fail-group:mercedes-e-class:dvsa-2024-v2:suspension,mercedes-e-class,Suspension,33525,229181,14.6282,15.3574,-0.7292,0.9525,ok,dvsa-2024-v2,motriskindex-families-2024-v5
fail-group:mercedes-e-class:dvsa-2024-v2:brakes,mercedes-e-class,Brakes,22275,229181,9.7194,11.2525,-1.5331,0.8638,ok,dvsa-2024-v2,motriskindex-families-2024-v5
fail-group:mercedes-e-class:dvsa-2024-v2:visibility,mercedes-e-class,Visibility,12776,229181,5.5746,8.3959,-2.8213,0.6640,ok,dvsa-2024-v2,motriskindex-families-2024-v5
fail-group:mercedes-e-class:dvsa-2024-v2:tyres,mercedes-e-class,Tyres,27217,229181,11.8758,8.7011,3.1746,1.3649,ok,dvsa-2024-v2,motriskindex-families-2024-v5
fail-group:mercedes-e-class:dvsa-2024-v2:body-chassis-structure,mercedes-e-class,"Body, chassis, structure",2708,229181,1.1816,5.8011,-4.6195,0.2037,low_sample,dvsa-2024-v2,motriskindex-families-2024-v5
fail-group:mercedes-e-class:dvsa-2024-v2:noise-emissions-and-leaks,mercedes-e-class,"Noise, emissions and leaks",5967,229181,2.6036,3.6688,-1.0652,0.7097,ok,dvsa-2024-v2,motriskindex-families-2024-v5
fail-group:mercedes-e-class:dvsa-2024-v2:steering,mercedes-e-class,Steering,1997,229181,0.8714,3.4692,-2.5978,0.2512,low_sample,dvsa-2024-v2,motriskindex-families-2024-v5
fail-group:mercedes-e-class:dvsa-2024-v2:seat-belts-and-supplementary-restraint-systems,mercedes-e-class,Seat belts and supplementary restraint systems,1464,229181,0.6388,1.0195,-0.3807,0.6266,low_sample,dvsa-2024-v2,motriskindex-families-2024-v5
fail-group:mercedes-e-class:dvsa-2024-v2:identification-of-the-vehicle,mercedes-e-class,Identification of the vehicle,1074,229181,0.4686,0.3643,0.1043,1.2862,low_sample,dvsa-2024-v2,motriskindex-families-2024-v5
fail-group:mercedes-e-class:dvsa-2024-v2:road-wheels,mercedes-e-class,Road Wheels,3245,229181,1.4159,0.4406,0.9754,3.2139,low_sample,dvsa-2024-v2,motriskindex-families-2024-v5
fail-group:mercedes-eqc:dvsa-2024-v2:tyres,mercedes-eqc,Tyres,1233,7205,17.1131,8.7011,8.4120,1.9668,low_sample,dvsa-2024-v2,motriskindex-families-2024-v5
fail-group:mercedes-gla:dvsa-2024-v2:lamps-reflectors-and-electrical-equipment,mercedes-gla,"Lamps, reflectors and electrical equipment",1796,87343,2.0563,18.0899,-16.0336,0.1137,low_sample,dvsa-2024-v2,motriskindex-families-2024-v5
fail-group:mercedes-gla:dvsa-2024-v2:suspension,mercedes-gla,Suspension,5410,87343,6.1940,15.3574,-9.1634,0.4033,ok,dvsa-2024-v2,motriskindex-families-2024-v5
fail-group:mercedes-gla:dvsa-2024-v2:brakes,mercedes-gla,Brakes,2787,87343,3.1909,11.2525,-8.0616,0.2836,low_sample,dvsa-2024-v2,motriskindex-families-2024-v5
fail-group:mercedes-gla:dvsa-2024-v2:visibility,mercedes-gla,Visibility,4272,87343,4.8911,8.3959,-3.5048,0.5826,low_sample,dvsa-2024-v2,motriskindex-families-2024-v5
fail-group:mercedes-gla:dvsa-2024-v2:tyres,mercedes-gla,Tyres,5905,87343,6.7607,8.7011,-1.9404,0.7770,ok,dvsa-2024-v2,motriskindex-families-2024-v5
fail-group:mercedes-gla:dvsa-2024-v2:body-chassis-structure,mercedes-gla,"Body, chassis, structure",2220,87343,2.5417,5.8011,-3.2594,0.4381,low_sample,dvsa-2024-v2,motriskindex-families-2024-v5
fail-group:mercedes-gla:dvsa-2024-v2:noise-emissions-and-leaks,mercedes-gla,"Noise, emissions and leaks",1075,87343,1.2308,3.6688,-2.4380,0.3355,low_sample,dvsa-2024-v2,motriskindex-families-2024-v5
fail-group:mercedes-glc:dvsa-2024-v2:suspension,mercedes-glc,Suspension,3226,78203,4.1252,15.3574,-11.2322,0.2686,low_sample,dvsa-2024-v2,motriskindex-families-2024-v5
fail-group:mercedes-glc:dvsa-2024-v2:brakes,mercedes-glc,Brakes,1727,78203,2.2084,11.2525,-9.0441,0.1963,low_sample,dvsa-2024-v2,motriskindex-families-2024-v5
fail-group:mercedes-glc:dvsa-2024-v2:visibility,mercedes-glc,Visibility,3434,78203,4.3911,8.3959,-4.0048,0.5230,low_sample,dvsa-2024-v2,motriskindex-families-2024-v5
fail-group:mercedes-glc:dvsa-2024-v2:tyres,mercedes-glc,Tyres,5755,78203,7.3591,8.7011,-1.3421,0.8458,ok,dvsa-2024-v2,motriskindex-families-2024-v5
fail-group:mercedes-gle:dvsa-2024-v2:visibility,mercedes-gle,Visibility,1132,30531,3.7077,8.3959,-4.6882,0.4416,low_sample,dvsa-2024-v2,motriskindex-families-2024-v5
fail-group:mercedes-gle:dvsa-2024-v2:tyres,mercedes-gle,Tyres,3214,30531,10.5270,8.7011,1.8259,1.2098,low_sample,dvsa-2024-v2,motriskindex-families-2024-v5
fail-group:mercedes-m-class:dvsa-2024-v2:lamps-reflectors-and-electrical-equipment,mercedes-m-class,"Lamps, reflectors and electrical equipment",7854,31973,24.5645,18.0899,6.4746,1.3579,ok,dvsa-2024-v2,motriskindex-families-2024-v5
fail-group:mercedes-m-class:dvsa-2024-v2:suspension,mercedes-m-class,Suspension,3787,31973,11.8444,15.3574,-3.5130,0.7713,low_sample,dvsa-2024-v2,motriskindex-families-2024-v5
fail-group:mercedes-m-class:dvsa-2024-v2:brakes,mercedes-m-class,Brakes,4626,31973,14.4685,11.2525,3.2160,1.2858,low_sample,dvsa-2024-v2,motriskindex-families-2024-v5
fail-group:mercedes-m-class:dvsa-2024-v2:visibility,mercedes-m-class,Visibility,2597,31973,8.1225,8.3959,-0.2734,0.9674,low_sample,dvsa-2024-v2,motriskindex-families-2024-v5
fail-group:mercedes-m-class:dvsa-2024-v2:tyres,mercedes-m-class,Tyres,2561,31973,8.0099,8.7011,-0.6913,0.9206,low_sample,dvsa-2024-v2,motriskindex-families-2024-v5
fail-group:mercedes-m-class:dvsa-2024-v2:body-chassis-structure,mercedes-m-class,"Body, chassis, structure",2888,31973,9.0326,5.8011,3.2315,1.5570,low_sample,dvsa-2024-v2,motriskindex-families-2024-v5
fail-group:mercedes-m-class:dvsa-2024-v2:noise-emissions-and-leaks,mercedes-m-class,"Noise, emissions and leaks",1254,31973,3.9221,3.6688,0.2532,1.0690,low_sample,dvsa-2024-v2,motriskindex-families-2024-v5
fail-group:mercedes-m-class:dvsa-2024-v2:steering,mercedes-m-class,Steering,1072,31973,3.3528,3.4692,-0.1164,0.9665,low_sample,dvsa-2024-v2,motriskindex-families-2024-v5
fail-group:mercedes-s-class:dvsa-2024-v2:lamps-reflectors-and-electrical-equipment,mercedes-s-class,"Lamps, reflectors and electrical equipment",1809,25541,7.0827,18.0899,-11.0072,0.3915,low_sample,dvsa-2024-v2,motriskindex-families-2024-v5
fail-group:mercedes-s-class:dvsa-2024-v2:suspension,mercedes-s-class,Suspension,2347,25541,9.1891,15.3574,-6.1682,0.5984,low_sample,dvsa-2024-v2,motriskindex-families-2024-v5
fail-group:mercedes-s-class:dvsa-2024-v2:brakes,mercedes-s-class,Brakes,1871,25541,7.3255,11.2525,-3.9270,0.6510,low_sample,dvsa-2024-v2,motriskindex-families-2024-v5
fail-group:mercedes-s-class:dvsa-2024-v2:visibility,mercedes-s-class,Visibility,1506,25541,5.8964,8.3959,-2.4995,0.7023,low_sample,dvsa-2024-v2,motriskindex-families-2024-v5
fail-group:mercedes-s-class:dvsa-2024-v2:tyres,mercedes-s-class,Tyres,1916,25541,7.5017,8.7011,-1.1995,0.8621,low_sample,dvsa-2024-v2,motriskindex-families-2024-v5
fail-group:mercedes-sl:dvsa-2024-v2:lamps-reflectors-and-electrical-equipment,mercedes-sl,"Lamps, reflectors and electrical equipment",1669,21309,7.8324,18.0899,-10.2575,0.4330,low_sample,dvsa-2024-v2,motriskindex-families-2024-v5
fail-group:mercedes-sl:dvsa-2024-v2:suspension,mercedes-sl,Suspension,2035,21309,9.5500,15.3574,-5.8074,0.6218,low_sample,dvsa-2024-v2,motriskindex-families-2024-v5
fail-group:mercedes-sl:dvsa-2024-v2:brakes,mercedes-sl,Brakes,1300,21309,6.1007,11.2525,-5.1517,0.5422,low_sample,dvsa-2024-v2,motriskindex-families-2024-v5
fail-group:mercedes-sl:dvsa-2024-v2:visibility,mercedes-sl,Visibility,1120,21309,5.2560,8.3959,-3.1399,0.6260,low_sample,dvsa-2024-v2,motriskindex-families-2024-v5
fail-group:mercedes-sl:dvsa-2024-v2:tyres,mercedes-sl,Tyres,1306,21309,6.1289,8.7011,-2.5723,0.7044,low_sample,dvsa-2024-v2,motriskindex-families-2024-v5
fail-group:mercedes-slk:dvsa-2024-v2:lamps-reflectors-and-electrical-equipment,mercedes-slk,"Lamps, reflectors and electrical equipment",7835,56594,13.8442,18.0899,-4.2457,0.7653,ok,dvsa-2024-v2,motriskindex-families-2024-v5
fail-group:mercedes-slk:dvsa-2024-v2:suspension,mercedes-slk,Suspension,11754,56594,20.7690,15.3574,5.4116,1.3524,ok,dvsa-2024-v2,motriskindex-families-2024-v5
fail-group:mercedes-slk:dvsa-2024-v2:brakes,mercedes-slk,Brakes,6010,56594,10.6195,11.2525,-0.6329,0.9438,ok,dvsa-2024-v2,motriskindex-families-2024-v5
fail-group:mercedes-slk:dvsa-2024-v2:visibility,mercedes-slk,Visibility,3663,56594,6.4724,8.3959,-1.9235,0.7709,low_sample,dvsa-2024-v2,motriskindex-families-2024-v5
fail-group:mercedes-slk:dvsa-2024-v2:tyres,mercedes-slk,Tyres,4950,56594,8.7465,8.7011,0.0454,1.0052,low_sample,dvsa-2024-v2,motriskindex-families-2024-v5
fail-group:mercedes-slk:dvsa-2024-v2:noise-emissions-and-leaks,mercedes-slk,"Noise, emissions and leaks",1853,56594,3.2742,3.6688,-0.3946,0.8924,low_sample,dvsa-2024-v2,motriskindex-families-2024-v5
fail-group:mercedes-slk:dvsa-2024-v2:steering,mercedes-slk,Steering,1029,56594,1.8182,3.4692,-1.6510,0.5241,low_sample,dvsa-2024-v2,motriskindex-families-2024-v5
fail-group:mercedes-sprinter:dvsa-2024-v2:lamps-reflectors-and-electrical-equipment,mercedes-sprinter,"Lamps, reflectors and electrical equipment",6112,21107,28.9572,18.0899,10.8673,1.6007,ok,dvsa-2024-v2,motriskindex-families-2024-v5
fail-group:mercedes-sprinter:dvsa-2024-v2:suspension,mercedes-sprinter,Suspension,2357,21107,11.1669,15.3574,-4.1904,0.7271,low_sample,dvsa-2024-v2,motriskindex-families-2024-v5
fail-group:mercedes-sprinter:dvsa-2024-v2:brakes,mercedes-sprinter,Brakes,4923,21107,23.3240,11.2525,12.0716,2.0728,low_sample,dvsa-2024-v2,motriskindex-families-2024-v5
fail-group:mercedes-sprinter:dvsa-2024-v2:visibility,mercedes-sprinter,Visibility,2571,21107,12.1808,8.3959,3.7849,1.4508,low_sample,dvsa-2024-v2,motriskindex-families-2024-v5
fail-group:mercedes-sprinter:dvsa-2024-v2:body-chassis-structure,mercedes-sprinter,"Body, chassis, structure",1474,21107,6.9835,5.8011,1.1823,1.2038,low_sample,dvsa-2024-v2,motriskindex-families-2024-v5
fail-group:mercedes-v-class:dvsa-2024-v2:suspension,mercedes-v-class,Suspension,1093,10642,10.2706,15.3574,-5.0867,0.6688,low_sample,dvsa-2024-v2,motriskindex-families-2024-v5
fail-group:mercedes-viano:dvsa-2024-v2:lamps-reflectors-and-electrical-equipment,mercedes-viano,"Lamps, reflectors and electrical equipment",1781,5332,33.4021,18.0899,15.3122,1.8465,low_sample,dvsa-2024-v2,motriskindex-families-2024-v5
fail-group:mercedes-viano:dvsa-2024-v2:brakes,mercedes-viano,Brakes,1196,5332,22.4306,11.2525,11.1782,1.9934,low_sample,dvsa-2024-v2,motriskindex-families-2024-v5
fail-group:mercedes-vito:dvsa-2024-v2:lamps-reflectors-and-electrical-equipment,mercedes-vito,"Lamps, reflectors and electrical equipment",20043,86846,23.0788,18.0899,4.9889,1.2758,ok,dvsa-2024-v2,motriskindex-families-2024-v5
fail-group:mercedes-vito:dvsa-2024-v2:suspension,mercedes-vito,Suspension,16275,86846,18.7401,15.3574,3.3827,1.2203,ok,dvsa-2024-v2,motriskindex-families-2024-v5
fail-group:mercedes-vito:dvsa-2024-v2:brakes,mercedes-vito,Brakes,19561,86846,22.5238,11.2525,11.2713,2.0017,ok,dvsa-2024-v2,motriskindex-families-2024-v5
fail-group:mercedes-vito:dvsa-2024-v2:visibility,mercedes-vito,Visibility,12714,86846,14.6397,8.3959,6.2438,1.7437,ok,dvsa-2024-v2,motriskindex-families-2024-v5
fail-group:mercedes-vito:dvsa-2024-v2:tyres,mercedes-vito,Tyres,7204,86846,8.2951,8.7011,-0.4060,0.9533,ok,dvsa-2024-v2,motriskindex-families-2024-v5
fail-group:mercedes-vito:dvsa-2024-v2:body-chassis-structure,mercedes-vito,"Body, chassis, structure",6607,86846,7.6077,5.8011,1.8066,1.3114,ok,dvsa-2024-v2,motriskindex-families-2024-v5
fail-group:mercedes-vito:dvsa-2024-v2:noise-emissions-and-leaks,mercedes-vito,"Noise, emissions and leaks",4247,86846,4.8903,3.6688,1.2214,1.3329,low_sample,dvsa-2024-v2,motriskindex-families-2024-v5
fail-group:mercedes-vito:dvsa-2024-v2:steering,mercedes-vito,Steering,1972,86846,2.2707,3.4692,-1.1985,0.6545,low_sample,dvsa-2024-v2,motriskindex-families-2024-v5
fail-group:mercedes-vito:dvsa-2024-v2:seat-belts-and-supplementary-restraint-systems,mercedes-vito,Seat belts and supplementary restraint systems,1714,86846,1.9736,1.0195,0.9541,1.9359,low_sample,dvsa-2024-v2,motriskindex-families-2024-v5
fail-group:mg-3:dvsa-2024-v2:lamps-reflectors-and-electrical-equipment,mg-3,"Lamps, reflectors and electrical equipment",1416,21060,6.7236,18.0899,-11.3662,0.3717,low_sample,dvsa-2024-v2,motriskindex-families-2024-v5
fail-group:mg-3:dvsa-2024-v2:suspension,mg-3,Suspension,1239,21060,5.8832,15.3574,-9.4742,0.3831,low_sample,dvsa-2024-v2,motriskindex-families-2024-v5
fail-group:mg-3:dvsa-2024-v2:brakes,mg-3,Brakes,1969,21060,9.3495,11.2525,-1.9030,0.8309,low_sample,dvsa-2024-v2,motriskindex-families-2024-v5
fail-group:mg-3:dvsa-2024-v2:visibility,mg-3,Visibility,1433,21060,6.8044,8.3959,-1.5915,0.8104,low_sample,dvsa-2024-v2,motriskindex-families-2024-v5
fail-group:mg-3:dvsa-2024-v2:tyres,mg-3,Tyres,1827,21060,8.6752,8.7011,-0.0259,0.9970,low_sample,dvsa-2024-v2,motriskindex-families-2024-v5
fail-group:mg-mgf:dvsa-2024-v2:lamps-reflectors-and-electrical-equipment,mg-mgf,"Lamps, reflectors and electrical equipment",1279,5696,22.4544,18.0899,4.3645,1.2413,low_sample,dvsa-2024-v2,motriskindex-families-2024-v5
fail-group:mg-mgf:dvsa-2024-v2:suspension,mg-mgf,Suspension,1065,5696,18.6973,15.3574,3.3400,1.2175,low_sample,dvsa-2024-v2,motriskindex-families-2024-v5
fail-group:mg-mgf:dvsa-2024-v2:brakes,mg-mgf,Brakes,1201,5696,21.0850,11.2525,9.8325,1.8738,low_sample,dvsa-2024-v2,motriskindex-families-2024-v5
fail-group:mg-mgf:dvsa-2024-v2:noise-emissions-and-leaks,mg-mgf,"Noise, emissions and leaks",1049,5696,18.4164,3.6688,14.7476,5.0197,low_sample,dvsa-2024-v2,motriskindex-families-2024-v5
fail-group:mg-tf:dvsa-2024-v2:lamps-reflectors-and-electrical-equipment,mg-tf,"Lamps, reflectors and electrical equipment",1507,9385,16.0575,18.0899,-2.0324,0.8877,low_sample,dvsa-2024-v2,motriskindex-families-2024-v5
fail-group:mg-tf:dvsa-2024-v2:suspension,mg-tf,Suspension,1516,9385,16.1534,15.3574,0.7961,1.0518,low_sample,dvsa-2024-v2,motriskindex-families-2024-v5
fail-group:mg-tf:dvsa-2024-v2:brakes,mg-tf,Brakes,1891,9385,20.1492,11.2525,8.8967,1.7906,low_sample,dvsa-2024-v2,motriskindex-families-2024-v5
fail-group:mg-tf:dvsa-2024-v2:noise-emissions-and-leaks,mg-tf,"Noise, emissions and leaks",1025,9385,10.9217,3.6688,7.2529,2.9769,low_sample,dvsa-2024-v2,motriskindex-families-2024-v5
fail-group:mini-clubman:dvsa-2024-v2:lamps-reflectors-and-electrical-equipment,mini-clubman,"Lamps, reflectors and electrical equipment",2112,27383,7.7128,18.0899,-10.3771,0.4264,low_sample,dvsa-2024-v2,motriskindex-families-2024-v5
fail-group:mini-clubman:dvsa-2024-v2:visibility,mini-clubman,Visibility,1726,27383,6.3032,8.3959,-2.0927,0.7507,low_sample,dvsa-2024-v2,motriskindex-families-2024-v5
fail-group:mini-clubman:dvsa-2024-v2:tyres,mini-clubman,Tyres,2486,27383,9.0786,8.7011,0.3775,1.0434,low_sample,dvsa-2024-v2,motriskindex-families-2024-v5
fail-group:mini-countryman:dvsa-2024-v2:lamps-reflectors-and-electrical-equipment,mini-countryman,"Lamps, reflectors and electrical equipment",7409,106827,6.9355,18.0899,-11.1544,0.3834,ok,dvsa-2024-v2,motriskindex-families-2024-v5
fail-group:mini-countryman:dvsa-2024-v2:suspension,mini-countryman,Suspension,2568,106827,2.4039,15.3574,-12.9535,0.1565,low_sample,dvsa-2024-v2,motriskindex-families-2024-v5
fail-group:mini-countryman:dvsa-2024-v2:brakes,mini-countryman,Brakes,3672,106827,3.4373,11.2525,-7.8151,0.3055,low_sample,dvsa-2024-v2,motriskindex-families-2024-v5
fail-group:mini-countryman:dvsa-2024-v2:visibility,mini-countryman,Visibility,6886,106827,6.4459,8.3959,-1.9500,0.7677,ok,dvsa-2024-v2,motriskindex-families-2024-v5
fail-group:mini-countryman:dvsa-2024-v2:tyres,mini-countryman,Tyres,8101,106827,7.5833,8.7011,-1.1179,0.8715,ok,dvsa-2024-v2,motriskindex-families-2024-v5
fail-group:mini-countryman:dvsa-2024-v2:body-chassis-structure,mini-countryman,"Body, chassis, structure",1145,106827,1.0718,5.8011,-4.7293,0.1848,low_sample,dvsa-2024-v2,motriskindex-families-2024-v5
fail-group:mini-countryman:dvsa-2024-v2:noise-emissions-and-leaks,mini-countryman,"Noise, emissions and leaks",1489,106827,1.3938,3.6688,-2.2750,0.3799,low_sample,dvsa-2024-v2,motriskindex-families-2024-v5
fail-group:mini-hatch:dvsa-2024-v2:lamps-reflectors-and-electrical-equipment,mini-hatch,"Lamps, reflectors and electrical equipment",117057,614057,19.0629,18.0899,0.9730,1.0538,ok,dvsa-2024-v2,motriskindex-families-2024-v5
fail-group:mini-hatch:dvsa-2024-v2:suspension,mini-hatch,Suspension,44444,614057,7.2378,15.3574,-8.1196,0.4713,ok,dvsa-2024-v2,motriskindex-families-2024-v5
fail-group:mini-hatch:dvsa-2024-v2:brakes,mini-hatch,Brakes,58580,614057,9.5398,11.2525,-1.7126,0.8478,ok,dvsa-2024-v2,motriskindex-families-2024-v5
fail-group:mini-hatch:dvsa-2024-v2:visibility,mini-hatch,Visibility,59104,614057,9.6252,8.3959,1.2293,1.1464,ok,dvsa-2024-v2,motriskindex-families-2024-v5
fail-group:mini-hatch:dvsa-2024-v2:tyres,mini-hatch,Tyres,49545,614057,8.0685,8.7011,-0.6327,0.9273,ok,dvsa-2024-v2,motriskindex-families-2024-v5
fail-group:mini-hatch:dvsa-2024-v2:body-chassis-structure,mini-hatch,"Body, chassis, structure",26268,614057,4.2778,5.8011,-1.5233,0.7374,ok,dvsa-2024-v2,motriskindex-families-2024-v5
fail-group:mini-hatch:dvsa-2024-v2:noise-emissions-and-leaks,mini-hatch,"Noise, emissions and leaks",46357,614057,7.5493,3.6688,3.8805,2.0577,ok,dvsa-2024-v2,motriskindex-families-2024-v5
fail-group:mini-hatch:dvsa-2024-v2:steering,mini-hatch,Steering,9485,614057,1.5446,3.4692,-1.9245,0.4452,ok,dvsa-2024-v2,motriskindex-families-2024-v5
fail-group:mini-hatch:dvsa-2024-v2:seat-belts-and-supplementary-restraint-systems,mini-hatch,Seat belts and supplementary restraint systems,4058,614057,0.6609,1.0195,-0.3586,0.6482,low_sample,dvsa-2024-v2,motriskindex-families-2024-v5
fail-group:mini-hatch:dvsa-2024-v2:identification-of-the-vehicle,mini-hatch,Identification of the vehicle,2292,614057,0.3733,0.3643,0.0089,1.0245,low_sample,dvsa-2024-v2,motriskindex-families-2024-v5
fail-group:mini-hatch:dvsa-2024-v2:road-wheels,mini-hatch,Road Wheels,2660,614057,0.4332,0.4406,-0.0074,0.9833,low_sample,dvsa-2024-v2,motriskindex-families-2024-v5
fail-group:mitsubishi-asx:dvsa-2024-v2:lamps-reflectors-and-electrical-equipment,mitsubishi-asx,"Lamps, reflectors and electrical equipment",2501,29479,8.4840,18.0899,-9.6059,0.4690,low_sample,dvsa-2024-v2,motriskindex-families-2024-v5
fail-group:mitsubishi-asx:dvsa-2024-v2:suspension,mitsubishi-asx,Suspension,4243,29479,14.3933,15.3574,-0.9641,0.9372,low_sample,dvsa-2024-v2,motriskindex-families-2024-v5
fail-group:mitsubishi-asx:dvsa-2024-v2:brakes,mitsubishi-asx,Brakes,4645,29479,15.7570,11.2525,4.5045,1.4003,low_sample,dvsa-2024-v2,motriskindex-families-2024-v5
fail-group:mitsubishi-asx:dvsa-2024-v2:visibility,mitsubishi-asx,Visibility,2068,29479,7.0152,8.3959,-1.3807,0.8355,low_sample,dvsa-2024-v2,motriskindex-families-2024-v5
fail-group:mitsubishi-asx:dvsa-2024-v2:tyres,mitsubishi-asx,Tyres,1636,29479,5.5497,8.7011,-3.1514,0.6378,low_sample,dvsa-2024-v2,motriskindex-families-2024-v5
fail-group:mitsubishi-asx:dvsa-2024-v2:steering,mitsubishi-asx,Steering,1956,29479,6.6352,3.4692,3.1660,1.9126,low_sample,dvsa-2024-v2,motriskindex-families-2024-v5
fail-group:mitsubishi-colt:dvsa-2024-v2:lamps-reflectors-and-electrical-equipment,mitsubishi-colt,"Lamps, reflectors and electrical equipment",10009,22529,44.4272,18.0899,26.3373,2.4559,ok,dvsa-2024-v2,motriskindex-families-2024-v5
fail-group:mitsubishi-colt:dvsa-2024-v2:suspension,mitsubishi-colt,Suspension,8093,22529,35.9226,15.3574,20.5652,2.3391,ok,dvsa-2024-v2,motriskindex-families-2024-v5
fail-group:mitsubishi-colt:dvsa-2024-v2:brakes,mitsubishi-colt,Brakes,3006,22529,13.3428,11.2525,2.0904,1.1858,low_sample,dvsa-2024-v2,motriskindex-families-2024-v5
fail-group:mitsubishi-colt:dvsa-2024-v2:visibility,mitsubishi-colt,Visibility,3412,22529,15.1449,8.3959,6.7490,1.8038,low_sample,dvsa-2024-v2,motriskindex-families-2024-v5
fail-group:mitsubishi-colt:dvsa-2024-v2:tyres,mitsubishi-colt,Tyres,2401,22529,10.6574,8.7011,1.9562,1.2248,low_sample,dvsa-2024-v2,motriskindex-families-2024-v5
fail-group:mitsubishi-colt:dvsa-2024-v2:body-chassis-structure,mitsubishi-colt,"Body, chassis, structure",3541,22529,15.7175,5.8011,9.9164,2.7094,low_sample,dvsa-2024-v2,motriskindex-families-2024-v5
fail-group:mitsubishi-colt:dvsa-2024-v2:noise-emissions-and-leaks,mitsubishi-colt,"Noise, emissions and leaks",1637,22529,7.2662,3.6688,3.5974,1.9805,low_sample,dvsa-2024-v2,motriskindex-families-2024-v5
fail-group:mitsubishi-colt:dvsa-2024-v2:steering,mitsubishi-colt,Steering,3562,22529,15.8107,3.4692,12.3415,4.5575,low_sample,dvsa-2024-v2,motriskindex-families-2024-v5
fail-group:mitsubishi-l200:dvsa-2024-v2:lamps-reflectors-and-electrical-equipment,mitsubishi-l200,"Lamps, reflectors and electrical equipment",29236,87555,33.3916,18.0899,15.3017,1.8459,ok,dvsa-2024-v2,motriskindex-families-2024-v5
fail-group:mitsubishi-l200:dvsa-2024-v2:suspension,mitsubishi-l200,Suspension,20328,87555,23.2174,15.3574,7.8601,1.5118,ok,dvsa-2024-v2,motriskindex-families-2024-v5
fail-group:mitsubishi-l200:dvsa-2024-v2:brakes,mitsubishi-l200,Brakes,16907,87555,19.3101,11.2525,8.0577,1.7161,ok,dvsa-2024-v2,motriskindex-families-2024-v5
fail-group:mitsubishi-l200:dvsa-2024-v2:visibility,mitsubishi-l200,Visibility,9460,87555,10.8046,8.3959,2.4087,1.2869,ok,dvsa-2024-v2,motriskindex-families-2024-v5
fail-group:mitsubishi-l200:dvsa-2024-v2:tyres,mitsubishi-l200,Tyres,3925,87555,4.4829,8.7011,-4.2183,0.5152,low_sample,dvsa-2024-v2,motriskindex-families-2024-v5
fail-group:mitsubishi-l200:dvsa-2024-v2:body-chassis-structure,mitsubishi-l200,"Body, chassis, structure",11232,87555,12.8285,5.8011,7.0274,2.2114,ok,dvsa-2024-v2,motriskindex-families-2024-v5
fail-group:mitsubishi-l200:dvsa-2024-v2:noise-emissions-and-leaks,mitsubishi-l200,"Noise, emissions and leaks",3067,87555,3.5029,3.6688,-0.1659,0.9548,low_sample,dvsa-2024-v2,motriskindex-families-2024-v5
fail-group:mitsubishi-l200:dvsa-2024-v2:steering,mitsubishi-l200,Steering,4335,87555,4.9512,3.4692,1.4820,1.4272,low_sample,dvsa-2024-v2,motriskindex-families-2024-v5
fail-group:mitsubishi-l200:dvsa-2024-v2:seat-belts-and-supplementary-restraint-systems,mitsubishi-l200,Seat belts and supplementary restraint systems,1356,87555,1.5487,1.0195,0.5293,1.5192,low_sample,dvsa-2024-v2,motriskindex-families-2024-v5
fail-group:mitsubishi-lancer:dvsa-2024-v2:lamps-reflectors-and-electrical-equipment,mitsubishi-lancer,"Lamps, reflectors and electrical equipment",3373,9907,34.0466,18.0899,15.9567,1.8821,low_sample,dvsa-2024-v2,motriskindex-families-2024-v5
fail-group:mitsubishi-lancer:dvsa-2024-v2:suspension,mitsubishi-lancer,Suspension,2818,9907,28.4445,15.3574,13.0872,1.8522,low_sample,dvsa-2024-v2,motriskindex-families-2024-v5
fail-group:mitsubishi-lancer:dvsa-2024-v2:brakes,mitsubishi-lancer,Brakes,1710,9907,17.2605,11.2525,6.0081,1.5339,low_sample,dvsa-2024-v2,motriskindex-families-2024-v5
fail-group:mitsubishi-mirage:dvsa-2024-v2:suspension,mitsubishi-mirage,Suspension,1159,11282,10.2730,15.3574,-5.0844,0.6689,low_sample,dvsa-2024-v2,motriskindex-families-2024-v5
fail-group:mitsubishi-outlander:dvsa-2024-v2:lamps-reflectors-and-electrical-equipment,mitsubishi-outlander,"Lamps, reflectors and electrical equipment",8924,78306,11.3963,18.0899,-6.6936,0.6300,ok,dvsa-2024-v2,motriskindex-families-2024-v5
fail-group:mitsubishi-outlander:dvsa-2024-v2:suspension,mitsubishi-outlander,Suspension,9831,78306,12.5546,15.3574,-2.8028,0.8175,ok,dvsa-2024-v2,motriskindex-families-2024-v5
fail-group:mitsubishi-outlander:dvsa-2024-v2:brakes,mitsubishi-outlander,Brakes,8732,78306,11.1511,11.2525,-0.1013,0.9910,ok,dvsa-2024-v2,motriskindex-families-2024-v5
fail-group:mitsubishi-outlander:dvsa-2024-v2:visibility,mitsubishi-outlander,Visibility,5374,78306,6.8628,8.3959,-1.5331,0.8174,ok,dvsa-2024-v2,motriskindex-families-2024-v5
fail-group:mitsubishi-outlander:dvsa-2024-v2:tyres,mitsubishi-outlander,Tyres,5360,78306,6.8449,8.7011,-1.8562,0.7867,ok,dvsa-2024-v2,motriskindex-families-2024-v5
fail-group:mitsubishi-outlander:dvsa-2024-v2:body-chassis-structure,mitsubishi-outlander,"Body, chassis, structure",1517,78306,1.9373,5.8011,-3.8638,0.3339,low_sample,dvsa-2024-v2,motriskindex-families-2024-v5
fail-group:mitsubishi-outlander:dvsa-2024-v2:noise-emissions-and-leaks,mitsubishi-outlander,"Noise, emissions and leaks",1169,78306,1.4929,3.6688,-2.1760,0.4069,low_sample,dvsa-2024-v2,motriskindex-families-2024-v5
fail-group:mitsubishi-outlander:dvsa-2024-v2:steering,mitsubishi-outlander,Steering,4734,78306,6.0455,3.4692,2.5763,1.7426,low_sample,dvsa-2024-v2,motriskindex-families-2024-v5
fail-group:mitsubishi-shogun:dvsa-2024-v2:lamps-reflectors-and-electrical-equipment,mitsubishi-shogun,"Lamps, reflectors and electrical equipment",6697,26171,25.5894,18.0899,7.4995,1.4146,ok,dvsa-2024-v2,motriskindex-families-2024-v5
fail-group:mitsubishi-shogun:dvsa-2024-v2:suspension,mitsubishi-shogun,Suspension,6937,26171,26.5064,15.3574,11.1491,1.7260,ok,dvsa-2024-v2,motriskindex-families-2024-v5
fail-group:mitsubishi-shogun:dvsa-2024-v2:brakes,mitsubishi-shogun,Brakes,5078,26171,19.4032,11.2525,8.1507,1.7243,ok,dvsa-2024-v2,motriskindex-families-2024-v5
fail-group:mitsubishi-shogun:dvsa-2024-v2:visibility,mitsubishi-shogun,Visibility,2634,26171,10.0646,8.3959,1.6687,1.1987,low_sample,dvsa-2024-v2,motriskindex-families-2024-v5
fail-group:mitsubishi-shogun:dvsa-2024-v2:tyres,mitsubishi-shogun,Tyres,1383,26171,5.2845,8.7011,-3.4167,0.6073,low_sample,dvsa-2024-v2,motriskindex-families-2024-v5
fail-group:mitsubishi-shogun:dvsa-2024-v2:body-chassis-structure,mitsubishi-shogun,"Body, chassis, structure",3067,26171,11.7191,5.8011,5.9180,2.0201,low_sample,dvsa-2024-v2,motriskindex-families-2024-v5
fail-group:mitsubishi-shogun:dvsa-2024-v2:steering,mitsubishi-shogun,Steering,2181,26171,8.3337,3.4692,4.8645,2.4022,low_sample,dvsa-2024-v2,motriskindex-families-2024-v5
fail-group:mitsubishi-shogun-sport:dvsa-2024-v2:lamps-reflectors-and-electrical-equipment,mitsubishi-shogun-sport,"Lamps, reflectors and electrical equipment",1963,4251,46.1774,18.0899,28.0875,2.5527,low_sample,dvsa-2024-v2,motriskindex-families-2024-v5
fail-group:mitsubishi-shogun-sport:dvsa-2024-v2:suspension,mitsubishi-shogun-sport,Suspension,1782,4251,41.9195,15.3574,26.5622,2.7296,low_sample,dvsa-2024-v2,motriskindex-families-2024-v5
fail-group:mitsubishi-shogun-sport:dvsa-2024-v2:brakes,mitsubishi-shogun-sport,Brakes,1324,4251,31.1456,11.2525,19.8932,2.7679,low_sample,dvsa-2024-v2,motriskindex-families-2024-v5
fail-group:mitsubishi-shogun-sport:dvsa-2024-v2:body-chassis-structure,mitsubishi-shogun-sport,"Body, chassis, structure",1408,4251,33.1216,5.8011,27.3205,5.7095,low_sample,dvsa-2024-v2,motriskindex-families-2024-v5
fail-group:nissan-350z:dvsa-2024-v2:lamps-reflectors-and-electrical-equipment,nissan-350z,"Lamps, reflectors and electrical equipment",1255,5215,24.0652,18.0899,5.9753,1.3303,low_sample,dvsa-2024-v2,motriskindex-families-2024-v5
fail-group:nissan-almera:dvsa-2024-v2:lamps-reflectors-and-electrical-equipment,nissan-almera,"Lamps, reflectors and electrical equipment",6991,14441,48.4108,18.0899,30.3209,2.6761,ok,dvsa-2024-v2,motriskindex-families-2024-v5
fail-group:nissan-almera:dvsa-2024-v2:suspension,nissan-almera,Suspension,2830,14441,19.5970,15.3574,4.2396,1.2761,low_sample,dvsa-2024-v2,motriskindex-families-2024-v5
fail-group:nissan-almera:dvsa-2024-v2:brakes,nissan-almera,Brakes,3771,14441,26.1132,11.2525,14.8607,2.3207,low_sample,dvsa-2024-v2,motriskindex-families-2024-v5
fail-group:nissan-almera:dvsa-2024-v2:visibility,nissan-almera,Visibility,1810,14441,12.5338,8.3959,4.1379,1.4928,low_sample,dvsa-2024-v2,motriskindex-families-2024-v5
fail-group:nissan-almera:dvsa-2024-v2:tyres,nissan-almera,Tyres,1334,14441,9.2376,8.7011,0.5364,1.0617,low_sample,dvsa-2024-v2,motriskindex-families-2024-v5
fail-group:nissan-almera:dvsa-2024-v2:body-chassis-structure,nissan-almera,"Body, chassis, structure",1717,14441,11.8898,5.8011,6.0886,2.0496,low_sample,dvsa-2024-v2,motriskindex-families-2024-v5
fail-group:nissan-almera:dvsa-2024-v2:noise-emissions-and-leaks,nissan-almera,"Noise, emissions and leaks",1375,14441,9.5215,3.6688,5.8527,2.5952,low_sample,dvsa-2024-v2,motriskindex-families-2024-v5
fail-group:nissan-almera:dvsa-2024-v2:steering,nissan-almera,Steering,2409,14441,16.6817,3.4692,13.2125,4.8085,low_sample,dvsa-2024-v2,motriskindex-families-2024-v5
fail-group:nissan-elgrand:dvsa-2024-v2:lamps-reflectors-and-electrical-equipment,nissan-elgrand,"Lamps, reflectors and electrical equipment",4034,13301,30.3285,18.0899,12.2387,1.6765,low_sample,dvsa-2024-v2,motriskindex-families-2024-v5
fail-group:nissan-elgrand:dvsa-2024-v2:suspension,nissan-elgrand,Suspension,4126,13301,31.0202,15.3574,15.6629,2.0199,low_sample,dvsa-2024-v2,motriskindex-families-2024-v5
fail-group:nissan-elgrand:dvsa-2024-v2:brakes,nissan-elgrand,Brakes,1973,13301,14.8335,11.2525,3.5810,1.3182,low_sample,dvsa-2024-v2,motriskindex-families-2024-v5
fail-group:nissan-elgrand:dvsa-2024-v2:visibility,nissan-elgrand,Visibility,1067,13301,8.0220,8.3959,-0.3739,0.9555,low_sample,dvsa-2024-v2,motriskindex-families-2024-v5
fail-group:nissan-elgrand:dvsa-2024-v2:tyres,nissan-elgrand,Tyres,1259,13301,9.4655,8.7011,0.7643,1.0878,low_sample,dvsa-2024-v2,motriskindex-families-2024-v5
fail-group:nissan-elgrand:dvsa-2024-v2:body-chassis-structure,nissan-elgrand,"Body, chassis, structure",1074,13301,8.0746,5.8011,2.2735,1.3919,low_sample,dvsa-2024-v2,motriskindex-families-2024-v5
fail-group:nissan-juke:dvsa-2024-v2:lamps-reflectors-and-electrical-equipment,nissan-juke,"Lamps, reflectors and electrical equipment",32372,315198,10.2704,18.0899,-7.8195,0.5677,ok,dvsa-2024-v2,motriskindex-families-2024-v5
fail-group:nissan-juke:dvsa-2024-v2:suspension,nissan-juke,Suspension,56372,315198,17.8846,15.3574,2.5273,1.1646,ok,dvsa-2024-v2,motriskindex-families-2024-v5
fail-group:nissan-juke:dvsa-2024-v2:brakes,nissan-juke,Brakes,34302,315198,10.8827,11.2525,-0.3698,0.9671,ok,dvsa-2024-v2,motriskindex-families-2024-v5
fail-group:nissan-juke:dvsa-2024-v2:visibility,nissan-juke,Visibility,31602,315198,10.0261,8.3959,1.6302,1.1942,ok,dvsa-2024-v2,motriskindex-families-2024-v5
fail-group:nissan-juke:dvsa-2024-v2:tyres,nissan-juke,Tyres,24624,315198,7.8122,8.7011,-0.8889,0.8978,ok,dvsa-2024-v2,motriskindex-families-2024-v5
fail-group:nissan-juke:dvsa-2024-v2:body-chassis-structure,nissan-juke,"Body, chassis, structure",10261,315198,3.2554,5.8011,-2.5457,0.5612,ok,dvsa-2024-v2,motriskindex-families-2024-v5
fail-group:nissan-juke:dvsa-2024-v2:noise-emissions-and-leaks,nissan-juke,"Noise, emissions and leaks",9743,315198,3.0911,3.6688,-0.5778,0.8425,ok,dvsa-2024-v2,motriskindex-families-2024-v5
fail-group:nissan-juke:dvsa-2024-v2:steering,nissan-juke,Steering,24158,315198,7.6644,3.4692,4.1952,2.2093,ok,dvsa-2024-v2,motriskindex-families-2024-v5
fail-group:nissan-juke:dvsa-2024-v2:seat-belts-and-supplementary-restraint-systems,nissan-juke,Seat belts and supplementary restraint systems,2882,315198,0.9143,1.0195,-0.1051,0.8969,low_sample,dvsa-2024-v2,motriskindex-families-2024-v5
fail-group:nissan-leaf:dvsa-2024-v2:lamps-reflectors-and-electrical-equipment,nissan-leaf,"Lamps, reflectors and electrical equipment",1726,45716,3.7755,18.0899,-14.3144,0.2087,low_sample,dvsa-2024-v2,motriskindex-families-2024-v5
fail-group:nissan-leaf:dvsa-2024-v2:suspension,nissan-leaf,Suspension,4003,45716,8.7562,15.3574,-6.6011,0.5702,low_sample,dvsa-2024-v2,motriskindex-families-2024-v5
fail-group:nissan-leaf:dvsa-2024-v2:brakes,nissan-leaf,Brakes,3065,45716,6.7044,11.2525,-4.5480,0.5958,low_sample,dvsa-2024-v2,motriskindex-families-2024-v5
fail-group:nissan-leaf:dvsa-2024-v2:visibility,nissan-leaf,Visibility,3267,45716,7.1463,8.3959,-1.2496,0.8512,low_sample,dvsa-2024-v2,motriskindex-families-2024-v5
fail-group:nissan-leaf:dvsa-2024-v2:tyres,nissan-leaf,Tyres,3870,45716,8.4653,8.7011,-0.2358,0.9729,low_sample,dvsa-2024-v2,motriskindex-families-2024-v5
fail-group:nissan-micra:dvsa-2024-v2:lamps-reflectors-and-electrical-equipment,nissan-micra,"Lamps, reflectors and electrical equipment",68591,247054,27.7636,18.0899,9.6737,1.5348,ok,dvsa-2024-v2,motriskindex-families-2024-v5
fail-group:nissan-micra:dvsa-2024-v2:suspension,nissan-micra,Suspension,57784,247054,23.3892,15.3574,8.0319,1.5230,ok,dvsa-2024-v2,motriskindex-families-2024-v5
fail-group:nissan-micra:dvsa-2024-v2:brakes,nissan-micra,Brakes,25525,247054,10.3317,11.2525,-0.9207,0.9182,ok,dvsa-2024-v2,motriskindex-families-2024-v5
fail-group:nissan-micra:dvsa-2024-v2:visibility,nissan-micra,Visibility,27986,247054,11.3279,8.3959,2.9320,1.3492,ok,dvsa-2024-v2,motriskindex-families-2024-v5
fail-group:nissan-micra:dvsa-2024-v2:tyres,nissan-micra,Tyres,19357,247054,7.8351,8.7011,-0.8660,0.9005,ok,dvsa-2024-v2,motriskindex-families-2024-v5
fail-group:nissan-micra:dvsa-2024-v2:body-chassis-structure,nissan-micra,"Body, chassis, structure",16497,247054,6.6775,5.8011,0.8764,1.1511,ok,dvsa-2024-v2,motriskindex-families-2024-v5
fail-group:nissan-micra:dvsa-2024-v2:noise-emissions-and-leaks,nissan-micra,"Noise, emissions and leaks",8976,247054,3.6332,3.6688,-0.0356,0.9903,ok,dvsa-2024-v2,motriskindex-families-2024-v5
fail-group:nissan-micra:dvsa-2024-v2:steering,nissan-micra,Steering,5442,247054,2.2028,3.4692,-1.2664,0.6349,ok,dvsa-2024-v2,motriskindex-families-2024-v5
fail-group:nissan-micra:dvsa-2024-v2:seat-belts-and-supplementary-restraint-systems,nissan-micra,Seat belts and supplementary restraint systems,4647,247054,1.8810,1.0195,0.8615,1.8450,low_sample,dvsa-2024-v2,motriskindex-families-2024-v5
fail-group:nissan-navara:dvsa-2024-v2:lamps-reflectors-and-electrical-equipment,nissan-navara,"Lamps, reflectors and electrical equipment",18163,72755,24.9646,18.0899,6.8747,1.3800,ok,dvsa-2024-v2,motriskindex-families-2024-v5
fail-group:nissan-navara:dvsa-2024-v2:suspension,nissan-navara,Suspension,14342,72755,19.7127,15.3574,4.3554,1.2836,ok,dvsa-2024-v2,motriskindex-families-2024-v5
fail-group:nissan-navara:dvsa-2024-v2:brakes,nissan-navara,Brakes,10039,72755,13.7984,11.2525,2.5459,1.2263,ok,dvsa-2024-v2,motriskindex-families-2024-v5
fail-group:nissan-navara:dvsa-2024-v2:visibility,nissan-navara,Visibility,8087,72755,11.1154,8.3959,2.7195,1.3239,ok,dvsa-2024-v2,motriskindex-families-2024-v5
fail-group:nissan-navara:dvsa-2024-v2:tyres,nissan-navara,Tyres,4155,72755,5.7109,8.7011,-2.9902,0.6563,low_sample,dvsa-2024-v2,motriskindex-families-2024-v5
fail-group:nissan-navara:dvsa-2024-v2:body-chassis-structure,nissan-navara,"Body, chassis, structure",9036,72755,12.4198,5.8011,6.6186,2.1409,ok,dvsa-2024-v2,motriskindex-families-2024-v5
fail-group:nissan-navara:dvsa-2024-v2:noise-emissions-and-leaks,nissan-navara,"Noise, emissions and leaks",3543,72755,4.8698,3.6688,1.2009,1.3273,low_sample,dvsa-2024-v2,motriskindex-families-2024-v5
fail-group:nissan-navara:dvsa-2024-v2:steering,nissan-navara,Steering,3234,72755,4.4451,3.4692,0.9759,1.2813,low_sample,dvsa-2024-v2,motriskindex-families-2024-v5
fail-group:nissan-navara:dvsa-2024-v2:seat-belts-and-supplementary-restraint-systems,nissan-navara,Seat belts and supplementary restraint systems,1383,72755,1.9009,1.0195,0.8814,1.8646,low_sample,dvsa-2024-v2,motriskindex-families-2024-v5
fail-group:nissan-note:dvsa-2024-v2:lamps-reflectors-and-electrical-equipment,nissan-note,"Lamps, reflectors and electrical equipment",47165,152487,30.9305,18.0899,12.8406,1.7098,ok,dvsa-2024-v2,motriskindex-families-2024-v5
fail-group:nissan-note:dvsa-2024-v2:suspension,nissan-note,Suspension,39260,152487,25.7465,15.3574,10.3891,1.6765,ok,dvsa-2024-v2,motriskindex-families-2024-v5
fail-group:nissan-note:dvsa-2024-v2:brakes,nissan-note,Brakes,12861,152487,8.4342,11.2525,-2.8183,0.7495,ok,dvsa-2024-v2,motriskindex-families-2024-v5
fail-group:nissan-note:dvsa-2024-v2:visibility,nissan-note,Visibility,14591,152487,9.5687,8.3959,1.1728,1.1397,ok,dvsa-2024-v2,motriskindex-families-2024-v5
fail-group:nissan-note:dvsa-2024-v2:tyres,nissan-note,Tyres,12038,152487,7.8944,8.7011,-0.8067,0.9073,ok,dvsa-2024-v2,motriskindex-families-2024-v5
fail-group:nissan-note:dvsa-2024-v2:body-chassis-structure,nissan-note,"Body, chassis, structure",5753,152487,3.7728,5.8011,-2.0283,0.6504,ok,dvsa-2024-v2,motriskindex-families-2024-v5
fail-group:nissan-note:dvsa-2024-v2:noise-emissions-and-leaks,nissan-note,"Noise, emissions and leaks",5165,152487,3.3872,3.6688,-0.2817,0.9232,ok,dvsa-2024-v2,motriskindex-families-2024-v5
fail-group:nissan-note:dvsa-2024-v2:seat-belts-and-supplementary-restraint-systems,nissan-note,Seat belts and supplementary restraint systems,2360,152487,1.5477,1.0195,0.5282,1.5181,low_sample,dvsa-2024-v2,motriskindex-families-2024-v5
fail-group:nissan-note:dvsa-2024-v2:road-wheels,nissan-note,Road Wheels,1178,152487,0.7725,0.4406,0.3320,1.7535,low_sample,dvsa-2024-v2,motriskindex-families-2024-v5
fail-group:nissan-nv200:dvsa-2024-v2:lamps-reflectors-and-electrical-equipment,nissan-nv200,"Lamps, reflectors and electrical equipment",13565,25567,53.0567,18.0899,34.9668,2.9329,ok,dvsa-2024-v2,motriskindex-families-2024-v5
fail-group:nissan-nv200:dvsa-2024-v2:suspension,nissan-nv200,Suspension,8990,25567,35.1625,15.3574,19.8052,2.2896,ok,dvsa-2024-v2,motriskindex-families-2024-v5
fail-group:nissan-nv200:dvsa-2024-v2:brakes,nissan-nv200,Brakes,3752,25567,14.6752,11.2525,3.4227,1.3042,low_sample,dvsa-2024-v2,motriskindex-families-2024-v5
fail-group:nissan-nv200:dvsa-2024-v2:visibility,nissan-nv200,Visibility,4543,25567,17.7690,8.3959,9.3731,2.1164,low_sample,dvsa-2024-v2,motriskindex-families-2024-v5
fail-group:nissan-nv200:dvsa-2024-v2:tyres,nissan-nv200,Tyres,2724,25567,10.6544,8.7011,1.9532,1.2245,low_sample,dvsa-2024-v2,motriskindex-families-2024-v5
fail-group:nissan-nv200:dvsa-2024-v2:noise-emissions-and-leaks,nissan-nv200,"Noise, emissions and leaks",1059,25567,4.1421,3.6688,0.4732,1.1290,low_sample,dvsa-2024-v2,motriskindex-families-2024-v5
fail-group:nissan-pathfinder:dvsa-2024-v2:lamps-reflectors-and-electrical-equipment,nissan-pathfinder,"Lamps, reflectors and electrical equipment",2652,5686,46.6409,18.0899,28.5510,2.5783,low_sample,dvsa-2024-v2,motriskindex-families-2024-v5
fail-group:nissan-pathfinder:dvsa-2024-v2:suspension,nissan-pathfinder,Suspension,2346,5686,41.2592,15.3574,25.9019,2.6866,low_sample,dvsa-2024-v2,motriskindex-families-2024-v5
fail-group:nissan-pathfinder:dvsa-2024-v2:brakes,nissan-pathfinder,Brakes,1034,5686,18.1850,11.2525,6.9326,1.6161,low_sample,dvsa-2024-v2,motriskindex-families-2024-v5
fail-group:nissan-pathfinder:dvsa-2024-v2:body-chassis-structure,nissan-pathfinder,"Body, chassis, structure",2128,5686,37.4253,5.8011,31.6241,6.4514,low_sample,dvsa-2024-v2,motriskindex-families-2024-v5
fail-group:nissan-pixo:dvsa-2024-v2:lamps-reflectors-and-electrical-equipment,nissan-pixo,"Lamps, reflectors and electrical equipment",3762,11513,32.6761,18.0899,14.5862,1.8063,low_sample,dvsa-2024-v2,motriskindex-families-2024-v5
fail-group:nissan-pixo:dvsa-2024-v2:suspension,nissan-pixo,Suspension,2398,11513,20.8286,15.3574,5.4713,1.3563,low_sample,dvsa-2024-v2,motriskindex-families-2024-v5
fail-group:nissan-pixo:dvsa-2024-v2:brakes,nissan-pixo,Brakes,1975,11513,17.1545,11.2525,5.9021,1.5245,low_sample,dvsa-2024-v2,motriskindex-families-2024-v5
fail-group:nissan-pixo:dvsa-2024-v2:visibility,nissan-pixo,Visibility,1403,11513,12.1862,8.3959,3.7903,1.4515,low_sample,dvsa-2024-v2,motriskindex-families-2024-v5
fail-group:nissan-pixo:dvsa-2024-v2:tyres,nissan-pixo,Tyres,1074,11513,9.3286,8.7011,0.6274,1.0721,low_sample,dvsa-2024-v2,motriskindex-families-2024-v5
fail-group:nissan-pixo:dvsa-2024-v2:body-chassis-structure,nissan-pixo,"Body, chassis, structure",1381,11513,11.9951,5.8011,6.1940,2.0677,low_sample,dvsa-2024-v2,motriskindex-families-2024-v5
fail-group:nissan-primastar:dvsa-2024-v2:lamps-reflectors-and-electrical-equipment,nissan-primastar,"Lamps, reflectors and electrical equipment",4568,8819,51.7973,18.0899,33.7074,2.8633,low_sample,dvsa-2024-v2,motriskindex-families-2024-v5
fail-group:nissan-primastar:dvsa-2024-v2:suspension,nissan-primastar,Suspension,4295,8819,48.7017,15.3574,33.3443,3.1712,low_sample,dvsa-2024-v2,motriskindex-families-2024-v5
fail-group:nissan-primastar:dvsa-2024-v2:brakes,nissan-primastar,Brakes,4236,8819,48.0327,11.2525,36.7802,4.2686,low_sample,dvsa-2024-v2,motriskindex-families-2024-v5
fail-group:nissan-primastar:dvsa-2024-v2:visibility,nissan-primastar,Visibility,2072,8819,23.4947,8.3959,15.0988,2.7984,low_sample,dvsa-2024-v2,motriskindex-families-2024-v5
fail-group:nissan-primastar:dvsa-2024-v2:body-chassis-structure,nissan-primastar,"Body, chassis, structure",1464,8819,16.6005,5.8011,10.7994,2.8616,low_sample,dvsa-2024-v2,motriskindex-families-2024-v5
fail-group:nissan-primastar:dvsa-2024-v2:steering,nissan-primastar,Steering,1613,8819,18.2901,3.4692,14.8209,5.2721,low_sample,dvsa-2024-v2,motriskindex-families-2024-v5
fail-group:nissan-primera:dvsa-2024-v2:lamps-reflectors-and-electrical-equipment,nissan-primera,"Lamps, reflectors and electrical equipment",1842,3222,57.1695,18.0899,39.0796,3.1603,low_sample,dvsa-2024-v2,motriskindex-families-2024-v5
fail-group:nissan-pulsar:dvsa-2024-v2:lamps-reflectors-and-electrical-equipment,nissan-pulsar,"Lamps, reflectors and electrical equipment",1725,21130,8.1637,18.0899,-9.9261,0.4513,low_sample,dvsa-2024-v2,motriskindex-families-2024-v5
fail-group:nissan-pulsar:dvsa-2024-v2:suspension,nissan-pulsar,Suspension,3220,21130,15.2390,15.3574,-0.1184,0.9923,low_sample,dvsa-2024-v2,motriskindex-families-2024-v5
fail-group:nissan-pulsar:dvsa-2024-v2:brakes,nissan-pulsar,Brakes,2342,21130,11.0838,11.2525,-0.1687,0.9850,low_sample,dvsa-2024-v2,motriskindex-families-2024-v5
fail-group:nissan-pulsar:dvsa-2024-v2:tyres,nissan-pulsar,Tyres,1855,21130,8.7790,8.7011,0.0778,1.0089,low_sample,dvsa-2024-v2,motriskindex-families-2024-v5
fail-group:nissan-qashqai:dvsa-2024-v2:lamps-reflectors-and-electrical-equipment,nissan-qashqai,"Lamps, reflectors and electrical equipment",94987,556607,17.0654,18.0899,-1.0245,0.9434,ok,dvsa-2024-v2,motriskindex-families-2024-v5
fail-group:nissan-qashqai:dvsa-2024-v2:suspension,nissan-qashqai,Suspension,147086,556607,26.4255,15.3574,11.0681,1.7207,ok,dvsa-2024-v2,motriskindex-families-2024-v5
fail-group:nissan-qashqai:dvsa-2024-v2:brakes,nissan-qashqai,Brakes,69603,556607,12.5049,11.2525,1.2524,1.1113,ok,dvsa-2024-v2,motriskindex-families-2024-v5
fail-group:nissan-qashqai:dvsa-2024-v2:visibility,nissan-qashqai,Visibility,46847,556607,8.4165,8.3959,0.0206,1.0025,ok,dvsa-2024-v2,motriskindex-families-2024-v5
fail-group:nissan-qashqai:dvsa-2024-v2:tyres,nissan-qashqai,Tyres,44023,556607,7.9092,8.7011,-0.7920,0.9090,ok,dvsa-2024-v2,motriskindex-families-2024-v5
fail-group:nissan-qashqai:dvsa-2024-v2:body-chassis-structure,nissan-qashqai,"Body, chassis, structure",46673,556607,8.3853,5.8011,2.5842,1.4455,ok,dvsa-2024-v2,motriskindex-families-2024-v5
fail-group:nissan-qashqai:dvsa-2024-v2:noise-emissions-and-leaks,nissan-qashqai,"Noise, emissions and leaks",15119,556607,2.7163,3.6688,-0.9525,0.7404,ok,dvsa-2024-v2,motriskindex-families-2024-v5
fail-group:nissan-qashqai:dvsa-2024-v2:steering,nissan-qashqai,Steering,65507,556607,11.7690,3.4692,8.2998,3.3924,ok,dvsa-2024-v2,motriskindex-families-2024-v5
fail-group:nissan-qashqai:dvsa-2024-v2:seat-belts-and-supplementary-restraint-systems,nissan-qashqai,Seat belts and supplementary restraint systems,8294,556607,1.4901,1.0195,0.4706,1.4616,ok,dvsa-2024-v2,motriskindex-families-2024-v5
fail-group:nissan-qashqai:dvsa-2024-v2:identification-of-the-vehicle,nissan-qashqai,Identification of the vehicle,1276,556607,0.2292,0.3643,-0.1351,0.6292,low_sample,dvsa-2024-v2,motriskindex-families-2024-v5
fail-group:nissan-qashqai:dvsa-2024-v2:road-wheels,nissan-qashqai,Road Wheels,4755,556607,0.8543,0.4406,0.4137,1.9391,low_sample,dvsa-2024-v2,motriskindex-families-2024-v5
fail-group:nissan-x-trail:dvsa-2024-v2:lamps-reflectors-and-electrical-equipment,nissan-x-trail,"Lamps, reflectors and electrical equipment",12693,91761,13.8327,18.0899,-4.2572,0.7647,ok,dvsa-2024-v2,motriskindex-families-2024-v5
fail-group:nissan-x-trail:dvsa-2024-v2:suspension,nissan-x-trail,Suspension,22380,91761,24.3894,15.3574,9.0321,1.5881,ok,dvsa-2024-v2,motriskindex-families-2024-v5
fail-group:nissan-x-trail:dvsa-2024-v2:brakes,nissan-x-trail,Brakes,13781,91761,15.0184,11.2525,3.7659,1.3347,ok,dvsa-2024-v2,motriskindex-families-2024-v5
fail-group:nissan-x-trail:dvsa-2024-v2:visibility,nissan-x-trail,Visibility,7272,91761,7.9249,8.3959,-0.4710,0.9439,ok,dvsa-2024-v2,motriskindex-families-2024-v5
fail-group:nissan-x-trail:dvsa-2024-v2:tyres,nissan-x-trail,Tyres,6795,91761,7.4051,8.7011,-1.2960,0.8510,ok,dvsa-2024-v2,motriskindex-families-2024-v5
fail-group:nissan-x-trail:dvsa-2024-v2:body-chassis-structure,nissan-x-trail,"Body, chassis, structure",6039,91761,6.5812,5.8011,0.7801,1.1345,ok,dvsa-2024-v2,motriskindex-families-2024-v5
fail-group:nissan-x-trail:dvsa-2024-v2:noise-emissions-and-leaks,nissan-x-trail,"Noise, emissions and leaks",3289,91761,3.5843,3.6688,-0.0845,0.9770,low_sample,dvsa-2024-v2,motriskindex-families-2024-v5
fail-group:nissan-x-trail:dvsa-2024-v2:steering,nissan-x-trail,Steering,6015,91761,6.5551,3.4692,3.0859,1.8895,ok,dvsa-2024-v2,motriskindex-families-2024-v5
fail-group:nissan-x-trail:dvsa-2024-v2:seat-belts-and-supplementary-restraint-systems,nissan-x-trail,Seat belts and supplementary restraint systems,1073,91761,1.1693,1.0195,0.1499,1.1470,low_sample,dvsa-2024-v2,motriskindex-families-2024-v5
fail-group:peugeot-106:dvsa-2024-v2:lamps-reflectors-and-electrical-equipment,peugeot-106,"Lamps, reflectors and electrical equipment",1664,5029,33.0881,18.0899,14.9982,1.8291,low_sample,dvsa-2024-v2,motriskindex-families-2024-v5
fail-group:peugeot-106:dvsa-2024-v2:brakes,peugeot-106,Brakes,1587,5029,31.5570,11.2525,20.3045,2.8045,low_sample,dvsa-2024-v2,motriskindex-families-2024-v5
fail-group:peugeot-106:dvsa-2024-v2:body-chassis-structure,peugeot-106,"Body, chassis, structure",1265,5029,25.1541,5.8011,19.3530,4.3361,low_sample,dvsa-2024-v2,motriskindex-families-2024-v5
fail-group:peugeot-106:dvsa-2024-v2:noise-emissions-and-leaks,peugeot-106,"Noise, emissions and leaks",1138,5029,22.6288,3.6688,18.9599,6.1678,low_sample,dvsa-2024-v2,motriskindex-families-2024-v5
fail-group:peugeot-107:dvsa-2024-v2:lamps-reflectors-and-electrical-equipment,peugeot-107,"Lamps, reflectors and electrical equipment",40635,113663,35.7504,18.0899,17.6605,1.9763,ok,dvsa-2024-v2,motriskindex-families-2024-v5
fail-group:peugeot-107:dvsa-2024-v2:suspension,peugeot-107,Suspension,19771,113663,17.3944,15.3574,2.0370,1.1326,ok,dvsa-2024-v2,motriskindex-families-2024-v5
fail-group:peugeot-107:dvsa-2024-v2:brakes,peugeot-107,Brakes,24413,113663,21.4784,11.2525,10.2260,1.9088,ok,dvsa-2024-v2,motriskindex-families-2024-v5
fail-group:peugeot-107:dvsa-2024-v2:visibility,peugeot-107,Visibility,7952,113663,6.9961,8.3959,-1.3998,0.8333,ok,dvsa-2024-v2,motriskindex-families-2024-v5
fail-group:peugeot-107:dvsa-2024-v2:tyres,peugeot-107,Tyres,10266,113663,9.0320,8.7011,0.3308,1.0380,ok,dvsa-2024-v2,motriskindex-families-2024-v5
fail-group:peugeot-107:dvsa-2024-v2:body-chassis-structure,peugeot-107,"Body, chassis, structure",9223,113663,8.1143,5.8011,2.3132,1.3988,ok,dvsa-2024-v2,motriskindex-families-2024-v5
fail-group:peugeot-107:dvsa-2024-v2:noise-emissions-and-leaks,peugeot-107,"Noise, emissions and leaks",8491,113663,7.4703,3.6688,3.8015,2.0362,ok,dvsa-2024-v2,motriskindex-families-2024-v5
fail-group:peugeot-107:dvsa-2024-v2:steering,peugeot-107,Steering,1031,113663,0.9071,3.4692,-2.5621,0.2615,low_sample,dvsa-2024-v2,motriskindex-families-2024-v5
fail-group:peugeot-107:dvsa-2024-v2:seat-belts-and-supplementary-restraint-systems,peugeot-107,Seat belts and supplementary restraint systems,2074,113663,1.8247,1.0195,0.8052,1.7898,low_sample,dvsa-2024-v2,motriskindex-families-2024-v5
fail-group:peugeot-108:dvsa-2024-v2:lamps-reflectors-and-electrical-equipment,peugeot-108,"Lamps, reflectors and electrical equipment",4558,76962,5.9224,18.0899,-12.1675,0.3274,low_sample,dvsa-2024-v2,motriskindex-families-2024-v5
fail-group:peugeot-108:dvsa-2024-v2:suspension,peugeot-108,Suspension,2223,76962,2.8884,15.3574,-12.4689,0.1881,low_sample,dvsa-2024-v2,motriskindex-families-2024-v5
fail-group:peugeot-108:dvsa-2024-v2:brakes,peugeot-108,Brakes,6518,76962,8.4691,11.2525,-2.7833,0.7526,ok,dvsa-2024-v2,motriskindex-families-2024-v5
fail-group:peugeot-108:dvsa-2024-v2:visibility,peugeot-108,Visibility,4337,76962,5.6352,8.3959,-2.7606,0.6712,low_sample,dvsa-2024-v2,motriskindex-families-2024-v5
fail-group:peugeot-108:dvsa-2024-v2:tyres,peugeot-108,Tyres,5850,76962,7.6012,8.7011,-1.1000,0.8736,ok,dvsa-2024-v2,motriskindex-families-2024-v5
fail-group:peugeot-108:dvsa-2024-v2:noise-emissions-and-leaks,peugeot-108,"Noise, emissions and leaks",1637,76962,2.1270,3.6688,-1.5418,0.5798,low_sample,dvsa-2024-v2,motriskindex-families-2024-v5
fail-group:peugeot-2008:dvsa-2024-v2:lamps-reflectors-and-electrical-equipment,peugeot-2008,"Lamps, reflectors and electrical equipment",22662,132103,17.1548,18.0899,-0.9351,0.9483,ok,dvsa-2024-v2,motriskindex-families-2024-v5
fail-group:peugeot-2008:dvsa-2024-v2:suspension,peugeot-2008,Suspension,7212,132103,5.4594,15.3574,-9.8980,0.3555,ok,dvsa-2024-v2,motriskindex-families-2024-v5
fail-group:peugeot-2008:dvsa-2024-v2:brakes,peugeot-2008,Brakes,8688,132103,6.5767,11.2525,-4.6758,0.5845,ok,dvsa-2024-v2,motriskindex-families-2024-v5
fail-group:peugeot-2008:dvsa-2024-v2:visibility,peugeot-2008,Visibility,7397,132103,5.5994,8.3959,-2.7965,0.6669,ok,dvsa-2024-v2,motriskindex-families-2024-v5
fail-group:peugeot-2008:dvsa-2024-v2:tyres,peugeot-2008,Tyres,7958,132103,6.0241,8.7011,-2.6771,0.6923,ok,dvsa-2024-v2,motriskindex-families-2024-v5
fail-group:peugeot-2008:dvsa-2024-v2:body-chassis-structure,peugeot-2008,"Body, chassis, structure",15209,132103,11.5130,5.8011,5.7119,1.9846,ok,dvsa-2024-v2,motriskindex-families-2024-v5
fail-group:peugeot-2008:dvsa-2024-v2:noise-emissions-and-leaks,peugeot-2008,"Noise, emissions and leaks",4417,132103,3.3436,3.6688,-0.3252,0.9114,low_sample,dvsa-2024-v2,motriskindex-families-2024-v5
fail-group:peugeot-2008:dvsa-2024-v2:steering,peugeot-2008,Steering,1147,132103,0.8683,3.4692,-2.6009,0.2503,low_sample,dvsa-2024-v2,motriskindex-families-2024-v5
fail-group:peugeot-205:dvsa-2024-v2:lamps-reflectors-and-electrical-equipment,peugeot-205,"Lamps, reflectors and electrical equipment",1154,3363,34.3146,18.0899,16.2247,1.8969,low_sample,dvsa-2024-v2,motriskindex-families-2024-v5
fail-group:peugeot-206:dvsa-2024-v2:lamps-reflectors-and-electrical-equipment,peugeot-206,"Lamps, reflectors and electrical equipment",21568,45114,47.8078,18.0899,29.7179,2.6428,ok,dvsa-2024-v2,motriskindex-families-2024-v5
fail-group:peugeot-206:dvsa-2024-v2:suspension,peugeot-206,Suspension,15852,45114,35.1377,15.3574,19.7803,2.2880,ok,dvsa-2024-v2,motriskindex-families-2024-v5
fail-group:peugeot-206:dvsa-2024-v2:brakes,peugeot-206,Brakes,11038,45114,24.4669,11.2525,13.2145,2.1744,ok,dvsa-2024-v2,motriskindex-families-2024-v5
fail-group:peugeot-206:dvsa-2024-v2:visibility,peugeot-206,Visibility,6749,45114,14.9599,8.3959,6.5640,1.7818,ok,dvsa-2024-v2,motriskindex-families-2024-v5
fail-group:peugeot-206:dvsa-2024-v2:tyres,peugeot-206,Tyres,4606,45114,10.2097,8.7011,1.5085,1.1734,low_sample,dvsa-2024-v2,motriskindex-families-2024-v5
fail-group:peugeot-206:dvsa-2024-v2:body-chassis-structure,peugeot-206,"Body, chassis, structure",7574,45114,16.7886,5.8011,10.9875,2.8940,ok,dvsa-2024-v2,motriskindex-families-2024-v5
fail-group:peugeot-206:dvsa-2024-v2:noise-emissions-and-leaks,peugeot-206,"Noise, emissions and leaks",5770,45114,12.7898,3.6688,9.1210,3.4861,ok,dvsa-2024-v2,motriskindex-families-2024-v5
fail-group:peugeot-206:dvsa-2024-v2:steering,peugeot-206,Steering,2607,45114,5.7787,3.4692,2.3095,1.6657,low_sample,dvsa-2024-v2,motriskindex-families-2024-v5
fail-group:peugeot-206:dvsa-2024-v2:seat-belts-and-supplementary-restraint-systems,peugeot-206,Seat belts and supplementary restraint systems,1322,45114,2.9304,1.0195,1.9109,2.8744,low_sample,dvsa-2024-v2,motriskindex-families-2024-v5
fail-group:peugeot-207:dvsa-2024-v2:lamps-reflectors-and-electrical-equipment,peugeot-207,"Lamps, reflectors and electrical equipment",71558,135810,52.6898,18.0899,34.5999,2.9127,ok,dvsa-2024-v2,motriskindex-families-2024-v5
fail-group:peugeot-207:dvsa-2024-v2:suspension,peugeot-207,Suspension,38158,135810,28.0966,15.3574,12.7393,1.8295,ok,dvsa-2024-v2,motriskindex-families-2024-v5
fail-group:peugeot-207:dvsa-2024-v2:brakes,peugeot-207,Brakes,22015,135810,16.2101,11.2525,4.9577,1.4406,ok,dvsa-2024-v2,motriskindex-families-2024-v5
fail-group:peugeot-207:dvsa-2024-v2:visibility,peugeot-207,Visibility,15049,135810,11.0809,8.3959,2.6850,1.3198,ok,dvsa-2024-v2,motriskindex-families-2024-v5
fail-group:peugeot-207:dvsa-2024-v2:tyres,peugeot-207,Tyres,14199,135810,10.4550,8.7011,1.7539,1.2016,ok,dvsa-2024-v2,motriskindex-families-2024-v5
fail-group:peugeot-207:dvsa-2024-v2:body-chassis-structure,peugeot-207,"Body, chassis, structure",29868,135810,21.9925,5.8011,16.1914,3.7911,ok,dvsa-2024-v2,motriskindex-families-2024-v5
fail-group:peugeot-207:dvsa-2024-v2:noise-emissions-and-leaks,peugeot-207,"Noise, emissions and leaks",14189,135810,10.4477,3.6688,6.7789,2.8477,ok,dvsa-2024-v2,motriskindex-families-2024-v5
fail-group:peugeot-207:dvsa-2024-v2:steering,peugeot-207,Steering,5894,135810,4.3399,3.4692,0.8707,1.2510,ok,dvsa-2024-v2,motriskindex-families-2024-v5
fail-group:peugeot-207:dvsa-2024-v2:seat-belts-and-supplementary-restraint-systems,peugeot-207,Seat belts and supplementary restraint systems,2448,135810,1.8025,1.0195,0.7830,1.7681,low_sample,dvsa-2024-v2,motriskindex-families-2024-v5
fail-group:peugeot-208:dvsa-2024-v2:lamps-reflectors-and-electrical-equipment,peugeot-208,"Lamps, reflectors and electrical equipment",40970,207436,19.7507,18.0899,1.6608,1.0918,ok,dvsa-2024-v2,motriskindex-families-2024-v5
fail-group:peugeot-208:dvsa-2024-v2:suspension,peugeot-208,Suspension,14668,207436,7.0711,15.3574,-8.2863,0.4604,ok,dvsa-2024-v2,motriskindex-families-2024-v5
fail-group:peugeot-208:dvsa-2024-v2:brakes,peugeot-208,Brakes,15335,207436,7.3926,11.2525,-3.8598,0.6570,ok,dvsa-2024-v2,motriskindex-families-2024-v5
fail-group:peugeot-208:dvsa-2024-v2:visibility,peugeot-208,Visibility,11857,207436,5.7160,8.3959,-2.6799,0.6808,ok,dvsa-2024-v2,motriskindex-families-2024-v5
fail-group:peugeot-208:dvsa-2024-v2:tyres,peugeot-208,Tyres,16408,207436,7.9099,8.7011,-0.7912,0.9091,ok,dvsa-2024-v2,motriskindex-families-2024-v5
fail-group:peugeot-208:dvsa-2024-v2:body-chassis-structure,peugeot-208,"Body, chassis, structure",19974,207436,9.6290,5.8011,3.8279,1.6599,ok,dvsa-2024-v2,motriskindex-families-2024-v5
fail-group:peugeot-208:dvsa-2024-v2:noise-emissions-and-leaks,peugeot-208,"Noise, emissions and leaks",16814,207436,8.1056,3.6688,4.4368,2.2093,ok,dvsa-2024-v2,motriskindex-families-2024-v5
fail-group:peugeot-208:dvsa-2024-v2:steering,peugeot-208,Steering,3307,207436,1.5942,3.4692,-1.8750,0.4595,low_sample,dvsa-2024-v2,motriskindex-families-2024-v5
fail-group:peugeot-208:dvsa-2024-v2:seat-belts-and-supplementary-restraint-systems,peugeot-208,Seat belts and supplementary restraint systems,1052,207436,0.5071,1.0195,-0.5123,0.4975,low_sample,dvsa-2024-v2,motriskindex-families-2024-v5
fail-group:peugeot-3008:dvsa-2024-v2:lamps-reflectors-and-electrical-equipment,peugeot-3008,"Lamps, reflectors and electrical equipment",28190,140943,20.0010,18.0899,1.9111,1.1056,ok,dvsa-2024-v2,motriskindex-families-2024-v5
fail-group:peugeot-3008:dvsa-2024-v2:suspension,peugeot-3008,Suspension,17812,140943,12.6377,15.3574,-2.7196,0.8229,ok,dvsa-2024-v2,motriskindex-families-2024-v5
fail-group:peugeot-3008:dvsa-2024-v2:brakes,peugeot-3008,Brakes,14396,140943,10.2141,11.2525,-1.0384,0.9077,ok,dvsa-2024-v2,motriskindex-families-2024-v5
fail-group:peugeot-3008:dvsa-2024-v2:visibility,peugeot-3008,Visibility,8528,140943,6.0507,8.3959,-2.3452,0.7207,ok,dvsa-2024-v2,motriskindex-families-2024-v5
fail-group:peugeot-3008:dvsa-2024-v2:tyres,peugeot-3008,Tyres,13575,140943,9.6316,8.7011,0.9304,1.1069,ok,dvsa-2024-v2,motriskindex-families-2024-v5
fail-group:peugeot-3008:dvsa-2024-v2:body-chassis-structure,peugeot-3008,"Body, chassis, structure",9028,140943,6.4054,5.8011,0.6043,1.1042,ok,dvsa-2024-v2,motriskindex-families-2024-v5
fail-group:peugeot-3008:dvsa-2024-v2:noise-emissions-and-leaks,peugeot-3008,"Noise, emissions and leaks",2735,140943,1.9405,3.6688,-1.7283,0.5289,low_sample,dvsa-2024-v2,motriskindex-families-2024-v5
fail-group:peugeot-3008:dvsa-2024-v2:steering,peugeot-3008,Steering,4232,140943,3.0026,3.4692,-0.4666,0.8655,low_sample,dvsa-2024-v2,motriskindex-families-2024-v5
fail-group:peugeot-3008:dvsa-2024-v2:seat-belts-and-supplementary-restraint-systems,peugeot-3008,Seat belts and supplementary restraint systems,1814,140943,1.2870,1.0195,0.2676,1.2625,low_sample,dvsa-2024-v2,motriskindex-families-2024-v5
fail-group:peugeot-306:dvsa-2024-v2:lamps-reflectors-and-electrical-equipment,peugeot-306,"Lamps, reflectors and electrical equipment",1191,4111,28.9711,18.0899,10.8812,1.6015,low_sample,dvsa-2024-v2,motriskindex-families-2024-v5
fail-group:peugeot-306:dvsa-2024-v2:brakes,peugeot-306,Brakes,1556,4111,37.8497,11.2525,26.5972,3.3637,low_sample,dvsa-2024-v2,motriskindex-families-2024-v5
fail-group:peugeot-307:dvsa-2024-v2:lamps-reflectors-and-electrical-equipment,peugeot-307,"Lamps, reflectors and electrical equipment",20538,29477,69.6747,18.0899,51.5848,3.8516,ok,dvsa-2024-v2,motriskindex-families-2024-v5
fail-group:peugeot-307:dvsa-2024-v2:suspension,peugeot-307,Suspension,10489,29477,35.5837,15.3574,20.2263,2.3170,ok,dvsa-2024-v2,motriskindex-families-2024-v5
fail-group:peugeot-307:dvsa-2024-v2:brakes,peugeot-307,Brakes,6951,29477,23.5811,11.2525,12.3286,2.0956,ok,dvsa-2024-v2,motriskindex-families-2024-v5
fail-group:peugeot-307:dvsa-2024-v2:visibility,peugeot-307,Visibility,3903,29477,13.2408,8.3959,4.8449,1.5771,low_sample,dvsa-2024-v2,motriskindex-families-2024-v5
fail-group:peugeot-307:dvsa-2024-v2:tyres,peugeot-307,Tyres,3422,29477,11.6091,8.7011,2.9079,1.3342,low_sample,dvsa-2024-v2,motriskindex-families-2024-v5
fail-group:peugeot-307:dvsa-2024-v2:body-chassis-structure,peugeot-307,"Body, chassis, structure",6193,29477,21.0096,5.8011,15.2085,3.6216,ok,dvsa-2024-v2,motriskindex-families-2024-v5
fail-group:peugeot-307:dvsa-2024-v2:noise-emissions-and-leaks,peugeot-307,"Noise, emissions and leaks",2126,29477,7.2124,3.6688,3.5436,1.9659,low_sample,dvsa-2024-v2,motriskindex-families-2024-v5
fail-group:peugeot-307:dvsa-2024-v2:steering,peugeot-307,Steering,3299,29477,11.1918,3.4692,7.7226,3.2261,low_sample,dvsa-2024-v2,motriskindex-families-2024-v5
fail-group:peugeot-307:dvsa-2024-v2:seat-belts-and-supplementary-restraint-systems,peugeot-307,Seat belts and supplementary restraint systems,1001,29477,3.3959,1.0195,2.3764,3.3310,low_sample,dvsa-2024-v2,motriskindex-families-2024-v5
fail-group:peugeot-308:dvsa-2024-v2:lamps-reflectors-and-electrical-equipment,peugeot-308,"Lamps, reflectors and electrical equipment",34748,133166,26.0937,18.0899,8.0039,1.4424,ok,dvsa-2024-v2,motriskindex-families-2024-v5
fail-group:peugeot-308:dvsa-2024-v2:suspension,peugeot-308,Suspension,22890,133166,17.1891,15.3574,1.8317,1.1193,ok,dvsa-2024-v2,motriskindex-families-2024-v5
fail-group:peugeot-308:dvsa-2024-v2:brakes,peugeot-308,Brakes,18108,133166,13.5981,11.2525,2.3456,1.2085,ok,dvsa-2024-v2,motriskindex-families-2024-v5
fail-group:peugeot-308:dvsa-2024-v2:visibility,peugeot-308,Visibility,9840,133166,7.3893,8.3959,-1.0066,0.8801,ok,dvsa-2024-v2,motriskindex-families-2024-v5
fail-group:peugeot-308:dvsa-2024-v2:tyres,peugeot-308,Tyres,14741,133166,11.0696,8.7011,2.3685,1.2722,ok,dvsa-2024-v2,motriskindex-families-2024-v5
fail-group:peugeot-308:dvsa-2024-v2:body-chassis-structure,peugeot-308,"Body, chassis, structure",11909,133166,8.9430,5.8011,3.1419,1.5416,ok,dvsa-2024-v2,motriskindex-families-2024-v5
fail-group:peugeot-308:dvsa-2024-v2:noise-emissions-and-leaks,peugeot-308,"Noise, emissions and leaks",7945,133166,5.9662,3.6688,2.2974,1.6262,ok,dvsa-2024-v2,motriskindex-families-2024-v5
fail-group:peugeot-308:dvsa-2024-v2:steering,peugeot-308,Steering,5341,133166,4.0108,3.4692,0.5416,1.1561,ok,dvsa-2024-v2,motriskindex-families-2024-v5
fail-group:peugeot-308:dvsa-2024-v2:seat-belts-and-supplementary-restraint-systems,peugeot-308,Seat belts and supplementary restraint systems,1161,133166,0.8718,1.0195,-0.1476,0.8552,low_sample,dvsa-2024-v2,motriskindex-families-2024-v5
fail-group:peugeot-406:dvsa-2024-v2:lamps-reflectors-and-electrical-equipment,peugeot-406,"Lamps, reflectors and electrical equipment",1302,3046,42.7446,18.0899,24.6547,2.3629,low_sample,dvsa-2024-v2,motriskindex-families-2024-v5
fail-group:peugeot-406:dvsa-2024-v2:suspension,peugeot-406,Suspension,1051,3046,34.5043,15.3574,19.1469,2.2468,low_sample,dvsa-2024-v2,motriskindex-families-2024-v5
fail-group:peugeot-406:dvsa-2024-v2:brakes,peugeot-406,Brakes,1067,3046,35.0295,11.2525,23.7771,3.1131,low_sample,dvsa-2024-v2,motriskindex-families-2024-v5
fail-group:peugeot-407:dvsa-2024-v2:lamps-reflectors-and-electrical-equipment,peugeot-407,"Lamps, reflectors and electrical equipment",4097,8915,45.9563,18.0899,27.8664,2.5404,low_sample,dvsa-2024-v2,motriskindex-families-2024-v5
fail-group:peugeot-407:dvsa-2024-v2:suspension,peugeot-407,Suspension,2021,8915,22.6697,15.3574,7.3123,1.4761,low_sample,dvsa-2024-v2,motriskindex-families-2024-v5
fail-group:peugeot-407:dvsa-2024-v2:brakes,peugeot-407,Brakes,2423,8915,27.1789,11.2525,15.9265,2.4154,low_sample,dvsa-2024-v2,motriskindex-families-2024-v5
fail-group:peugeot-407:dvsa-2024-v2:visibility,peugeot-407,Visibility,1337,8915,14.9972,8.3959,6.6013,1.7863,low_sample,dvsa-2024-v2,motriskindex-families-2024-v5
fail-group:peugeot-407:dvsa-2024-v2:tyres,peugeot-407,Tyres,1224,8915,13.7297,8.7011,5.0285,1.5779,low_sample,dvsa-2024-v2,motriskindex-families-2024-v5
fail-group:peugeot-407:dvsa-2024-v2:body-chassis-structure,peugeot-407,"Body, chassis, structure",2190,8915,24.5653,5.8011,18.7642,4.2346,low_sample,dvsa-2024-v2,motriskindex-families-2024-v5
fail-group:peugeot-5008:dvsa-2024-v2:lamps-reflectors-and-electrical-equipment,peugeot-5008,"Lamps, reflectors and electrical equipment",7837,35613,22.0060,18.0899,3.9161,1.2165,ok,dvsa-2024-v2,motriskindex-families-2024-v5
fail-group:peugeot-5008:dvsa-2024-v2:suspension,peugeot-5008,Suspension,3370,35613,9.4628,15.3574,-5.8945,0.6162,low_sample,dvsa-2024-v2,motriskindex-families-2024-v5
fail-group:peugeot-5008:dvsa-2024-v2:brakes,peugeot-5008,Brakes,3890,35613,10.9230,11.2525,-0.3295,0.9707,low_sample,dvsa-2024-v2,motriskindex-families-2024-v5
fail-group:peugeot-5008:dvsa-2024-v2:visibility,peugeot-5008,Visibility,2643,35613,7.4214,8.3959,-0.9744,0.8839,low_sample,dvsa-2024-v2,motriskindex-families-2024-v5
fail-group:peugeot-5008:dvsa-2024-v2:tyres,peugeot-5008,Tyres,4175,35613,11.7232,8.7011,3.0221,1.3473,low_sample,dvsa-2024-v2,motriskindex-families-2024-v5
fail-group:peugeot-5008:dvsa-2024-v2:body-chassis-structure,peugeot-5008,"Body, chassis, structure",2538,35613,7.1266,5.8011,1.3255,1.2285,low_sample,dvsa-2024-v2,motriskindex-families-2024-v5
fail-group:peugeot-508:dvsa-2024-v2:lamps-reflectors-and-electrical-equipment,peugeot-508,"Lamps, reflectors and electrical equipment",3849,18837,20.4332,18.0899,2.3433,1.1295,low_sample,dvsa-2024-v2,motriskindex-families-2024-v5
fail-group:peugeot-508:dvsa-2024-v2:suspension,peugeot-508,Suspension,2068,18837,10.9784,15.3574,-4.3790,0.7149,low_sample,dvsa-2024-v2,motriskindex-families-2024-v5
fail-group:peugeot-508:dvsa-2024-v2:brakes,peugeot-508,Brakes,1854,18837,9.8423,11.2525,-1.4101,0.8747,low_sample,dvsa-2024-v2,motriskindex-families-2024-v5
fail-group:peugeot-508:dvsa-2024-v2:visibility,peugeot-508,Visibility,1609,18837,8.5417,8.3959,0.1458,1.0174,low_sample,dvsa-2024-v2,motriskindex-families-2024-v5
fail-group:peugeot-508:dvsa-2024-v2:tyres,peugeot-508,Tyres,2064,18837,10.9572,8.7011,2.2560,1.2593,low_sample,dvsa-2024-v2,motriskindex-families-2024-v5
fail-group:peugeot-508:dvsa-2024-v2:body-chassis-structure,peugeot-508,"Body, chassis, structure",1034,18837,5.4892,5.8011,-0.3119,0.9462,low_sample,dvsa-2024-v2,motriskindex-families-2024-v5
fail-group:peugeot-bipper:dvsa-2024-v2:lamps-reflectors-and-electrical-equipment,peugeot-bipper,"Lamps, reflectors and electrical equipment",8367,19709,42.4527,18.0899,24.3628,2.3468,ok,dvsa-2024-v2,motriskindex-families-2024-v5
fail-group:peugeot-bipper:dvsa-2024-v2:suspension,peugeot-bipper,Suspension,6861,19709,34.8115,15.3574,19.4542,2.2668,ok,dvsa-2024-v2,motriskindex-families-2024-v5
fail-group:peugeot-bipper:dvsa-2024-v2:brakes,peugeot-bipper,Brakes,1908,19709,9.6809,11.2525,-1.5716,0.8603,low_sample,dvsa-2024-v2,motriskindex-families-2024-v5
fail-group:peugeot-bipper:dvsa-2024-v2:visibility,peugeot-bipper,Visibility,4432,19709,22.4872,8.3959,14.0913,2.6784,low_sample,dvsa-2024-v2,motriskindex-families-2024-v5
fail-group:peugeot-bipper:dvsa-2024-v2:tyres,peugeot-bipper,Tyres,2482,19709,12.5932,8.7011,3.8921,1.4473,low_sample,dvsa-2024-v2,motriskindex-families-2024-v5
fail-group:peugeot-bipper:dvsa-2024-v2:body-chassis-structure,peugeot-bipper,"Body, chassis, structure",1683,19709,8.5392,5.8011,2.7381,1.4720,low_sample,dvsa-2024-v2,motriskindex-families-2024-v5
fail-group:peugeot-bipper:dvsa-2024-v2:noise-emissions-and-leaks,peugeot-bipper,"Noise, emissions and leaks",1193,19709,6.0531,3.6688,2.3842,1.6499,low_sample,dvsa-2024-v2,motriskindex-families-2024-v5
fail-group:peugeot-bipper:dvsa-2024-v2:steering,peugeot-bipper,Steering,1159,19709,5.8806,3.4692,2.4114,1.6951,low_sample,dvsa-2024-v2,motriskindex-families-2024-v5
fail-group:peugeot-boxer:dvsa-2024-v2:lamps-reflectors-and-electrical-equipment,peugeot-boxer,"Lamps, reflectors and electrical equipment",12954,52288,24.7743,18.0899,6.6844,1.3695,ok,dvsa-2024-v2,motriskindex-families-2024-v5
fail-group:peugeot-boxer:dvsa-2024-v2:suspension,peugeot-boxer,Suspension,6631,52288,12.6817,15.3574,-2.6757,0.8258,ok,dvsa-2024-v2,motriskindex-families-2024-v5
fail-group:peugeot-boxer:dvsa-2024-v2:brakes,peugeot-boxer,Brakes,7101,52288,13.5806,11.2525,2.3281,1.2069,ok,dvsa-2024-v2,motriskindex-families-2024-v5
fail-group:peugeot-boxer:dvsa-2024-v2:visibility,peugeot-boxer,Visibility,5380,52288,10.2892,8.3959,1.8933,1.2255,ok,dvsa-2024-v2,motriskindex-families-2024-v5
fail-group:peugeot-boxer:dvsa-2024-v2:tyres,peugeot-boxer,Tyres,1628,52288,3.1135,8.7011,-5.5876,0.3578,low_sample,dvsa-2024-v2,motriskindex-families-2024-v5
fail-group:peugeot-boxer:dvsa-2024-v2:body-chassis-structure,peugeot-boxer,"Body, chassis, structure",5202,52288,9.9487,5.8011,4.1476,1.7150,ok,dvsa-2024-v2,motriskindex-families-2024-v5
fail-group:peugeot-boxer:dvsa-2024-v2:noise-emissions-and-leaks,peugeot-boxer,"Noise, emissions and leaks",1550,52288,2.9644,3.6688,-0.7045,0.8080,low_sample,dvsa-2024-v2,motriskindex-families-2024-v5
fail-group:peugeot-expert:dvsa-2024-v2:lamps-reflectors-and-electrical-equipment,peugeot-expert,"Lamps, reflectors and electrical equipment",17184,55227,31.1152,18.0899,13.0253,1.7200,ok,dvsa-2024-v2,motriskindex-families-2024-v5
fail-group:peugeot-expert:dvsa-2024-v2:suspension,peugeot-expert,Suspension,9204,55227,16.6658,15.3574,1.3084,1.0852,ok,dvsa-2024-v2,motriskindex-families-2024-v5
fail-group:peugeot-expert:dvsa-2024-v2:brakes,peugeot-expert,Brakes,7446,55227,13.4825,11.2525,2.2301,1.1982,ok,dvsa-2024-v2,motriskindex-families-2024-v5
fail-group:peugeot-expert:dvsa-2024-v2:visibility,peugeot-expert,Visibility,7600,55227,13.7614,8.3959,5.3655,1.6391,ok,dvsa-2024-v2,motriskindex-families-2024-v5
fail-group:peugeot-expert:dvsa-2024-v2:tyres,peugeot-expert,Tyres,3562,55227,6.4497,8.7011,-2.2514,0.7413,low_sample,dvsa-2024-v2,motriskindex-families-2024-v5
fail-group:peugeot-expert:dvsa-2024-v2:body-chassis-structure,peugeot-expert,"Body, chassis, structure",12313,55227,22.2953,5.8011,16.4941,3.8433,ok,dvsa-2024-v2,motriskindex-families-2024-v5
fail-group:peugeot-expert:dvsa-2024-v2:noise-emissions-and-leaks,peugeot-expert,"Noise, emissions and leaks",1964,55227,3.5562,3.6688,-0.1126,0.9693,low_sample,dvsa-2024-v2,motriskindex-families-2024-v5
fail-group:peugeot-expert:dvsa-2024-v2:steering,peugeot-expert,Steering,1674,55227,3.0311,3.4692,-0.4381,0.8737,low_sample,dvsa-2024-v2,motriskindex-families-2024-v5
fail-group:peugeot-partner:dvsa-2024-v2:lamps-reflectors-and-electrical-equipment,peugeot-partner,"Lamps, reflectors and electrical equipment",59087,153919,38.3884,18.0899,20.2985,2.1221,ok,dvsa-2024-v2,motriskindex-families-2024-v5
fail-group:peugeot-partner:dvsa-2024-v2:suspension,peugeot-partner,Suspension,24532,153919,15.9383,15.3574,0.5809,1.0378,ok,dvsa-2024-v2,motriskindex-families-2024-v5
fail-group:peugeot-partner:dvsa-2024-v2:brakes,peugeot-partner,Brakes,18210,153919,11.8309,11.2525,0.5784,1.0514,ok,dvsa-2024-v2,motriskindex-families-2024-v5
fail-group:peugeot-partner:dvsa-2024-v2:visibility,peugeot-partner,Visibility,21328,153919,13.8566,8.3959,5.4607,1.6504,ok,dvsa-2024-v2,motriskindex-families-2024-v5
fail-group:peugeot-partner:dvsa-2024-v2:tyres,peugeot-partner,Tyres,12593,153919,8.1816,8.7011,-0.5196,0.9403,ok,dvsa-2024-v2,motriskindex-families-2024-v5
fail-group:peugeot-partner:dvsa-2024-v2:body-chassis-structure,peugeot-partner,"Body, chassis, structure",19556,153919,12.7054,5.8011,6.9043,2.1902,ok,dvsa-2024-v2,motriskindex-families-2024-v5
fail-group:peugeot-partner:dvsa-2024-v2:noise-emissions-and-leaks,peugeot-partner,"Noise, emissions and leaks",6052,153919,3.9319,3.6688,0.2631,1.0717,ok,dvsa-2024-v2,motriskindex-families-2024-v5
fail-group:peugeot-partner:dvsa-2024-v2:steering,peugeot-partner,Steering,5580,153919,3.6253,3.4692,0.1561,1.0450,ok,dvsa-2024-v2,motriskindex-families-2024-v5
fail-group:peugeot-partner:dvsa-2024-v2:seat-belts-and-supplementary-restraint-systems,peugeot-partner,Seat belts and supplementary restraint systems,3319,153919,2.1563,1.0195,1.1369,2.1151,low_sample,dvsa-2024-v2,motriskindex-families-2024-v5
fail-group:peugeot-rcz:dvsa-2024-v2:lamps-reflectors-and-electrical-equipment,peugeot-rcz,"Lamps, reflectors and electrical equipment",2563,10827,23.6723,18.0899,5.5824,1.3086,low_sample,dvsa-2024-v2,motriskindex-families-2024-v5
fail-group:peugeot-rcz:dvsa-2024-v2:suspension,peugeot-rcz,Suspension,1731,10827,15.9878,15.3574,0.6305,1.0411,low_sample,dvsa-2024-v2,motriskindex-families-2024-v5
fail-group:porsche-911:dvsa-2024-v2:lamps-reflectors-and-electrical-equipment,porsche-911,"Lamps, reflectors and electrical equipment",4264,50378,8.4640,18.0899,-9.6259,0.4679,low_sample,dvsa-2024-v2,motriskindex-families-2024-v5
fail-group:porsche-911:dvsa-2024-v2:suspension,porsche-911,Suspension,1361,50378,2.7016,15.3574,-12.6558,0.1759,low_sample,dvsa-2024-v2,motriskindex-families-2024-v5
fail-group:porsche-911:dvsa-2024-v2:brakes,porsche-911,Brakes,1686,50378,3.3467,11.2525,-7.9058,0.2974,low_sample,dvsa-2024-v2,motriskindex-families-2024-v5
fail-group:porsche-911:dvsa-2024-v2:visibility,porsche-911,Visibility,1835,50378,3.6425,8.3959,-4.7534,0.4338,low_sample,dvsa-2024-v2,motriskindex-families-2024-v5
fail-group:porsche-911:dvsa-2024-v2:tyres,porsche-911,Tyres,1713,50378,3.4003,8.7011,-5.3009,0.3908,low_sample,dvsa-2024-v2,motriskindex-families-2024-v5
fail-group:porsche-911:dvsa-2024-v2:body-chassis-structure,porsche-911,"Body, chassis, structure",1303,50378,2.5864,5.8011,-3.2147,0.4459,low_sample,dvsa-2024-v2,motriskindex-families-2024-v5
fail-group:porsche-911:dvsa-2024-v2:noise-emissions-and-leaks,porsche-911,"Noise, emissions and leaks",1257,50378,2.4951,3.6688,-1.1737,0.6801,low_sample,dvsa-2024-v2,motriskindex-families-2024-v5
fail-group:porsche-boxster:dvsa-2024-v2:lamps-reflectors-and-electrical-equipment,porsche-boxster,"Lamps, reflectors and electrical equipment",4126,32363,12.7491,18.0899,-5.3408,0.7048,low_sample,dvsa-2024-v2,motriskindex-families-2024-v5
fail-group:porsche-boxster:dvsa-2024-v2:suspension,porsche-boxster,Suspension,2124,32363,6.5631,15.3574,-8.7943,0.4274,low_sample,dvsa-2024-v2,motriskindex-families-2024-v5
fail-group:porsche-boxster:dvsa-2024-v2:brakes,porsche-boxster,Brakes,2342,32363,7.2367,11.2525,-4.0158,0.6431,low_sample,dvsa-2024-v2,motriskindex-families-2024-v5
fail-group:porsche-boxster:dvsa-2024-v2:visibility,porsche-boxster,Visibility,1649,32363,5.0953,8.3959,-3.3006,0.6069,low_sample,dvsa-2024-v2,motriskindex-families-2024-v5
fail-group:porsche-boxster:dvsa-2024-v2:tyres,porsche-boxster,Tyres,1421,32363,4.3908,8.7011,-4.3103,0.5046,low_sample,dvsa-2024-v2,motriskindex-families-2024-v5
fail-group:porsche-boxster:dvsa-2024-v2:body-chassis-structure,porsche-boxster,"Body, chassis, structure",1175,32363,3.6307,5.8011,-2.1704,0.6259,low_sample,dvsa-2024-v2,motriskindex-families-2024-v5
fail-group:porsche-boxster:dvsa-2024-v2:noise-emissions-and-leaks,porsche-boxster,"Noise, emissions and leaks",1794,32363,5.5434,3.6688,1.8745,1.5109,low_sample,dvsa-2024-v2,motriskindex-families-2024-v5
fail-group:porsche-cayenne:dvsa-2024-v2:lamps-reflectors-and-electrical-equipment,porsche-cayenne,"Lamps, reflectors and electrical equipment",2908,30161,9.6416,18.0899,-8.4483,0.5330,low_sample,dvsa-2024-v2,motriskindex-families-2024-v5
fail-group:porsche-cayenne:dvsa-2024-v2:suspension,porsche-cayenne,Suspension,1227,30161,4.0682,15.3574,-11.2892,0.2649,low_sample,dvsa-2024-v2,motriskindex-families-2024-v5
fail-group:porsche-cayenne:dvsa-2024-v2:brakes,porsche-cayenne,Brakes,1295,30161,4.2936,11.2525,-6.9588,0.3816,low_sample,dvsa-2024-v2,motriskindex-families-2024-v5
fail-group:porsche-cayenne:dvsa-2024-v2:visibility,porsche-cayenne,Visibility,1595,30161,5.2883,8.3959,-3.1076,0.6299,low_sample,dvsa-2024-v2,motriskindex-families-2024-v5
fail-group:porsche-cayenne:dvsa-2024-v2:tyres,porsche-cayenne,Tyres,2246,30161,7.4467,8.7011,-1.2544,0.8558,low_sample,dvsa-2024-v2,motriskindex-families-2024-v5
fail-group:porsche-macan:dvsa-2024-v2:tyres,porsche-macan,Tyres,1677,30095,5.5724,8.7011,-3.1288,0.6404,low_sample,dvsa-2024-v2,motriskindex-families-2024-v5
fail-group:renault-captur:dvsa-2024-v2:lamps-reflectors-and-electrical-equipment,renault-captur,"Lamps, reflectors and electrical equipment",11591,154861,7.4848,18.0899,-10.6051,0.4138,ok,dvsa-2024-v2,motriskindex-families-2024-v5
fail-group:renault-captur:dvsa-2024-v2:suspension,renault-captur,Suspension,17289,154861,11.1642,15.3574,-4.1931,0.7270,ok,dvsa-2024-v2,motriskindex-families-2024-v5
fail-group:renault-captur:dvsa-2024-v2:brakes,renault-captur,Brakes,12057,154861,7.7857,11.2525,-3.4668,0.6919,ok,dvsa-2024-v2,motriskindex-families-2024-v5
fail-group:renault-captur:dvsa-2024-v2:visibility,renault-captur,Visibility,7998,154861,5.1646,8.3959,-3.2313,0.6151,ok,dvsa-2024-v2,motriskindex-families-2024-v5
fail-group:renault-captur:dvsa-2024-v2:tyres,renault-captur,Tyres,12028,154861,7.7670,8.7011,-0.9342,0.8926,ok,dvsa-2024-v2,motriskindex-families-2024-v5
fail-group:renault-captur:dvsa-2024-v2:body-chassis-structure,renault-captur,"Body, chassis, structure",4003,154861,2.5849,5.8011,-3.2162,0.4456,low_sample,dvsa-2024-v2,motriskindex-families-2024-v5
fail-group:renault-captur:dvsa-2024-v2:noise-emissions-and-leaks,renault-captur,"Noise, emissions and leaks",1495,154861,0.9654,3.6688,-2.7034,0.2631,low_sample,dvsa-2024-v2,motriskindex-families-2024-v5
fail-group:renault-clio:dvsa-2024-v2:lamps-reflectors-and-electrical-equipment,renault-clio,"Lamps, reflectors and electrical equipment",106800,323880,32.9752,18.0899,14.8853,1.8229,ok,dvsa-2024-v2,motriskindex-families-2024-v5
fail-group:renault-clio:dvsa-2024-v2:suspension,renault-clio,Suspension,89671,323880,27.6865,15.3574,12.3291,1.8028,ok,dvsa-2024-v2,motriskindex-families-2024-v5
fail-group:renault-clio:dvsa-2024-v2:brakes,renault-clio,Brakes,58410,323880,18.0345,11.2525,6.7820,1.6027,ok,dvsa-2024-v2,motriskindex-families-2024-v5
fail-group:renault-clio:dvsa-2024-v2:visibility,renault-clio,Visibility,39254,323880,12.1199,8.3959,3.7240,1.4436,ok,dvsa-2024-v2,motriskindex-families-2024-v5
fail-group:renault-clio:dvsa-2024-v2:tyres,renault-clio,Tyres,36247,323880,11.1915,8.7011,2.4903,1.2862,ok,dvsa-2024-v2,motriskindex-families-2024-v5
fail-group:renault-clio:dvsa-2024-v2:body-chassis-structure,renault-clio,"Body, chassis, structure",26346,323880,8.1345,5.8011,2.3334,1.4022,ok,dvsa-2024-v2,motriskindex-families-2024-v5
fail-group:renault-clio:dvsa-2024-v2:noise-emissions-and-leaks,renault-clio,"Noise, emissions and leaks",11926,323880,3.6822,3.6688,0.0134,1.0037,ok,dvsa-2024-v2,motriskindex-families-2024-v5
fail-group:renault-clio:dvsa-2024-v2:steering,renault-clio,Steering,25160,323880,7.7683,3.4692,4.2991,2.2392,ok,dvsa-2024-v2,motriskindex-families-2024-v5
fail-group:renault-clio:dvsa-2024-v2:seat-belts-and-supplementary-restraint-systems,renault-clio,Seat belts and supplementary restraint systems,7041,323880,2.1740,1.0195,1.1545,2.1324,ok,dvsa-2024-v2,motriskindex-families-2024-v5
fail-group:renault-grand-modus:dvsa-2024-v2:lamps-reflectors-and-electrical-equipment,renault-grand-modus,"Lamps, reflectors and electrical equipment",1168,3063,38.1325,18.0899,20.0427,2.1079,low_sample,dvsa-2024-v2,motriskindex-families-2024-v5
fail-group:renault-grand-modus:dvsa-2024-v2:suspension,renault-grand-modus,Suspension,1093,3063,35.6840,15.3574,20.3266,2.3236,low_sample,dvsa-2024-v2,motriskindex-families-2024-v5
fail-group:renault-grand-scenic:dvsa-2024-v2:lamps-reflectors-and-electrical-equipment,renault-grand-scenic,"Lamps, reflectors and electrical equipment",9950,21240,46.8456,18.0899,28.7557,2.5896,ok,dvsa-2024-v2,motriskindex-families-2024-v5
fail-group:renault-grand-scenic:dvsa-2024-v2:suspension,renault-grand-scenic,Suspension,6428,21240,30.2637,15.3574,14.9063,1.9706,ok,dvsa-2024-v2,motriskindex-families-2024-v5
fail-group:renault-grand-scenic:dvsa-2024-v2:brakes,renault-grand-scenic,Brakes,3827,21240,18.0179,11.2525,6.7654,1.6012,low_sample,dvsa-2024-v2,motriskindex-families-2024-v5
fail-group:renault-grand-scenic:dvsa-2024-v2:visibility,renault-grand-scenic,Visibility,2419,21240,11.3889,8.3959,2.9930,1.3565,low_sample,dvsa-2024-v2,motriskindex-families-2024-v5
fail-group:renault-grand-scenic:dvsa-2024-v2:tyres,renault-grand-scenic,Tyres,2461,21240,11.5866,8.7011,2.8855,1.3316,low_sample,dvsa-2024-v2,motriskindex-families-2024-v5
fail-group:renault-grand-scenic:dvsa-2024-v2:body-chassis-structure,renault-grand-scenic,"Body, chassis, structure",1664,21240,7.8343,5.8011,2.0332,1.3505,low_sample,dvsa-2024-v2,motriskindex-families-2024-v5
fail-group:renault-grand-scenic:dvsa-2024-v2:steering,renault-grand-scenic,Steering,2360,21240,11.1111,3.4692,7.6419,3.2028,low_sample,dvsa-2024-v2,motriskindex-families-2024-v5
fail-group:renault-kadjar:dvsa-2024-v2:lamps-reflectors-and-electrical-equipment,renault-kadjar,"Lamps, reflectors and electrical equipment",5921,68977,8.5840,18.0899,-9.5059,0.4745,ok,dvsa-2024-v2,motriskindex-families-2024-v5
fail-group:renault-kadjar:dvsa-2024-v2:suspension,renault-kadjar,Suspension,7113,68977,10.3121,15.3574,-5.0452,0.6715,ok,dvsa-2024-v2,motriskindex-families-2024-v5
fail-group:renault-kadjar:dvsa-2024-v2:brakes,renault-kadjar,Brakes,4316,68977,6.2572,11.2525,-4.9953,0.5561,low_sample,dvsa-2024-v2,motriskindex-families-2024-v5
fail-group:renault-kadjar:dvsa-2024-v2:visibility,renault-kadjar,Visibility,4178,68977,6.0571,8.3959,-2.3388,0.7214,low_sample,dvsa-2024-v2,motriskindex-families-2024-v5
fail-group:renault-kadjar:dvsa-2024-v2:tyres,renault-kadjar,Tyres,6706,68977,9.7221,8.7011,1.0209,1.1173,ok,dvsa-2024-v2,motriskindex-families-2024-v5
fail-group:renault-kadjar:dvsa-2024-v2:steering,renault-kadjar,Steering,1444,68977,2.0935,3.4692,-1.3757,0.6034,low_sample,dvsa-2024-v2,motriskindex-families-2024-v5
fail-group:renault-kangoo:dvsa-2024-v2:lamps-reflectors-and-electrical-equipment,renault-kangoo,"Lamps, reflectors and electrical equipment",25011,56323,44.4064,18.0899,26.3165,2.4548,ok,dvsa-2024-v2,motriskindex-families-2024-v5
fail-group:renault-kangoo:dvsa-2024-v2:suspension,renault-kangoo,Suspension,12720,56323,22.5840,15.3574,7.2267,1.4706,ok,dvsa-2024-v2,motriskindex-families-2024-v5
fail-group:renault-kangoo:dvsa-2024-v2:brakes,renault-kangoo,Brakes,15081,56323,26.7759,11.2525,15.5235,2.3796,ok,dvsa-2024-v2,motriskindex-families-2024-v5
fail-group:renault-kangoo:dvsa-2024-v2:visibility,renault-kangoo,Visibility,11346,56323,20.1445,8.3959,11.7486,2.3993,ok,dvsa-2024-v2,motriskindex-families-2024-v5
fail-group:renault-kangoo:dvsa-2024-v2:tyres,renault-kangoo,Tyres,6449,56323,11.4500,8.7011,2.7489,1.3159,ok,dvsa-2024-v2,motriskindex-families-2024-v5
fail-group:renault-kangoo:dvsa-2024-v2:body-chassis-structure,renault-kangoo,"Body, chassis, structure",9410,56323,16.7072,5.8011,10.9061,2.8800,ok,dvsa-2024-v2,motriskindex-families-2024-v5
fail-group:renault-kangoo:dvsa-2024-v2:noise-emissions-and-leaks,renault-kangoo,"Noise, emissions and leaks",2093,56323,3.7161,3.6688,0.0472,1.0129,low_sample,dvsa-2024-v2,motriskindex-families-2024-v5
fail-group:renault-kangoo:dvsa-2024-v2:steering,renault-kangoo,Steering,7105,56323,12.6147,3.4692,9.1456,3.6362,ok,dvsa-2024-v2,motriskindex-families-2024-v5
fail-group:renault-kangoo:dvsa-2024-v2:seat-belts-and-supplementary-restraint-systems,renault-kangoo,Seat belts and supplementary restraint systems,1448,56323,2.5709,1.0195,1.5514,2.5218,low_sample,dvsa-2024-v2,motriskindex-families-2024-v5
fail-group:renault-laguna:dvsa-2024-v2:lamps-reflectors-and-electrical-equipment,renault-laguna,"Lamps, reflectors and electrical equipment",4433,9316,47.5848,18.0899,29.4949,2.6305,low_sample,dvsa-2024-v2,motriskindex-families-2024-v5
fail-group:renault-laguna:dvsa-2024-v2:suspension,renault-laguna,Suspension,3315,9316,35.5839,15.3574,20.2266,2.3171,low_sample,dvsa-2024-v2,motriskindex-families-2024-v5
fail-group:renault-laguna:dvsa-2024-v2:brakes,renault-laguna,Brakes,2389,9316,25.6441,11.2525,14.3916,2.2790,low_sample,dvsa-2024-v2,motriskindex-families-2024-v5
fail-group:renault-laguna:dvsa-2024-v2:visibility,renault-laguna,Visibility,1007,9316,10.8094,8.3959,2.4135,1.2875,low_sample,dvsa-2024-v2,motriskindex-families-2024-v5
fail-group:renault-laguna:dvsa-2024-v2:body-chassis-structure,renault-laguna,"Body, chassis, structure",1370,9316,14.7059,5.8011,8.9048,2.5350,low_sample,dvsa-2024-v2,motriskindex-families-2024-v5
fail-group:renault-master:dvsa-2024-v2:lamps-reflectors-and-electrical-equipment,renault-master,"Lamps, reflectors and electrical equipment",4963,15309,32.4188,18.0899,14.3289,1.7921,low_sample,dvsa-2024-v2,motriskindex-families-2024-v5
fail-group:renault-master:dvsa-2024-v2:suspension,renault-master,Suspension,2319,15309,15.1480,15.3574,-0.2094,0.9864,low_sample,dvsa-2024-v2,motriskindex-families-2024-v5
fail-group:renault-master:dvsa-2024-v2:brakes,renault-master,Brakes,4427,15309,28.9176,11.2525,17.6652,2.5699,low_sample,dvsa-2024-v2,motriskindex-families-2024-v5
fail-group:renault-master:dvsa-2024-v2:visibility,renault-master,Visibility,1914,15309,12.5024,8.3959,4.1066,1.4891,low_sample,dvsa-2024-v2,motriskindex-families-2024-v5
fail-group:renault-master:dvsa-2024-v2:body-chassis-structure,renault-master,"Body, chassis, structure",1820,15309,11.8884,5.8011,6.0873,2.0493,low_sample,dvsa-2024-v2,motriskindex-families-2024-v5
fail-group:renault-master:dvsa-2024-v2:steering,renault-master,Steering,1013,15309,6.6170,3.4692,3.1478,1.9074,low_sample,dvsa-2024-v2,motriskindex-families-2024-v5
fail-group:renault-megane:dvsa-2024-v2:lamps-reflectors-and-electrical-equipment,renault-megane,"Lamps, reflectors and electrical equipment",45848,103379,44.3494,18.0899,26.2595,2.4516,ok,dvsa-2024-v2,motriskindex-families-2024-v5
fail-group:renault-megane:dvsa-2024-v2:suspension,renault-megane,Suspension,31674,103379,30.6387,15.3574,15.2814,1.9951,ok,dvsa-2024-v2,motriskindex-families-2024-v5
fail-group:renault-megane:dvsa-2024-v2:brakes,renault-megane,Brakes,25665,103379,24.8261,11.2525,13.5737,2.2063,ok,dvsa-2024-v2,motriskindex-families-2024-v5
fail-group:renault-megane:dvsa-2024-v2:visibility,renault-megane,Visibility,10716,103379,10.3657,8.3959,1.9698,1.2346,ok,dvsa-2024-v2,motriskindex-families-2024-v5
fail-group:renault-megane:dvsa-2024-v2:tyres,renault-megane,Tyres,10783,103379,10.4306,8.7011,1.7294,1.1988,ok,dvsa-2024-v2,motriskindex-families-2024-v5
fail-group:renault-megane:dvsa-2024-v2:body-chassis-structure,renault-megane,"Body, chassis, structure",10229,103379,9.8947,5.8011,4.0935,1.7056,ok,dvsa-2024-v2,motriskindex-families-2024-v5
fail-group:renault-megane:dvsa-2024-v2:noise-emissions-and-leaks,renault-megane,"Noise, emissions and leaks",3557,103379,3.4407,3.6688,-0.2281,0.9378,low_sample,dvsa-2024-v2,motriskindex-families-2024-v5
fail-group:renault-megane:dvsa-2024-v2:steering,renault-megane,Steering,11195,103379,10.8291,3.4692,7.3599,3.1215,ok,dvsa-2024-v2,motriskindex-families-2024-v5
fail-group:renault-megane:dvsa-2024-v2:seat-belts-and-supplementary-restraint-systems,renault-megane,Seat belts and supplementary restraint systems,1654,103379,1.5999,1.0195,0.5805,1.5694,low_sample,dvsa-2024-v2,motriskindex-families-2024-v5
fail-group:renault-modus:dvsa-2024-v2:lamps-reflectors-and-electrical-equipment,renault-modus,"Lamps, reflectors and electrical equipment",7119,12021,59.2214,18.0899,41.1315,3.2737,ok,dvsa-2024-v2,motriskindex-families-2024-v5
fail-group:renault-modus:dvsa-2024-v2:suspension,renault-modus,Suspension,4092,12021,34.0404,15.3574,18.6831,2.2166,low_sample,dvsa-2024-v2,motriskindex-families-2024-v5
fail-group:renault-modus:dvsa-2024-v2:brakes,renault-modus,Brakes,2792,12021,23.2260,11.2525,11.9736,2.0641,low_sample,dvsa-2024-v2,motriskindex-families-2024-v5
fail-group:renault-modus:dvsa-2024-v2:visibility,renault-modus,Visibility,1336,12021,11.1139,8.3959,2.7180,1.3237,low_sample,dvsa-2024-v2,motriskindex-families-2024-v5
fail-group:renault-modus:dvsa-2024-v2:tyres,renault-modus,Tyres,1266,12021,10.5316,8.7011,1.8304,1.2104,low_sample,dvsa-2024-v2,motriskindex-families-2024-v5
fail-group:renault-modus:dvsa-2024-v2:steering,renault-modus,Steering,1220,12021,10.1489,3.4692,6.6797,2.9254,low_sample,dvsa-2024-v2,motriskindex-families-2024-v5
fail-group:renault-scenic:dvsa-2024-v2:lamps-reflectors-and-electrical-equipment,renault-scenic,"Lamps, reflectors and electrical equipment",16529,40449,40.8638,18.0899,22.7739,2.2589,ok,dvsa-2024-v2,motriskindex-families-2024-v5
fail-group:renault-scenic:dvsa-2024-v2:suspension,renault-scenic,Suspension,10822,40449,26.7547,15.3574,11.3973,1.7421,ok,dvsa-2024-v2,motriskindex-families-2024-v5
fail-group:renault-scenic:dvsa-2024-v2:brakes,renault-scenic,Brakes,8320,40449,20.5691,11.2525,9.3167,1.8280,ok,dvsa-2024-v2,motriskindex-families-2024-v5
fail-group:renault-scenic:dvsa-2024-v2:visibility,renault-scenic,Visibility,4586,40449,11.3377,8.3959,2.9418,1.3504,low_sample,dvsa-2024-v2,motriskindex-families-2024-v5
fail-group:renault-scenic:dvsa-2024-v2:tyres,renault-scenic,Tyres,3939,40449,9.7382,8.7011,1.0370,1.1192,low_sample,dvsa-2024-v2,motriskindex-families-2024-v5
fail-group:renault-scenic:dvsa-2024-v2:body-chassis-structure,renault-scenic,"Body, chassis, structure",4129,40449,10.2079,5.8011,4.4068,1.7596,low_sample,dvsa-2024-v2,motriskindex-families-2024-v5
fail-group:renault-scenic:dvsa-2024-v2:noise-emissions-and-leaks,renault-scenic,"Noise, emissions and leaks",1520,40449,3.7578,3.6688,0.0890,1.0243,low_sample,dvsa-2024-v2,motriskindex-families-2024-v5
fail-group:renault-scenic:dvsa-2024-v2:steering,renault-scenic,Steering,3953,40449,9.7728,3.4692,6.3036,2.8170,low_sample,dvsa-2024-v2,motriskindex-families-2024-v5
fail-group:renault-trafic:dvsa-2024-v2:lamps-reflectors-and-electrical-equipment,renault-trafic,"Lamps, reflectors and electrical equipment",32513,108132,30.0679,18.0899,11.9780,1.6621,ok,dvsa-2024-v2,motriskindex-families-2024-v5
fail-group:renault-trafic:dvsa-2024-v2:suspension,renault-trafic,Suspension,36276,108132,33.5479,15.3574,18.1905,2.1845,ok,dvsa-2024-v2,motriskindex-families-2024-v5
fail-group:renault-trafic:dvsa-2024-v2:brakes,renault-trafic,Brakes,27217,108132,25.1702,11.2525,13.9177,2.2369,ok,dvsa-2024-v2,motriskindex-families-2024-v5
fail-group:renault-trafic:dvsa-2024-v2:visibility,renault-trafic,Visibility,18326,108132,16.9478,8.3959,8.5519,2.0186,ok,dvsa-2024-v2,motriskindex-families-2024-v5
fail-group:renault-trafic:dvsa-2024-v2:tyres,renault-trafic,Tyres,7873,108132,7.2809,8.7011,-1.4202,0.8368,ok,dvsa-2024-v2,motriskindex-families-2024-v5
fail-group:renault-trafic:dvsa-2024-v2:body-chassis-structure,renault-trafic,"Body, chassis, structure",8979,108132,8.3037,5.8011,2.5026,1.4314,ok,dvsa-2024-v2,motriskindex-families-2024-v5
fail-group:renault-trafic:dvsa-2024-v2:noise-emissions-and-leaks,renault-trafic,"Noise, emissions and leaks",5646,108132,5.2214,3.6688,1.5526,1.4232,ok,dvsa-2024-v2,motriskindex-families-2024-v5
fail-group:renault-trafic:dvsa-2024-v2:steering,renault-trafic,Steering,16351,108132,15.1213,3.4692,11.6521,4.3588,ok,dvsa-2024-v2,motriskindex-families-2024-v5
fail-group:renault-trafic:dvsa-2024-v2:seat-belts-and-supplementary-restraint-systems,renault-trafic,Seat belts and supplementary restraint systems,2133,108132,1.9726,1.0195,0.9531,1.9349,low_sample,dvsa-2024-v2,motriskindex-families-2024-v5
fail-group:renault-twingo:dvsa-2024-v2:lamps-reflectors-and-electrical-equipment,renault-twingo,"Lamps, reflectors and electrical equipment",5656,25011,22.6140,18.0899,4.5242,1.2501,ok,dvsa-2024-v2,motriskindex-families-2024-v5
fail-group:renault-twingo:dvsa-2024-v2:suspension,renault-twingo,Suspension,6428,25011,25.7007,15.3574,10.3433,1.6735,ok,dvsa-2024-v2,motriskindex-families-2024-v5
fail-group:renault-twingo:dvsa-2024-v2:brakes,renault-twingo,Brakes,3282,25011,13.1222,11.2525,1.8698,1.1662,low_sample,dvsa-2024-v2,motriskindex-families-2024-v5
fail-group:renault-twingo:dvsa-2024-v2:visibility,renault-twingo,Visibility,2392,25011,9.5638,8.3959,1.1679,1.1391,low_sample,dvsa-2024-v2,motriskindex-families-2024-v5
fail-group:renault-twingo:dvsa-2024-v2:tyres,renault-twingo,Tyres,2648,25011,10.5873,8.7011,1.8862,1.2168,low_sample,dvsa-2024-v2,motriskindex-families-2024-v5
fail-group:renault-twingo:dvsa-2024-v2:body-chassis-structure,renault-twingo,"Body, chassis, structure",1188,25011,4.7499,5.8011,-1.0512,0.8188,low_sample,dvsa-2024-v2,motriskindex-families-2024-v5
fail-group:renault-twingo:dvsa-2024-v2:noise-emissions-and-leaks,renault-twingo,"Noise, emissions and leaks",1966,25011,7.8605,3.6688,4.1917,2.1425,low_sample,dvsa-2024-v2,motriskindex-families-2024-v5
fail-group:renault-twingo:dvsa-2024-v2:steering,renault-twingo,Steering,1406,25011,5.6215,3.4692,2.1523,1.6204,low_sample,dvsa-2024-v2,motriskindex-families-2024-v5
fail-group:renault-zoe:dvsa-2024-v2:lamps-reflectors-and-electrical-equipment,renault-zoe,"Lamps, reflectors and electrical equipment",1701,22018,7.7255,18.0899,-10.3644,0.4271,low_sample,dvsa-2024-v2,motriskindex-families-2024-v5
fail-group:renault-zoe:dvsa-2024-v2:suspension,renault-zoe,Suspension,2655,22018,12.0583,15.3574,-3.2990,0.7852,low_sample,dvsa-2024-v2,motriskindex-families-2024-v5
fail-group:renault-zoe:dvsa-2024-v2:tyres,renault-zoe,Tyres,2613,22018,11.8676,8.7011,3.1664,1.3639,low_sample,dvsa-2024-v2,motriskindex-families-2024-v5
fail-group:rover-75:dvsa-2024-v2:lamps-reflectors-and-electrical-equipment,rover-75,"Lamps, reflectors and electrical equipment",3035,7540,40.2520,18.0899,22.1621,2.2251,low_sample,dvsa-2024-v2,motriskindex-families-2024-v5
fail-group:rover-75:dvsa-2024-v2:suspension,rover-75,Suspension,3900,7540,51.7241,15.3574,36.3668,3.3680,low_sample,dvsa-2024-v2,motriskindex-families-2024-v5
fail-group:rover-75:dvsa-2024-v2:brakes,rover-75,Brakes,1776,7540,23.5544,11.2525,12.3019,2.0933,low_sample,dvsa-2024-v2,motriskindex-families-2024-v5
fail-group:rover-mini:dvsa-2024-v2:lamps-reflectors-and-electrical-equipment,rover-mini,"Lamps, reflectors and electrical equipment",2929,10968,26.7050,18.0899,8.6151,1.4762,low_sample,dvsa-2024-v2,motriskindex-families-2024-v5
fail-group:rover-mini:dvsa-2024-v2:suspension,rover-mini,Suspension,2054,10968,18.7272,15.3574,3.3699,1.2194,low_sample,dvsa-2024-v2,motriskindex-families-2024-v5
fail-group:rover-mini:dvsa-2024-v2:brakes,rover-mini,Brakes,1729,10968,15.7640,11.2525,4.5116,1.4009,low_sample,dvsa-2024-v2,motriskindex-families-2024-v5
fail-group:rover-mini:dvsa-2024-v2:body-chassis-structure,rover-mini,"Body, chassis, structure",1322,10968,12.0532,5.8011,6.2521,2.0777,low_sample,dvsa-2024-v2,motriskindex-families-2024-v5
fail-group:rover-mini:dvsa-2024-v2:noise-emissions-and-leaks,rover-mini,"Noise, emissions and leaks",1776,10968,16.1926,3.6688,12.5237,4.4136,low_sample,dvsa-2024-v2,motriskindex-families-2024-v5
fail-group:rover-mini:dvsa-2024-v2:steering,rover-mini,Steering,1026,10968,9.3545,3.4692,5.8853,2.6964,low_sample,dvsa-2024-v2,motriskindex-families-2024-v5
fail-group:saab-9-3:dvsa-2024-v2:lamps-reflectors-and-electrical-equipment,saab-9-3,"Lamps, reflectors and electrical equipment",10326,37861,27.2734,18.0899,9.1836,1.5077,ok,dvsa-2024-v2,motriskindex-families-2024-v5
fail-group:saab-9-3:dvsa-2024-v2:suspension,saab-9-3,Suspension,10943,37861,28.9031,15.3574,13.5457,1.8820,ok,dvsa-2024-v2,motriskindex-families-2024-v5
fail-group:saab-9-3:dvsa-2024-v2:brakes,saab-9-3,Brakes,6940,37861,18.3302,11.2525,7.0778,1.6290,ok,dvsa-2024-v2,motriskindex-families-2024-v5
fail-group:saab-9-3:dvsa-2024-v2:visibility,saab-9-3,Visibility,4159,37861,10.9849,8.3959,2.5890,1.3084,low_sample,dvsa-2024-v2,motriskindex-families-2024-v5
fail-group:saab-9-3:dvsa-2024-v2:tyres,saab-9-3,Tyres,3497,37861,9.2364,8.7011,0.5353,1.0615,low_sample,dvsa-2024-v2,motriskindex-families-2024-v5
fail-group:saab-9-3:dvsa-2024-v2:body-chassis-structure,saab-9-3,"Body, chassis, structure",3599,37861,9.5058,5.8011,3.7047,1.6386,low_sample,dvsa-2024-v2,motriskindex-families-2024-v5
fail-group:saab-9-3:dvsa-2024-v2:noise-emissions-and-leaks,saab-9-3,"Noise, emissions and leaks",2388,37861,6.3073,3.6688,2.6385,1.7192,low_sample,dvsa-2024-v2,motriskindex-families-2024-v5
fail-group:saab-9-3:dvsa-2024-v2:steering,saab-9-3,Steering,1400,37861,3.6977,3.4692,0.2285,1.0659,low_sample,dvsa-2024-v2,motriskindex-families-2024-v5
fail-group:saab-9-5:dvsa-2024-v2:lamps-reflectors-and-electrical-equipment,saab-9-5,"Lamps, reflectors and electrical equipment",2397,7998,29.9700,18.0899,11.8801,1.6567,low_sample,dvsa-2024-v2,motriskindex-families-2024-v5
fail-group:saab-9-5:dvsa-2024-v2:suspension,saab-9-5,Suspension,1617,7998,20.2176,15.3574,4.8602,1.3165,low_sample,dvsa-2024-v2,motriskindex-families-2024-v5
fail-group:saab-9-5:dvsa-2024-v2:brakes,saab-9-5,Brakes,1518,7998,18.9797,11.2525,7.7273,1.6867,low_sample,dvsa-2024-v2,motriskindex-families-2024-v5
fail-group:seat-alhambra:dvsa-2024-v2:lamps-reflectors-and-electrical-equipment,seat-alhambra,"Lamps, reflectors and electrical equipment",2718,27380,9.9270,18.0899,-8.1629,0.5488,low_sample,dvsa-2024-v2,motriskindex-families-2024-v5
fail-group:seat-alhambra:dvsa-2024-v2:suspension,seat-alhambra,Suspension,4829,27380,17.6370,15.3574,2.2796,1.1484,low_sample,dvsa-2024-v2,motriskindex-families-2024-v5
fail-group:seat-alhambra:dvsa-2024-v2:brakes,seat-alhambra,Brakes,2196,27380,8.0205,11.2525,-3.2320,0.7128,low_sample,dvsa-2024-v2,motriskindex-families-2024-v5
fail-group:seat-alhambra:dvsa-2024-v2:visibility,seat-alhambra,Visibility,1848,27380,6.7495,8.3959,-1.6464,0.8039,low_sample,dvsa-2024-v2,motriskindex-families-2024-v5
fail-group:seat-alhambra:dvsa-2024-v2:tyres,seat-alhambra,Tyres,3527,27380,12.8817,8.7011,4.1805,1.4805,low_sample,dvsa-2024-v2,motriskindex-families-2024-v5
fail-group:seat-alhambra:dvsa-2024-v2:body-chassis-structure,seat-alhambra,"Body, chassis, structure",1542,27380,5.6318,5.8011,-0.1693,0.9708,low_sample,dvsa-2024-v2,motriskindex-families-2024-v5
fail-group:seat-altea:dvsa-2024-v2:lamps-reflectors-and-electrical-equipment,seat-altea,"Lamps, reflectors and electrical equipment",4467,14538,30.7264,18.0899,12.6365,1.6985,low_sample,dvsa-2024-v2,motriskindex-families-2024-v5
fail-group:seat-altea:dvsa-2024-v2:suspension,seat-altea,Suspension,4835,14538,33.2577,15.3574,17.9003,2.1656,low_sample,dvsa-2024-v2,motriskindex-families-2024-v5
fail-group:seat-altea:dvsa-2024-v2:brakes,seat-altea,Brakes,3137,14538,21.5779,11.2525,10.3255,1.9176,low_sample,dvsa-2024-v2,motriskindex-families-2024-v5
fail-group:seat-altea:dvsa-2024-v2:visibility,seat-altea,Visibility,1448,14538,9.9601,8.3959,1.5642,1.1863,low_sample,dvsa-2024-v2,motriskindex-families-2024-v5
fail-group:seat-altea:dvsa-2024-v2:tyres,seat-altea,Tyres,1673,14538,11.5078,8.7011,2.8066,1.3226,low_sample,dvsa-2024-v2,motriskindex-families-2024-v5
fail-group:seat-altea:dvsa-2024-v2:body-chassis-structure,seat-altea,"Body, chassis, structure",2620,14538,18.0217,5.8011,12.2206,3.1066,low_sample,dvsa-2024-v2,motriskindex-families-2024-v5
fail-group:seat-altea:dvsa-2024-v2:noise-emissions-and-leaks,seat-altea,"Noise, emissions and leaks",1072,14538,7.3738,3.6688,3.7050,2.0098,low_sample,dvsa-2024-v2,motriskindex-families-2024-v5
fail-group:seat-arona:dvsa-2024-v2:brakes,seat-arona,Brakes,3458,50672,6.8243,11.2525,-4.4282,0.6065,low_sample,dvsa-2024-v2,motriskindex-families-2024-v5
fail-group:seat-arona:dvsa-2024-v2:visibility,seat-arona,Visibility,1614,50672,3.1852,8.3959,-5.2107,0.3794,low_sample,dvsa-2024-v2,motriskindex-families-2024-v5
fail-group:seat-arona:dvsa-2024-v2:tyres,seat-arona,Tyres,3249,50672,6.4118,8.7011,-2.2893,0.7369,low_sample,dvsa-2024-v2,motriskindex-families-2024-v5
fail-group:seat-arona:dvsa-2024-v2:steering,seat-arona,Steering,4181,50672,8.2511,3.4692,4.7819,2.3784,low_sample,dvsa-2024-v2,motriskindex-families-2024-v5
fail-group:seat-ateca:dvsa-2024-v2:brakes,seat-ateca,Brakes,1583,47498,3.3328,11.2525,-7.9197,0.2962,low_sample,dvsa-2024-v2,motriskindex-families-2024-v5
fail-group:seat-ateca:dvsa-2024-v2:visibility,seat-ateca,Visibility,1862,47498,3.9202,8.3959,-4.4757,0.4669,low_sample,dvsa-2024-v2,motriskindex-families-2024-v5
fail-group:seat-ateca:dvsa-2024-v2:tyres,seat-ateca,Tyres,3003,47498,6.3224,8.7011,-2.3788,0.7266,low_sample,dvsa-2024-v2,motriskindex-families-2024-v5
fail-group:seat-ibiza:dvsa-2024-v2:lamps-reflectors-and-electrical-equipment,seat-ibiza,"Lamps, reflectors and electrical equipment",30971,194276,15.9418,18.0899,-2.1481,0.8813,ok,dvsa-2024-v2,motriskindex-families-2024-v5
fail-group:seat-ibiza:dvsa-2024-v2:suspension,seat-ibiza,Suspension,39078,194276,20.1147,15.3574,4.7573,1.3098,ok,dvsa-2024-v2,motriskindex-families-2024-v5
fail-group:seat-ibiza:dvsa-2024-v2:brakes,seat-ibiza,Brakes,30405,194276,15.6504,11.2525,4.3980,1.3908,ok,dvsa-2024-v2,motriskindex-families-2024-v5
fail-group:seat-ibiza:dvsa-2024-v2:visibility,seat-ibiza,Visibility,18162,194276,9.3486,8.3959,0.9527,1.1135,ok,dvsa-2024-v2,motriskindex-families-2024-v5
fail-group:seat-ibiza:dvsa-2024-v2:tyres,seat-ibiza,Tyres,22278,194276,11.4672,8.7011,2.7660,1.3179,ok,dvsa-2024-v2,motriskindex-families-2024-v5
fail-group:seat-ibiza:dvsa-2024-v2:body-chassis-structure,seat-ibiza,"Body, chassis, structure",13141,194276,6.7641,5.8011,0.9630,1.1660,ok,dvsa-2024-v2,motriskindex-families-2024-v5
fail-group:seat-ibiza:dvsa-2024-v2:noise-emissions-and-leaks,seat-ibiza,"Noise, emissions and leaks",9338,194276,4.8066,3.6688,1.1377,1.3101,ok,dvsa-2024-v2,motriskindex-families-2024-v5
fail-group:seat-ibiza:dvsa-2024-v2:steering,seat-ibiza,Steering,16496,194276,8.4910,3.4692,5.0218,2.4476,ok,dvsa-2024-v2,motriskindex-families-2024-v5
fail-group:seat-ibiza:dvsa-2024-v2:seat-belts-and-supplementary-restraint-systems,seat-ibiza,Seat belts and supplementary restraint systems,1620,194276,0.8339,1.0195,-0.1856,0.8179,low_sample,dvsa-2024-v2,motriskindex-families-2024-v5
fail-group:seat-leon:dvsa-2024-v2:lamps-reflectors-and-electrical-equipment,seat-leon,"Lamps, reflectors and electrical equipment",17986,188729,9.5301,18.0899,-8.5598,0.5268,ok,dvsa-2024-v2,motriskindex-families-2024-v5
fail-group:seat-leon:dvsa-2024-v2:suspension,seat-leon,Suspension,22900,188729,12.1338,15.3574,-3.2236,0.7901,ok,dvsa-2024-v2,motriskindex-families-2024-v5
fail-group:seat-leon:dvsa-2024-v2:brakes,seat-leon,Brakes,16114,188729,8.5382,11.2525,-2.7143,0.7588,ok,dvsa-2024-v2,motriskindex-families-2024-v5
fail-group:seat-leon:dvsa-2024-v2:visibility,seat-leon,Visibility,12238,188729,6.4844,8.3959,-1.9115,0.7723,ok,dvsa-2024-v2,motriskindex-families-2024-v5
fail-group:seat-leon:dvsa-2024-v2:tyres,seat-leon,Tyres,17391,188729,9.2148,8.7011,0.5137,1.0590,ok,dvsa-2024-v2,motriskindex-families-2024-v5
fail-group:seat-leon:dvsa-2024-v2:body-chassis-structure,seat-leon,"Body, chassis, structure",8002,188729,4.2399,5.8011,-1.5612,0.7309,ok,dvsa-2024-v2,motriskindex-families-2024-v5
fail-group:seat-leon:dvsa-2024-v2:noise-emissions-and-leaks,seat-leon,"Noise, emissions and leaks",5690,188729,3.0149,3.6688,-0.6539,0.8218,ok,dvsa-2024-v2,motriskindex-families-2024-v5
fail-group:seat-leon:dvsa-2024-v2:steering,seat-leon,Steering,2148,188729,1.1381,3.4692,-2.3310,0.3281,low_sample,dvsa-2024-v2,motriskindex-families-2024-v5
fail-group:seat-leon:dvsa-2024-v2:seat-belts-and-supplementary-restraint-systems,seat-leon,Seat belts and supplementary restraint systems,1240,188729,0.6570,1.0195,-0.3624,0.6445,low_sample,dvsa-2024-v2,motriskindex-families-2024-v5
fail-group:seat-mii:dvsa-2024-v2:lamps-reflectors-and-electrical-equipment,seat-mii,"Lamps, reflectors and electrical equipment",1208,18865,6.4034,18.0899,-11.6865,0.3540,low_sample,dvsa-2024-v2,motriskindex-families-2024-v5
fail-group:seat-mii:dvsa-2024-v2:brakes,seat-mii,Brakes,1807,18865,9.5786,11.2525,-1.6739,0.8512,low_sample,dvsa-2024-v2,motriskindex-families-2024-v5
fail-group:seat-mii:dvsa-2024-v2:visibility,seat-mii,Visibility,1085,18865,5.7514,8.3959,-2.6445,0.6850,low_sample,dvsa-2024-v2,motriskindex-families-2024-v5
fail-group:seat-mii:dvsa-2024-v2:tyres,seat-mii,Tyres,1127,18865,5.9740,8.7011,-2.7271,0.6866,low_sample,dvsa-2024-v2,motriskindex-families-2024-v5
fail-group:seat-toledo:dvsa-2024-v2:suspension,seat-toledo,Suspension,1191,5976,19.9297,15.3574,4.5724,1.2977,low_sample,dvsa-2024-v2,motriskindex-families-2024-v5
fail-group:skoda-citigo:dvsa-2024-v2:lamps-reflectors-and-electrical-equipment,skoda-citigo,"Lamps, reflectors and electrical equipment",2565,52407,4.8944,18.0899,-13.1955,0.2706,low_sample,dvsa-2024-v2,motriskindex-families-2024-v5
fail-group:skoda-citigo:dvsa-2024-v2:suspension,skoda-citigo,Suspension,2189,52407,4.1769,15.3574,-11.1804,0.2720,low_sample,dvsa-2024-v2,motriskindex-families-2024-v5
fail-group:skoda-citigo:dvsa-2024-v2:brakes,skoda-citigo,Brakes,4513,52407,8.6114,11.2525,-2.6410,0.7653,low_sample,dvsa-2024-v2,motriskindex-families-2024-v5
fail-group:skoda-citigo:dvsa-2024-v2:visibility,skoda-citigo,Visibility,3049,52407,5.8179,8.3959,-2.5780,0.6929,low_sample,dvsa-2024-v2,motriskindex-families-2024-v5
fail-group:skoda-citigo:dvsa-2024-v2:tyres,skoda-citigo,Tyres,2637,52407,5.0318,8.7011,-3.6694,0.5783,low_sample,dvsa-2024-v2,motriskindex-families-2024-v5
fail-group:skoda-citigo:dvsa-2024-v2:body-chassis-structure,skoda-citigo,"Body, chassis, structure",1096,52407,2.0913,5.8011,-3.7098,0.3605,low_sample,dvsa-2024-v2,motriskindex-families-2024-v5
fail-group:skoda-citigo:dvsa-2024-v2:noise-emissions-and-leaks,skoda-citigo,"Noise, emissions and leaks",2068,52407,3.9460,3.6688,0.2772,1.0756,low_sample,dvsa-2024-v2,motriskindex-families-2024-v5
fail-group:skoda-fabia:dvsa-2024-v2:lamps-reflectors-and-electrical-equipment,skoda-fabia,"Lamps, reflectors and electrical equipment",39228,233548,16.7965,18.0899,-1.2933,0.9285,ok,dvsa-2024-v2,motriskindex-families-2024-v5
fail-group:skoda-fabia:dvsa-2024-v2:suspension,skoda-fabia,Suspension,36819,233548,15.7651,15.3574,0.4077,1.0265,ok,dvsa-2024-v2,motriskindex-families-2024-v5
fail-group:skoda-fabia:dvsa-2024-v2:brakes,skoda-fabia,Brakes,33195,233548,14.2134,11.2525,2.9609,1.2631,ok,dvsa-2024-v2,motriskindex-families-2024-v5
fail-group:skoda-fabia:dvsa-2024-v2:visibility,skoda-fabia,Visibility,18014,233548,7.7132,8.3959,-0.6827,0.9187,ok,dvsa-2024-v2,motriskindex-families-2024-v5
fail-group:skoda-fabia:dvsa-2024-v2:tyres,skoda-fabia,Tyres,20667,233548,8.8491,8.7011,0.1480,1.0170,ok,dvsa-2024-v2,motriskindex-families-2024-v5
fail-group:skoda-fabia:dvsa-2024-v2:body-chassis-structure,skoda-fabia,"Body, chassis, structure",19661,233548,8.4184,5.8011,2.6173,1.4512,ok,dvsa-2024-v2,motriskindex-families-2024-v5
fail-group:skoda-fabia:dvsa-2024-v2:noise-emissions-and-leaks,skoda-fabia,"Noise, emissions and leaks",10830,233548,4.6372,3.6688,0.9683,1.2639,ok,dvsa-2024-v2,motriskindex-families-2024-v5
fail-group:skoda-fabia:dvsa-2024-v2:steering,skoda-fabia,Steering,6292,233548,2.6941,3.4692,-0.7751,0.7766,ok,dvsa-2024-v2,motriskindex-families-2024-v5
fail-group:skoda-fabia:dvsa-2024-v2:seat-belts-and-supplementary-restraint-systems,skoda-fabia,Seat belts and supplementary restraint systems,2123,233548,0.9090,1.0195,-0.1105,0.8917,low_sample,dvsa-2024-v2,motriskindex-families-2024-v5
fail-group:skoda-kamiq:dvsa-2024-v2:brakes,skoda-kamiq,Brakes,1177,16381,7.1852,11.2525,-4.0673,0.6385,low_sample,dvsa-2024-v2,motriskindex-families-2024-v5
fail-group:skoda-karoq:dvsa-2024-v2:suspension,skoda-karoq,Suspension,1149,53001,2.1679,15.3574,-13.1895,0.1412,low_sample,dvsa-2024-v2,motriskindex-families-2024-v5
fail-group:skoda-karoq:dvsa-2024-v2:brakes,skoda-karoq,Brakes,1185,53001,2.2358,11.2525,-9.0166,0.1987,low_sample,dvsa-2024-v2,motriskindex-families-2024-v5
fail-group:skoda-karoq:dvsa-2024-v2:visibility,skoda-karoq,Visibility,1704,53001,3.2150,8.3959,-5.1809,0.3829,low_sample,dvsa-2024-v2,motriskindex-families-2024-v5
fail-group:skoda-karoq:dvsa-2024-v2:tyres,skoda-karoq,Tyres,2990,53001,5.6414,8.7011,-3.0597,0.6484,low_sample,dvsa-2024-v2,motriskindex-families-2024-v5
fail-group:skoda-kodiaq:dvsa-2024-v2:brakes,skoda-kodiaq,Brakes,1394,37481,3.7192,11.2525,-7.5332,0.3305,low_sample,dvsa-2024-v2,motriskindex-families-2024-v5
fail-group:skoda-kodiaq:dvsa-2024-v2:visibility,skoda-kodiaq,Visibility,1827,37481,4.8745,8.3959,-3.5214,0.5806,low_sample,dvsa-2024-v2,motriskindex-families-2024-v5
fail-group:skoda-kodiaq:dvsa-2024-v2:tyres,skoda-kodiaq,Tyres,2030,37481,5.4161,8.7011,-3.2851,0.6225,low_sample,dvsa-2024-v2,motriskindex-families-2024-v5
fail-group:skoda-octavia:dvsa-2024-v2:lamps-reflectors-and-electrical-equipment,skoda-octavia,"Lamps, reflectors and electrical equipment",27660,205251,13.4762,18.0899,-4.6137,0.7450,ok,dvsa-2024-v2,motriskindex-families-2024-v5
fail-group:skoda-octavia:dvsa-2024-v2:suspension,skoda-octavia,Suspension,30013,205251,14.6226,15.3574,-0.7348,0.9522,ok,dvsa-2024-v2,motriskindex-families-2024-v5
fail-group:skoda-octavia:dvsa-2024-v2:brakes,skoda-octavia,Brakes,18548,205251,9.0367,11.2525,-2.2157,0.8031,ok,dvsa-2024-v2,motriskindex-families-2024-v5
fail-group:skoda-octavia:dvsa-2024-v2:visibility,skoda-octavia,Visibility,12416,205251,6.0492,8.3959,-2.3467,0.7205,ok,dvsa-2024-v2,motriskindex-families-2024-v5
fail-group:skoda-octavia:dvsa-2024-v2:tyres,skoda-octavia,Tyres,17570,205251,8.5603,8.7011,-0.1409,0.9838,ok,dvsa-2024-v2,motriskindex-families-2024-v5
fail-group:skoda-octavia:dvsa-2024-v2:body-chassis-structure,skoda-octavia,"Body, chassis, structure",9296,205251,4.5291,5.8011,-1.2720,0.7807,ok,dvsa-2024-v2,motriskindex-families-2024-v5
fail-group:skoda-octavia:dvsa-2024-v2:noise-emissions-and-leaks,skoda-octavia,"Noise, emissions and leaks",5899,205251,2.8740,3.6688,-0.7948,0.7834,ok,dvsa-2024-v2,motriskindex-families-2024-v5
fail-group:skoda-octavia:dvsa-2024-v2:steering,skoda-octavia,Steering,3043,205251,1.4826,3.4692,-1.9866,0.4274,low_sample,dvsa-2024-v2,motriskindex-families-2024-v5
fail-group:skoda-octavia:dvsa-2024-v2:seat-belts-and-supplementary-restraint-systems,skoda-octavia,Seat belts and supplementary restraint systems,2170,205251,1.0572,1.0195,0.0378,1.0370,low_sample,dvsa-2024-v2,motriskindex-families-2024-v5
fail-group:skoda-rapid:dvsa-2024-v2:lamps-reflectors-and-electrical-equipment,skoda-rapid,"Lamps, reflectors and electrical equipment",1911,22303,8.5684,18.0899,-9.5215,0.4737,low_sample,dvsa-2024-v2,motriskindex-families-2024-v5
fail-group:skoda-rapid:dvsa-2024-v2:suspension,skoda-rapid,Suspension,3369,22303,15.1056,15.3574,-0.2518,0.9836,low_sample,dvsa-2024-v2,motriskindex-families-2024-v5
fail-group:skoda-rapid:dvsa-2024-v2:brakes,skoda-rapid,Brakes,1940,22303,8.6984,11.2525,-2.5541,0.7730,low_sample,dvsa-2024-v2,motriskindex-families-2024-v5
fail-group:skoda-rapid:dvsa-2024-v2:visibility,skoda-rapid,Visibility,1221,22303,5.4746,8.3959,-2.9213,0.6521,low_sample,dvsa-2024-v2,motriskindex-families-2024-v5
fail-group:skoda-rapid:dvsa-2024-v2:tyres,skoda-rapid,Tyres,2273,22303,10.1915,8.7011,1.4903,1.1713,low_sample,dvsa-2024-v2,motriskindex-families-2024-v5
fail-group:skoda-roomster:dvsa-2024-v2:lamps-reflectors-and-electrical-equipment,skoda-roomster,"Lamps, reflectors and electrical equipment",4748,18403,25.8001,18.0899,7.7103,1.4262,low_sample,dvsa-2024-v2,motriskindex-families-2024-v5
fail-group:skoda-roomster:dvsa-2024-v2:suspension,skoda-roomster,Suspension,3730,18403,20.2684,15.3574,4.9111,1.3198,low_sample,dvsa-2024-v2,motriskindex-families-2024-v5
fail-group:skoda-roomster:dvsa-2024-v2:brakes,skoda-roomster,Brakes,3064,18403,16.6495,11.2525,5.3970,1.4796,low_sample,dvsa-2024-v2,motriskindex-families-2024-v5
fail-group:skoda-roomster:dvsa-2024-v2:visibility,skoda-roomster,Visibility,1359,18403,7.3847,8.3959,-1.0112,0.8796,low_sample,dvsa-2024-v2,motriskindex-families-2024-v5
fail-group:skoda-roomster:dvsa-2024-v2:tyres,skoda-roomster,Tyres,1885,18403,10.2429,8.7011,1.5417,1.1772,low_sample,dvsa-2024-v2,motriskindex-families-2024-v5
fail-group:skoda-roomster:dvsa-2024-v2:body-chassis-structure,skoda-roomster,"Body, chassis, structure",2633,18403,14.3074,5.8011,8.5063,2.4663,low_sample,dvsa-2024-v2,motriskindex-families-2024-v5
fail-group:skoda-superb:dvsa-2024-v2:lamps-reflectors-and-electrical-equipment,skoda-superb,"Lamps, reflectors and electrical equipment",5023,65281,7.6944,18.0899,-10.3955,0.4253,ok,dvsa-2024-v2,motriskindex-families-2024-v5
fail-group:skoda-superb:dvsa-2024-v2:suspension,skoda-superb,Suspension,8256,65281,12.6469,15.3574,-2.7105,0.8235,ok,dvsa-2024-v2,motriskindex-families-2024-v5
fail-group:skoda-superb:dvsa-2024-v2:brakes,skoda-superb,Brakes,3632,65281,5.5636,11.2525,-5.6888,0.4944,low_sample,dvsa-2024-v2,motriskindex-families-2024-v5
fail-group:skoda-superb:dvsa-2024-v2:visibility,skoda-superb,Visibility,3848,65281,5.8945,8.3959,-2.5014,0.7021,low_sample,dvsa-2024-v2,motriskindex-families-2024-v5
fail-group:skoda-superb:dvsa-2024-v2:tyres,skoda-superb,Tyres,6760,65281,10.3552,8.7011,1.6541,1.1901,ok,dvsa-2024-v2,motriskindex-families-2024-v5
fail-group:skoda-superb:dvsa-2024-v2:body-chassis-structure,skoda-superb,"Body, chassis, structure",1252,65281,1.9179,5.8011,-3.8833,0.3306,low_sample,dvsa-2024-v2,motriskindex-families-2024-v5
fail-group:skoda-superb:dvsa-2024-v2:noise-emissions-and-leaks,skoda-superb,"Noise, emissions and leaks",1122,65281,1.7187,3.6688,-1.9501,0.4685,low_sample,dvsa-2024-v2,motriskindex-families-2024-v5
fail-group:skoda-yeti:dvsa-2024-v2:lamps-reflectors-and-electrical-equipment,skoda-yeti,"Lamps, reflectors and electrical equipment",5988,75713,7.9088,18.0899,-10.1811,0.4372,ok,dvsa-2024-v2,motriskindex-families-2024-v5
fail-group:skoda-yeti:dvsa-2024-v2:suspension,skoda-yeti,Suspension,11262,75713,14.8746,15.3574,-0.4828,0.9686,ok,dvsa-2024-v2,motriskindex-families-2024-v5
fail-group:skoda-yeti:dvsa-2024-v2:brakes,skoda-yeti,Brakes,6249,75713,8.2535,11.2525,-2.9989,0.7335,ok,dvsa-2024-v2,motriskindex-families-2024-v5
fail-group:skoda-yeti:dvsa-2024-v2:visibility,skoda-yeti,Visibility,3575,75713,4.7218,8.3959,-3.6741,0.5624,low_sample,dvsa-2024-v2,motriskindex-families-2024-v5
fail-group:skoda-yeti:dvsa-2024-v2:tyres,skoda-yeti,Tyres,4638,75713,6.1258,8.7011,-2.5754,0.7040,low_sample,dvsa-2024-v2,motriskindex-families-2024-v5
fail-group:skoda-yeti:dvsa-2024-v2:body-chassis-structure,skoda-yeti,"Body, chassis, structure",3123,75713,4.1248,5.8011,-1.6763,0.7110,low_sample,dvsa-2024-v2,motriskindex-families-2024-v5
fail-group:skoda-yeti:dvsa-2024-v2:noise-emissions-and-leaks,skoda-yeti,"Noise, emissions and leaks",1388,75713,1.8332,3.6688,-1.8356,0.4997,low_sample,dvsa-2024-v2,motriskindex-families-2024-v5
fail-group:smart-city-review-c3a2a143:dvsa-2024-v2:lamps-reflectors-and-electrical-equipment,smart-city-review-c3a2a143,"Lamps, reflectors and electrical equipment",2344,4878,48.0525,18.0899,29.9626,2.6563,low_sample,dvsa-2024-v2,motriskindex-families-2024-v5
fail-group:smart-forfour:dvsa-2024-v2:lamps-reflectors-and-electrical-equipment,smart-forfour,"Lamps, reflectors and electrical equipment",3210,23936,13.4108,18.0899,-4.6791,0.7413,low_sample,dvsa-2024-v2,motriskindex-families-2024-v5
fail-group:smart-forfour:dvsa-2024-v2:suspension,smart-forfour,Suspension,2471,23936,10.3234,15.3574,-5.0340,0.6722,low_sample,dvsa-2024-v2,motriskindex-families-2024-v5
fail-group:smart-forfour:dvsa-2024-v2:brakes,smart-forfour,Brakes,1462,23936,6.1080,11.2525,-5.1445,0.5428,low_sample,dvsa-2024-v2,motriskindex-families-2024-v5
fail-group:smart-forfour:dvsa-2024-v2:visibility,smart-forfour,Visibility,1938,23936,8.0966,8.3959,-0.2993,0.9644,low_sample,dvsa-2024-v2,motriskindex-families-2024-v5
fail-group:smart-forfour:dvsa-2024-v2:tyres,smart-forfour,Tyres,2568,23936,10.7286,8.7011,2.0275,1.2330,low_sample,dvsa-2024-v2,motriskindex-families-2024-v5
fail-group:smart-forfour:dvsa-2024-v2:noise-emissions-and-leaks,smart-forfour,"Noise, emissions and leaks",1498,23936,6.2584,3.6688,2.5895,1.7058,low_sample,dvsa-2024-v2,motriskindex-families-2024-v5
fail-group:smart-fortwo:dvsa-2024-v2:lamps-reflectors-and-electrical-equipment,smart-fortwo,"Lamps, reflectors and electrical equipment",8254,51770,15.9436,18.0899,-2.1463,0.8814,ok,dvsa-2024-v2,motriskindex-families-2024-v5
fail-group:smart-fortwo:dvsa-2024-v2:suspension,smart-fortwo,Suspension,5517,51770,10.6568,15.3574,-4.7006,0.6939,ok,dvsa-2024-v2,motriskindex-families-2024-v5
fail-group:smart-fortwo:dvsa-2024-v2:brakes,smart-fortwo,Brakes,5609,51770,10.8345,11.2525,-0.4180,0.9629,ok,dvsa-2024-v2,motriskindex-families-2024-v5
fail-group:smart-fortwo:dvsa-2024-v2:visibility,smart-fortwo,Visibility,4274,51770,8.2557,8.3959,-0.1401,0.9833,low_sample,dvsa-2024-v2,motriskindex-families-2024-v5
fail-group:smart-fortwo:dvsa-2024-v2:tyres,smart-fortwo,Tyres,4062,51770,7.8462,8.7011,-0.8549,0.9017,low_sample,dvsa-2024-v2,motriskindex-families-2024-v5
fail-group:smart-fortwo:dvsa-2024-v2:body-chassis-structure,smart-fortwo,"Body, chassis, structure",1435,51770,2.7719,5.8011,-3.0292,0.4778,low_sample,dvsa-2024-v2,motriskindex-families-2024-v5
fail-group:smart-fortwo:dvsa-2024-v2:noise-emissions-and-leaks,smart-fortwo,"Noise, emissions and leaks",2702,51770,5.2192,3.6688,1.5504,1.4226,low_sample,dvsa-2024-v2,motriskindex-families-2024-v5
fail-group:ssangyong-korando:dvsa-2024-v2:lamps-reflectors-and-electrical-equipment,ssangyong-korando,"Lamps, reflectors and electrical equipment",2190,8242,26.5712,18.0899,8.4813,1.4688,low_sample,dvsa-2024-v2,motriskindex-families-2024-v5
fail-group:ssangyong-korando:dvsa-2024-v2:suspension,ssangyong-korando,Suspension,1159,8242,14.0621,15.3574,-1.2952,0.9157,low_sample,dvsa-2024-v2,motriskindex-families-2024-v5
fail-group:ssangyong-korando:dvsa-2024-v2:brakes,ssangyong-korando,Brakes,1907,8242,23.1376,11.2525,11.8851,2.0562,low_sample,dvsa-2024-v2,motriskindex-families-2024-v5
fail-group:ssangyong-rexton:dvsa-2024-v2:lamps-reflectors-and-electrical-equipment,ssangyong-rexton,"Lamps, reflectors and electrical equipment",1121,3553,31.5508,18.0899,13.4609,1.7441,low_sample,dvsa-2024-v2,motriskindex-families-2024-v5
fail-group:ssangyong-rexton:dvsa-2024-v2:suspension,ssangyong-rexton,Suspension,1008,3553,28.3704,15.3574,13.0130,1.8473,low_sample,dvsa-2024-v2,motriskindex-families-2024-v5
fail-group:ssangyong-tivoli:dvsa-2024-v2:lamps-reflectors-and-electrical-equipment,ssangyong-tivoli,"Lamps, reflectors and electrical equipment",1443,7218,19.9917,18.0899,1.9018,1.1051,low_sample,dvsa-2024-v2,motriskindex-families-2024-v5
fail-group:subaru-forester:dvsa-2024-v2:lamps-reflectors-and-electrical-equipment,subaru-forester,"Lamps, reflectors and electrical equipment",3705,16244,22.8084,18.0899,4.7185,1.2608,low_sample,dvsa-2024-v2,motriskindex-families-2024-v5
fail-group:subaru-forester:dvsa-2024-v2:suspension,subaru-forester,Suspension,4502,16244,27.7148,15.3574,12.3575,1.8047,low_sample,dvsa-2024-v2,motriskindex-families-2024-v5
fail-group:subaru-forester:dvsa-2024-v2:brakes,subaru-forester,Brakes,1683,16244,10.3607,11.2525,-0.8917,0.9208,low_sample,dvsa-2024-v2,motriskindex-families-2024-v5
fail-group:subaru-forester:dvsa-2024-v2:visibility,subaru-forester,Visibility,1588,16244,9.7759,8.3959,1.3800,1.1644,low_sample,dvsa-2024-v2,motriskindex-families-2024-v5
fail-group:subaru-forester:dvsa-2024-v2:body-chassis-structure,subaru-forester,"Body, chassis, structure",1052,16244,6.4762,5.8011,0.6751,1.1164,low_sample,dvsa-2024-v2,motriskindex-families-2024-v5
fail-group:subaru-forester:dvsa-2024-v2:noise-emissions-and-leaks,subaru-forester,"Noise, emissions and leaks",1089,16244,6.7040,3.6688,3.0352,1.8273,low_sample,dvsa-2024-v2,motriskindex-families-2024-v5
fail-group:subaru-impreza:dvsa-2024-v2:lamps-reflectors-and-electrical-equipment,subaru-impreza,"Lamps, reflectors and electrical equipment",3951,17962,21.9964,18.0899,3.9065,1.2160,low_sample,dvsa-2024-v2,motriskindex-families-2024-v5
fail-group:subaru-impreza:dvsa-2024-v2:suspension,subaru-impreza,Suspension,3551,17962,19.7695,15.3574,4.4122,1.2873,low_sample,dvsa-2024-v2,motriskindex-families-2024-v5
fail-group:subaru-impreza:dvsa-2024-v2:brakes,subaru-impreza,Brakes,1580,17962,8.7963,11.2525,-2.4561,0.7817,low_sample,dvsa-2024-v2,motriskindex-families-2024-v5
fail-group:subaru-impreza:dvsa-2024-v2:visibility,subaru-impreza,Visibility,1201,17962,6.6863,8.3959,-1.7096,0.7964,low_sample,dvsa-2024-v2,motriskindex-families-2024-v5
fail-group:subaru-impreza:dvsa-2024-v2:body-chassis-structure,subaru-impreza,"Body, chassis, structure",1750,17962,9.7428,5.8011,3.9417,1.6795,low_sample,dvsa-2024-v2,motriskindex-families-2024-v5
fail-group:subaru-impreza:dvsa-2024-v2:noise-emissions-and-leaks,subaru-impreza,"Noise, emissions and leaks",2513,17962,13.9906,3.6688,10.3218,3.8134,low_sample,dvsa-2024-v2,motriskindex-families-2024-v5
fail-group:subaru-legacy:dvsa-2024-v2:lamps-reflectors-and-electrical-equipment,subaru-legacy,"Lamps, reflectors and electrical equipment",2060,5265,39.1263,18.0899,21.0364,2.1629,low_sample,dvsa-2024-v2,motriskindex-families-2024-v5
fail-group:subaru-legacy:dvsa-2024-v2:suspension,subaru-legacy,Suspension,1491,5265,28.3191,15.3574,12.9617,1.8440,low_sample,dvsa-2024-v2,motriskindex-families-2024-v5
fail-group:subaru-outback:dvsa-2024-v2:lamps-reflectors-and-electrical-equipment,subaru-outback,"Lamps, reflectors and electrical equipment",1596,7550,21.1391,18.0899,3.0492,1.1686,low_sample,dvsa-2024-v2,motriskindex-families-2024-v5
fail-group:subaru-outback:dvsa-2024-v2:suspension,subaru-outback,Suspension,1334,7550,17.6689,15.3574,2.3115,1.1505,low_sample,dvsa-2024-v2,motriskindex-families-2024-v5
fail-group:suzuki-alto:dvsa-2024-v2:lamps-reflectors-and-electrical-equipment,suzuki-alto,"Lamps, reflectors and electrical equipment",12485,48032,25.9931,18.0899,7.9032,1.4369,ok,dvsa-2024-v2,motriskindex-families-2024-v5
fail-group:suzuki-alto:dvsa-2024-v2:suspension,suzuki-alto,Suspension,8840,48032,18.4044,15.3574,3.0470,1.1984,ok,dvsa-2024-v2,motriskindex-families-2024-v5
fail-group:suzuki-alto:dvsa-2024-v2:brakes,suzuki-alto,Brakes,7940,48032,16.5306,11.2525,5.2782,1.4691,ok,dvsa-2024-v2,motriskindex-families-2024-v5
fail-group:suzuki-alto:dvsa-2024-v2:visibility,suzuki-alto,Visibility,5218,48032,10.8636,8.3959,2.4677,1.2939,ok,dvsa-2024-v2,motriskindex-families-2024-v5
fail-group:suzuki-alto:dvsa-2024-v2:tyres,suzuki-alto,Tyres,4209,48032,8.7629,8.7011,0.0618,1.0071,low_sample,dvsa-2024-v2,motriskindex-families-2024-v5
fail-group:suzuki-alto:dvsa-2024-v2:body-chassis-structure,suzuki-alto,"Body, chassis, structure",6128,48032,12.7582,5.8011,6.9570,2.1993,ok,dvsa-2024-v2,motriskindex-families-2024-v5
fail-group:suzuki-alto:dvsa-2024-v2:noise-emissions-and-leaks,suzuki-alto,"Noise, emissions and leaks",1404,48032,2.9231,3.6688,-0.7458,0.7967,low_sample,dvsa-2024-v2,motriskindex-families-2024-v5
fail-group:suzuki-baleno:dvsa-2024-v2:suspension,suzuki-baleno,Suspension,1938,6753,28.6984,15.3574,13.3410,1.8687,low_sample,dvsa-2024-v2,motriskindex-families-2024-v5
fail-group:suzuki-carry:dvsa-2024-v2:lamps-reflectors-and-electrical-equipment,suzuki-carry,"Lamps, reflectors and electrical equipment",1423,3835,37.1056,18.0899,19.0157,2.0512,low_sample,dvsa-2024-v2,motriskindex-families-2024-v5
fail-group:suzuki-carry:dvsa-2024-v2:suspension,suzuki-carry,Suspension,1400,3835,36.5059,15.3574,21.1485,2.3771,low_sample,dvsa-2024-v2,motriskindex-families-2024-v5
fail-group:suzuki-celerio:dvsa-2024-v2:brakes,suzuki-celerio,Brakes,1959,27563,7.1074,11.2525,-4.1451,0.6316,low_sample,dvsa-2024-v2,motriskindex-families-2024-v5
fail-group:suzuki-celerio:dvsa-2024-v2:visibility,suzuki-celerio,Visibility,2047,27563,7.4266,8.3959,-0.9693,0.8846,low_sample,dvsa-2024-v2,motriskindex-families-2024-v5
fail-group:suzuki-celerio:dvsa-2024-v2:tyres,suzuki-celerio,Tyres,1178,27563,4.2738,8.7011,-4.4273,0.4912,low_sample,dvsa-2024-v2,motriskindex-families-2024-v5
fail-group:suzuki-grand-vitara:dvsa-2024-v2:lamps-reflectors-and-electrical-equipment,suzuki-grand-vitara,"Lamps, reflectors and electrical equipment",6988,21104,33.1122,18.0899,15.0223,1.8304,ok,dvsa-2024-v2,motriskindex-families-2024-v5
fail-group:suzuki-grand-vitara:dvsa-2024-v2:suspension,suzuki-grand-vitara,Suspension,5741,21104,27.2034,15.3574,11.8460,1.7714,ok,dvsa-2024-v2,motriskindex-families-2024-v5
fail-group:suzuki-grand-vitara:dvsa-2024-v2:brakes,suzuki-grand-vitara,Brakes,4053,21104,19.2049,11.2525,7.9524,1.7067,low_sample,dvsa-2024-v2,motriskindex-families-2024-v5
fail-group:suzuki-grand-vitara:dvsa-2024-v2:visibility,suzuki-grand-vitara,Visibility,2462,21104,11.6660,8.3959,3.2701,1.3895,low_sample,dvsa-2024-v2,motriskindex-families-2024-v5
fail-group:suzuki-grand-vitara:dvsa-2024-v2:tyres,suzuki-grand-vitara,Tyres,1124,21104,5.3260,8.7011,-3.3751,0.6121,low_sample,dvsa-2024-v2,motriskindex-families-2024-v5
fail-group:suzuki-grand-vitara:dvsa-2024-v2:body-chassis-structure,suzuki-grand-vitara,"Body, chassis, structure",4580,21104,21.7020,5.8011,15.9009,3.7410,low_sample,dvsa-2024-v2,motriskindex-families-2024-v5
fail-group:suzuki-grand-vitara:dvsa-2024-v2:noise-emissions-and-leaks,suzuki-grand-vitara,"Noise, emissions and leaks",1793,21104,8.4960,3.6688,4.8272,2.3157,low_sample,dvsa-2024-v2,motriskindex-families-2024-v5
fail-group:suzuki-ignis:dvsa-2024-v2:lamps-reflectors-and-electrical-equipment,suzuki-ignis,"Lamps, reflectors and electrical equipment",2807,30234,9.2842,18.0899,-8.8056,0.5132,low_sample,dvsa-2024-v2,motriskindex-families-2024-v5
fail-group:suzuki-ignis:dvsa-2024-v2:suspension,suzuki-ignis,Suspension,3726,30234,12.3239,15.3574,-3.0335,0.8025,low_sample,dvsa-2024-v2,motriskindex-families-2024-v5
fail-group:suzuki-ignis:dvsa-2024-v2:brakes,suzuki-ignis,Brakes,2166,30234,7.1641,11.2525,-4.0883,0.6367,low_sample,dvsa-2024-v2,motriskindex-families-2024-v5
fail-group:suzuki-ignis:dvsa-2024-v2:visibility,suzuki-ignis,Visibility,2049,30234,6.7771,8.3959,-1.6188,0.8072,low_sample,dvsa-2024-v2,motriskindex-families-2024-v5
fail-group:suzuki-ignis:dvsa-2024-v2:tyres,suzuki-ignis,Tyres,1571,30234,5.1961,8.7011,-3.5050,0.5972,low_sample,dvsa-2024-v2,motriskindex-families-2024-v5
fail-group:suzuki-jimny:dvsa-2024-v2:lamps-reflectors-and-electrical-equipment,suzuki-jimny,"Lamps, reflectors and electrical equipment",4549,24069,18.8998,18.0899,0.8099,1.0448,low_sample,dvsa-2024-v2,motriskindex-families-2024-v5
fail-group:suzuki-jimny:dvsa-2024-v2:suspension,suzuki-jimny,Suspension,4117,24069,17.1050,15.3574,1.7476,1.1138,low_sample,dvsa-2024-v2,motriskindex-families-2024-v5
fail-group:suzuki-jimny:dvsa-2024-v2:brakes,suzuki-jimny,Brakes,4683,24069,19.4566,11.2525,8.2041,1.7291,low_sample,dvsa-2024-v2,motriskindex-families-2024-v5
fail-group:suzuki-jimny:dvsa-2024-v2:visibility,suzuki-jimny,Visibility,2348,24069,9.7553,8.3959,1.3594,1.1619,low_sample,dvsa-2024-v2,motriskindex-families-2024-v5
fail-group:suzuki-jimny:dvsa-2024-v2:body-chassis-structure,suzuki-jimny,"Body, chassis, structure",4688,24069,19.4773,5.8011,13.6762,3.3575,low_sample,dvsa-2024-v2,motriskindex-families-2024-v5
fail-group:suzuki-jimny:dvsa-2024-v2:noise-emissions-and-leaks,suzuki-jimny,"Noise, emissions and leaks",2013,24069,8.3635,3.6688,4.6946,2.2796,low_sample,dvsa-2024-v2,motriskindex-families-2024-v5
fail-group:suzuki-jimny:dvsa-2024-v2:seat-belts-and-supplementary-restraint-systems,suzuki-jimny,Seat belts and supplementary restraint systems,1147,24069,4.7655,1.0195,3.7460,4.6744,low_sample,dvsa-2024-v2,motriskindex-families-2024-v5
fail-group:suzuki-splash:dvsa-2024-v2:lamps-reflectors-and-electrical-equipment,suzuki-splash,"Lamps, reflectors and electrical equipment",2733,17616,15.5143,18.0899,-2.5756,0.8576,low_sample,dvsa-2024-v2,motriskindex-families-2024-v5
fail-group:suzuki-splash:dvsa-2024-v2:suspension,suzuki-splash,Suspension,6014,17616,34.1394,15.3574,18.7821,2.2230,ok,dvsa-2024-v2,motriskindex-families-2024-v5
fail-group:suzuki-splash:dvsa-2024-v2:brakes,suzuki-splash,Brakes,4330,17616,24.5799,11.2525,13.3275,2.1844,low_sample,dvsa-2024-v2,motriskindex-families-2024-v5
fail-group:suzuki-splash:dvsa-2024-v2:visibility,suzuki-splash,Visibility,1824,17616,10.3542,8.3959,1.9583,1.2332,low_sample,dvsa-2024-v2,motriskindex-families-2024-v5
fail-group:suzuki-splash:dvsa-2024-v2:tyres,suzuki-splash,Tyres,1229,17616,6.9766,8.7011,-1.7245,0.8018,low_sample,dvsa-2024-v2,motriskindex-families-2024-v5
fail-group:suzuki-swift:dvsa-2024-v2:lamps-reflectors-and-electrical-equipment,suzuki-swift,"Lamps, reflectors and electrical equipment",22804,136007,16.7668,18.0899,-1.3231,0.9269,ok,dvsa-2024-v2,motriskindex-families-2024-v5
fail-group:suzuki-swift:dvsa-2024-v2:suspension,suzuki-swift,Suspension,22096,136007,16.2462,15.3574,0.8889,1.0579,ok,dvsa-2024-v2,motriskindex-families-2024-v5
fail-group:suzuki-swift:dvsa-2024-v2:brakes,suzuki-swift,Brakes,22984,136007,16.8991,11.2525,5.6467,1.5018,ok,dvsa-2024-v2,motriskindex-families-2024-v5
fail-group:suzuki-swift:dvsa-2024-v2:visibility,suzuki-swift,Visibility,12836,136007,9.4377,8.3959,1.0419,1.1241,ok,dvsa-2024-v2,motriskindex-families-2024-v5
fail-group:suzuki-swift:dvsa-2024-v2:tyres,suzuki-swift,Tyres,9639,136007,7.0871,8.7011,-1.6140,0.8145,ok,dvsa-2024-v2,motriskindex-families-2024-v5
fail-group:suzuki-swift:dvsa-2024-v2:body-chassis-structure,suzuki-swift,"Body, chassis, structure",3905,136007,2.8712,5.8011,-2.9299,0.4949,low_sample,dvsa-2024-v2,motriskindex-families-2024-v5
fail-group:suzuki-swift:dvsa-2024-v2:noise-emissions-and-leaks,suzuki-swift,"Noise, emissions and leaks",2953,136007,2.1712,3.6688,-1.4976,0.5918,low_sample,dvsa-2024-v2,motriskindex-families-2024-v5
fail-group:suzuki-swift:dvsa-2024-v2:steering,suzuki-swift,Steering,1680,136007,1.2352,3.4692,-2.2340,0.3561,low_sample,dvsa-2024-v2,motriskindex-families-2024-v5
fail-group:suzuki-sx4:dvsa-2024-v2:lamps-reflectors-and-electrical-equipment,suzuki-sx4,"Lamps, reflectors and electrical equipment",6107,39278,15.5481,18.0899,-2.5417,0.8595,ok,dvsa-2024-v2,motriskindex-families-2024-v5
fail-group:suzuki-sx4:dvsa-2024-v2:suspension,suzuki-sx4,Suspension,7654,39278,19.4867,15.3574,4.1294,1.2689,ok,dvsa-2024-v2,motriskindex-families-2024-v5
fail-group:suzuki-sx4:dvsa-2024-v2:brakes,suzuki-sx4,Brakes,7303,39278,18.5931,11.2525,7.3407,1.6524,ok,dvsa-2024-v2,motriskindex-families-2024-v5
fail-group:suzuki-sx4:dvsa-2024-v2:visibility,suzuki-sx4,Visibility,3244,39278,8.2591,8.3959,-0.1368,0.9837,low_sample,dvsa-2024-v2,motriskindex-families-2024-v5
fail-group:suzuki-sx4:dvsa-2024-v2:tyres,suzuki-sx4,Tyres,3631,39278,9.2444,8.7011,0.5432,1.0624,low_sample,dvsa-2024-v2,motriskindex-families-2024-v5
fail-group:suzuki-sx4:dvsa-2024-v2:body-chassis-structure,suzuki-sx4,"Body, chassis, structure",1983,39278,5.0486,5.8011,-0.7525,0.8703,low_sample,dvsa-2024-v2,motriskindex-families-2024-v5
fail-group:suzuki-sx4:dvsa-2024-v2:noise-emissions-and-leaks,suzuki-sx4,"Noise, emissions and leaks",1281,39278,3.2614,3.6688,-0.4075,0.8889,low_sample,dvsa-2024-v2,motriskindex-families-2024-v5
fail-group:suzuki-vitara:dvsa-2024-v2:lamps-reflectors-and-electrical-equipment,suzuki-vitara,"Lamps, reflectors and electrical equipment",3451,66554,5.1853,18.0899,-12.9046,0.2866,low_sample,dvsa-2024-v2,motriskindex-families-2024-v5
fail-group:suzuki-vitara:dvsa-2024-v2:suspension,suzuki-vitara,Suspension,1686,66554,2.5333,15.3574,-12.8241,0.1650,low_sample,dvsa-2024-v2,motriskindex-families-2024-v5
fail-group:suzuki-vitara:dvsa-2024-v2:brakes,suzuki-vitara,Brakes,3172,66554,4.7661,11.2525,-6.4864,0.4236,low_sample,dvsa-2024-v2,motriskindex-families-2024-v5
fail-group:suzuki-vitara:dvsa-2024-v2:visibility,suzuki-vitara,Visibility,4101,66554,6.1619,8.3959,-2.2340,0.7339,low_sample,dvsa-2024-v2,motriskindex-families-2024-v5
fail-group:suzuki-vitara:dvsa-2024-v2:tyres,suzuki-vitara,Tyres,4055,66554,6.0928,8.7011,-2.6084,0.7002,low_sample,dvsa-2024-v2,motriskindex-families-2024-v5
fail-group:suzuki-wagon-r:dvsa-2024-v2:lamps-reflectors-and-electrical-equipment,suzuki-wagon-r,"Lamps, reflectors and electrical equipment",2330,7689,30.3030,18.0899,12.2131,1.6751,low_sample,dvsa-2024-v2,motriskindex-families-2024-v5
fail-group:suzuki-wagon-r:dvsa-2024-v2:suspension,suzuki-wagon-r,Suspension,2346,7689,30.5111,15.3574,15.1538,1.9867,low_sample,dvsa-2024-v2,motriskindex-families-2024-v5
fail-group:suzuki-wagon-r:dvsa-2024-v2:brakes,suzuki-wagon-r,Brakes,2148,7689,27.9360,11.2525,16.6836,2.4827,low_sample,dvsa-2024-v2,motriskindex-families-2024-v5
fail-group:suzuki-wagon-r:dvsa-2024-v2:visibility,suzuki-wagon-r,Visibility,1155,7689,15.0215,8.3959,6.6256,1.7891,low_sample,dvsa-2024-v2,motriskindex-families-2024-v5
fail-group:suzuki-wagon-r:dvsa-2024-v2:body-chassis-structure,suzuki-wagon-r,"Body, chassis, structure",1349,7689,17.5445,5.8011,11.7434,3.0243,low_sample,dvsa-2024-v2,motriskindex-families-2024-v5
fail-group:talbot-express:dvsa-2024-v2:lamps-reflectors-and-electrical-equipment,talbot-express,"Lamps, reflectors and electrical equipment",4656,5326,87.4202,18.0899,69.3303,4.8325,low_sample,dvsa-2024-v2,motriskindex-families-2024-v5
fail-group:talbot-express:dvsa-2024-v2:suspension,talbot-express,Suspension,1380,5326,25.9106,15.3574,10.5533,1.6872,low_sample,dvsa-2024-v2,motriskindex-families-2024-v5
fail-group:talbot-express:dvsa-2024-v2:brakes,talbot-express,Brakes,2109,5326,39.5982,11.2525,28.3457,3.5191,low_sample,dvsa-2024-v2,motriskindex-families-2024-v5
fail-group:talbot-express:dvsa-2024-v2:body-chassis-structure,talbot-express,"Body, chassis, structure",2632,5326,49.4179,5.8011,43.6168,8.5187,low_sample,dvsa-2024-v2,motriskindex-families-2024-v5
fail-group:tesla-model-3:dvsa-2024-v2:lamps-reflectors-and-electrical-equipment,tesla-model-3,"Lamps, reflectors and electrical equipment",1519,67619,2.2464,18.0899,-15.8435,0.1242,low_sample,dvsa-2024-v2,motriskindex-families-2024-v5
fail-group:tesla-model-3:dvsa-2024-v2:suspension,tesla-model-3,Suspension,1633,67619,2.4150,15.3574,-12.9424,0.1573,low_sample,dvsa-2024-v2,motriskindex-families-2024-v5
fail-group:tesla-model-3:dvsa-2024-v2:visibility,tesla-model-3,Visibility,2025,67619,2.9947,8.3959,-5.4012,0.3567,low_sample,dvsa-2024-v2,motriskindex-families-2024-v5
fail-group:tesla-model-3:dvsa-2024-v2:tyres,tesla-model-3,Tyres,13633,67619,20.1615,8.7011,11.4603,2.3171,ok,dvsa-2024-v2,motriskindex-families-2024-v5
fail-group:tesla-model-s:dvsa-2024-v2:tyres,tesla-model-s,Tyres,1708,10782,15.8412,8.7011,7.1401,1.8206,low_sample,dvsa-2024-v2,motriskindex-families-2024-v5
fail-group:tesla-model-x:dvsa-2024-v2:tyres,tesla-model-x,Tyres,1283,6113,20.9881,8.7011,12.2869,2.4121,low_sample,dvsa-2024-v2,motriskindex-families-2024-v5
fail-group:toyota-alphard:dvsa-2024-v2:lamps-reflectors-and-electrical-equipment,toyota-alphard,"Lamps, reflectors and electrical equipment",3307,10637,31.0896,18.0899,12.9997,1.7186,low_sample,dvsa-2024-v2,motriskindex-families-2024-v5
fail-group:toyota-alphard:dvsa-2024-v2:suspension,toyota-alphard,Suspension,2602,10637,24.4618,15.3574,9.1044,1.5928,low_sample,dvsa-2024-v2,motriskindex-families-2024-v5
fail-group:toyota-auris:dvsa-2024-v2:lamps-reflectors-and-electrical-equipment,toyota-auris,"Lamps, reflectors and electrical equipment",32909,153778,21.4003,18.0899,3.3104,1.1830,ok,dvsa-2024-v2,motriskindex-families-2024-v5
fail-group:toyota-auris:dvsa-2024-v2:suspension,toyota-auris,Suspension,22690,153778,14.7550,15.3574,-0.6023,0.9608,ok,dvsa-2024-v2,motriskindex-families-2024-v5
fail-group:toyota-auris:dvsa-2024-v2:brakes,toyota-auris,Brakes,18909,153778,12.2963,11.2525,1.0438,1.0928,ok,dvsa-2024-v2,motriskindex-families-2024-v5
fail-group:toyota-auris:dvsa-2024-v2:visibility,toyota-auris,Visibility,10617,153778,6.9041,8.3959,-1.4918,0.8223,ok,dvsa-2024-v2,motriskindex-families-2024-v5
fail-group:toyota-auris:dvsa-2024-v2:tyres,toyota-auris,Tyres,10856,153778,7.0595,8.7011,-1.6416,0.8113,ok,dvsa-2024-v2,motriskindex-families-2024-v5
fail-group:toyota-auris:dvsa-2024-v2:body-chassis-structure,toyota-auris,"Body, chassis, structure",3250,153778,2.1134,5.8011,-3.6877,0.3643,low_sample,dvsa-2024-v2,motriskindex-families-2024-v5
fail-group:toyota-auris:dvsa-2024-v2:noise-emissions-and-leaks,toyota-auris,"Noise, emissions and leaks",2333,153778,1.5171,3.6688,-2.1517,0.4135,low_sample,dvsa-2024-v2,motriskindex-families-2024-v5
fail-group:toyota-auris:dvsa-2024-v2:steering,toyota-auris,Steering,5827,153778,3.7892,3.4692,0.3200,1.0923,ok,dvsa-2024-v2,motriskindex-families-2024-v5
fail-group:toyota-avensis:dvsa-2024-v2:lamps-reflectors-and-electrical-equipment,toyota-avensis,"Lamps, reflectors and electrical equipment",21300,63111,33.7501,18.0899,15.6602,1.8657,ok,dvsa-2024-v2,motriskindex-families-2024-v5
fail-group:toyota-avensis:dvsa-2024-v2:suspension,toyota-avensis,Suspension,12760,63111,20.2183,15.3574,4.8610,1.3165,ok,dvsa-2024-v2,motriskindex-families-2024-v5
fail-group:toyota-avensis:dvsa-2024-v2:brakes,toyota-avensis,Brakes,10639,63111,16.8576,11.2525,5.6052,1.4981,ok,dvsa-2024-v2,motriskindex-families-2024-v5
fail-group:toyota-avensis:dvsa-2024-v2:visibility,toyota-avensis,Visibility,6071,63111,9.6196,8.3959,1.2237,1.1457,ok,dvsa-2024-v2,motriskindex-families-2024-v5
fail-group:toyota-avensis:dvsa-2024-v2:tyres,toyota-avensis,Tyres,5092,63111,8.0683,8.7011,-0.6328,0.9273,ok,dvsa-2024-v2,motriskindex-families-2024-v5
fail-group:toyota-avensis:dvsa-2024-v2:body-chassis-structure,toyota-avensis,"Body, chassis, structure",3138,63111,4.9722,5.8011,-0.8289,0.8571,low_sample,dvsa-2024-v2,motriskindex-families-2024-v5
fail-group:toyota-avensis:dvsa-2024-v2:noise-emissions-and-leaks,toyota-avensis,"Noise, emissions and leaks",2849,63111,4.5143,3.6688,0.8454,1.2304,low_sample,dvsa-2024-v2,motriskindex-families-2024-v5
fail-group:toyota-avensis:dvsa-2024-v2:steering,toyota-avensis,Steering,2376,63111,3.7648,3.4692,0.2956,1.0852,low_sample,dvsa-2024-v2,motriskindex-families-2024-v5
fail-group:toyota-aygo:dvsa-2024-v2:lamps-reflectors-and-electrical-equipment,toyota-aygo,"Lamps, reflectors and electrical equipment",43322,261695,16.5544,18.0899,-1.5355,0.9151,ok,dvsa-2024-v2,motriskindex-families-2024-v5
fail-group:toyota-aygo:dvsa-2024-v2:suspension,toyota-aygo,Suspension,24260,261695,9.2703,15.3574,-6.0870,0.6036,ok,dvsa-2024-v2,motriskindex-families-2024-v5
fail-group:toyota-aygo:dvsa-2024-v2:brakes,toyota-aygo,Brakes,33214,261695,12.6919,11.2525,1.4394,1.1279,ok,dvsa-2024-v2,motriskindex-families-2024-v5
fail-group:toyota-aygo:dvsa-2024-v2:visibility,toyota-aygo,Visibility,15183,261695,5.8018,8.3959,-2.5941,0.6910,ok,dvsa-2024-v2,motriskindex-families-2024-v5
fail-group:toyota-aygo:dvsa-2024-v2:tyres,toyota-aygo,Tyres,18948,261695,7.2405,8.7011,-1.4607,0.8321,ok,dvsa-2024-v2,motriskindex-families-2024-v5
fail-group:toyota-aygo:dvsa-2024-v2:body-chassis-structure,toyota-aygo,"Body, chassis, structure",10121,261695,3.8675,5.8011,-1.9336,0.6667,ok,dvsa-2024-v2,motriskindex-families-2024-v5
fail-group:toyota-aygo:dvsa-2024-v2:noise-emissions-and-leaks,toyota-aygo,"Noise, emissions and leaks",8229,261695,3.1445,3.6688,-0.5243,0.8571,ok,dvsa-2024-v2,motriskindex-families-2024-v5
fail-group:toyota-aygo:dvsa-2024-v2:steering,toyota-aygo,Steering,1244,261695,0.4754,3.4692,-2.9938,0.1370,low_sample,dvsa-2024-v2,motriskindex-families-2024-v5
fail-group:toyota-aygo:dvsa-2024-v2:seat-belts-and-supplementary-restraint-systems,toyota-aygo,Seat belts and supplementary restraint systems,2287,261695,0.8739,1.0195,-0.1456,0.8572,low_sample,dvsa-2024-v2,motriskindex-families-2024-v5
fail-group:toyota-c-hr:dvsa-2024-v2:lamps-reflectors-and-electrical-equipment,toyota-c-hr,"Lamps, reflectors and electrical equipment",4705,86481,5.4405,18.0899,-12.6494,0.3007,low_sample,dvsa-2024-v2,motriskindex-families-2024-v5
fail-group:toyota-c-hr:dvsa-2024-v2:suspension,toyota-c-hr,Suspension,1062,86481,1.2280,15.3574,-14.1293,0.0800,low_sample,dvsa-2024-v2,motriskindex-families-2024-v5
fail-group:toyota-c-hr:dvsa-2024-v2:brakes,toyota-c-hr,Brakes,1549,86481,1.7911,11.2525,-9.4613,0.1592,low_sample,dvsa-2024-v2,motriskindex-families-2024-v5
fail-group:toyota-c-hr:dvsa-2024-v2:visibility,toyota-c-hr,Visibility,6428,86481,7.4328,8.3959,-0.9630,0.8853,ok,dvsa-2024-v2,motriskindex-families-2024-v5
fail-group:toyota-c-hr:dvsa-2024-v2:tyres,toyota-c-hr,Tyres,4072,86481,4.7085,8.7011,-3.9926,0.5411,low_sample,dvsa-2024-v2,motriskindex-families-2024-v5
fail-group:toyota-celica:dvsa-2024-v2:lamps-reflectors-and-electrical-equipment,toyota-celica,"Lamps, reflectors and electrical equipment",3691,9463,39.0045,18.0899,20.9147,2.1562,low_sample,dvsa-2024-v2,motriskindex-families-2024-v5
fail-group:toyota-celica:dvsa-2024-v2:suspension,toyota-celica,Suspension,2117,9463,22.3713,15.3574,7.0140,1.4567,low_sample,dvsa-2024-v2,motriskindex-families-2024-v5
fail-group:toyota-celica:dvsa-2024-v2:brakes,toyota-celica,Brakes,2280,9463,24.0938,11.2525,12.8414,2.1412,low_sample,dvsa-2024-v2,motriskindex-families-2024-v5
fail-group:toyota-celica:dvsa-2024-v2:body-chassis-structure,toyota-celica,"Body, chassis, structure",1293,9463,13.6637,5.8011,7.8626,2.3554,low_sample,dvsa-2024-v2,motriskindex-families-2024-v5
fail-group:toyota-celica:dvsa-2024-v2:noise-emissions-and-leaks,toyota-celica,"Noise, emissions and leaks",1534,9463,16.2105,3.6688,12.5417,4.4184,low_sample,dvsa-2024-v2,motriskindex-families-2024-v5
fail-group:toyota-corolla:dvsa-2024-v2:lamps-reflectors-and-electrical-equipment,toyota-corolla,"Lamps, reflectors and electrical equipment",28552,117437,24.3126,18.0899,6.2227,1.3440,ok,dvsa-2024-v2,motriskindex-families-2024-v5
fail-group:toyota-corolla:dvsa-2024-v2:suspension,toyota-corolla,Suspension,10588,117437,9.0159,15.3574,-6.3415,0.5871,ok,dvsa-2024-v2,motriskindex-families-2024-v5
fail-group:toyota-corolla:dvsa-2024-v2:brakes,toyota-corolla,Brakes,15088,117437,12.8477,11.2525,1.5953,1.1418,ok,dvsa-2024-v2,motriskindex-families-2024-v5
fail-group:toyota-corolla:dvsa-2024-v2:visibility,toyota-corolla,Visibility,11599,117437,9.8768,8.3959,1.4809,1.1764,ok,dvsa-2024-v2,motriskindex-families-2024-v5
fail-group:toyota-corolla:dvsa-2024-v2:tyres,toyota-corolla,Tyres,7619,117437,6.4877,8.7011,-2.2134,0.7456,ok,dvsa-2024-v2,motriskindex-families-2024-v5
fail-group:toyota-corolla:dvsa-2024-v2:body-chassis-structure,toyota-corolla,"Body, chassis, structure",5797,117437,4.9363,5.8011,-0.8649,0.8509,ok,dvsa-2024-v2,motriskindex-families-2024-v5
fail-group:toyota-corolla:dvsa-2024-v2:noise-emissions-and-leaks,toyota-corolla,"Noise, emissions and leaks",3500,117437,2.9803,3.6688,-0.6885,0.8123,low_sample,dvsa-2024-v2,motriskindex-families-2024-v5
fail-group:toyota-corolla:dvsa-2024-v2:steering,toyota-corolla,Steering,1238,117437,1.0542,3.4692,-2.4150,0.3039,low_sample,dvsa-2024-v2,motriskindex-families-2024-v5
fail-group:toyota-corolla:dvsa-2024-v2:seat-belts-and-supplementary-restraint-systems,toyota-corolla,Seat belts and supplementary restraint systems,1176,117437,1.0014,1.0195,-0.0181,0.9823,low_sample,dvsa-2024-v2,motriskindex-families-2024-v5
fail-group:toyota-estima:dvsa-2024-v2:lamps-reflectors-and-electrical-equipment,toyota-estima,"Lamps, reflectors and electrical equipment",5008,17626,28.4126,18.0899,10.3227,1.5706,ok,dvsa-2024-v2,motriskindex-families-2024-v5
fail-group:toyota-estima:dvsa-2024-v2:suspension,toyota-estima,Suspension,3474,17626,19.7095,15.3574,4.3522,1.2834,low_sample,dvsa-2024-v2,motriskindex-families-2024-v5
fail-group:toyota-estima:dvsa-2024-v2:brakes,toyota-estima,Brakes,1070,17626,6.0706,11.2525,-5.1819,0.5395,low_sample,dvsa-2024-v2,motriskindex-families-2024-v5
fail-group:toyota-estima:dvsa-2024-v2:visibility,toyota-estima,Visibility,1099,17626,6.2351,8.3959,-2.1608,0.7426,low_sample,dvsa-2024-v2,motriskindex-families-2024-v5
fail-group:toyota-hiace:dvsa-2024-v2:lamps-reflectors-and-electrical-equipment,toyota-hiace,"Lamps, reflectors and electrical equipment",4956,14396,34.4262,18.0899,16.3363,1.9031,low_sample,dvsa-2024-v2,motriskindex-families-2024-v5
fail-group:toyota-hiace:dvsa-2024-v2:suspension,toyota-hiace,Suspension,4010,14396,27.8550,15.3574,12.4976,1.8138,low_sample,dvsa-2024-v2,motriskindex-families-2024-v5
fail-group:toyota-hiace:dvsa-2024-v2:brakes,toyota-hiace,Brakes,2237,14396,15.5390,11.2525,4.2866,1.3809,low_sample,dvsa-2024-v2,motriskindex-families-2024-v5
fail-group:toyota-hiace:dvsa-2024-v2:visibility,toyota-hiace,Visibility,2419,14396,16.8033,8.3959,8.4074,2.0014,low_sample,dvsa-2024-v2,motriskindex-families-2024-v5
fail-group:toyota-hiace:dvsa-2024-v2:body-chassis-structure,toyota-hiace,"Body, chassis, structure",2080,14396,14.4485,5.8011,8.6473,2.4906,low_sample,dvsa-2024-v2,motriskindex-families-2024-v5
fail-group:toyota-hilux:dvsa-2024-v2:lamps-reflectors-and-electrical-equipment,toyota-hilux,"Lamps, reflectors and electrical equipment",19467,71998,27.0383,18.0899,8.9484,1.4947,ok,dvsa-2024-v2,motriskindex-families-2024-v5
fail-group:toyota-hilux:dvsa-2024-v2:suspension,toyota-hilux,Suspension,14098,71998,19.5811,15.3574,4.2237,1.2750,ok,dvsa-2024-v2,motriskindex-families-2024-v5
fail-group:toyota-hilux:dvsa-2024-v2:brakes,toyota-hilux,Brakes,16540,71998,22.9729,11.2525,11.7204,2.0416,ok,dvsa-2024-v2,motriskindex-families-2024-v5
fail-group:toyota-hilux:dvsa-2024-v2:visibility,toyota-hilux,Visibility,7884,71998,10.9503,8.3959,2.5544,1.3042,ok,dvsa-2024-v2,motriskindex-families-2024-v5
fail-group:toyota-hilux:dvsa-2024-v2:tyres,toyota-hilux,Tyres,3064,71998,4.2557,8.7011,-4.4455,0.4891,low_sample,dvsa-2024-v2,motriskindex-families-2024-v5
fail-group:toyota-hilux:dvsa-2024-v2:body-chassis-structure,toyota-hilux,"Body, chassis, structure",9049,71998,12.5684,5.8011,6.7673,2.1665,ok,dvsa-2024-v2,motriskindex-families-2024-v5
fail-group:toyota-hilux:dvsa-2024-v2:noise-emissions-and-leaks,toyota-hilux,"Noise, emissions and leaks",1940,71998,2.6945,3.6688,-0.9743,0.7344,low_sample,dvsa-2024-v2,motriskindex-families-2024-v5
fail-group:toyota-hilux:dvsa-2024-v2:steering,toyota-hilux,Steering,2062,71998,2.8640,3.4692,-0.6052,0.8255,low_sample,dvsa-2024-v2,motriskindex-families-2024-v5
fail-group:toyota-hilux:dvsa-2024-v2:seat-belts-and-supplementary-restraint-systems,toyota-hilux,Seat belts and supplementary restraint systems,1851,71998,2.5709,1.0195,1.5514,2.5218,low_sample,dvsa-2024-v2,motriskindex-families-2024-v5
fail-group:toyota-iq:dvsa-2024-v2:lamps-reflectors-and-electrical-equipment,toyota-iq,"Lamps, reflectors and electrical equipment",3127,16909,18.4931,18.0899,0.4032,1.0223,low_sample,dvsa-2024-v2,motriskindex-families-2024-v5
fail-group:toyota-iq:dvsa-2024-v2:suspension,toyota-iq,Suspension,2130,16909,12.5968,15.3574,-2.7605,0.8202,low_sample,dvsa-2024-v2,motriskindex-families-2024-v5
fail-group:toyota-iq:dvsa-2024-v2:brakes,toyota-iq,Brakes,1648,16909,9.7463,11.2525,-1.5062,0.8661,low_sample,dvsa-2024-v2,motriskindex-families-2024-v5
fail-group:toyota-iq:dvsa-2024-v2:visibility,toyota-iq,Visibility,1648,16909,9.7463,8.3959,1.3504,1.1608,low_sample,dvsa-2024-v2,motriskindex-families-2024-v5
fail-group:toyota-land-cruiser:dvsa-2024-v2:lamps-reflectors-and-electrical-equipment,toyota-land-cruiser,"Lamps, reflectors and electrical equipment",5798,21287,27.2373,18.0899,9.1474,1.5057,ok,dvsa-2024-v2,motriskindex-families-2024-v5
fail-group:toyota-land-cruiser:dvsa-2024-v2:suspension,toyota-land-cruiser,Suspension,5312,21287,24.9542,15.3574,9.5968,1.6249,ok,dvsa-2024-v2,motriskindex-families-2024-v5
fail-group:toyota-land-cruiser:dvsa-2024-v2:brakes,toyota-land-cruiser,Brakes,4172,21287,19.5988,11.2525,8.3464,1.7417,low_sample,dvsa-2024-v2,motriskindex-families-2024-v5
fail-group:toyota-land-cruiser:dvsa-2024-v2:visibility,toyota-land-cruiser,Visibility,2120,21287,9.9591,8.3959,1.5632,1.1862,low_sample,dvsa-2024-v2,motriskindex-families-2024-v5
fail-group:toyota-land-cruiser:dvsa-2024-v2:body-chassis-structure,toyota-land-cruiser,"Body, chassis, structure",4011,21287,18.8425,5.8011,13.0414,3.2481,low_sample,dvsa-2024-v2,motriskindex-families-2024-v5
fail-group:toyota-mr2:dvsa-2024-v2:lamps-reflectors-and-electrical-equipment,toyota-mr2,"Lamps, reflectors and electrical equipment",2528,10265,24.6274,18.0899,6.5375,1.3614,low_sample,dvsa-2024-v2,motriskindex-families-2024-v5
fail-group:toyota-mr2:dvsa-2024-v2:suspension,toyota-mr2,Suspension,1844,10265,17.9640,15.3574,2.6066,1.1697,low_sample,dvsa-2024-v2,motriskindex-families-2024-v5
fail-group:toyota-mr2:dvsa-2024-v2:brakes,toyota-mr2,Brakes,3196,10265,31.1349,11.2525,19.8825,2.7669,low_sample,dvsa-2024-v2,motriskindex-families-2024-v5
fail-group:toyota-mr2:dvsa-2024-v2:noise-emissions-and-leaks,toyota-mr2,"Noise, emissions and leaks",1566,10265,15.2557,3.6688,11.5869,4.1582,low_sample,dvsa-2024-v2,motriskindex-families-2024-v5
fail-group:toyota-previa:dvsa-2024-v2:lamps-reflectors-and-electrical-equipment,toyota-previa,"Lamps, reflectors and electrical equipment",2747,4479,61.3307,18.0899,43.2408,3.3903,low_sample,dvsa-2024-v2,motriskindex-families-2024-v5
fail-group:toyota-previa:dvsa-2024-v2:suspension,toyota-previa,Suspension,1576,4479,35.1864,15.3574,19.8291,2.2912,low_sample,dvsa-2024-v2,motriskindex-families-2024-v5
fail-group:toyota-previa:dvsa-2024-v2:brakes,toyota-previa,Brakes,1012,4479,22.5943,11.2525,11.3419,2.0079,low_sample,dvsa-2024-v2,motriskindex-families-2024-v5
fail-group:toyota-prius:dvsa-2024-v2:lamps-reflectors-and-electrical-equipment,toyota-prius,"Lamps, reflectors and electrical equipment",25906,157318,16.4673,18.0899,-1.6226,0.9103,ok,dvsa-2024-v2,motriskindex-families-2024-v5
fail-group:toyota-prius:dvsa-2024-v2:suspension,toyota-prius,Suspension,15608,157318,9.9213,15.3574,-5.4360,0.6460,ok,dvsa-2024-v2,motriskindex-families-2024-v5
fail-group:toyota-prius:dvsa-2024-v2:brakes,toyota-prius,Brakes,8410,157318,5.3459,11.2525,-5.9066,0.4751,ok,dvsa-2024-v2,motriskindex-families-2024-v5
fail-group:toyota-prius:dvsa-2024-v2:visibility,toyota-prius,Visibility,8645,157318,5.4952,8.3959,-2.9007,0.6545,ok,dvsa-2024-v2,motriskindex-families-2024-v5
fail-group:toyota-prius:dvsa-2024-v2:tyres,toyota-prius,Tyres,8386,157318,5.3306,8.7011,-3.3705,0.6126,ok,dvsa-2024-v2,motriskindex-families-2024-v5
fail-group:toyota-prius:dvsa-2024-v2:body-chassis-structure,toyota-prius,"Body, chassis, structure",4562,157318,2.8999,5.8011,-2.9013,0.4999,low_sample,dvsa-2024-v2,motriskindex-families-2024-v5
fail-group:toyota-prius:dvsa-2024-v2:noise-emissions-and-leaks,toyota-prius,"Noise, emissions and leaks",1565,157318,0.9948,3.6688,-2.6740,0.2711,low_sample,dvsa-2024-v2,motriskindex-families-2024-v5
fail-group:toyota-prius:dvsa-2024-v2:steering,toyota-prius,Steering,1641,157318,1.0431,3.4692,-2.4261,0.3007,low_sample,dvsa-2024-v2,motriskindex-families-2024-v5
fail-group:toyota-proace:dvsa-2024-v2:lamps-reflectors-and-electrical-equipment,toyota-proace,"Lamps, reflectors and electrical equipment",2973,12904,23.0394,18.0899,4.9495,1.2736,low_sample,dvsa-2024-v2,motriskindex-families-2024-v5
fail-group:toyota-proace:dvsa-2024-v2:brakes,toyota-proace,Brakes,1247,12904,9.6637,11.2525,-1.5888,0.8588,low_sample,dvsa-2024-v2,motriskindex-families-2024-v5
fail-group:toyota-proace:dvsa-2024-v2:visibility,toyota-proace,Visibility,1615,12904,12.5155,8.3959,4.1196,1.4907,low_sample,dvsa-2024-v2,motriskindex-families-2024-v5
fail-group:toyota-proace:dvsa-2024-v2:body-chassis-structure,toyota-proace,"Body, chassis, structure",1602,12904,12.4148,5.8011,6.6136,2.1401,low_sample,dvsa-2024-v2,motriskindex-families-2024-v5
fail-group:toyota-rav4:dvsa-2024-v2:lamps-reflectors-and-electrical-equipment,toyota-rav4,"Lamps, reflectors and electrical equipment",21464,130592,16.4359,18.0899,-1.6540,0.9086,ok,dvsa-2024-v2,motriskindex-families-2024-v5
fail-group:toyota-rav4:dvsa-2024-v2:suspension,toyota-rav4,Suspension,21420,130592,16.4022,15.3574,1.0449,1.0680,ok,dvsa-2024-v2,motriskindex-families-2024-v5
fail-group:toyota-rav4:dvsa-2024-v2:brakes,toyota-rav4,Brakes,12756,130592,9.7678,11.2525,-1.4846,0.8681,ok,dvsa-2024-v2,motriskindex-families-2024-v5
fail-group:toyota-rav4:dvsa-2024-v2:visibility,toyota-rav4,Visibility,10541,130592,8.0717,8.3959,-0.3242,0.9614,ok,dvsa-2024-v2,motriskindex-families-2024-v5
fail-group:toyota-rav4:dvsa-2024-v2:tyres,toyota-rav4,Tyres,6877,130592,5.2660,8.7011,-3.4351,0.6052,ok,dvsa-2024-v2,motriskindex-families-2024-v5
fail-group:toyota-rav4:dvsa-2024-v2:body-chassis-structure,toyota-rav4,"Body, chassis, structure",5585,130592,4.2767,5.8011,-1.5244,0.7372,ok,dvsa-2024-v2,motriskindex-families-2024-v5
fail-group:toyota-rav4:dvsa-2024-v2:noise-emissions-and-leaks,toyota-rav4,"Noise, emissions and leaks",4549,130592,3.4834,3.6688,-0.1855,0.9495,low_sample,dvsa-2024-v2,motriskindex-families-2024-v5
fail-group:toyota-rav4:dvsa-2024-v2:steering,toyota-rav4,Steering,1427,130592,1.0927,3.4692,-2.3765,0.3150,low_sample,dvsa-2024-v2,motriskindex-families-2024-v5
fail-group:toyota-rav4:dvsa-2024-v2:seat-belts-and-supplementary-restraint-systems,toyota-rav4,Seat belts and supplementary restraint systems,1815,130592,1.3898,1.0195,0.3704,1.3633,low_sample,dvsa-2024-v2,motriskindex-families-2024-v5
fail-group:toyota-urban-cruiser:dvsa-2024-v2:lamps-reflectors-and-electrical-equipment,toyota-urban-cruiser,"Lamps, reflectors and electrical equipment",1109,3864,28.7008,18.0899,10.6109,1.5866,low_sample,dvsa-2024-v2,motriskindex-families-2024-v5
fail-group:toyota-verso:dvsa-2024-v2:lamps-reflectors-and-electrical-equipment,toyota-verso,"Lamps, reflectors and electrical equipment",7032,27910,25.1953,18.0899,7.1054,1.3928,ok,dvsa-2024-v2,motriskindex-families-2024-v5
fail-group:toyota-verso:dvsa-2024-v2:suspension,toyota-verso,Suspension,4123,27910,14.7725,15.3574,-0.5849,0.9619,low_sample,dvsa-2024-v2,motriskindex-families-2024-v5
fail-group:toyota-verso:dvsa-2024-v2:brakes,toyota-verso,Brakes,2705,27910,9.6919,11.2525,-1.5606,0.8613,low_sample,dvsa-2024-v2,motriskindex-families-2024-v5
fail-group:toyota-verso:dvsa-2024-v2:visibility,toyota-verso,Visibility,2433,27910,8.7173,8.3959,0.3214,1.0383,low_sample,dvsa-2024-v2,motriskindex-families-2024-v5
fail-group:toyota-verso:dvsa-2024-v2:tyres,toyota-verso,Tyres,2085,27910,7.4704,8.7011,-1.2307,0.8586,low_sample,dvsa-2024-v2,motriskindex-families-2024-v5
fail-group:toyota-verso:dvsa-2024-v2:steering,toyota-verso,Steering,1131,27910,4.0523,3.4692,0.5831,1.1681,low_sample,dvsa-2024-v2,motriskindex-families-2024-v5
fail-group:toyota-yaris:dvsa-2024-v2:lamps-reflectors-and-electrical-equipment,toyota-yaris,"Lamps, reflectors and electrical equipment",97680,459781,21.2449,18.0899,3.1550,1.1744,ok,dvsa-2024-v2,motriskindex-families-2024-v5
fail-group:toyota-yaris:dvsa-2024-v2:suspension,toyota-yaris,Suspension,62617,459781,13.6189,15.3574,-1.7385,0.8868,ok,dvsa-2024-v2,motriskindex-families-2024-v5
fail-group:toyota-yaris:dvsa-2024-v2:brakes,toyota-yaris,Brakes,42661,459781,9.2785,11.2525,-1.9739,0.8246,ok,dvsa-2024-v2,motriskindex-families-2024-v5
fail-group:toyota-yaris:dvsa-2024-v2:visibility,toyota-yaris,Visibility,39975,459781,8.6944,8.3959,0.2985,1.0355,ok,dvsa-2024-v2,motriskindex-families-2024-v5
fail-group:toyota-yaris:dvsa-2024-v2:tyres,toyota-yaris,Tyres,29074,459781,6.3234,8.7011,-2.3777,0.7267,ok,dvsa-2024-v2,motriskindex-families-2024-v5
fail-group:toyota-yaris:dvsa-2024-v2:body-chassis-structure,toyota-yaris,"Body, chassis, structure",23205,459781,5.0470,5.8011,-0.7542,0.8700,ok,dvsa-2024-v2,motriskindex-families-2024-v5
fail-group:toyota-yaris:dvsa-2024-v2:noise-emissions-and-leaks,toyota-yaris,"Noise, emissions and leaks",14682,459781,3.1933,3.6688,-0.4756,0.8704,ok,dvsa-2024-v2,motriskindex-families-2024-v5
fail-group:toyota-yaris:dvsa-2024-v2:steering,toyota-yaris,Steering,2462,459781,0.5355,3.4692,-2.9337,0.1544,low_sample,dvsa-2024-v2,motriskindex-families-2024-v5
fail-group:toyota-yaris:dvsa-2024-v2:seat-belts-and-supplementary-restraint-systems,toyota-yaris,Seat belts and supplementary restraint systems,3337,459781,0.7258,1.0195,-0.2937,0.7119,low_sample,dvsa-2024-v2,motriskindex-families-2024-v5
fail-group:vauxhall-adam:dvsa-2024-v2:lamps-reflectors-and-electrical-equipment,vauxhall-adam,"Lamps, reflectors and electrical equipment",4862,59025,8.2372,18.0899,-9.8527,0.4553,low_sample,dvsa-2024-v2,motriskindex-families-2024-v5
fail-group:vauxhall-adam:dvsa-2024-v2:suspension,vauxhall-adam,Suspension,9110,59025,15.4341,15.3574,0.0768,1.0050,ok,dvsa-2024-v2,motriskindex-families-2024-v5
fail-group:vauxhall-adam:dvsa-2024-v2:brakes,vauxhall-adam,Brakes,4133,59025,7.0021,11.2525,-4.2503,0.6223,low_sample,dvsa-2024-v2,motriskindex-families-2024-v5
fail-group:vauxhall-adam:dvsa-2024-v2:visibility,vauxhall-adam,Visibility,4014,59025,6.8005,8.3959,-1.5954,0.8100,low_sample,dvsa-2024-v2,motriskindex-families-2024-v5
fail-group:vauxhall-adam:dvsa-2024-v2:tyres,vauxhall-adam,Tyres,4404,59025,7.4612,8.7011,-1.2399,0.8575,low_sample,dvsa-2024-v2,motriskindex-families-2024-v5
fail-group:vauxhall-adam:dvsa-2024-v2:body-chassis-structure,vauxhall-adam,"Body, chassis, structure",1211,59025,2.0517,5.8011,-3.7494,0.3537,low_sample,dvsa-2024-v2,motriskindex-families-2024-v5
fail-group:vauxhall-adam:dvsa-2024-v2:noise-emissions-and-leaks,vauxhall-adam,"Noise, emissions and leaks",1492,59025,2.5277,3.6688,-1.1411,0.6890,low_sample,dvsa-2024-v2,motriskindex-families-2024-v5
fail-group:vauxhall-adam:dvsa-2024-v2:steering,vauxhall-adam,Steering,12977,59025,21.9856,3.4692,18.5164,6.3374,ok,dvsa-2024-v2,motriskindex-families-2024-v5
fail-group:vauxhall-agila:dvsa-2024-v2:lamps-reflectors-and-electrical-equipment,vauxhall-agila,"Lamps, reflectors and electrical equipment",5892,35326,16.6789,18.0899,-1.4110,0.9220,ok,dvsa-2024-v2,motriskindex-families-2024-v5
fail-group:vauxhall-agila:dvsa-2024-v2:suspension,vauxhall-agila,Suspension,11462,35326,32.4464,15.3574,17.0890,2.1128,ok,dvsa-2024-v2,motriskindex-families-2024-v5
fail-group:vauxhall-agila:dvsa-2024-v2:brakes,vauxhall-agila,Brakes,8140,35326,23.0425,11.2525,11.7901,2.0478,ok,dvsa-2024-v2,motriskindex-families-2024-v5
fail-group:vauxhall-agila:dvsa-2024-v2:visibility,vauxhall-agila,Visibility,4256,35326,12.0478,8.3959,3.6519,1.4350,low_sample,dvsa-2024-v2,motriskindex-families-2024-v5
fail-group:vauxhall-agila:dvsa-2024-v2:tyres,vauxhall-agila,Tyres,3008,35326,8.5150,8.7011,-0.1862,0.9786,low_sample,dvsa-2024-v2,motriskindex-families-2024-v5
fail-group:vauxhall-agila:dvsa-2024-v2:body-chassis-structure,vauxhall-agila,"Body, chassis, structure",2104,35326,5.9560,5.8011,0.1548,1.0267,low_sample,dvsa-2024-v2,motriskindex-families-2024-v5
fail-group:vauxhall-agila:dvsa-2024-v2:noise-emissions-and-leaks,vauxhall-agila,"Noise, emissions and leaks",1071,35326,3.0318,3.6688,-0.6371,0.8264,low_sample,dvsa-2024-v2,motriskindex-families-2024-v5
fail-group:vauxhall-antara:dvsa-2024-v2:lamps-reflectors-and-electrical-equipment,vauxhall-antara,"Lamps, reflectors and electrical equipment",9654,20568,46.9370,18.0899,28.8471,2.5947,ok,dvsa-2024-v2,motriskindex-families-2024-v5
fail-group:vauxhall-antara:dvsa-2024-v2:suspension,vauxhall-antara,Suspension,5118,20568,24.8833,15.3574,9.5260,1.6203,ok,dvsa-2024-v2,motriskindex-families-2024-v5
fail-group:vauxhall-antara:dvsa-2024-v2:brakes,vauxhall-antara,Brakes,4482,20568,21.7911,11.2525,10.5387,1.9366,low_sample,dvsa-2024-v2,motriskindex-families-2024-v5
fail-group:vauxhall-antara:dvsa-2024-v2:visibility,vauxhall-antara,Visibility,2116,20568,10.2878,8.3959,1.8919,1.2253,low_sample,dvsa-2024-v2,motriskindex-families-2024-v5
fail-group:vauxhall-antara:dvsa-2024-v2:tyres,vauxhall-antara,Tyres,2391,20568,11.6249,8.7011,2.9237,1.3360,low_sample,dvsa-2024-v2,motriskindex-families-2024-v5
fail-group:vauxhall-antara:dvsa-2024-v2:body-chassis-structure,vauxhall-antara,"Body, chassis, structure",1651,20568,8.0270,5.8011,2.2259,1.3837,low_sample,dvsa-2024-v2,motriskindex-families-2024-v5
fail-group:vauxhall-antara:dvsa-2024-v2:noise-emissions-and-leaks,vauxhall-antara,"Noise, emissions and leaks",1486,20568,7.2248,3.6688,3.5560,1.9692,low_sample,dvsa-2024-v2,motriskindex-families-2024-v5
fail-group:vauxhall-astra:dvsa-2024-v2:lamps-reflectors-and-electrical-equipment,vauxhall-astra,"Lamps, reflectors and electrical equipment",140083,636078,22.0229,18.0899,3.9330,1.2174,ok,dvsa-2024-v2,motriskindex-families-2024-v5
fail-group:vauxhall-astra:dvsa-2024-v2:suspension,vauxhall-astra,Suspension,112161,636078,17.6332,15.3574,2.2759,1.1482,ok,dvsa-2024-v2,motriskindex-families-2024-v5
fail-group:vauxhall-astra:dvsa-2024-v2:brakes,vauxhall-astra,Brakes,99872,636078,15.7012,11.2525,4.4488,1.3954,ok,dvsa-2024-v2,motriskindex-families-2024-v5
fail-group:vauxhall-astra:dvsa-2024-v2:visibility,vauxhall-astra,Visibility,56640,636078,8.9046,8.3959,0.5087,1.0606,ok,dvsa-2024-v2,motriskindex-families-2024-v5
fail-group:vauxhall-astra:dvsa-2024-v2:tyres,vauxhall-astra,Tyres,67677,636078,10.6397,8.7011,1.9386,1.2228,ok,dvsa-2024-v2,motriskindex-families-2024-v5
fail-group:vauxhall-astra:dvsa-2024-v2:body-chassis-structure,vauxhall-astra,"Body, chassis, structure",38968,636078,6.1263,5.8011,0.3252,1.0561,ok,dvsa-2024-v2,motriskindex-families-2024-v5
fail-group:vauxhall-astra:dvsa-2024-v2:noise-emissions-and-leaks,vauxhall-astra,"Noise, emissions and leaks",41275,636078,6.4890,3.6688,2.8202,1.7687,ok,dvsa-2024-v2,motriskindex-families-2024-v5
fail-group:vauxhall-astra:dvsa-2024-v2:steering,vauxhall-astra,Steering,9316,636078,1.4646,3.4692,-2.0046,0.4222,ok,dvsa-2024-v2,motriskindex-families-2024-v5
fail-group:vauxhall-astra:dvsa-2024-v2:seat-belts-and-supplementary-restraint-systems,vauxhall-astra,Seat belts and supplementary restraint systems,4092,636078,0.6433,1.0195,-0.3762,0.6310,low_sample,dvsa-2024-v2,motriskindex-families-2024-v5
fail-group:vauxhall-astra:dvsa-2024-v2:identification-of-the-vehicle,vauxhall-astra,Identification of the vehicle,2816,636078,0.4427,0.3643,0.0784,1.2151,low_sample,dvsa-2024-v2,motriskindex-families-2024-v5
fail-group:vauxhall-astra:dvsa-2024-v2:road-wheels,vauxhall-astra,Road Wheels,3038,636078,0.4776,0.4406,0.0371,1.0841,low_sample,dvsa-2024-v2,motriskindex-families-2024-v5
fail-group:vauxhall-astravan:dvsa-2024-v2:lamps-reflectors-and-electrical-equipment,vauxhall-astravan,"Lamps, reflectors and electrical equipment",3861,7830,49.3103,18.0899,31.2205,2.7259,low_sample,dvsa-2024-v2,motriskindex-families-2024-v5
fail-group:vauxhall-astravan:dvsa-2024-v2:suspension,vauxhall-astravan,Suspension,2986,7830,38.1354,15.3574,22.7780,2.4832,low_sample,dvsa-2024-v2,motriskindex-families-2024-v5
fail-group:vauxhall-astravan:dvsa-2024-v2:brakes,vauxhall-astravan,Brakes,2834,7830,36.1941,11.2525,24.9417,3.2166,low_sample,dvsa-2024-v2,motriskindex-families-2024-v5
fail-group:vauxhall-astravan:dvsa-2024-v2:visibility,vauxhall-astravan,Visibility,1588,7830,20.2810,8.3959,11.8851,2.4156,low_sample,dvsa-2024-v2,motriskindex-families-2024-v5
fail-group:vauxhall-astravan:dvsa-2024-v2:tyres,vauxhall-astravan,Tyres,1002,7830,12.7969,8.7011,4.0958,1.4707,low_sample,dvsa-2024-v2,motriskindex-families-2024-v5
fail-group:vauxhall-combo:dvsa-2024-v2:lamps-reflectors-and-electrical-equipment,vauxhall-combo,"Lamps, reflectors and electrical equipment",34288,105066,32.6347,18.0899,14.5448,1.8040,ok,dvsa-2024-v2,motriskindex-families-2024-v5
fail-group:vauxhall-combo:dvsa-2024-v2:suspension,vauxhall-combo,Suspension,25528,105066,24.2971,15.3574,8.9398,1.5821,ok,dvsa-2024-v2,motriskindex-families-2024-v5
fail-group:vauxhall-combo:dvsa-2024-v2:brakes,vauxhall-combo,Brakes,19301,105066,18.3704,11.2525,7.1179,1.6326,ok,dvsa-2024-v2,motriskindex-families-2024-v5
fail-group:vauxhall-combo:dvsa-2024-v2:visibility,vauxhall-combo,Visibility,19916,105066,18.9557,8.3959,10.5598,2.2577,ok,dvsa-2024-v2,motriskindex-families-2024-v5
fail-group:vauxhall-combo:dvsa-2024-v2:tyres,vauxhall-combo,Tyres,12651,105066,12.0410,8.7011,3.3399,1.3838,ok,dvsa-2024-v2,motriskindex-families-2024-v5
fail-group:vauxhall-combo:dvsa-2024-v2:body-chassis-structure,vauxhall-combo,"Body, chassis, structure",10893,105066,10.3678,5.8011,4.5666,1.7872,ok,dvsa-2024-v2,motriskindex-families-2024-v5
fail-group:vauxhall-combo:dvsa-2024-v2:noise-emissions-and-leaks,vauxhall-combo,"Noise, emissions and leaks",5271,105066,5.0168,3.6688,1.3480,1.3674,ok,dvsa-2024-v2,motriskindex-families-2024-v5
fail-group:vauxhall-combo:dvsa-2024-v2:steering,vauxhall-combo,Steering,5382,105066,5.1225,3.4692,1.6533,1.4766,ok,dvsa-2024-v2,motriskindex-families-2024-v5
fail-group:vauxhall-combo:dvsa-2024-v2:seat-belts-and-supplementary-restraint-systems,vauxhall-combo,Seat belts and supplementary restraint systems,1172,105066,1.1155,1.0195,0.0960,1.0942,low_sample,dvsa-2024-v2,motriskindex-families-2024-v5
fail-group:vauxhall-corsa:dvsa-2024-v2:lamps-reflectors-and-electrical-equipment,vauxhall-corsa,"Lamps, reflectors and electrical equipment",199517,824643,24.1943,18.0899,6.1045,1.3375,ok,dvsa-2024-v2,motriskindex-families-2024-v5
fail-group:vauxhall-corsa:dvsa-2024-v2:suspension,vauxhall-corsa,Suspension,155065,824643,18.8039,15.3574,3.4465,1.2244,ok,dvsa-2024-v2,motriskindex-families-2024-v5
fail-group:vauxhall-corsa:dvsa-2024-v2:brakes,vauxhall-corsa,Brakes,94681,824643,11.4815,11.2525,0.2290,1.0204,ok,dvsa-2024-v2,motriskindex-families-2024-v5
fail-group:vauxhall-corsa:dvsa-2024-v2:visibility,vauxhall-corsa,Visibility,72796,824643,8.8276,8.3959,0.4317,1.0514,ok,dvsa-2024-v2,motriskindex-families-2024-v5
fail-group:vauxhall-corsa:dvsa-2024-v2:tyres,vauxhall-corsa,Tyres,73439,824643,8.9056,8.7011,0.2044,1.0235,ok,dvsa-2024-v2,motriskindex-families-2024-v5
fail-group:vauxhall-corsa:dvsa-2024-v2:body-chassis-structure,vauxhall-corsa,"Body, chassis, structure",52960,824643,6.4222,5.8011,0.6211,1.1071,ok,dvsa-2024-v2,motriskindex-families-2024-v5
fail-group:vauxhall-corsa:dvsa-2024-v2:noise-emissions-and-leaks,vauxhall-corsa,"Noise, emissions and leaks",50034,824643,6.0674,3.6688,2.3985,1.6538,ok,dvsa-2024-v2,motriskindex-families-2024-v5
fail-group:vauxhall-corsa:dvsa-2024-v2:steering,vauxhall-corsa,Steering,116152,824643,14.0851,3.4692,10.6159,4.0601,ok,dvsa-2024-v2,motriskindex-families-2024-v5
fail-group:vauxhall-corsa:dvsa-2024-v2:seat-belts-and-supplementary-restraint-systems,vauxhall-corsa,Seat belts and supplementary restraint systems,6830,824643,0.8282,1.0195,-0.1912,0.8124,ok,dvsa-2024-v2,motriskindex-families-2024-v5
fail-group:vauxhall-corsa:dvsa-2024-v2:identification-of-the-vehicle,vauxhall-corsa,Identification of the vehicle,2947,824643,0.3574,0.3643,-0.0070,0.9809,low_sample,dvsa-2024-v2,motriskindex-families-2024-v5
fail-group:vauxhall-corsa:dvsa-2024-v2:road-wheels,vauxhall-corsa,Road Wheels,2596,824643,0.3148,0.4406,-0.1258,0.7146,low_sample,dvsa-2024-v2,motriskindex-families-2024-v5
fail-group:vauxhall-corsavan:dvsa-2024-v2:lamps-reflectors-and-electrical-equipment,vauxhall-corsavan,"Lamps, reflectors and electrical equipment",1720,3683,46.7011,18.0899,28.6112,2.5816,low_sample,dvsa-2024-v2,motriskindex-families-2024-v5
fail-group:vauxhall-corsavan:dvsa-2024-v2:suspension,vauxhall-corsavan,Suspension,1312,3683,35.6231,15.3574,20.2658,2.3196,low_sample,dvsa-2024-v2,motriskindex-families-2024-v5
fail-group:vauxhall-crossland:dvsa-2024-v2:lamps-reflectors-and-electrical-equipment,vauxhall-crossland,"Lamps, reflectors and electrical equipment",1149,67658,1.6982,18.0899,-16.3916,0.0939,low_sample,dvsa-2024-v2,motriskindex-families-2024-v5
fail-group:vauxhall-crossland:dvsa-2024-v2:brakes,vauxhall-crossland,Brakes,4649,67658,6.8713,11.2525,-4.3811,0.6107,low_sample,dvsa-2024-v2,motriskindex-families-2024-v5
fail-group:vauxhall-crossland:dvsa-2024-v2:visibility,vauxhall-crossland,Visibility,1501,67658,2.2185,8.3959,-6.1774,0.2642,low_sample,dvsa-2024-v2,motriskindex-families-2024-v5
fail-group:vauxhall-crossland:dvsa-2024-v2:tyres,vauxhall-crossland,Tyres,3911,67658,5.7805,8.7011,-2.9206,0.6643,low_sample,dvsa-2024-v2,motriskindex-families-2024-v5
fail-group:vauxhall-crossland:dvsa-2024-v2:body-chassis-structure,vauxhall-crossland,"Body, chassis, structure",3075,67658,4.5449,5.8011,-1.2562,0.7835,low_sample,dvsa-2024-v2,motriskindex-families-2024-v5
fail-group:vauxhall-grandland:dvsa-2024-v2:lamps-reflectors-and-electrical-equipment,vauxhall-grandland,"Lamps, reflectors and electrical equipment",1493,69131,2.1597,18.0899,-15.9302,0.1194,low_sample,dvsa-2024-v2,motriskindex-families-2024-v5
fail-group:vauxhall-grandland:dvsa-2024-v2:suspension,vauxhall-grandland,Suspension,1406,69131,2.0338,15.3574,-13.3235,0.1324,low_sample,dvsa-2024-v2,motriskindex-families-2024-v5
fail-group:vauxhall-grandland:dvsa-2024-v2:brakes,vauxhall-grandland,Brakes,2932,69131,4.2412,11.2525,-7.0112,0.3769,low_sample,dvsa-2024-v2,motriskindex-families-2024-v5
fail-group:vauxhall-grandland:dvsa-2024-v2:visibility,vauxhall-grandland,Visibility,2270,69131,3.2836,8.3959,-5.1123,0.3911,low_sample,dvsa-2024-v2,motriskindex-families-2024-v5
fail-group:vauxhall-grandland:dvsa-2024-v2:tyres,vauxhall-grandland,Tyres,4892,69131,7.0764,8.7011,-1.6247,0.8133,low_sample,dvsa-2024-v2,motriskindex-families-2024-v5
fail-group:vauxhall-grandland:dvsa-2024-v2:body-chassis-structure,vauxhall-grandland,"Body, chassis, structure",1624,69131,2.3492,5.8011,-3.4520,0.4049,low_sample,dvsa-2024-v2,motriskindex-families-2024-v5
fail-group:vauxhall-insignia:dvsa-2024-v2:lamps-reflectors-and-electrical-equipment,vauxhall-insignia,"Lamps, reflectors and electrical equipment",42903,199814,21.4715,18.0899,3.3816,1.1869,ok,dvsa-2024-v2,motriskindex-families-2024-v5
fail-group:vauxhall-insignia:dvsa-2024-v2:suspension,vauxhall-insignia,Suspension,33271,199814,16.6510,15.3574,1.2936,1.0842,ok,dvsa-2024-v2,motriskindex-families-2024-v5
fail-group:vauxhall-insignia:dvsa-2024-v2:brakes,vauxhall-insignia,Brakes,20468,199814,10.2435,11.2525,-1.0089,0.9103,ok,dvsa-2024-v2,motriskindex-families-2024-v5
fail-group:vauxhall-insignia:dvsa-2024-v2:visibility,vauxhall-insignia,Visibility,17148,199814,8.5820,8.3959,0.1861,1.0222,ok,dvsa-2024-v2,motriskindex-families-2024-v5
fail-group:vauxhall-insignia:dvsa-2024-v2:tyres,vauxhall-insignia,Tyres,23929,199814,11.9756,8.7011,3.2745,1.3763,ok,dvsa-2024-v2,motriskindex-families-2024-v5
fail-group:vauxhall-insignia:dvsa-2024-v2:body-chassis-structure,vauxhall-insignia,"Body, chassis, structure",7305,199814,3.6559,5.8011,-2.1452,0.6302,ok,dvsa-2024-v2,motriskindex-families-2024-v5
fail-group:vauxhall-insignia:dvsa-2024-v2:noise-emissions-and-leaks,vauxhall-insignia,"Noise, emissions and leaks",7626,199814,3.8165,3.6688,0.1477,1.0403,ok,dvsa-2024-v2,motriskindex-families-2024-v5
fail-group:vauxhall-insignia:dvsa-2024-v2:steering,vauxhall-insignia,Steering,1629,199814,0.8153,3.4692,-2.6539,0.2350,low_sample,dvsa-2024-v2,motriskindex-families-2024-v5
fail-group:vauxhall-insignia:dvsa-2024-v2:road-wheels,vauxhall-insignia,Road Wheels,1221,199814,0.6111,0.4406,0.1705,1.3870,low_sample,dvsa-2024-v2,motriskindex-families-2024-v5
fail-group:vauxhall-meriva:dvsa-2024-v2:lamps-reflectors-and-electrical-equipment,vauxhall-meriva,"Lamps, reflectors and electrical equipment",18507,91310,20.2683,18.0899,2.1784,1.1204,ok,dvsa-2024-v2,motriskindex-families-2024-v5
fail-group:vauxhall-meriva:dvsa-2024-v2:suspension,vauxhall-meriva,Suspension,21488,91310,23.5330,15.3574,8.1757,1.5324,ok,dvsa-2024-v2,motriskindex-families-2024-v5
fail-group:vauxhall-meriva:dvsa-2024-v2:brakes,vauxhall-meriva,Brakes,15174,91310,16.6181,11.2525,5.3657,1.4768,ok,dvsa-2024-v2,motriskindex-families-2024-v5
fail-group:vauxhall-meriva:dvsa-2024-v2:visibility,vauxhall-meriva,Visibility,8658,91310,9.4820,8.3959,1.0861,1.1294,ok,dvsa-2024-v2,motriskindex-families-2024-v5
fail-group:vauxhall-meriva:dvsa-2024-v2:tyres,vauxhall-meriva,Tyres,9454,91310,10.3537,8.7011,1.6526,1.1899,ok,dvsa-2024-v2,motriskindex-families-2024-v5
fail-group:vauxhall-meriva:dvsa-2024-v2:body-chassis-structure,vauxhall-meriva,"Body, chassis, structure",7261,91310,7.9520,5.8011,2.1509,1.3708,ok,dvsa-2024-v2,motriskindex-families-2024-v5
fail-group:vauxhall-meriva:dvsa-2024-v2:noise-emissions-and-leaks,vauxhall-meriva,"Noise, emissions and leaks",5795,91310,6.3465,3.6688,2.6777,1.7298,ok,dvsa-2024-v2,motriskindex-families-2024-v5
fail-group:vauxhall-meriva:dvsa-2024-v2:steering,vauxhall-meriva,Steering,3621,91310,3.9656,3.4692,0.4964,1.1431,low_sample,dvsa-2024-v2,motriskindex-families-2024-v5
fail-group:vauxhall-mokka:dvsa-2024-v2:lamps-reflectors-and-electrical-equipment,vauxhall-mokka,"Lamps, reflectors and electrical equipment",21489,233293,9.2112,18.0899,-8.8787,0.5092,ok,dvsa-2024-v2,motriskindex-families-2024-v5
fail-group:vauxhall-mokka:dvsa-2024-v2:suspension,vauxhall-mokka,Suspension,53648,233293,22.9960,15.3574,7.6386,1.4974,ok,dvsa-2024-v2,motriskindex-families-2024-v5
fail-group:vauxhall-mokka:dvsa-2024-v2:brakes,vauxhall-mokka,Brakes,16303,233293,6.9882,11.2525,-4.2642,0.6210,ok,dvsa-2024-v2,motriskindex-families-2024-v5
fail-group:vauxhall-mokka:dvsa-2024-v2:visibility,vauxhall-mokka,Visibility,18775,233293,8.0478,8.3959,-0.3481,0.9585,ok,dvsa-2024-v2,motriskindex-families-2024-v5
fail-group:vauxhall-mokka:dvsa-2024-v2:tyres,vauxhall-mokka,Tyres,16360,233293,7.0126,8.7011,-1.6885,0.8059,ok,dvsa-2024-v2,motriskindex-families-2024-v5
fail-group:vauxhall-mokka:dvsa-2024-v2:body-chassis-structure,vauxhall-mokka,"Body, chassis, structure",4836,233293,2.0729,5.8011,-3.7282,0.3573,low_sample,dvsa-2024-v2,motriskindex-families-2024-v5
fail-group:vauxhall-mokka:dvsa-2024-v2:noise-emissions-and-leaks,vauxhall-mokka,"Noise, emissions and leaks",7670,233293,3.2877,3.6688,-0.3811,0.8961,ok,dvsa-2024-v2,motriskindex-families-2024-v5
fail-group:vauxhall-mokka:dvsa-2024-v2:steering,vauxhall-mokka,Steering,10939,233293,4.6890,3.4692,1.2198,1.3516,ok,dvsa-2024-v2,motriskindex-families-2024-v5
fail-group:vauxhall-mokka:dvsa-2024-v2:seat-belts-and-supplementary-restraint-systems,vauxhall-mokka,Seat belts and supplementary restraint systems,1222,233293,0.5238,1.0195,-0.4957,0.5138,low_sample,dvsa-2024-v2,motriskindex-families-2024-v5
fail-group:vauxhall-movano:dvsa-2024-v2:lamps-reflectors-and-electrical-equipment,vauxhall-movano,"Lamps, reflectors and electrical equipment",1805,4473,40.3532,18.0899,22.2633,2.2307,low_sample,dvsa-2024-v2,motriskindex-families-2024-v5
fail-group:vauxhall-movano:dvsa-2024-v2:brakes,vauxhall-movano,Brakes,1420,4473,31.7460,11.2525,20.4936,2.8213,low_sample,dvsa-2024-v2,motriskindex-families-2024-v5
fail-group:vauxhall-tigra:dvsa-2024-v2:lamps-reflectors-and-electrical-equipment,vauxhall-tigra,"Lamps, reflectors and electrical equipment",2046,6713,30.4782,18.0899,12.3883,1.6848,low_sample,dvsa-2024-v2,motriskindex-families-2024-v5
fail-group:vauxhall-tigra:dvsa-2024-v2:suspension,vauxhall-tigra,Suspension,2315,6713,34.4853,15.3574,19.1280,2.2455,low_sample,dvsa-2024-v2,motriskindex-families-2024-v5
fail-group:vauxhall-tigra:dvsa-2024-v2:brakes,vauxhall-tigra,Brakes,2654,6713,39.5352,11.2525,28.2828,3.5135,low_sample,dvsa-2024-v2,motriskindex-families-2024-v5
fail-group:vauxhall-tigra:dvsa-2024-v2:body-chassis-structure,vauxhall-tigra,"Body, chassis, structure",1091,6713,16.2520,5.8011,10.4509,2.8015,low_sample,dvsa-2024-v2,motriskindex-families-2024-v5
fail-group:vauxhall-vectra:dvsa-2024-v2:lamps-reflectors-and-electrical-equipment,vauxhall-vectra,"Lamps, reflectors and electrical equipment",12890,29528,43.6535,18.0899,25.5636,2.4131,ok,dvsa-2024-v2,motriskindex-families-2024-v5
fail-group:vauxhall-vectra:dvsa-2024-v2:suspension,vauxhall-vectra,Suspension,10610,29528,35.9320,15.3574,20.5746,2.3397,ok,dvsa-2024-v2,motriskindex-families-2024-v5
fail-group:vauxhall-vectra:dvsa-2024-v2:brakes,vauxhall-vectra,Brakes,10533,29528,35.6712,11.2525,24.4188,3.1701,ok,dvsa-2024-v2,motriskindex-families-2024-v5
fail-group:vauxhall-vectra:dvsa-2024-v2:visibility,vauxhall-vectra,Visibility,4193,29528,14.2001,8.3959,5.8042,1.6913,low_sample,dvsa-2024-v2,motriskindex-families-2024-v5
fail-group:vauxhall-vectra:dvsa-2024-v2:tyres,vauxhall-vectra,Tyres,3562,29528,12.0631,8.7011,3.3620,1.3864,low_sample,dvsa-2024-v2,motriskindex-families-2024-v5
fail-group:vauxhall-vectra:dvsa-2024-v2:body-chassis-structure,vauxhall-vectra,"Body, chassis, structure",3960,29528,13.4110,5.8011,7.6099,2.3118,low_sample,dvsa-2024-v2,motriskindex-families-2024-v5
fail-group:vauxhall-vectra:dvsa-2024-v2:noise-emissions-and-leaks,vauxhall-vectra,"Noise, emissions and leaks",3056,29528,10.3495,3.6688,6.6807,2.8209,low_sample,dvsa-2024-v2,motriskindex-families-2024-v5
fail-group:vauxhall-viva:dvsa-2024-v2:lamps-reflectors-and-electrical-equipment,vauxhall-viva,"Lamps, reflectors and electrical equipment",1232,38341,3.2133,18.0899,-14.8766,0.1776,low_sample,dvsa-2024-v2,motriskindex-families-2024-v5
fail-group:vauxhall-viva:dvsa-2024-v2:suspension,vauxhall-viva,Suspension,1726,38341,4.5017,15.3574,-10.8556,0.2931,low_sample,dvsa-2024-v2,motriskindex-families-2024-v5
fail-group:vauxhall-viva:dvsa-2024-v2:brakes,vauxhall-viva,Brakes,1125,38341,2.9342,11.2525,-8.3183,0.2608,low_sample,dvsa-2024-v2,motriskindex-families-2024-v5
fail-group:vauxhall-viva:dvsa-2024-v2:visibility,vauxhall-viva,Visibility,2637,38341,6.8778,8.3959,-1.5181,0.8192,low_sample,dvsa-2024-v2,motriskindex-families-2024-v5
fail-group:vauxhall-viva:dvsa-2024-v2:tyres,vauxhall-viva,Tyres,3428,38341,8.9408,8.7011,0.2397,1.0275,low_sample,dvsa-2024-v2,motriskindex-families-2024-v5
fail-group:vauxhall-vivaro:dvsa-2024-v2:lamps-reflectors-and-electrical-equipment,vauxhall-vivaro,"Lamps, reflectors and electrical equipment",58575,183293,31.9570,18.0899,13.8671,1.7666,ok,dvsa-2024-v2,motriskindex-families-2024-v5
fail-group:vauxhall-vivaro:dvsa-2024-v2:suspension,vauxhall-vivaro,Suspension,62541,183293,34.1208,15.3574,18.7634,2.2218,ok,dvsa-2024-v2,motriskindex-families-2024-v5
fail-group:vauxhall-vivaro:dvsa-2024-v2:brakes,vauxhall-vivaro,Brakes,50432,183293,27.5144,11.2525,16.2620,2.4452,ok,dvsa-2024-v2,motriskindex-families-2024-v5
fail-group:vauxhall-vivaro:dvsa-2024-v2:visibility,vauxhall-vivaro,Visibility,33306,183293,18.1709,8.3959,9.7750,2.1643,ok,dvsa-2024-v2,motriskindex-families-2024-v5
fail-group:vauxhall-vivaro:dvsa-2024-v2:tyres,vauxhall-vivaro,Tyres,14479,183293,7.8994,8.7011,-0.8018,0.9079,ok,dvsa-2024-v2,motriskindex-families-2024-v5
fail-group:vauxhall-vivaro:dvsa-2024-v2:body-chassis-structure,vauxhall-vivaro,"Body, chassis, structure",15522,183293,8.4684,5.8011,2.6673,1.4598,ok,dvsa-2024-v2,motriskindex-families-2024-v5
fail-group:vauxhall-vivaro:dvsa-2024-v2:noise-emissions-and-leaks,vauxhall-vivaro,"Noise, emissions and leaks",9469,183293,5.1660,3.6688,1.4972,1.4081,ok,dvsa-2024-v2,motriskindex-families-2024-v5
fail-group:vauxhall-vivaro:dvsa-2024-v2:steering,vauxhall-vivaro,Steering,27626,183293,15.0720,3.4692,11.6029,4.3445,ok,dvsa-2024-v2,motriskindex-families-2024-v5
fail-group:vauxhall-vivaro:dvsa-2024-v2:seat-belts-and-supplementary-restraint-systems,vauxhall-vivaro,Seat belts and supplementary restraint systems,3823,183293,2.0857,1.0195,1.0663,2.0459,low_sample,dvsa-2024-v2,motriskindex-families-2024-v5
fail-group:vauxhall-zafira:dvsa-2024-v2:lamps-reflectors-and-electrical-equipment,vauxhall-zafira,"Lamps, reflectors and electrical equipment",54652,200253,27.2915,18.0899,9.2016,1.5087,ok,dvsa-2024-v2,motriskindex-families-2024-v5
fail-group:vauxhall-zafira:dvsa-2024-v2:suspension,vauxhall-zafira,Suspension,41070,200253,20.5091,15.3574,5.1517,1.3355,ok,dvsa-2024-v2,motriskindex-families-2024-v5
fail-group:vauxhall-zafira:dvsa-2024-v2:brakes,vauxhall-zafira,Brakes,31843,200253,15.9014,11.2525,4.6489,1.4131,ok,dvsa-2024-v2,motriskindex-families-2024-v5
fail-group:vauxhall-zafira:dvsa-2024-v2:visibility,vauxhall-zafira,Visibility,21326,200253,10.6495,8.3959,2.2536,1.2684,ok,dvsa-2024-v2,motriskindex-families-2024-v5
fail-group:vauxhall-zafira:dvsa-2024-v2:tyres,vauxhall-zafira,Tyres,24287,200253,12.1282,8.7011,3.4270,1.3939,ok,dvsa-2024-v2,motriskindex-families-2024-v5
fail-group:vauxhall-zafira:dvsa-2024-v2:body-chassis-structure,vauxhall-zafira,"Body, chassis, structure",13287,200253,6.6351,5.8011,0.8340,1.1438,ok,dvsa-2024-v2,motriskindex-families-2024-v5
fail-group:vauxhall-zafira:dvsa-2024-v2:noise-emissions-and-leaks,vauxhall-zafira,"Noise, emissions and leaks",20655,200253,10.3145,3.6688,6.6456,2.8114,ok,dvsa-2024-v2,motriskindex-families-2024-v5
fail-group:vauxhall-zafira:dvsa-2024-v2:steering,vauxhall-zafira,Steering,4724,200253,2.3590,3.4692,-1.1102,0.6800,low_sample,dvsa-2024-v2,motriskindex-families-2024-v5
fail-group:vauxhall-zafira:dvsa-2024-v2:seat-belts-and-supplementary-restraint-systems,vauxhall-zafira,Seat belts and supplementary restraint systems,1964,200253,0.9808,1.0195,-0.0387,0.9620,low_sample,dvsa-2024-v2,motriskindex-families-2024-v5
fail-group:volkswagen-amarok:dvsa-2024-v2:lamps-reflectors-and-electrical-equipment,volkswagen-amarok,"Lamps, reflectors and electrical equipment",2392,20324,11.7693,18.0899,-6.3206,0.6506,low_sample,dvsa-2024-v2,motriskindex-families-2024-v5
fail-group:volkswagen-amarok:dvsa-2024-v2:suspension,volkswagen-amarok,Suspension,1650,20324,8.1185,15.3574,-7.2389,0.5286,low_sample,dvsa-2024-v2,motriskindex-families-2024-v5
fail-group:volkswagen-amarok:dvsa-2024-v2:brakes,volkswagen-amarok,Brakes,3456,20324,17.0045,11.2525,5.7521,1.5112,low_sample,dvsa-2024-v2,motriskindex-families-2024-v5
fail-group:volkswagen-amarok:dvsa-2024-v2:visibility,volkswagen-amarok,Visibility,1571,20324,7.7298,8.3959,-0.6661,0.9207,low_sample,dvsa-2024-v2,motriskindex-families-2024-v5
fail-group:volkswagen-beetle:dvsa-2024-v2:lamps-reflectors-and-electrical-equipment,volkswagen-beetle,"Lamps, reflectors and electrical equipment",17080,44170,38.6688,18.0899,20.5789,2.1376,ok,dvsa-2024-v2,motriskindex-families-2024-v5
fail-group:volkswagen-beetle:dvsa-2024-v2:suspension,volkswagen-beetle,Suspension,11190,44170,25.3339,15.3574,9.9766,1.6496,ok,dvsa-2024-v2,motriskindex-families-2024-v5
fail-group:volkswagen-beetle:dvsa-2024-v2:brakes,volkswagen-beetle,Brakes,7277,44170,16.4750,11.2525,5.2225,1.4641,ok,dvsa-2024-v2,motriskindex-families-2024-v5
fail-group:volkswagen-beetle:dvsa-2024-v2:visibility,volkswagen-beetle,Visibility,5775,44170,13.0745,8.3959,4.6786,1.5572,ok,dvsa-2024-v2,motriskindex-families-2024-v5
fail-group:volkswagen-beetle:dvsa-2024-v2:tyres,volkswagen-beetle,Tyres,4093,44170,9.2665,8.7011,0.5653,1.0650,low_sample,dvsa-2024-v2,motriskindex-families-2024-v5
fail-group:volkswagen-beetle:dvsa-2024-v2:body-chassis-structure,volkswagen-beetle,"Body, chassis, structure",6357,44170,14.3921,5.8011,8.5910,2.4809,ok,dvsa-2024-v2,motriskindex-families-2024-v5
fail-group:volkswagen-beetle:dvsa-2024-v2:noise-emissions-and-leaks,volkswagen-beetle,"Noise, emissions and leaks",5500,44170,12.4519,3.6688,8.7831,3.3940,ok,dvsa-2024-v2,motriskindex-families-2024-v5
fail-group:volkswagen-beetle:dvsa-2024-v2:steering,volkswagen-beetle,Steering,5026,44170,11.3788,3.4692,7.9096,3.2799,ok,dvsa-2024-v2,motriskindex-families-2024-v5
fail-group:volkswagen-beetle:dvsa-2024-v2:seat-belts-and-supplementary-restraint-systems,volkswagen-beetle,Seat belts and supplementary restraint systems,1384,44170,3.1333,1.0195,2.1139,3.0735,low_sample,dvsa-2024-v2,motriskindex-families-2024-v5
fail-group:volkswagen-bora:dvsa-2024-v2:lamps-reflectors-and-electrical-equipment,volkswagen-bora,"Lamps, reflectors and electrical equipment",2335,5376,43.4338,18.0899,25.3439,2.4010,low_sample,dvsa-2024-v2,motriskindex-families-2024-v5
fail-group:volkswagen-bora:dvsa-2024-v2:suspension,volkswagen-bora,Suspension,1350,5376,25.1116,15.3574,9.7543,1.6352,low_sample,dvsa-2024-v2,motriskindex-families-2024-v5
fail-group:volkswagen-bora:dvsa-2024-v2:brakes,volkswagen-bora,Brakes,1547,5376,28.7760,11.2525,17.5236,2.5573,low_sample,dvsa-2024-v2,motriskindex-families-2024-v5
fail-group:volkswagen-bora:dvsa-2024-v2:body-chassis-structure,volkswagen-bora,"Body, chassis, structure",1407,5376,26.1719,5.8011,20.3708,4.5115,low_sample,dvsa-2024-v2,motriskindex-families-2024-v5
fail-group:volkswagen-caddy:dvsa-2024-v2:lamps-reflectors-and-electrical-equipment,volkswagen-caddy,"Lamps, reflectors and electrical equipment",29016,148609,19.5251,18.0899,1.4352,1.0793,ok,dvsa-2024-v2,motriskindex-families-2024-v5
fail-group:volkswagen-caddy:dvsa-2024-v2:suspension,volkswagen-caddy,Suspension,36346,148609,24.4575,15.3574,9.1001,1.5926,ok,dvsa-2024-v2,motriskindex-families-2024-v5
fail-group:volkswagen-caddy:dvsa-2024-v2:brakes,volkswagen-caddy,Brakes,18447,148609,12.4131,11.2525,1.1607,1.1031,ok,dvsa-2024-v2,motriskindex-families-2024-v5
fail-group:volkswagen-caddy:dvsa-2024-v2:visibility,volkswagen-caddy,Visibility,22440,148609,15.1000,8.3959,6.7041,1.7985,ok,dvsa-2024-v2,motriskindex-families-2024-v5
fail-group:volkswagen-caddy:dvsa-2024-v2:tyres,volkswagen-caddy,Tyres,15549,148609,10.4630,8.7011,1.7619,1.2025,ok,dvsa-2024-v2,motriskindex-families-2024-v5
fail-group:volkswagen-caddy:dvsa-2024-v2:body-chassis-structure,volkswagen-caddy,"Body, chassis, structure",11410,148609,7.6779,5.8011,1.8767,1.3235,ok,dvsa-2024-v2,motriskindex-families-2024-v5
fail-group:volkswagen-caddy:dvsa-2024-v2:noise-emissions-and-leaks,volkswagen-caddy,"Noise, emissions and leaks",5985,148609,4.0273,3.6688,0.3585,1.0977,ok,dvsa-2024-v2,motriskindex-families-2024-v5
fail-group:volkswagen-caddy:dvsa-2024-v2:steering,volkswagen-caddy,Steering,2093,148609,1.4084,3.4692,-2.0608,0.4060,low_sample,dvsa-2024-v2,motriskindex-families-2024-v5
fail-group:volkswagen-caddy:dvsa-2024-v2:seat-belts-and-supplementary-restraint-systems,volkswagen-caddy,Seat belts and supplementary restraint systems,1526,148609,1.0269,1.0195,0.0074,1.0072,low_sample,dvsa-2024-v2,motriskindex-families-2024-v5
fail-group:volkswagen-caravelle:dvsa-2024-v2:lamps-reflectors-and-electrical-equipment,volkswagen-caravelle,"Lamps, reflectors and electrical equipment",5378,18657,28.8256,18.0899,10.7358,1.5935,ok,dvsa-2024-v2,motriskindex-families-2024-v5
fail-group:volkswagen-caravelle:dvsa-2024-v2:suspension,volkswagen-caravelle,Suspension,4761,18657,25.5186,15.3574,10.1612,1.6617,low_sample,dvsa-2024-v2,motriskindex-families-2024-v5
fail-group:volkswagen-caravelle:dvsa-2024-v2:brakes,volkswagen-caravelle,Brakes,3567,18657,19.1188,11.2525,7.8664,1.6991,low_sample,dvsa-2024-v2,motriskindex-families-2024-v5
fail-group:volkswagen-caravelle:dvsa-2024-v2:visibility,volkswagen-caravelle,Visibility,2414,18657,12.9388,8.3959,4.5430,1.5411,low_sample,dvsa-2024-v2,motriskindex-families-2024-v5
fail-group:volkswagen-caravelle:dvsa-2024-v2:tyres,volkswagen-caravelle,Tyres,1590,18657,8.5223,8.7011,-0.1789,0.9794,low_sample,dvsa-2024-v2,motriskindex-families-2024-v5
fail-group:volkswagen-caravelle:dvsa-2024-v2:body-chassis-structure,volkswagen-caravelle,"Body, chassis, structure",2660,18657,14.2574,5.8011,8.4563,2.4577,low_sample,dvsa-2024-v2,motriskindex-families-2024-v5
fail-group:volkswagen-caravelle:dvsa-2024-v2:steering,volkswagen-caravelle,Steering,1520,18657,8.1471,3.4692,4.6779,2.3484,low_sample,dvsa-2024-v2,motriskindex-families-2024-v5
fail-group:volkswagen-cc:dvsa-2024-v2:lamps-reflectors-and-electrical-equipment,volkswagen-cc,"Lamps, reflectors and electrical equipment",1467,13925,10.5350,18.0899,-7.5549,0.5824,low_sample,dvsa-2024-v2,motriskindex-families-2024-v5
fail-group:volkswagen-cc:dvsa-2024-v2:suspension,volkswagen-cc,Suspension,2568,13925,18.4417,15.3574,3.0843,1.2008,low_sample,dvsa-2024-v2,motriskindex-families-2024-v5
fail-group:volkswagen-cc:dvsa-2024-v2:tyres,volkswagen-cc,Tyres,2002,13925,14.3770,8.7011,5.6759,1.6523,low_sample,dvsa-2024-v2,motriskindex-families-2024-v5
fail-group:volkswagen-crafter:dvsa-2024-v2:lamps-reflectors-and-electrical-equipment,volkswagen-crafter,"Lamps, reflectors and electrical equipment",1079,5407,19.9556,18.0899,1.8657,1.1031,low_sample,dvsa-2024-v2,motriskindex-families-2024-v5
fail-group:volkswagen-crafter:dvsa-2024-v2:brakes,volkswagen-crafter,Brakes,1463,5407,27.0575,11.2525,15.8051,2.4046,low_sample,dvsa-2024-v2,motriskindex-families-2024-v5
fail-group:volkswagen-eos:dvsa-2024-v2:lamps-reflectors-and-electrical-equipment,volkswagen-eos,"Lamps, reflectors and electrical equipment",2302,12204,18.8627,18.0899,0.7728,1.0427,low_sample,dvsa-2024-v2,motriskindex-families-2024-v5
fail-group:volkswagen-eos:dvsa-2024-v2:suspension,volkswagen-eos,Suspension,3485,12204,28.5562,15.3574,13.1989,1.8594,low_sample,dvsa-2024-v2,motriskindex-families-2024-v5
fail-group:volkswagen-eos:dvsa-2024-v2:brakes,volkswagen-eos,Brakes,2151,12204,17.6254,11.2525,6.3729,1.5664,low_sample,dvsa-2024-v2,motriskindex-families-2024-v5
fail-group:volkswagen-eos:dvsa-2024-v2:visibility,volkswagen-eos,Visibility,1137,12204,9.3166,8.3959,0.9207,1.1097,low_sample,dvsa-2024-v2,motriskindex-families-2024-v5
fail-group:volkswagen-eos:dvsa-2024-v2:tyres,volkswagen-eos,Tyres,1626,12204,13.3235,8.7011,4.6224,1.5312,low_sample,dvsa-2024-v2,motriskindex-families-2024-v5
fail-group:volkswagen-eos:dvsa-2024-v2:body-chassis-structure,volkswagen-eos,"Body, chassis, structure",1611,12204,13.2006,5.8011,7.3995,2.2755,low_sample,dvsa-2024-v2,motriskindex-families-2024-v5
fail-group:volkswagen-fox:dvsa-2024-v2:lamps-reflectors-and-electrical-equipment,volkswagen-fox,"Lamps, reflectors and electrical equipment",11493,26107,44.0227,18.0899,25.9328,2.4336,ok,dvsa-2024-v2,motriskindex-families-2024-v5
fail-group:volkswagen-fox:dvsa-2024-v2:suspension,volkswagen-fox,Suspension,11005,26107,42.1534,15.3574,26.7961,2.7448,ok,dvsa-2024-v2,motriskindex-families-2024-v5
fail-group:volkswagen-fox:dvsa-2024-v2:brakes,volkswagen-fox,Brakes,4294,26107,16.4477,11.2525,5.1952,1.4617,low_sample,dvsa-2024-v2,motriskindex-families-2024-v5
fail-group:volkswagen-fox:dvsa-2024-v2:visibility,volkswagen-fox,Visibility,4979,26107,19.0715,8.3959,10.6756,2.2715,low_sample,dvsa-2024-v2,motriskindex-families-2024-v5
fail-group:volkswagen-fox:dvsa-2024-v2:tyres,volkswagen-fox,Tyres,2317,26107,8.8750,8.7011,0.1739,1.0200,low_sample,dvsa-2024-v2,motriskindex-families-2024-v5
fail-group:volkswagen-fox:dvsa-2024-v2:body-chassis-structure,volkswagen-fox,"Body, chassis, structure",5137,26107,19.6767,5.8011,13.8756,3.3919,ok,dvsa-2024-v2,motriskindex-families-2024-v5
fail-group:volkswagen-fox:dvsa-2024-v2:noise-emissions-and-leaks,volkswagen-fox,"Noise, emissions and leaks",3827,26107,14.6589,3.6688,10.9901,3.9955,low_sample,dvsa-2024-v2,motriskindex-families-2024-v5
fail-group:volkswagen-fox:dvsa-2024-v2:steering,volkswagen-fox,Steering,2389,26107,9.1508,3.4692,5.6816,2.6377,low_sample,dvsa-2024-v2,motriskindex-families-2024-v5
fail-group:volkswagen-golf:dvsa-2024-v2:lamps-reflectors-and-electrical-equipment,volkswagen-golf,"Lamps, reflectors and electrical equipment",130934,829934,15.7764,18.0899,-2.3135,0.8721,ok,dvsa-2024-v2,motriskindex-families-2024-v5
fail-group:volkswagen-golf:dvsa-2024-v2:suspension,volkswagen-golf,Suspension,150892,829934,18.1812,15.3574,2.8238,1.1839,ok,dvsa-2024-v2,motriskindex-families-2024-v5
fail-group:volkswagen-golf:dvsa-2024-v2:brakes,volkswagen-golf,Brakes,97949,829934,11.8020,11.2525,0.5496,1.0488,ok,dvsa-2024-v2,motriskindex-families-2024-v5
fail-group:volkswagen-golf:dvsa-2024-v2:visibility,volkswagen-golf,Visibility,63698,829934,7.6751,8.3959,-0.7208,0.9141,ok,dvsa-2024-v2,motriskindex-families-2024-v5
fail-group:volkswagen-golf:dvsa-2024-v2:tyres,volkswagen-golf,Tyres,77322,829934,9.3166,8.7011,0.6155,1.0707,ok,dvsa-2024-v2,motriskindex-families-2024-v5
fail-group:volkswagen-golf:dvsa-2024-v2:body-chassis-structure,volkswagen-golf,"Body, chassis, structure",71535,829934,8.6194,5.8011,2.8182,1.4858,ok,dvsa-2024-v2,motriskindex-families-2024-v5
fail-group:volkswagen-golf:dvsa-2024-v2:noise-emissions-and-leaks,volkswagen-golf,"Noise, emissions and leaks",34240,829934,4.1256,3.6688,0.4568,1.1245,ok,dvsa-2024-v2,motriskindex-families-2024-v5
fail-group:volkswagen-golf:dvsa-2024-v2:steering,volkswagen-golf,Steering,17351,829934,2.0906,3.4692,-1.3785,0.6026,ok,dvsa-2024-v2,motriskindex-families-2024-v5
fail-group:volkswagen-golf:dvsa-2024-v2:seat-belts-and-supplementary-restraint-systems,volkswagen-golf,Seat belts and supplementary restraint systems,11536,829934,1.3900,1.0195,0.3705,1.3634,ok,dvsa-2024-v2,motriskindex-families-2024-v5
fail-group:volkswagen-golf:dvsa-2024-v2:identification-of-the-vehicle,volkswagen-golf,Identification of the vehicle,3317,829934,0.3997,0.3643,0.0353,1.0970,low_sample,dvsa-2024-v2,motriskindex-families-2024-v5
fail-group:volkswagen-golf:dvsa-2024-v2:road-wheels,volkswagen-golf,Road Wheels,4098,829934,0.4938,0.4406,0.0532,1.1208,low_sample,dvsa-2024-v2,motriskindex-families-2024-v5
fail-group:volkswagen-id-3:dvsa-2024-v2:tyres,volkswagen-id-3,Tyres,1562,16521,9.4546,8.7011,0.7535,1.0866,low_sample,dvsa-2024-v2,motriskindex-families-2024-v5
fail-group:volkswagen-jetta:dvsa-2024-v2:lamps-reflectors-and-electrical-equipment,volkswagen-jetta,"Lamps, reflectors and electrical equipment",3139,13327,23.5537,18.0899,5.4638,1.3020,low_sample,dvsa-2024-v2,motriskindex-families-2024-v5
fail-group:volkswagen-jetta:dvsa-2024-v2:suspension,volkswagen-jetta,Suspension,3936,13327,29.5340,15.3574,14.1767,1.9231,low_sample,dvsa-2024-v2,motriskindex-families-2024-v5
fail-group:volkswagen-jetta:dvsa-2024-v2:brakes,volkswagen-jetta,Brakes,2099,13327,15.7500,11.2525,4.4975,1.3997,low_sample,dvsa-2024-v2,motriskindex-families-2024-v5
fail-group:volkswagen-jetta:dvsa-2024-v2:visibility,volkswagen-jetta,Visibility,1244,13327,9.3344,8.3959,0.9385,1.1118,low_sample,dvsa-2024-v2,motriskindex-families-2024-v5
fail-group:volkswagen-jetta:dvsa-2024-v2:tyres,volkswagen-jetta,Tyres,1429,13327,10.7226,8.7011,2.0214,1.2323,low_sample,dvsa-2024-v2,motriskindex-families-2024-v5
fail-group:volkswagen-jetta:dvsa-2024-v2:body-chassis-structure,volkswagen-jetta,"Body, chassis, structure",1878,13327,14.0917,5.8011,8.2906,2.4291,low_sample,dvsa-2024-v2,motriskindex-families-2024-v5
fail-group:volkswagen-lt:dvsa-2024-v2:lamps-reflectors-and-electrical-equipment,volkswagen-lt,"Lamps, reflectors and electrical equipment",1642,2513,65.3402,18.0899,47.2503,3.6120,low_sample,dvsa-2024-v2,motriskindex-families-2024-v5
fail-group:volkswagen-lt:dvsa-2024-v2:brakes,volkswagen-lt,Brakes,1335,2513,53.1238,11.2525,41.8713,4.7211,low_sample,dvsa-2024-v2,motriskindex-families-2024-v5
fail-group:volkswagen-lupo:dvsa-2024-v2:lamps-reflectors-and-electrical-equipment,volkswagen-lupo,"Lamps, reflectors and electrical equipment",2348,5995,39.1660,18.0899,21.0761,2.1651,low_sample,dvsa-2024-v2,motriskindex-families-2024-v5
fail-group:volkswagen-lupo:dvsa-2024-v2:suspension,volkswagen-lupo,Suspension,1406,5995,23.4529,15.3574,8.0955,1.5271,low_sample,dvsa-2024-v2,motriskindex-families-2024-v5
fail-group:volkswagen-lupo:dvsa-2024-v2:brakes,volkswagen-lupo,Brakes,1350,5995,22.5188,11.2525,11.2663,2.0012,low_sample,dvsa-2024-v2,motriskindex-families-2024-v5
fail-group:volkswagen-lupo:dvsa-2024-v2:body-chassis-structure,volkswagen-lupo,"Body, chassis, structure",1053,5995,17.5646,5.8011,11.7635,3.0278,low_sample,dvsa-2024-v2,motriskindex-families-2024-v5
fail-group:volkswagen-lupo:dvsa-2024-v2:noise-emissions-and-leaks,volkswagen-lupo,"Noise, emissions and leaks",1117,5995,18.6322,3.6688,14.9634,5.0785,low_sample,dvsa-2024-v2,motriskindex-families-2024-v5
fail-group:volkswagen-passat:dvsa-2024-v2:lamps-reflectors-and-electrical-equipment,volkswagen-passat,"Lamps, reflectors and electrical equipment",29791,190397,15.6468,18.0899,-2.4431,0.8649,ok,dvsa-2024-v2,motriskindex-families-2024-v5
fail-group:volkswagen-passat:dvsa-2024-v2:suspension,volkswagen-passat,Suspension,38287,190397,20.1090,15.3574,4.7517,1.3094,ok,dvsa-2024-v2,motriskindex-families-2024-v5
fail-group:volkswagen-passat:dvsa-2024-v2:brakes,volkswagen-passat,Brakes,16036,190397,8.4224,11.2525,-2.8300,0.7485,ok,dvsa-2024-v2,motriskindex-families-2024-v5
fail-group:volkswagen-passat:dvsa-2024-v2:visibility,volkswagen-passat,Visibility,14149,190397,7.4313,8.3959,-0.9646,0.8851,ok,dvsa-2024-v2,motriskindex-families-2024-v5
fail-group:volkswagen-passat:dvsa-2024-v2:tyres,volkswagen-passat,Tyres,23481,190397,12.3327,8.7011,3.6315,1.4174,ok,dvsa-2024-v2,motriskindex-families-2024-v5
fail-group:volkswagen-passat:dvsa-2024-v2:body-chassis-structure,volkswagen-passat,"Body, chassis, structure",16648,190397,8.7438,5.8011,2.9427,1.5073,ok,dvsa-2024-v2,motriskindex-families-2024-v5
fail-group:volkswagen-passat:dvsa-2024-v2:noise-emissions-and-leaks,volkswagen-passat,"Noise, emissions and leaks",6674,190397,3.5053,3.6688,-0.1635,0.9554,ok,dvsa-2024-v2,motriskindex-families-2024-v5
fail-group:volkswagen-passat:dvsa-2024-v2:steering,volkswagen-passat,Steering,2969,190397,1.5594,3.4692,-1.9098,0.4495,low_sample,dvsa-2024-v2,motriskindex-families-2024-v5
fail-group:volkswagen-passat:dvsa-2024-v2:seat-belts-and-supplementary-restraint-systems,volkswagen-passat,Seat belts and supplementary restraint systems,2733,190397,1.4354,1.0195,0.4160,1.4080,low_sample,dvsa-2024-v2,motriskindex-families-2024-v5
fail-group:volkswagen-polo:dvsa-2024-v2:lamps-reflectors-and-electrical-equipment,volkswagen-polo,"Lamps, reflectors and electrical equipment",145650,595422,24.4616,18.0899,6.3718,1.3522,ok,dvsa-2024-v2,motriskindex-families-2024-v5
fail-group:volkswagen-polo:dvsa-2024-v2:suspension,volkswagen-polo,Suspension,115925,595422,19.4694,15.3574,4.1120,1.2678,ok,dvsa-2024-v2,motriskindex-families-2024-v5
fail-group:volkswagen-polo:dvsa-2024-v2:brakes,volkswagen-polo,Brakes,95018,595422,15.9581,11.2525,4.7056,1.4182,ok,dvsa-2024-v2,motriskindex-families-2024-v5
fail-group:volkswagen-polo:dvsa-2024-v2:visibility,volkswagen-polo,Visibility,54620,595422,9.1733,8.3959,0.7774,1.0926,ok,dvsa-2024-v2,motriskindex-families-2024-v5
fail-group:volkswagen-polo:dvsa-2024-v2:tyres,volkswagen-polo,Tyres,51911,595422,8.7184,8.7011,0.0172,1.0020,ok,dvsa-2024-v2,motriskindex-families-2024-v5
fail-group:volkswagen-polo:dvsa-2024-v2:body-chassis-structure,volkswagen-polo,"Body, chassis, structure",59443,595422,9.9833,5.8011,4.1822,1.7209,ok,dvsa-2024-v2,motriskindex-families-2024-v5
fail-group:volkswagen-polo:dvsa-2024-v2:noise-emissions-and-leaks,volkswagen-polo,"Noise, emissions and leaks",39648,595422,6.6588,3.6688,2.9900,1.8150,ok,dvsa-2024-v2,motriskindex-families-2024-v5
fail-group:volkswagen-polo:dvsa-2024-v2:steering,volkswagen-polo,Steering,52893,595422,8.8833,3.4692,5.4141,2.5606,ok,dvsa-2024-v2,motriskindex-families-2024-v5
fail-group:volkswagen-polo:dvsa-2024-v2:seat-belts-and-supplementary-restraint-systems,volkswagen-polo,Seat belts and supplementary restraint systems,7916,595422,1.3295,1.0195,0.3100,1.3041,ok,dvsa-2024-v2,motriskindex-families-2024-v5
fail-group:volkswagen-polo:dvsa-2024-v2:identification-of-the-vehicle,volkswagen-polo,Identification of the vehicle,2110,595422,0.3544,0.3643,-0.0100,0.9726,low_sample,dvsa-2024-v2,motriskindex-families-2024-v5
fail-group:volkswagen-polo:dvsa-2024-v2:road-wheels,volkswagen-polo,Road Wheels,2559,595422,0.4298,0.4406,-0.0108,0.9755,low_sample,dvsa-2024-v2,motriskindex-families-2024-v5
fail-group:volkswagen-scirocco:dvsa-2024-v2:lamps-reflectors-and-electrical-equipment,volkswagen-scirocco,"Lamps, reflectors and electrical equipment",8991,47500,18.9284,18.0899,0.8385,1.0464,ok,dvsa-2024-v2,motriskindex-families-2024-v5
fail-group:volkswagen-scirocco:dvsa-2024-v2:suspension,volkswagen-scirocco,Suspension,9172,47500,19.3095,15.3574,3.9521,1.2573,ok,dvsa-2024-v2,motriskindex-families-2024-v5
fail-group:volkswagen-scirocco:dvsa-2024-v2:brakes,volkswagen-scirocco,Brakes,5931,47500,12.4863,11.2525,1.2339,1.1097,ok,dvsa-2024-v2,motriskindex-families-2024-v5
fail-group:volkswagen-scirocco:dvsa-2024-v2:visibility,volkswagen-scirocco,Visibility,3732,47500,7.8568,8.3959,-0.5391,0.9358,low_sample,dvsa-2024-v2,motriskindex-families-2024-v5
fail-group:volkswagen-scirocco:dvsa-2024-v2:tyres,volkswagen-scirocco,Tyres,6146,47500,12.9389,8.7011,4.2378,1.4870,ok,dvsa-2024-v2,motriskindex-families-2024-v5
fail-group:volkswagen-scirocco:dvsa-2024-v2:body-chassis-structure,volkswagen-scirocco,"Body, chassis, structure",1647,47500,3.4674,5.8011,-2.3338,0.5977,low_sample,dvsa-2024-v2,motriskindex-families-2024-v5
fail-group:volkswagen-scirocco:dvsa-2024-v2:noise-emissions-and-leaks,volkswagen-scirocco,"Noise, emissions and leaks",1873,47500,3.9432,3.6688,0.2743,1.0748,low_sample,dvsa-2024-v2,motriskindex-families-2024-v5
fail-group:volkswagen-sharan:dvsa-2024-v2:lamps-reflectors-and-electrical-equipment,volkswagen-sharan,"Lamps, reflectors and electrical equipment",4344,36851,11.7880,18.0899,-6.3019,0.6516,low_sample,dvsa-2024-v2,motriskindex-families-2024-v5
fail-group:volkswagen-sharan:dvsa-2024-v2:suspension,volkswagen-sharan,Suspension,6792,36851,18.4310,15.3574,3.0736,1.2001,ok,dvsa-2024-v2,motriskindex-families-2024-v5
fail-group:volkswagen-sharan:dvsa-2024-v2:brakes,volkswagen-sharan,Brakes,2672,36851,7.2508,11.2525,-4.0016,0.6444,low_sample,dvsa-2024-v2,motriskindex-families-2024-v5
fail-group:volkswagen-sharan:dvsa-2024-v2:visibility,volkswagen-sharan,Visibility,2309,36851,6.2658,8.3959,-2.1301,0.7463,low_sample,dvsa-2024-v2,motriskindex-families-2024-v5
fail-group:volkswagen-sharan:dvsa-2024-v2:tyres,volkswagen-sharan,Tyres,3953,36851,10.7270,8.7011,2.0258,1.2328,low_sample,dvsa-2024-v2,motriskindex-families-2024-v5
fail-group:volkswagen-sharan:dvsa-2024-v2:body-chassis-structure,volkswagen-sharan,"Body, chassis, structure",2433,36851,6.6023,5.8011,0.8011,1.1381,low_sample,dvsa-2024-v2,motriskindex-families-2024-v5
fail-group:volkswagen-t-cross:dvsa-2024-v2:brakes,volkswagen-t-cross,Brakes,1252,23830,5.2539,11.2525,-5.9986,0.4669,low_sample,dvsa-2024-v2,motriskindex-families-2024-v5
fail-group:volkswagen-t-cross:dvsa-2024-v2:tyres,volkswagen-t-cross,Tyres,1250,23830,5.2455,8.7011,-3.4557,0.6029,low_sample,dvsa-2024-v2,motriskindex-families-2024-v5
fail-group:volkswagen-t-roc:dvsa-2024-v2:brakes,volkswagen-t-roc,Brakes,1573,76126,2.0663,11.2525,-9.1861,0.1836,low_sample,dvsa-2024-v2,motriskindex-families-2024-v5
fail-group:volkswagen-t-roc:dvsa-2024-v2:visibility,volkswagen-t-roc,Visibility,3103,76126,4.0761,8.3959,-4.3198,0.4855,low_sample,dvsa-2024-v2,motriskindex-families-2024-v5
fail-group:volkswagen-t-roc:dvsa-2024-v2:tyres,volkswagen-t-roc,Tyres,4009,76126,5.2663,8.7011,-3.4349,0.6052,low_sample,dvsa-2024-v2,motriskindex-families-2024-v5
fail-group:volkswagen-tiguan:dvsa-2024-v2:lamps-reflectors-and-electrical-equipment,volkswagen-tiguan,"Lamps, reflectors and electrical equipment",10470,240949,4.3453,18.0899,-13.7446,0.2402,ok,dvsa-2024-v2,motriskindex-families-2024-v5
fail-group:volkswagen-tiguan:dvsa-2024-v2:suspension,volkswagen-tiguan,Suspension,25673,240949,10.6550,15.3574,-4.7024,0.6938,ok,dvsa-2024-v2,motriskindex-families-2024-v5
fail-group:volkswagen-tiguan:dvsa-2024-v2:brakes,volkswagen-tiguan,Brakes,11414,240949,4.7371,11.2525,-6.5153,0.4210,ok,dvsa-2024-v2,motriskindex-families-2024-v5
fail-group:volkswagen-tiguan:dvsa-2024-v2:visibility,volkswagen-tiguan,Visibility,12089,240949,5.0172,8.3959,-3.3786,0.5976,ok,dvsa-2024-v2,motriskindex-families-2024-v5
fail-group:volkswagen-tiguan:dvsa-2024-v2:tyres,volkswagen-tiguan,Tyres,19467,240949,8.0793,8.7011,-0.6218,0.9285,ok,dvsa-2024-v2,motriskindex-families-2024-v5
fail-group:volkswagen-tiguan:dvsa-2024-v2:body-chassis-structure,volkswagen-tiguan,"Body, chassis, structure",4716,240949,1.9573,5.8011,-3.8439,0.3374,low_sample,dvsa-2024-v2,motriskindex-families-2024-v5
fail-group:volkswagen-tiguan:dvsa-2024-v2:noise-emissions-and-leaks,volkswagen-tiguan,"Noise, emissions and leaks",3915,240949,1.6248,3.6688,-2.0440,0.4429,low_sample,dvsa-2024-v2,motriskindex-families-2024-v5
fail-group:volkswagen-tiguan:dvsa-2024-v2:steering,volkswagen-tiguan,Steering,1401,240949,0.5815,3.4692,-2.8877,0.1676,low_sample,dvsa-2024-v2,motriskindex-families-2024-v5
fail-group:volkswagen-tiguan:dvsa-2024-v2:seat-belts-and-supplementary-restraint-systems,volkswagen-tiguan,Seat belts and supplementary restraint systems,1296,240949,0.5379,1.0195,-0.4816,0.5276,low_sample,dvsa-2024-v2,motriskindex-families-2024-v5
fail-group:volkswagen-touareg:dvsa-2024-v2:lamps-reflectors-and-electrical-equipment,volkswagen-touareg,"Lamps, reflectors and electrical equipment",5601,37782,14.8245,18.0899,-3.2654,0.8195,ok,dvsa-2024-v2,motriskindex-families-2024-v5
fail-group:volkswagen-touareg:dvsa-2024-v2:suspension,volkswagen-touareg,Suspension,4516,37782,11.9528,15.3574,-3.4046,0.7783,low_sample,dvsa-2024-v2,motriskindex-families-2024-v5
fail-group:volkswagen-touareg:dvsa-2024-v2:brakes,volkswagen-touareg,Brakes,2782,37782,7.3633,11.2525,-3.8892,0.6544,low_sample,dvsa-2024-v2,motriskindex-families-2024-v5
fail-group:volkswagen-touareg:dvsa-2024-v2:visibility,volkswagen-touareg,Visibility,2274,37782,6.0187,8.3959,-2.3772,0.7169,low_sample,dvsa-2024-v2,motriskindex-families-2024-v5
fail-group:volkswagen-touareg:dvsa-2024-v2:tyres,volkswagen-touareg,Tyres,2852,37782,7.5486,8.7011,-1.1526,0.8675,low_sample,dvsa-2024-v2,motriskindex-families-2024-v5
fail-group:volkswagen-touran:dvsa-2024-v2:lamps-reflectors-and-electrical-equipment,volkswagen-touran,"Lamps, reflectors and electrical equipment",12695,73577,17.2540,18.0899,-0.8359,0.9538,ok,dvsa-2024-v2,motriskindex-families-2024-v5
fail-group:volkswagen-touran:dvsa-2024-v2:suspension,volkswagen-touran,Suspension,20718,73577,28.1583,15.3574,12.8009,1.8335,ok,dvsa-2024-v2,motriskindex-families-2024-v5
fail-group:volkswagen-touran:dvsa-2024-v2:brakes,volkswagen-touran,Brakes,8703,73577,11.8284,11.2525,0.5760,1.0512,ok,dvsa-2024-v2,motriskindex-families-2024-v5
fail-group:volkswagen-touran:dvsa-2024-v2:visibility,volkswagen-touran,Visibility,6740,73577,9.1605,8.3959,0.7646,1.0911,ok,dvsa-2024-v2,motriskindex-families-2024-v5
fail-group:volkswagen-touran:dvsa-2024-v2:tyres,volkswagen-touran,Tyres,9197,73577,12.4998,8.7011,3.7987,1.4366,ok,dvsa-2024-v2,motriskindex-families-2024-v5
fail-group:volkswagen-touran:dvsa-2024-v2:body-chassis-structure,volkswagen-touran,"Body, chassis, structure",7846,73577,10.6637,5.8011,4.8625,1.8382,ok,dvsa-2024-v2,motriskindex-families-2024-v5
fail-group:volkswagen-touran:dvsa-2024-v2:noise-emissions-and-leaks,volkswagen-touran,"Noise, emissions and leaks",3158,73577,4.2921,3.6688,0.6233,1.1699,low_sample,dvsa-2024-v2,motriskindex-families-2024-v5
fail-group:volkswagen-touran:dvsa-2024-v2:steering,volkswagen-touran,Steering,2984,73577,4.0556,3.4692,0.5864,1.1690,low_sample,dvsa-2024-v2,motriskindex-families-2024-v5
fail-group:volkswagen-touran:dvsa-2024-v2:seat-belts-and-supplementary-restraint-systems,volkswagen-touran,Seat belts and supplementary restraint systems,1541,73577,2.0944,1.0195,1.0749,2.0544,low_sample,dvsa-2024-v2,motriskindex-families-2024-v5
fail-group:volkswagen-transporter:dvsa-2024-v2:lamps-reflectors-and-electrical-equipment,volkswagen-transporter,"Lamps, reflectors and electrical equipment",81927,306287,26.7484,18.0899,8.6586,1.4786,ok,dvsa-2024-v2,motriskindex-families-2024-v5
fail-group:volkswagen-transporter:dvsa-2024-v2:suspension,volkswagen-transporter,Suspension,73003,306287,23.8348,15.3574,8.4775,1.5520,ok,dvsa-2024-v2,motriskindex-families-2024-v5
fail-group:volkswagen-transporter:dvsa-2024-v2:brakes,volkswagen-transporter,Brakes,48422,306287,15.8094,11.2525,4.5569,1.4050,ok,dvsa-2024-v2,motriskindex-families-2024-v5
fail-group:volkswagen-transporter:dvsa-2024-v2:visibility,volkswagen-transporter,Visibility,39042,306287,12.7469,8.3959,4.3510,1.5182,ok,dvsa-2024-v2,motriskindex-families-2024-v5
fail-group:volkswagen-transporter:dvsa-2024-v2:tyres,volkswagen-transporter,Tyres,23377,306287,7.6324,8.7011,-1.0688,0.8772,ok,dvsa-2024-v2,motriskindex-families-2024-v5
fail-group:volkswagen-transporter:dvsa-2024-v2:body-chassis-structure,volkswagen-transporter,"Body, chassis, structure",32334,306287,10.5568,5.8011,4.7556,1.8198,ok,dvsa-2024-v2,motriskindex-families-2024-v5
fail-group:volkswagen-transporter:dvsa-2024-v2:noise-emissions-and-leaks,volkswagen-transporter,"Noise, emissions and leaks",12246,306287,3.9982,3.6688,0.3294,1.0898,ok,dvsa-2024-v2,motriskindex-families-2024-v5
fail-group:volkswagen-transporter:dvsa-2024-v2:steering,volkswagen-transporter,Steering,16442,306287,5.3682,3.4692,1.8990,1.5474,ok,dvsa-2024-v2,motriskindex-families-2024-v5
fail-group:volkswagen-transporter:dvsa-2024-v2:seat-belts-and-supplementary-restraint-systems,volkswagen-transporter,Seat belts and supplementary restraint systems,5564,306287,1.8166,1.0195,0.7971,1.7819,ok,dvsa-2024-v2,motriskindex-families-2024-v5
fail-group:volkswagen-transporter:dvsa-2024-v2:identification-of-the-vehicle,volkswagen-transporter,Identification of the vehicle,1799,306287,0.5874,0.3643,0.2230,1.6121,low_sample,dvsa-2024-v2,motriskindex-families-2024-v5
fail-group:volkswagen-transporter:dvsa-2024-v2:road-wheels,volkswagen-transporter,Road Wheels,1209,306287,0.3947,0.4406,-0.0458,0.8960,low_sample,dvsa-2024-v2,motriskindex-families-2024-v5
fail-group:volkswagen-up:dvsa-2024-v2:lamps-reflectors-and-electrical-equipment,volkswagen-up,"Lamps, reflectors and electrical equipment",6307,124718,5.0570,18.0899,-13.0329,0.2795,ok,dvsa-2024-v2,motriskindex-families-2024-v5
fail-group:volkswagen-up:dvsa-2024-v2:suspension,volkswagen-up,Suspension,5009,124718,4.0163,15.3574,-11.3411,0.2615,ok,dvsa-2024-v2,motriskindex-families-2024-v5
fail-group:volkswagen-up:dvsa-2024-v2:brakes,volkswagen-up,Brakes,10579,124718,8.4823,11.2525,-2.7701,0.7538,ok,dvsa-2024-v2,motriskindex-families-2024-v5
fail-group:volkswagen-up:dvsa-2024-v2:visibility,volkswagen-up,Visibility,7151,124718,5.7337,8.3959,-2.6622,0.6829,ok,dvsa-2024-v2,motriskindex-families-2024-v5
fail-group:volkswagen-up:dvsa-2024-v2:tyres,volkswagen-up,Tyres,6961,124718,5.5814,8.7011,-3.1198,0.6415,ok,dvsa-2024-v2,motriskindex-families-2024-v5
fail-group:volkswagen-up:dvsa-2024-v2:body-chassis-structure,volkswagen-up,"Body, chassis, structure",2602,124718,2.0863,5.8011,-3.7148,0.3596,low_sample,dvsa-2024-v2,motriskindex-families-2024-v5
fail-group:volkswagen-up:dvsa-2024-v2:noise-emissions-and-leaks,volkswagen-up,"Noise, emissions and leaks",4395,124718,3.5240,3.6688,-0.1449,0.9605,low_sample,dvsa-2024-v2,motriskindex-families-2024-v5
fail-group:volvo-900:dvsa-2024-v2:lamps-reflectors-and-electrical-equipment,volvo-900,"Lamps, reflectors and electrical equipment",1261,3112,40.5206,18.0899,22.4307,2.2400,low_sample,dvsa-2024-v2,motriskindex-families-2024-v5
fail-group:volvo-c30:dvsa-2024-v2:lamps-reflectors-and-electrical-equipment,volvo-c30,"Lamps, reflectors and electrical equipment",9293,22664,41.0034,18.0899,22.9135,2.2666,ok,dvsa-2024-v2,motriskindex-families-2024-v5
fail-group:volvo-c30:dvsa-2024-v2:suspension,volvo-c30,Suspension,5693,22664,25.1191,15.3574,9.7618,1.6356,ok,dvsa-2024-v2,motriskindex-families-2024-v5
fail-group:volvo-c30:dvsa-2024-v2:brakes,volvo-c30,Brakes,3332,22664,14.7017,11.2525,3.4493,1.3065,low_sample,dvsa-2024-v2,motriskindex-families-2024-v5
fail-group:volvo-c30:dvsa-2024-v2:visibility,volvo-c30,Visibility,2401,22664,10.5939,8.3959,2.1980,1.2618,low_sample,dvsa-2024-v2,motriskindex-families-2024-v5
fail-group:volvo-c30:dvsa-2024-v2:tyres,volvo-c30,Tyres,3075,22664,13.5678,8.7011,4.8666,1.5593,low_sample,dvsa-2024-v2,motriskindex-families-2024-v5
fail-group:volvo-c30:dvsa-2024-v2:body-chassis-structure,volvo-c30,"Body, chassis, structure",2744,22664,12.1073,5.8011,6.3062,2.0871,low_sample,dvsa-2024-v2,motriskindex-families-2024-v5
fail-group:volvo-c30:dvsa-2024-v2:noise-emissions-and-leaks,volvo-c30,"Noise, emissions and leaks",1033,22664,4.5579,3.6688,0.8891,1.2423,low_sample,dvsa-2024-v2,motriskindex-families-2024-v5
fail-group:volvo-c30:dvsa-2024-v2:steering,volvo-c30,Steering,1021,22664,4.5049,3.4692,1.0358,1.2986,low_sample,dvsa-2024-v2,motriskindex-families-2024-v5
fail-group:volvo-c70:dvsa-2024-v2:lamps-reflectors-and-electrical-equipment,volvo-c70,"Lamps, reflectors and electrical equipment",2149,7712,27.8657,18.0899,9.7758,1.5404,low_sample,dvsa-2024-v2,motriskindex-families-2024-v5
fail-group:volvo-c70:dvsa-2024-v2:suspension,volvo-c70,Suspension,2169,7712,28.1250,15.3574,12.7676,1.8314,low_sample,dvsa-2024-v2,motriskindex-families-2024-v5
fail-group:volvo-c70:dvsa-2024-v2:brakes,volvo-c70,Brakes,1559,7712,20.2152,11.2525,8.9628,1.7965,low_sample,dvsa-2024-v2,motriskindex-families-2024-v5
fail-group:volvo-c70:dvsa-2024-v2:tyres,volvo-c70,Tyres,1150,7712,14.9118,8.7011,6.2107,1.7138,low_sample,dvsa-2024-v2,motriskindex-families-2024-v5
fail-group:volvo-c70:dvsa-2024-v2:body-chassis-structure,volvo-c70,"Body, chassis, structure",1198,7712,15.5342,5.8011,9.7331,2.6778,low_sample,dvsa-2024-v2,motriskindex-families-2024-v5
fail-group:volvo-s40:dvsa-2024-v2:lamps-reflectors-and-electrical-equipment,volvo-s40,"Lamps, reflectors and electrical equipment",6618,18102,36.5595,18.0899,18.4696,2.0210,ok,dvsa-2024-v2,motriskindex-families-2024-v5
fail-group:volvo-s40:dvsa-2024-v2:suspension,volvo-s40,Suspension,5829,18102,32.2009,15.3574,16.8435,2.0968,ok,dvsa-2024-v2,motriskindex-families-2024-v5
fail-group:volvo-s40:dvsa-2024-v2:brakes,volvo-s40,Brakes,3493,18102,19.2962,11.2525,8.0438,1.7148,low_sample,dvsa-2024-v2,motriskindex-families-2024-v5
fail-group:volvo-s40:dvsa-2024-v2:visibility,volvo-s40,Visibility,2018,18102,11.1479,8.3959,2.7520,1.3278,low_sample,dvsa-2024-v2,motriskindex-families-2024-v5
fail-group:volvo-s40:dvsa-2024-v2:tyres,volvo-s40,Tyres,2161,18102,11.9379,8.7011,3.2368,1.3720,low_sample,dvsa-2024-v2,motriskindex-families-2024-v5
fail-group:volvo-s40:dvsa-2024-v2:body-chassis-structure,volvo-s40,"Body, chassis, structure",2687,18102,14.8437,5.8011,9.0425,2.5588,low_sample,dvsa-2024-v2,motriskindex-families-2024-v5
fail-group:volvo-s40:dvsa-2024-v2:noise-emissions-and-leaks,volvo-s40,"Noise, emissions and leaks",1180,18102,6.5186,3.6688,2.8498,1.7768,low_sample,dvsa-2024-v2,motriskindex-families-2024-v5
fail-group:volvo-s40:dvsa-2024-v2:steering,volvo-s40,Steering,1255,18102,6.9329,3.4692,3.4637,1.9984,low_sample,dvsa-2024-v2,motriskindex-families-2024-v5
fail-group:volvo-s60:dvsa-2024-v2:lamps-reflectors-and-electrical-equipment,volvo-s60,"Lamps, reflectors and electrical equipment",4756,20268,23.4656,18.0899,5.3757,1.2972,low_sample,dvsa-2024-v2,motriskindex-families-2024-v5
fail-group:volvo-s60:dvsa-2024-v2:suspension,volvo-s60,Suspension,2173,20268,10.7213,15.3574,-4.6360,0.6981,low_sample,dvsa-2024-v2,motriskindex-families-2024-v5
fail-group:volvo-s60:dvsa-2024-v2:brakes,volvo-s60,Brakes,2813,20268,13.8790,11.2525,2.6266,1.2334,low_sample,dvsa-2024-v2,motriskindex-families-2024-v5
fail-group:volvo-s60:dvsa-2024-v2:visibility,volvo-s60,Visibility,1402,20268,6.9173,8.3959,-1.4786,0.8239,low_sample,dvsa-2024-v2,motriskindex-families-2024-v5
fail-group:volvo-s60:dvsa-2024-v2:tyres,volvo-s60,Tyres,2060,20268,10.1638,8.7011,1.4627,1.1681,low_sample,dvsa-2024-v2,motriskindex-families-2024-v5
fail-group:volvo-s80:dvsa-2024-v2:lamps-reflectors-and-electrical-equipment,volvo-s80,"Lamps, reflectors and electrical equipment",1822,7070,25.7709,18.0899,7.6810,1.4246,low_sample,dvsa-2024-v2,motriskindex-families-2024-v5
fail-group:volvo-s80:dvsa-2024-v2:suspension,volvo-s80,Suspension,1037,7070,14.6676,15.3574,-0.6897,0.9551,low_sample,dvsa-2024-v2,motriskindex-families-2024-v5
fail-group:volvo-v40:dvsa-2024-v2:lamps-reflectors-and-electrical-equipment,volvo-v40,"Lamps, reflectors and electrical equipment",7446,98785,7.5376,18.0899,-10.5523,0.4167,ok,dvsa-2024-v2,motriskindex-families-2024-v5
fail-group:volvo-v40:dvsa-2024-v2:suspension,volvo-v40,Suspension,11328,98785,11.4673,15.3574,-3.8900,0.7467,ok,dvsa-2024-v2,motriskindex-families-2024-v5
fail-group:volvo-v40:dvsa-2024-v2:brakes,volvo-v40,Brakes,8439,98785,8.5428,11.2525,-2.7097,0.7592,ok,dvsa-2024-v2,motriskindex-families-2024-v5
fail-group:volvo-v40:dvsa-2024-v2:visibility,volvo-v40,Visibility,5517,98785,5.5849,8.3959,-2.8110,0.6652,ok,dvsa-2024-v2,motriskindex-families-2024-v5
fail-group:volvo-v40:dvsa-2024-v2:tyres,volvo-v40,Tyres,11192,98785,11.3297,8.7011,2.6285,1.3021,ok,dvsa-2024-v2,motriskindex-families-2024-v5
fail-group:volvo-v40:dvsa-2024-v2:body-chassis-structure,volvo-v40,"Body, chassis, structure",3927,98785,3.9753,5.8011,-1.8258,0.6853,low_sample,dvsa-2024-v2,motriskindex-families-2024-v5
fail-group:volvo-v40:dvsa-2024-v2:noise-emissions-and-leaks,volvo-v40,"Noise, emissions and leaks",2754,98785,2.7879,3.6688,-0.8810,0.7599,low_sample,dvsa-2024-v2,motriskindex-families-2024-v5
fail-group:volvo-v50:dvsa-2024-v2:lamps-reflectors-and-electrical-equipment,volvo-v50,"Lamps, reflectors and electrical equipment",11610,29883,38.8515,18.0899,20.7616,2.1477,ok,dvsa-2024-v2,motriskindex-families-2024-v5
fail-group:volvo-v50:dvsa-2024-v2:suspension,volvo-v50,Suspension,9802,29883,32.8013,15.3574,17.4439,2.1359,ok,dvsa-2024-v2,motriskindex-families-2024-v5
fail-group:volvo-v50:dvsa-2024-v2:brakes,volvo-v50,Brakes,5098,29883,17.0599,11.2525,5.8074,1.5161,ok,dvsa-2024-v2,motriskindex-families-2024-v5
fail-group:volvo-v50:dvsa-2024-v2:visibility,volvo-v50,Visibility,3436,29883,11.4982,8.3959,3.1023,1.3695,low_sample,dvsa-2024-v2,motriskindex-families-2024-v5
fail-group:volvo-v50:dvsa-2024-v2:tyres,volvo-v50,Tyres,4608,29883,15.4201,8.7011,6.7190,1.7722,low_sample,dvsa-2024-v2,motriskindex-families-2024-v5
fail-group:volvo-v50:dvsa-2024-v2:body-chassis-structure,volvo-v50,"Body, chassis, structure",5493,29883,18.3817,5.8011,12.5806,3.1686,ok,dvsa-2024-v2,motriskindex-families-2024-v5
fail-group:volvo-v50:dvsa-2024-v2:noise-emissions-and-leaks,volvo-v50,"Noise, emissions and leaks",1770,29883,5.9231,3.6688,2.2543,1.6144,low_sample,dvsa-2024-v2,motriskindex-families-2024-v5
fail-group:volvo-v50:dvsa-2024-v2:steering,volvo-v50,Steering,1744,29883,5.8361,3.4692,2.3669,1.6823,low_sample,dvsa-2024-v2,motriskindex-families-2024-v5
fail-group:volvo-v60:dvsa-2024-v2:lamps-reflectors-and-electrical-equipment,volvo-v60,"Lamps, reflectors and electrical equipment",3066,40098,7.6463,18.0899,-10.4436,0.4227,low_sample,dvsa-2024-v2,motriskindex-families-2024-v5
fail-group:volvo-v60:dvsa-2024-v2:suspension,volvo-v60,Suspension,2007,40098,5.0052,15.3574,-10.3521,0.3259,low_sample,dvsa-2024-v2,motriskindex-families-2024-v5
fail-group:volvo-v60:dvsa-2024-v2:brakes,volvo-v60,Brakes,2688,40098,6.7036,11.2525,-4.5489,0.5957,low_sample,dvsa-2024-v2,motriskindex-families-2024-v5
fail-group:volvo-v60:dvsa-2024-v2:visibility,volvo-v60,Visibility,2583,40098,6.4417,8.3959,-1.9542,0.7672,low_sample,dvsa-2024-v2,motriskindex-families-2024-v5
fail-group:volvo-v60:dvsa-2024-v2:tyres,volvo-v60,Tyres,4567,40098,11.3896,8.7011,2.6884,1.3090,low_sample,dvsa-2024-v2,motriskindex-families-2024-v5
fail-group:volvo-v60:dvsa-2024-v2:steering,volvo-v60,Steering,1141,40098,2.8455,3.4692,-0.6237,0.8202,low_sample,dvsa-2024-v2,motriskindex-families-2024-v5
fail-group:volvo-v70:dvsa-2024-v2:lamps-reflectors-and-electrical-equipment,volvo-v70,"Lamps, reflectors and electrical equipment",15239,41482,36.7364,18.0899,18.6465,2.0308,ok,dvsa-2024-v2,motriskindex-families-2024-v5
fail-group:volvo-v70:dvsa-2024-v2:suspension,volvo-v70,Suspension,7478,41482,18.0271,15.3574,2.6697,1.1738,ok,dvsa-2024-v2,motriskindex-families-2024-v5
fail-group:volvo-v70:dvsa-2024-v2:brakes,volvo-v70,Brakes,7798,41482,18.7985,11.2525,7.5461,1.6706,ok,dvsa-2024-v2,motriskindex-families-2024-v5
fail-group:volvo-v70:dvsa-2024-v2:visibility,volvo-v70,Visibility,4364,41482,10.5202,8.3959,2.1243,1.2530,low_sample,dvsa-2024-v2,motriskindex-families-2024-v5
fail-group:volvo-v70:dvsa-2024-v2:tyres,volvo-v70,Tyres,4860,41482,11.7159,8.7011,3.0148,1.3465,low_sample,dvsa-2024-v2,motriskindex-families-2024-v5
fail-group:volvo-v70:dvsa-2024-v2:body-chassis-structure,volvo-v70,"Body, chassis, structure",4332,41482,10.4431,5.8011,4.6420,1.8002,low_sample,dvsa-2024-v2,motriskindex-families-2024-v5
fail-group:volvo-v70:dvsa-2024-v2:noise-emissions-and-leaks,volvo-v70,"Noise, emissions and leaks",1710,41482,4.1223,3.6688,0.4534,1.1236,low_sample,dvsa-2024-v2,motriskindex-families-2024-v5
fail-group:volvo-v70:dvsa-2024-v2:steering,volvo-v70,Steering,2790,41482,6.7258,3.4692,3.2566,1.9387,low_sample,dvsa-2024-v2,motriskindex-families-2024-v5
fail-group:volvo-v90:dvsa-2024-v2:tyres,volvo-v90,Tyres,1442,14705,9.8062,8.7011,1.1050,1.1270,low_sample,dvsa-2024-v2,motriskindex-families-2024-v5
fail-group:volvo-xc40:dvsa-2024-v2:brakes,volvo-xc40,Brakes,2982,72342,4.1221,11.2525,-7.1304,0.3663,low_sample,dvsa-2024-v2,motriskindex-families-2024-v5
fail-group:volvo-xc40:dvsa-2024-v2:visibility,volvo-xc40,Visibility,2783,72342,3.8470,8.3959,-4.5489,0.4582,low_sample,dvsa-2024-v2,motriskindex-families-2024-v5
fail-group:volvo-xc40:dvsa-2024-v2:tyres,volvo-xc40,Tyres,3917,72342,5.4146,8.7011,-3.2866,0.6223,low_sample,dvsa-2024-v2,motriskindex-families-2024-v5
fail-group:volvo-xc60:dvsa-2024-v2:lamps-reflectors-and-electrical-equipment,volvo-xc60,"Lamps, reflectors and electrical equipment",10372,113027,9.1766,18.0899,-8.9133,0.5073,ok,dvsa-2024-v2,motriskindex-families-2024-v5
fail-group:volvo-xc60:dvsa-2024-v2:suspension,volvo-xc60,Suspension,7320,113027,6.4763,15.3574,-8.8810,0.4217,ok,dvsa-2024-v2,motriskindex-families-2024-v5
fail-group:volvo-xc60:dvsa-2024-v2:brakes,volvo-xc60,Brakes,5836,113027,5.1634,11.2525,-6.0891,0.4589,ok,dvsa-2024-v2,motriskindex-families-2024-v5
fail-group:volvo-xc60:dvsa-2024-v2:visibility,volvo-xc60,Visibility,6148,113027,5.4394,8.3959,-2.9565,0.6479,ok,dvsa-2024-v2,motriskindex-families-2024-v5
fail-group:volvo-xc60:dvsa-2024-v2:tyres,volvo-xc60,Tyres,8600,113027,7.6088,8.7011,-1.0923,0.8745,ok,dvsa-2024-v2,motriskindex-families-2024-v5
fail-group:volvo-xc60:dvsa-2024-v2:body-chassis-structure,volvo-xc60,"Body, chassis, structure",2094,113027,1.8527,5.8011,-3.9485,0.3194,low_sample,dvsa-2024-v2,motriskindex-families-2024-v5
fail-group:volvo-xc60:dvsa-2024-v2:noise-emissions-and-leaks,volvo-xc60,"Noise, emissions and leaks",1185,113027,1.0484,3.6688,-2.6204,0.2858,low_sample,dvsa-2024-v2,motriskindex-families-2024-v5
fail-group:volvo-xc60:dvsa-2024-v2:steering,volvo-xc60,Steering,3301,113027,2.9205,3.4692,-0.5486,0.8419,low_sample,dvsa-2024-v2,motriskindex-families-2024-v5
fail-group:volvo-xc70:dvsa-2024-v2:lamps-reflectors-and-electrical-equipment,volvo-xc70,"Lamps, reflectors and electrical equipment",4612,17373,26.5469,18.0899,8.4571,1.4675,low_sample,dvsa-2024-v2,motriskindex-families-2024-v5
fail-group:volvo-xc70:dvsa-2024-v2:suspension,volvo-xc70,Suspension,2998,17373,17.2567,15.3574,1.8993,1.1237,low_sample,dvsa-2024-v2,motriskindex-families-2024-v5
fail-group:volvo-xc70:dvsa-2024-v2:brakes,volvo-xc70,Brakes,2144,17373,12.3410,11.2525,1.0885,1.0967,low_sample,dvsa-2024-v2,motriskindex-families-2024-v5
fail-group:volvo-xc70:dvsa-2024-v2:visibility,volvo-xc70,Visibility,1353,17373,7.7879,8.3959,-0.6079,0.9276,low_sample,dvsa-2024-v2,motriskindex-families-2024-v5
fail-group:volvo-xc70:dvsa-2024-v2:tyres,volvo-xc70,Tyres,1446,17373,8.3233,8.7011,-0.3779,0.9566,low_sample,dvsa-2024-v2,motriskindex-families-2024-v5
fail-group:volvo-xc70:dvsa-2024-v2:steering,volvo-xc70,Steering,1215,17373,6.9936,3.4692,3.5244,2.0159,low_sample,dvsa-2024-v2,motriskindex-families-2024-v5
fail-group:volvo-xc90:dvsa-2024-v2:lamps-reflectors-and-electrical-equipment,volvo-xc90,"Lamps, reflectors and electrical equipment",14698,71826,20.4633,18.0899,2.3735,1.1312,ok,dvsa-2024-v2,motriskindex-families-2024-v5
fail-group:volvo-xc90:dvsa-2024-v2:suspension,volvo-xc90,Suspension,7039,71826,9.8001,15.3574,-5.5573,0.6381,ok,dvsa-2024-v2,motriskindex-families-2024-v5
fail-group:volvo-xc90:dvsa-2024-v2:brakes,volvo-xc90,Brakes,10809,71826,15.0489,11.2525,3.7964,1.3374,ok,dvsa-2024-v2,motriskindex-families-2024-v5
fail-group:volvo-xc90:dvsa-2024-v2:visibility,volvo-xc90,Visibility,5087,71826,7.0824,8.3959,-1.3135,0.8436,ok,dvsa-2024-v2,motriskindex-families-2024-v5
fail-group:volvo-xc90:dvsa-2024-v2:tyres,volvo-xc90,Tyres,6899,71826,9.6052,8.7011,0.9040,1.1039,ok,dvsa-2024-v2,motriskindex-families-2024-v5
fail-group:volvo-xc90:dvsa-2024-v2:body-chassis-structure,volvo-xc90,"Body, chassis, structure",2275,71826,3.1674,5.8011,-2.6337,0.5460,low_sample,dvsa-2024-v2,motriskindex-families-2024-v5
fail-group:volvo-xc90:dvsa-2024-v2:steering,volvo-xc90,Steering,2360,71826,3.2857,3.4692,-0.1835,0.9471,low_sample,dvsa-2024-v2,motriskindex-families-2024-v5
