family,age_group,odometer_band,n,failures,fail_pct,ci95_low,ci95_high,rough_estimate,dataset_release_id
abarth-124,6-9,<40k,1217,97,8.0,6.6,9.6,false,motriskindex-families-2024-v5
abarth-124,6-9,40-70k,331,56,16.9,13.3,21.3,true,motriskindex-families-2024-v5
abarth-500,6-9,<40k,234,50,21.4,16.6,27.1,true,motriskindex-families-2024-v5
abarth-500,6-9,40-70k,411,119,29.0,24.8,33.5,true,motriskindex-families-2024-v5
abarth-500,6-9,70-100k,122,43,35.2,27.3,44.1,true,motriskindex-families-2024-v5
abarth-500,10-14,<40k,508,116,22.8,19.4,26.7,false,motriskindex-families-2024-v5
abarth-500,10-14,40-70k,1484,507,34.2,31.8,36.6,false,motriskindex-families-2024-v5
abarth-500,10-14,70-100k,1397,516,36.9,34.4,39.5,false,motriskindex-families-2024-v5
abarth-500,10-14,100-140k,453,171,37.7,33.4,42.3,true,motriskindex-families-2024-v5
abarth-500,15+,<40k,55,10,18.2,10.2,30.3,true,motriskindex-families-2024-v5
abarth-500,15+,40-70k,167,63,37.7,30.7,45.3,true,motriskindex-families-2024-v5
abarth-500,15+,70-100k,324,113,34.9,29.9,40.2,true,motriskindex-families-2024-v5
abarth-500,15+,100-140k,186,78,41.9,35.1,49.1,true,motriskindex-families-2024-v5
abarth-595,3-5,<40k,6534,850,13.0,12.2,13.8,false,motriskindex-families-2024-v5
abarth-595,3-5,40-70k,573,126,22.0,18.8,25.6,false,motriskindex-families-2024-v5
abarth-595,6-9,<40k,6275,1098,17.5,16.6,18.5,false,motriskindex-families-2024-v5
abarth-595,6-9,40-70k,5109,1395,27.3,26.1,28.5,false,motriskindex-families-2024-v5
abarth-595,6-9,70-100k,807,252,31.2,28.1,34.5,false,motriskindex-families-2024-v5
abarth-595,6-9,100-140k,86,35,40.7,30.9,51.3,true,motriskindex-families-2024-v5
abarth-595,10-14,<40k,323,76,23.5,19.2,28.4,true,motriskindex-families-2024-v5
abarth-595,10-14,40-70k,576,177,30.7,27.1,34.6,false,motriskindex-families-2024-v5
abarth-595,10-14,70-100k,269,95,35.3,29.8,41.2,true,motriskindex-families-2024-v5
alfa-romeo-147,15+,<40k,83,21,25.3,17.2,35.6,true,motriskindex-families-2024-v5
alfa-romeo-147,15+,40-70k,345,127,36.8,31.9,42.0,true,motriskindex-families-2024-v5
alfa-romeo-147,15+,70-100k,605,271,44.8,40.9,48.8,false,motriskindex-families-2024-v5
alfa-romeo-147,15+,100-140k,575,276,48.0,43.9,52.1,false,motriskindex-families-2024-v5
alfa-romeo-147,15+,140k+,207,111,53.6,46.8,60.3,true,motriskindex-families-2024-v5
alfa-romeo-156,15+,40-70k,222,77,34.7,28.7,41.2,true,motriskindex-families-2024-v5
alfa-romeo-156,15+,70-100k,300,114,38.0,32.7,43.6,true,motriskindex-families-2024-v5
alfa-romeo-156,15+,100-140k,364,161,44.2,39.2,49.4,true,motriskindex-families-2024-v5
alfa-romeo-156,15+,140k+,177,83,46.9,39.7,54.2,true,motriskindex-families-2024-v5
alfa-romeo-159,10-14,40-70k,94,32,34.0,25.3,44.1,true,motriskindex-families-2024-v5
alfa-romeo-159,10-14,70-100k,303,116,38.3,33.0,43.9,true,motriskindex-families-2024-v5
alfa-romeo-159,10-14,100-140k,470,205,43.6,39.2,48.1,true,motriskindex-families-2024-v5
alfa-romeo-159,10-14,140k+,325,158,48.6,43.2,54.0,true,motriskindex-families-2024-v5
alfa-romeo-159,15+,40-70k,159,57,35.8,28.8,43.6,true,motriskindex-families-2024-v5
alfa-romeo-159,15+,70-100k,453,190,41.9,37.5,46.5,true,motriskindex-families-2024-v5
alfa-romeo-159,15+,100-140k,891,403,45.2,42.0,48.5,false,motriskindex-families-2024-v5
alfa-romeo-159,15+,140k+,641,317,49.5,45.6,53.3,false,motriskindex-families-2024-v5
alfa-romeo-brera,15+,<40k,59,9,15.3,8.2,26.5,true,motriskindex-families-2024-v5
alfa-romeo-brera,15+,40-70k,333,82,24.6,20.3,29.5,true,motriskindex-families-2024-v5
alfa-romeo-brera,15+,70-100k,568,216,38.0,34.1,42.1,false,motriskindex-families-2024-v5
alfa-romeo-brera,15+,100-140k,494,209,42.3,38.0,46.7,true,motriskindex-families-2024-v5
alfa-romeo-brera,15+,140k+,157,63,40.1,32.8,47.9,true,motriskindex-families-2024-v5
alfa-romeo-giulia,3-5,<40k,2176,267,12.3,11.0,13.7,false,motriskindex-families-2024-v5
alfa-romeo-giulia,3-5,40-70k,695,112,16.1,13.6,19.0,false,motriskindex-families-2024-v5
alfa-romeo-giulia,3-5,70-100k,97,15,15.5,9.6,24.0,true,motriskindex-families-2024-v5
alfa-romeo-giulia,6-9,<40k,1024,113,11.0,9.3,13.1,false,motriskindex-families-2024-v5
alfa-romeo-giulia,6-9,40-70k,1873,302,16.1,14.5,17.9,false,motriskindex-families-2024-v5
alfa-romeo-giulia,6-9,70-100k,673,129,19.2,16.4,22.3,false,motriskindex-families-2024-v5
alfa-romeo-giulia,6-9,100-140k,135,35,25.9,19.3,33.9,true,motriskindex-families-2024-v5
alfa-romeo-giulietta,3-5,<40k,801,107,13.4,11.2,15.9,false,motriskindex-families-2024-v5
alfa-romeo-giulietta,3-5,40-70k,269,46,17.1,13.1,22.1,true,motriskindex-families-2024-v5
alfa-romeo-giulietta,6-9,<40k,1648,259,15.7,14.0,17.6,false,motriskindex-families-2024-v5
alfa-romeo-giulietta,6-9,40-70k,3686,806,21.9,20.6,23.2,false,motriskindex-families-2024-v5
alfa-romeo-giulietta,6-9,70-100k,2092,603,28.8,26.9,30.8,false,motriskindex-families-2024-v5
alfa-romeo-giulietta,6-9,100-140k,695,232,33.4,30.0,37.0,false,motriskindex-families-2024-v5
alfa-romeo-giulietta,6-9,140k+,86,34,39.5,29.9,50.1,true,motriskindex-families-2024-v5
alfa-romeo-giulietta,10-14,<40k,554,103,18.6,15.6,22.0,false,motriskindex-families-2024-v5
alfa-romeo-giulietta,10-14,40-70k,3072,892,29.0,27.5,30.7,false,motriskindex-families-2024-v5
alfa-romeo-giulietta,10-14,70-100k,5544,2036,36.7,35.5,38.0,false,motriskindex-families-2024-v5
alfa-romeo-giulietta,10-14,100-140k,5400,2236,41.4,40.1,42.7,false,motriskindex-families-2024-v5
alfa-romeo-giulietta,10-14,140k+,1803,828,45.9,43.6,48.2,false,motriskindex-families-2024-v5
alfa-romeo-gt,15+,<40k,83,13,15.7,9.4,25.0,true,motriskindex-families-2024-v5
alfa-romeo-gt,15+,40-70k,385,115,29.9,25.5,34.6,true,motriskindex-families-2024-v5
alfa-romeo-gt,15+,70-100k,766,326,42.6,39.1,46.1,false,motriskindex-families-2024-v5
alfa-romeo-gt,15+,100-140k,761,352,46.3,42.7,49.8,false,motriskindex-families-2024-v5
alfa-romeo-gt,15+,140k+,229,122,53.3,46.8,59.6,true,motriskindex-families-2024-v5
alfa-romeo-mito,6-9,<40k,1399,343,24.5,22.3,26.8,false,motriskindex-families-2024-v5
alfa-romeo-mito,6-9,40-70k,2009,665,33.1,31.1,35.2,false,motriskindex-families-2024-v5
alfa-romeo-mito,6-9,70-100k,694,276,39.8,36.2,43.5,false,motriskindex-families-2024-v5
alfa-romeo-mito,6-9,100-140k,84,37,44.0,33.9,54.7,true,motriskindex-families-2024-v5
alfa-romeo-mito,10-14,<40k,685,158,23.1,20.1,26.4,false,motriskindex-families-2024-v5
alfa-romeo-mito,10-14,40-70k,3487,1225,35.1,33.6,36.7,false,motriskindex-families-2024-v5
alfa-romeo-mito,10-14,70-100k,4598,1863,40.5,39.1,41.9,false,motriskindex-families-2024-v5
alfa-romeo-mito,10-14,100-140k,2333,1012,43.4,41.4,45.4,false,motriskindex-families-2024-v5
alfa-romeo-mito,10-14,140k+,258,111,43.0,37.1,49.1,true,motriskindex-families-2024-v5
alfa-romeo-mito,15+,<40k,109,30,27.5,20.0,36.6,true,motriskindex-families-2024-v5
alfa-romeo-mito,15+,40-70k,558,210,37.6,33.7,41.7,false,motriskindex-families-2024-v5
alfa-romeo-mito,15+,70-100k,1452,635,43.7,41.2,46.3,false,motriskindex-families-2024-v5
alfa-romeo-mito,15+,100-140k,1204,592,49.2,46.4,52.0,false,motriskindex-families-2024-v5
alfa-romeo-mito,15+,140k+,215,100,46.5,40.0,53.2,true,motriskindex-families-2024-v5
alfa-romeo-spider,15+,<40k,306,66,21.6,17.3,26.5,true,motriskindex-families-2024-v5
alfa-romeo-spider,15+,40-70k,755,175,23.2,20.3,26.3,false,motriskindex-families-2024-v5
alfa-romeo-spider,15+,70-100k,870,305,35.1,32.0,38.3,false,motriskindex-families-2024-v5
alfa-romeo-spider,15+,100-140k,364,137,37.6,32.8,42.7,true,motriskindex-families-2024-v5
alfa-romeo-spider,15+,140k+,76,29,38.2,28.1,49.4,true,motriskindex-families-2024-v5
alfa-romeo-stelvio,3-5,<40k,1705,140,8.2,7.0,9.6,false,motriskindex-families-2024-v5
alfa-romeo-stelvio,3-5,40-70k,766,92,12.0,9.9,14.5,false,motriskindex-families-2024-v5
alfa-romeo-stelvio,3-5,70-100k,84,12,14.3,8.4,23.3,true,motriskindex-families-2024-v5
alfa-romeo-stelvio,6-9,<40k,317,39,12.3,9.1,16.4,true,motriskindex-families-2024-v5
alfa-romeo-stelvio,6-9,40-70k,711,105,14.8,12.3,17.6,false,motriskindex-families-2024-v5
alfa-romeo-stelvio,6-9,70-100k,202,28,13.9,9.8,19.3,true,motriskindex-families-2024-v5
aston-martin-db11,6-9,<40k,1388,68,4.9,3.9,6.2,false,motriskindex-families-2024-v5
aston-martin-db11,6-9,40-70k,89,8,9.0,4.6,16.7,true,motriskindex-families-2024-v5
aston-martin-db7,15+,<40k,522,52,10.0,7.7,12.8,false,motriskindex-families-2024-v5
aston-martin-db7,15+,40-70k,520,72,13.8,11.1,17.1,false,motriskindex-families-2024-v5
aston-martin-db7,15+,70-100k,167,32,19.2,13.9,25.8,true,motriskindex-families-2024-v5
aston-martin-db9,10-14,<40k,498,29,5.8,4.1,8.2,true,motriskindex-families-2024-v5
aston-martin-db9,10-14,40-70k,160,18,11.2,7.2,17.1,true,motriskindex-families-2024-v5
aston-martin-db9,15+,<40k,1496,101,6.8,5.6,8.1,false,motriskindex-families-2024-v5
aston-martin-db9,15+,40-70k,1277,171,13.4,11.6,15.4,false,motriskindex-families-2024-v5
aston-martin-db9,15+,70-100k,313,54,17.3,13.5,21.8,true,motriskindex-families-2024-v5
aston-martin-db9,15+,100-140k,56,11,19.6,11.3,31.8,true,motriskindex-families-2024-v5
aston-martin-dbs,10-14,<40k,359,22,6.1,4.1,9.1,true,motriskindex-families-2024-v5
aston-martin-dbs,10-14,40-70k,70,11,15.7,9.0,26.0,true,motriskindex-families-2024-v5
aston-martin-dbs,15+,<40k,240,21,8.8,5.8,13.0,true,motriskindex-families-2024-v5
aston-martin-dbs,15+,40-70k,82,9,11.0,5.9,19.6,true,motriskindex-families-2024-v5
aston-martin-v8,10-14,<40k,377,31,8.2,5.9,11.4,true,motriskindex-families-2024-v5
aston-martin-v8,10-14,40-70k,157,16,10.2,6.4,15.9,true,motriskindex-families-2024-v5
aston-martin-v8,15+,<40k,1174,65,5.5,4.4,7.0,false,motriskindex-families-2024-v5
aston-martin-v8,15+,40-70k,1186,128,10.8,9.2,12.7,false,motriskindex-families-2024-v5
aston-martin-v8,15+,70-100k,305,33,10.8,7.8,14.8,true,motriskindex-families-2024-v5
aston-martin-vanquish,10-14,<40k,302,12,4.0,2.3,6.8,true,motriskindex-families-2024-v5
aston-martin-vanquish,10-14,40-70k,70,6,8.6,4.0,17.5,true,motriskindex-families-2024-v5
aston-martin-vanquish,15+,<40k,381,42,11.0,8.3,14.6,true,motriskindex-families-2024-v5
aston-martin-vanquish,15+,40-70k,87,9,10.3,5.5,18.5,true,motriskindex-families-2024-v5
aston-martin-vantage,6-9,<40k,1438,85,5.9,4.8,7.3,false,motriskindex-families-2024-v5
aston-martin-vantage,6-9,40-70k,67,5,7.5,3.2,16.3,true,motriskindex-families-2024-v5
aston-martin-vantage,10-14,<40k,964,63,6.5,5.1,8.3,false,motriskindex-families-2024-v5
aston-martin-vantage,10-14,40-70k,179,17,9.5,6.0,14.7,true,motriskindex-families-2024-v5
aston-martin-vantage,15+,<40k,368,18,4.9,3.1,7.6,true,motriskindex-families-2024-v5
aston-martin-vantage,15+,40-70k,385,40,10.4,7.7,13.8,true,motriskindex-families-2024-v5
aston-martin-vantage,15+,70-100k,87,10,11.5,6.4,19.9,true,motriskindex-families-2024-v5
audi-a1,3-5,<40k,38489,3869,10.1,9.8,10.4,false,motriskindex-families-2024-v5
audi-a1,3-5,40-70k,9205,1467,15.9,15.2,16.7,false,motriskindex-families-2024-v5
audi-a1,3-5,70-100k,664,122,18.4,15.6,21.5,false,motriskindex-families-2024-v5
audi-a1,3-5,100-140k,53,14,26.4,16.4,39.6,true,motriskindex-families-2024-v5
audi-a1,6-9,<40k,28934,4369,15.1,14.7,15.5,false,motriskindex-families-2024-v5
audi-a1,6-9,40-70k,44099,10040,22.8,22.4,23.2,false,motriskindex-families-2024-v5
audi-a1,6-9,70-100k,15938,4658,29.2,28.5,29.9,false,motriskindex-families-2024-v5
audi-a1,6-9,100-140k,3063,1026,33.5,31.8,35.2,false,motriskindex-families-2024-v5
audi-a1,6-9,140k+,304,104,34.2,29.1,39.7,true,motriskindex-families-2024-v5
audi-a1,10-14,<40k,6492,1049,16.2,15.3,17.1,false,motriskindex-families-2024-v5
audi-a1,10-14,40-70k,23479,6039,25.7,25.2,26.3,false,motriskindex-families-2024-v5
audi-a1,10-14,70-100k,29740,9817,33.0,32.5,33.5,false,motriskindex-families-2024-v5
audi-a1,10-14,100-140k,18051,6966,38.6,37.9,39.3,false,motriskindex-families-2024-v5
audi-a1,10-14,140k+,3284,1331,40.5,38.9,42.2,false,motriskindex-families-2024-v5
audi-a2,15+,<40k,94,12,12.8,7.5,21.0,true,motriskindex-families-2024-v5
audi-a2,15+,40-70k,486,170,35.0,30.9,39.3,true,motriskindex-families-2024-v5
audi-a2,15+,70-100k,1164,478,41.1,38.3,43.9,false,motriskindex-families-2024-v5
audi-a2,15+,100-140k,2076,939,45.2,43.1,47.4,false,motriskindex-families-2024-v5
audi-a2,15+,140k+,2497,1155,46.3,44.3,48.2,false,motriskindex-families-2024-v5
audi-a3,3-5,<40k,14163,1381,9.8,9.3,10.3,false,motriskindex-families-2024-v5
audi-a3,3-5,40-70k,9527,1360,14.3,13.6,15.0,false,motriskindex-families-2024-v5
audi-a3,3-5,70-100k,1471,248,16.9,15.0,18.9,false,motriskindex-families-2024-v5
audi-a3,3-5,100-140k,242,40,16.5,12.4,21.7,true,motriskindex-families-2024-v5
audi-a3,6-9,<40k,25557,2480,9.7,9.3,10.1,false,motriskindex-families-2024-v5
audi-a3,6-9,40-70k,62853,9055,14.4,14.1,14.7,false,motriskindex-families-2024-v5
audi-a3,6-9,70-100k,37491,7248,19.3,18.9,19.7,false,motriskindex-families-2024-v5
audi-a3,6-9,100-140k,13366,3037,22.7,22.0,23.4,false,motriskindex-families-2024-v5
audi-a3,6-9,140k+,2707,657,24.3,22.7,25.9,false,motriskindex-families-2024-v5
audi-a3,10-14,<40k,4669,576,12.3,11.4,13.3,false,motriskindex-families-2024-v5
audi-a3,10-14,40-70k,22068,4799,21.7,21.2,22.3,false,motriskindex-families-2024-v5
audi-a3,10-14,70-100k,42000,11822,28.1,27.7,28.6,false,motriskindex-families-2024-v5
audi-a3,10-14,100-140k,46521,15489,33.3,32.9,33.7,false,motriskindex-families-2024-v5
audi-a3,10-14,140k+,22896,8329,36.4,35.8,37.0,false,motriskindex-families-2024-v5
audi-a3,15+,<40k,903,192,21.3,18.7,24.1,false,motriskindex-families-2024-v5
audi-a3,15+,40-70k,4830,1445,29.9,28.6,31.2,false,motriskindex-families-2024-v5
audi-a3,15+,70-100k,13985,5222,37.3,36.5,38.1,false,motriskindex-families-2024-v5
audi-a3,15+,100-140k,30371,12836,42.3,41.7,42.8,false,motriskindex-families-2024-v5
audi-a3,15+,140k+,32924,14543,44.2,43.6,44.7,false,motriskindex-families-2024-v5
audi-a4,3-5,<40k,8926,972,10.9,10.3,11.6,false,motriskindex-families-2024-v5
audi-a4,3-5,40-70k,7911,1113,14.1,13.3,14.9,false,motriskindex-families-2024-v5
audi-a4,3-5,70-100k,1675,276,16.5,14.8,18.3,false,motriskindex-families-2024-v5
audi-a4,3-5,100-140k,437,78,17.8,14.5,21.7,true,motriskindex-families-2024-v5
audi-a4,3-5,140k+,58,6,10.3,4.8,20.8,true,motriskindex-families-2024-v5
audi-a4,6-9,<40k,7356,945,12.8,12.1,13.6,false,motriskindex-families-2024-v5
audi-a4,6-9,40-70k,28044,5039,18.0,17.5,18.4,false,motriskindex-families-2024-v5
audi-a4,6-9,70-100k,22942,5148,22.4,21.9,23.0,false,motriskindex-families-2024-v5
audi-a4,6-9,100-140k,11475,2943,25.6,24.9,26.5,false,motriskindex-families-2024-v5
audi-a4,6-9,140k+,3481,913,26.2,24.8,27.7,false,motriskindex-families-2024-v5
audi-a4,10-14,<40k,990,111,11.2,9.4,13.3,false,motriskindex-families-2024-v5
audi-a4,10-14,40-70k,6875,1230,17.9,17.0,18.8,false,motriskindex-families-2024-v5
audi-a4,10-14,70-100k,17494,4501,25.7,25.1,26.4,false,motriskindex-families-2024-v5
audi-a4,10-14,100-140k,26916,8314,30.9,30.3,31.4,false,motriskindex-families-2024-v5
audi-a4,10-14,140k+,20336,6726,33.1,32.4,33.7,false,motriskindex-families-2024-v5
audi-a4,15+,<40k,604,89,14.7,12.1,17.8,false,motriskindex-families-2024-v5
audi-a4,15+,40-70k,3625,905,25.0,23.6,26.4,false,motriskindex-families-2024-v5
audi-a4,15+,70-100k,10902,3582,32.9,32.0,33.7,false,motriskindex-families-2024-v5
audi-a4,15+,100-140k,25731,9678,37.6,37.0,38.2,false,motriskindex-families-2024-v5
audi-a4,15+,140k+,36171,14853,41.1,40.6,41.6,false,motriskindex-families-2024-v5
audi-a5,3-5,<40k,13154,1593,12.1,11.6,12.7,false,motriskindex-families-2024-v5
audi-a5,3-5,40-70k,6330,979,15.5,14.6,16.4,false,motriskindex-families-2024-v5
audi-a5,3-5,70-100k,818,164,20.0,17.4,22.9,false,motriskindex-families-2024-v5
audi-a5,3-5,100-140k,126,23,18.3,12.5,25.9,true,motriskindex-families-2024-v5
audi-a5,6-9,<40k,7144,885,12.4,11.6,13.2,false,motriskindex-families-2024-v5
audi-a5,6-9,40-70k,19791,3414,17.3,16.7,17.8,false,motriskindex-families-2024-v5
audi-a5,6-9,70-100k,11977,2563,21.4,20.7,22.1,false,motriskindex-families-2024-v5
audi-a5,6-9,100-140k,4383,1109,25.3,24.0,26.6,false,motriskindex-families-2024-v5
audi-a5,6-9,140k+,904,219,24.2,21.5,27.1,false,motriskindex-families-2024-v5
audi-a5,10-14,<40k,1094,128,11.7,9.9,13.7,false,motriskindex-families-2024-v5
audi-a5,10-14,40-70k,7404,1380,18.6,17.8,19.5,false,motriskindex-families-2024-v5
audi-a5,10-14,70-100k,15237,3787,24.9,24.2,25.5,false,motriskindex-families-2024-v5
audi-a5,10-14,100-140k,17407,5067,29.1,28.4,29.8,false,motriskindex-families-2024-v5
audi-a5,10-14,140k+,8807,2801,31.8,30.8,32.8,false,motriskindex-families-2024-v5
audi-a5,15+,<40k,80,11,13.8,7.9,23.0,true,motriskindex-families-2024-v5
audi-a5,15+,40-70k,572,123,21.5,18.3,25.1,false,motriskindex-families-2024-v5
audi-a5,15+,70-100k,1926,461,23.9,22.1,25.9,false,motriskindex-families-2024-v5
audi-a5,15+,100-140k,4301,1346,31.3,29.9,32.7,false,motriskindex-families-2024-v5
audi-a5,15+,140k+,4060,1338,33.0,31.5,34.4,false,motriskindex-families-2024-v5
audi-a6,3-5,<40k,8020,697,8.7,8.1,9.3,false,motriskindex-families-2024-v5
audi-a6,3-5,40-70k,7001,781,11.2,10.4,11.9,false,motriskindex-families-2024-v5
audi-a6,3-5,70-100k,1808,221,12.2,10.8,13.8,false,motriskindex-families-2024-v5
audi-a6,3-5,100-140k,423,49,11.6,8.9,15.0,true,motriskindex-families-2024-v5
audi-a6,3-5,140k+,79,5,6.3,2.7,14.0,true,motriskindex-families-2024-v5
audi-a6,6-9,<40k,2960,258,8.7,7.8,9.8,false,motriskindex-families-2024-v5
audi-a6,6-9,40-70k,13979,1872,13.4,12.8,14.0,false,motriskindex-families-2024-v5
audi-a6,6-9,70-100k,14346,2331,16.2,15.7,16.9,false,motriskindex-families-2024-v5
audi-a6,6-9,100-140k,8112,1473,18.2,17.3,19.0,false,motriskindex-families-2024-v5
audi-a6,6-9,140k+,2786,534,19.2,17.7,20.7,false,motriskindex-families-2024-v5
audi-a6,10-14,<40k,381,46,12.1,9.2,15.7,true,motriskindex-families-2024-v5
audi-a6,10-14,40-70k,3075,500,16.3,15.0,17.6,false,motriskindex-families-2024-v5
audi-a6,10-14,70-100k,9561,1969,20.6,19.8,21.4,false,motriskindex-families-2024-v5
audi-a6,10-14,100-140k,16462,3911,23.8,23.1,24.4,false,motriskindex-families-2024-v5
audi-a6,10-14,140k+,13248,3591,27.1,26.4,27.9,false,motriskindex-families-2024-v5
audi-a6,15+,<40k,82,17,20.7,13.4,30.7,true,motriskindex-families-2024-v5
audi-a6,15+,40-70k,482,100,20.7,17.4,24.6,true,motriskindex-families-2024-v5
audi-a6,15+,70-100k,1781,497,27.9,25.9,30.0,false,motriskindex-families-2024-v5
audi-a6,15+,100-140k,5910,1943,32.9,31.7,34.1,false,motriskindex-families-2024-v5
audi-a6,15+,140k+,14804,5438,36.7,36.0,37.5,false,motriskindex-families-2024-v5
audi-a7,3-5,<40k,1519,156,10.3,8.8,11.9,false,motriskindex-families-2024-v5
audi-a7,3-5,40-70k,1086,130,12.0,10.2,14.0,false,motriskindex-families-2024-v5
audi-a7,3-5,70-100k,217,23,10.6,7.2,15.4,true,motriskindex-families-2024-v5
audi-a7,6-9,<40k,733,82,11.2,9.1,13.7,false,motriskindex-families-2024-v5
audi-a7,6-9,40-70k,3091,433,14.0,12.8,15.3,false,motriskindex-families-2024-v5
audi-a7,6-9,70-100k,2498,420,16.8,15.4,18.3,false,motriskindex-families-2024-v5
audi-a7,6-9,100-140k,967,169,17.5,15.2,20.0,false,motriskindex-families-2024-v5
audi-a7,6-9,140k+,163,30,18.4,13.2,25.1,true,motriskindex-families-2024-v5
audi-a7,10-14,<40k,100,5,5.0,2.2,11.2,true,motriskindex-families-2024-v5
audi-a7,10-14,40-70k,786,127,16.2,13.8,18.9,false,motriskindex-families-2024-v5
audi-a7,10-14,70-100k,2139,381,17.8,16.2,19.5,false,motriskindex-families-2024-v5
audi-a7,10-14,100-140k,2615,494,18.9,17.4,20.4,false,motriskindex-families-2024-v5
audi-a7,10-14,140k+,1077,220,20.4,18.1,22.9,false,motriskindex-families-2024-v5
audi-a8,3-5,<40k,686,43,6.3,4.7,8.3,false,motriskindex-families-2024-v5
audi-a8,3-5,40-70k,538,40,7.4,5.5,10.0,false,motriskindex-families-2024-v5
audi-a8,3-5,70-100k,137,12,8.8,5.1,14.7,true,motriskindex-families-2024-v5
audi-a8,3-5,100-140k,53,9,17.0,9.2,29.2,true,motriskindex-families-2024-v5
audi-a8,6-9,<40k,525,34,6.5,4.7,8.9,false,motriskindex-families-2024-v5
audi-a8,6-9,40-70k,1350,104,7.7,6.4,9.2,false,motriskindex-families-2024-v5
audi-a8,6-9,70-100k,964,112,11.6,9.7,13.8,false,motriskindex-families-2024-v5
audi-a8,6-9,100-140k,483,49,10.1,7.8,13.2,true,motriskindex-families-2024-v5
audi-a8,6-9,140k+,211,16,7.6,4.7,12.0,true,motriskindex-families-2024-v5
audi-a8,10-14,<40k,84,2,2.4,0.7,8.3,true,motriskindex-families-2024-v5
audi-a8,10-14,40-70k,454,33,7.3,5.2,10.0,true,motriskindex-families-2024-v5
audi-a8,10-14,70-100k,922,112,12.1,10.2,14.4,false,motriskindex-families-2024-v5
audi-a8,10-14,100-140k,1156,149,12.9,11.1,14.9,false,motriskindex-families-2024-v5
audi-a8,10-14,140k+,848,139,16.4,14.1,19.0,false,motriskindex-families-2024-v5
audi-a8,15+,40-70k,126,20,15.9,10.5,23.2,true,motriskindex-families-2024-v5
audi-a8,15+,70-100k,349,70,20.1,16.2,24.6,true,motriskindex-families-2024-v5
audi-a8,15+,100-140k,919,219,23.8,21.2,26.7,false,motriskindex-families-2024-v5
audi-a8,15+,140k+,1448,353,24.4,22.2,26.7,false,motriskindex-families-2024-v5
audi-e-tron,3-5,<40k,9620,906,9.4,8.9,10.0,false,motriskindex-families-2024-v5
audi-e-tron,3-5,40-70k,3418,414,12.1,11.1,13.2,false,motriskindex-families-2024-v5
audi-e-tron,3-5,70-100k,272,34,12.5,9.1,17.0,true,motriskindex-families-2024-v5
audi-q2,3-5,<40k,34500,2497,7.2,7.0,7.5,false,motriskindex-families-2024-v5
audi-q2,3-5,40-70k,10246,1306,12.7,12.1,13.4,false,motriskindex-families-2024-v5
audi-q2,3-5,70-100k,911,135,14.8,12.7,17.3,false,motriskindex-families-2024-v5
audi-q2,3-5,100-140k,95,16,16.8,10.6,25.6,true,motriskindex-families-2024-v5
audi-q2,6-9,<40k,10276,895,8.7,8.2,9.3,false,motriskindex-families-2024-v5
audi-q2,6-9,40-70k,13545,1653,12.2,11.7,12.8,false,motriskindex-families-2024-v5
audi-q2,6-9,70-100k,3049,503,16.5,15.2,17.9,false,motriskindex-families-2024-v5
audi-q2,6-9,100-140k,394,85,21.6,17.8,25.9,true,motriskindex-families-2024-v5
audi-q3,3-5,<40k,28747,2259,7.9,7.6,8.2,false,motriskindex-families-2024-v5
audi-q3,3-5,40-70k,8938,1012,11.3,10.7,12.0,false,motriskindex-families-2024-v5
audi-q3,3-5,70-100k,692,86,12.4,10.2,15.1,false,motriskindex-families-2024-v5
audi-q3,3-5,100-140k,91,11,12.1,6.9,20.4,true,motriskindex-families-2024-v5
audi-q3,6-9,<40k,12267,1304,10.6,10.1,11.2,false,motriskindex-families-2024-v5
audi-q3,6-9,40-70k,29313,4624,15.8,15.4,16.2,false,motriskindex-families-2024-v5
audi-q3,6-9,70-100k,13954,2943,21.1,20.4,21.8,false,motriskindex-families-2024-v5
audi-q3,6-9,100-140k,3412,865,25.4,23.9,26.8,false,motriskindex-families-2024-v5
audi-q3,6-9,140k+,454,124,27.3,23.4,31.6,true,motriskindex-families-2024-v5
audi-q3,10-14,<40k,1319,153,11.6,10.0,13.4,false,motriskindex-families-2024-v5
audi-q3,10-14,40-70k,7467,1499,20.1,19.2,21.0,false,motriskindex-families-2024-v5
audi-q3,10-14,70-100k,12738,3280,25.7,25.0,26.5,false,motriskindex-families-2024-v5
audi-q3,10-14,100-140k,8939,2778,31.1,30.1,32.0,false,motriskindex-families-2024-v5
audi-q3,10-14,140k+,1975,693,35.1,33.0,37.2,false,motriskindex-families-2024-v5
audi-q4,3-5,<40k,3005,375,12.5,11.3,13.7,false,motriskindex-families-2024-v5
audi-q4,3-5,40-70k,633,99,15.6,13.0,18.7,false,motriskindex-families-2024-v5
audi-q5,3-5,<40k,20769,1679,8.1,7.7,8.5,false,motriskindex-families-2024-v5
audi-q5,3-5,40-70k,10990,1150,10.5,9.9,11.1,false,motriskindex-families-2024-v5
audi-q5,3-5,70-100k,1287,154,12.0,10.3,13.9,false,motriskindex-families-2024-v5
audi-q5,3-5,100-140k,141,9,6.4,3.4,11.7,true,motriskindex-families-2024-v5
audi-q5,6-9,<40k,6054,736,12.2,11.4,13.0,false,motriskindex-families-2024-v5
audi-q5,6-9,40-70k,20709,2975,14.4,13.9,14.9,false,motriskindex-families-2024-v5
audi-q5,6-9,70-100k,13624,2425,17.8,17.2,18.5,false,motriskindex-families-2024-v5
audi-q5,6-9,100-140k,4005,793,19.8,18.6,21.1,false,motriskindex-families-2024-v5
audi-q5,6-9,140k+,548,128,23.4,20.0,27.1,false,motriskindex-families-2024-v5
audi-q5,10-14,<40k,466,54,11.6,9.0,14.8,true,motriskindex-families-2024-v5
audi-q5,10-14,40-70k,3726,616,16.5,15.4,17.8,false,motriskindex-families-2024-v5
audi-q5,10-14,70-100k,9452,2062,21.8,21.0,22.7,false,motriskindex-families-2024-v5
audi-q5,10-14,100-140k,10717,2682,25.0,24.2,25.9,false,motriskindex-families-2024-v5
audi-q5,10-14,140k+,3855,1151,29.9,28.4,31.3,false,motriskindex-families-2024-v5
audi-q5,15+,40-70k,149,36,24.2,18.0,31.6,true,motriskindex-families-2024-v5
audi-q5,15+,70-100k,575,184,32.0,28.3,35.9,false,motriskindex-families-2024-v5
audi-q5,15+,100-140k,1711,562,32.8,30.7,35.1,false,motriskindex-families-2024-v5
audi-q5,15+,140k+,1454,499,34.3,31.9,36.8,false,motriskindex-families-2024-v5
audi-q7,3-5,<40k,6067,627,10.3,9.6,11.1,false,motriskindex-families-2024-v5
audi-q7,3-5,40-70k,4664,575,12.3,11.4,13.3,false,motriskindex-families-2024-v5
audi-q7,3-5,70-100k,684,80,11.7,9.5,14.3,false,motriskindex-families-2024-v5
audi-q7,3-5,100-140k,52,9,17.3,9.4,29.7,true,motriskindex-families-2024-v5
audi-q7,6-9,<40k,1447,175,12.1,10.5,13.9,false,motriskindex-families-2024-v5
audi-q7,6-9,40-70k,7590,1339,17.6,16.8,18.5,false,motriskindex-families-2024-v5
audi-q7,6-9,70-100k,6447,1181,18.3,17.4,19.3,false,motriskindex-families-2024-v5
audi-q7,6-9,100-140k,2211,419,19.0,17.4,20.6,false,motriskindex-families-2024-v5
audi-q7,6-9,140k+,316,62,19.6,15.6,24.4,true,motriskindex-families-2024-v5
audi-q7,10-14,<40k,98,12,12.2,7.1,20.2,true,motriskindex-families-2024-v5
audi-q7,10-14,40-70k,1169,161,13.8,11.9,15.9,false,motriskindex-families-2024-v5
audi-q7,10-14,70-100k,4234,747,17.6,16.5,18.8,false,motriskindex-families-2024-v5
audi-q7,10-14,100-140k,4986,1038,20.8,19.7,22.0,false,motriskindex-families-2024-v5
audi-q7,10-14,140k+,1430,325,22.7,20.6,25.0,false,motriskindex-families-2024-v5
audi-q7,15+,40-70k,99,28,28.3,20.4,37.8,true,motriskindex-families-2024-v5
audi-q7,15+,70-100k,667,160,24.0,20.9,27.4,false,motriskindex-families-2024-v5
audi-q7,15+,100-140k,2965,861,29.0,27.4,30.7,false,motriskindex-families-2024-v5
audi-q7,15+,140k+,3419,999,29.2,27.7,30.8,false,motriskindex-families-2024-v5
audi-q8,3-5,<40k,1905,150,7.9,6.7,9.2,false,motriskindex-families-2024-v5
audi-q8,3-5,40-70k,1471,155,10.5,9.1,12.2,false,motriskindex-families-2024-v5
audi-q8,3-5,70-100k,233,24,10.3,7.0,14.9,true,motriskindex-families-2024-v5
audi-q8,6-9,<40k,126,9,7.1,3.8,13.0,true,motriskindex-families-2024-v5
audi-q8,6-9,40-70k,368,29,7.9,5.5,11.1,true,motriskindex-families-2024-v5
audi-q8,6-9,70-100k,101,7,6.9,3.4,13.6,true,motriskindex-families-2024-v5
audi-r8,6-9,<40k,952,55,5.8,4.5,7.4,false,motriskindex-families-2024-v5
audi-r8,6-9,40-70k,157,17,10.8,6.9,16.7,true,motriskindex-families-2024-v5
audi-r8,10-14,<40k,797,67,8.4,6.7,10.5,false,motriskindex-families-2024-v5
audi-r8,10-14,40-70k,432,53,12.3,9.5,15.7,true,motriskindex-families-2024-v5
audi-r8,15+,<40k,350,31,8.9,6.3,12.3,true,motriskindex-families-2024-v5
audi-r8,15+,40-70k,536,87,16.2,13.4,19.6,false,motriskindex-families-2024-v5
audi-r8,15+,70-100k,166,25,15.1,10.4,21.3,true,motriskindex-families-2024-v5
audi-rs4,10-14,40-70k,164,22,13.4,9.0,19.5,true,motriskindex-families-2024-v5
audi-rs4,10-14,70-100k,151,21,13.9,9.3,20.3,true,motriskindex-families-2024-v5
audi-rs4,15+,40-70k,156,27,17.3,12.2,24.0,true,motriskindex-families-2024-v5
audi-rs4,15+,70-100k,331,56,16.9,13.3,21.3,true,motriskindex-families-2024-v5
audi-rs4,15+,100-140k,356,66,18.5,14.8,22.9,true,motriskindex-families-2024-v5
audi-rs4,15+,140k+,79,15,19.0,11.9,29.0,true,motriskindex-families-2024-v5
audi-s3,3-5,<40k,1974,166,8.4,7.3,9.7,false,motriskindex-families-2024-v5
audi-s3,3-5,40-70k,249,20,8.0,5.3,12.1,true,motriskindex-families-2024-v5
audi-s3,6-9,40-70k,171,17,9.9,6.3,15.3,true,motriskindex-families-2024-v5
audi-s3,6-9,70-100k,83,11,13.3,7.6,22.2,true,motriskindex-families-2024-v5
audi-s3,10-14,<40k,77,6,7.8,3.6,16.0,true,motriskindex-families-2024-v5
audi-s3,10-14,40-70k,450,74,16.4,13.3,20.2,true,motriskindex-families-2024-v5
audi-s3,10-14,70-100k,762,160,21.0,18.3,24.0,false,motriskindex-families-2024-v5
audi-s3,10-14,100-140k,388,96,24.7,20.7,29.3,true,motriskindex-families-2024-v5
audi-s3,15+,40-70k,89,20,22.5,15.0,32.2,true,motriskindex-families-2024-v5
audi-s3,15+,70-100k,273,80,29.3,24.2,35.0,true,motriskindex-families-2024-v5
audi-s3,15+,100-140k,627,176,28.1,24.7,31.7,false,motriskindex-families-2024-v5
audi-s3,15+,140k+,328,90,27.4,22.9,32.5,true,motriskindex-families-2024-v5
audi-s4,3-5,<40k,558,40,7.2,5.3,9.6,false,motriskindex-families-2024-v5
audi-s4,3-5,40-70k,418,36,8.6,6.3,11.7,true,motriskindex-families-2024-v5
audi-s4,3-5,70-100k,50,9,18.0,9.8,30.8,true,motriskindex-families-2024-v5
audi-s4,10-14,40-70k,102,14,13.7,8.4,21.7,true,motriskindex-families-2024-v5
audi-s4,10-14,70-100k,210,36,17.1,12.6,22.8,true,motriskindex-families-2024-v5
audi-s4,10-14,100-140k,182,37,20.3,15.1,26.8,true,motriskindex-families-2024-v5
audi-s4,15+,40-70k,85,18,21.2,13.8,31.0,true,motriskindex-families-2024-v5
audi-s4,15+,70-100k,223,52,23.3,18.2,29.3,true,motriskindex-families-2024-v5
audi-s4,15+,100-140k,279,72,25.8,21.0,31.2,true,motriskindex-families-2024-v5
audi-s4,15+,140k+,129,27,20.9,14.8,28.7,true,motriskindex-families-2024-v5
audi-s5,3-5,<40k,328,47,14.3,10.9,18.5,true,motriskindex-families-2024-v5
audi-s5,3-5,40-70k,122,18,14.8,9.5,22.1,true,motriskindex-families-2024-v5
audi-s5,10-14,40-70k,226,43,19.0,14.4,24.6,true,motriskindex-families-2024-v5
audi-s5,10-14,70-100k,358,56,15.6,12.2,19.8,true,motriskindex-families-2024-v5
audi-s5,10-14,100-140k,209,48,23.0,17.8,29.1,true,motriskindex-families-2024-v5
audi-s5,15+,40-70k,54,13,24.1,14.6,36.9,true,motriskindex-families-2024-v5
audi-s5,15+,70-100k,178,42,23.6,18.0,30.3,true,motriskindex-families-2024-v5
audi-s5,15+,100-140k,249,58,23.3,18.5,28.9,true,motriskindex-families-2024-v5
audi-sq5,3-5,<40k,775,51,6.6,5.0,8.5,false,motriskindex-families-2024-v5
audi-sq5,3-5,40-70k,271,24,8.9,6.0,12.8,true,motriskindex-families-2024-v5
audi-sq5,10-14,40-70k,90,12,13.3,7.8,21.9,true,motriskindex-families-2024-v5
audi-sq5,10-14,70-100k,224,24,10.7,7.3,15.4,true,motriskindex-families-2024-v5
audi-sq5,10-14,100-140k,130,18,13.8,8.9,20.8,true,motriskindex-families-2024-v5
audi-sq7,3-5,<40k,630,71,11.3,9.0,14.0,false,motriskindex-families-2024-v5
audi-sq7,3-5,40-70k,390,41,10.5,7.8,14.0,true,motriskindex-families-2024-v5
audi-tt,3-5,<40k,8841,759,8.6,8.0,9.2,false,motriskindex-families-2024-v5
audi-tt,3-5,40-70k,1383,176,12.7,11.1,14.6,false,motriskindex-families-2024-v5
audi-tt,3-5,70-100k,69,10,14.5,8.1,24.7,true,motriskindex-families-2024-v5
audi-tt,6-9,<40k,9727,805,8.3,7.7,8.8,false,motriskindex-families-2024-v5
audi-tt,6-9,40-70k,13995,1816,13.0,12.4,13.5,false,motriskindex-families-2024-v5
audi-tt,6-9,70-100k,4704,816,17.3,16.3,18.5,false,motriskindex-families-2024-v5
audi-tt,6-9,100-140k,906,214,23.6,21.0,26.5,false,motriskindex-families-2024-v5
audi-tt,6-9,140k+,101,32,31.7,23.4,41.3,true,motriskindex-families-2024-v5
audi-tt,10-14,<40k,2331,257,11.0,9.8,12.4,false,motriskindex-families-2024-v5
audi-tt,10-14,40-70k,8972,1607,17.9,17.1,18.7,false,motriskindex-families-2024-v5
audi-tt,10-14,70-100k,10133,2341,23.1,22.3,23.9,false,motriskindex-families-2024-v5
audi-tt,10-14,100-140k,5840,1629,27.9,26.8,29.1,false,motriskindex-families-2024-v5
audi-tt,10-14,140k+,1304,419,32.1,29.7,34.7,false,motriskindex-families-2024-v5
audi-tt,15+,<40k,1177,184,15.6,13.7,17.8,false,motriskindex-families-2024-v5
audi-tt,15+,40-70k,5664,1517,26.8,25.6,28.0,false,motriskindex-families-2024-v5
audi-tt,15+,70-100k,12976,4507,34.7,33.9,35.6,false,motriskindex-families-2024-v5
audi-tt,15+,100-140k,17750,7143,40.2,39.5,41.0,false,motriskindex-families-2024-v5
audi-tt,15+,140k+,7131,3023,42.4,41.2,43.5,false,motriskindex-families-2024-v5
austin-mini,15+,<40k,190,29,15.3,10.8,21.1,true,motriskindex-families-2024-v5
austin-mini,15+,40-70k,116,24,20.7,14.3,28.9,true,motriskindex-families-2024-v5
austin-mini,15+,70-100k,93,19,20.4,13.5,29.7,true,motriskindex-families-2024-v5
bentley-arnage,15+,<40k,344,32,9.3,6.7,12.8,true,motriskindex-families-2024-v5
bentley-arnage,15+,40-70k,529,77,14.6,11.8,17.8,false,motriskindex-families-2024-v5
bentley-arnage,15+,70-100k,263,51,19.4,15.1,24.6,true,motriskindex-families-2024-v5
bentley-arnage,15+,100-140k,72,14,19.4,12.0,30.0,true,motriskindex-families-2024-v5
bentley-bentayga,3-5,<40k,1058,35,3.3,2.4,4.6,false,motriskindex-families-2024-v5
bentley-bentayga,3-5,40-70k,176,4,2.3,0.9,5.7,true,motriskindex-families-2024-v5
bentley-bentayga,6-9,<40k,649,35,5.4,3.9,7.4,false,motriskindex-families-2024-v5
bentley-bentayga,6-9,40-70k,684,29,4.2,3.0,6.0,false,motriskindex-families-2024-v5
bentley-bentayga,6-9,70-100k,119,11,9.2,5.2,15.8,true,motriskindex-families-2024-v5
bentley-continental,3-5,<40k,1789,82,4.6,3.7,5.7,false,motriskindex-families-2024-v5
bentley-continental,3-5,40-70k,57,9,15.8,8.5,27.4,true,motriskindex-families-2024-v5
bentley-continental,6-9,<40k,2347,116,4.9,4.1,5.9,false,motriskindex-families-2024-v5
bentley-continental,6-9,40-70k,523,38,7.3,5.3,9.8,false,motriskindex-families-2024-v5
bentley-continental,10-14,<40k,1652,102,6.2,5.1,7.4,false,motriskindex-families-2024-v5
bentley-continental,10-14,40-70k,1365,143,10.5,9.0,12.2,false,motriskindex-families-2024-v5
bentley-continental,10-14,70-100k,273,38,13.9,10.3,18.5,true,motriskindex-families-2024-v5
bentley-continental,15+,<40k,1438,104,7.2,6.0,8.7,false,motriskindex-families-2024-v5
bentley-continental,15+,40-70k,2497,272,10.9,9.7,12.2,false,motriskindex-families-2024-v5
bentley-continental,15+,70-100k,1572,245,15.6,13.9,17.5,false,motriskindex-families-2024-v5
bentley-continental,15+,100-140k,484,82,16.9,13.9,20.5,true,motriskindex-families-2024-v5
bentley-continental,15+,140k+,64,7,10.9,5.4,20.9,true,motriskindex-families-2024-v5
bmw-3-series,3-5,<40k,39568,4738,12.0,11.7,12.3,false,motriskindex-families-2024-v5
bmw-3-series,3-5,40-70k,27271,4159,15.3,14.8,15.7,false,motriskindex-families-2024-v5
bmw-3-series,3-5,70-100k,6284,1130,18.0,17.1,19.0,false,motriskindex-families-2024-v5
bmw-3-series,3-5,100-140k,1254,216,17.2,15.2,19.4,false,motriskindex-families-2024-v5
bmw-3-series,3-5,140k+,113,24,21.2,14.7,29.7,true,motriskindex-families-2024-v5
bmw-3-series,6-9,<40k,12995,1161,8.9,8.5,9.4,false,motriskindex-families-2024-v5
bmw-3-series,6-9,40-70k,44595,6362,14.3,13.9,14.6,false,motriskindex-families-2024-v5
bmw-3-series,6-9,70-100k,38036,6734,17.7,17.3,18.1,false,motriskindex-families-2024-v5
bmw-3-series,6-9,100-140k,18187,3759,20.7,20.1,21.3,false,motriskindex-families-2024-v5
bmw-3-series,6-9,140k+,4942,1093,22.1,21.0,23.3,false,motriskindex-families-2024-v5
bmw-3-series,10-14,<40k,3676,486,13.2,12.2,14.4,false,motriskindex-families-2024-v5
bmw-3-series,10-14,40-70k,19764,3965,20.1,19.5,20.6,false,motriskindex-families-2024-v5
bmw-3-series,10-14,70-100k,41591,11008,26.5,26.0,26.9,false,motriskindex-families-2024-v5
bmw-3-series,10-14,100-140k,53710,16759,31.2,30.8,31.6,false,motriskindex-families-2024-v5
bmw-3-series,10-14,140k+,33497,11481,34.3,33.8,34.8,false,motriskindex-families-2024-v5
bmw-3-series,15+,<40k,2378,361,15.2,13.8,16.7,false,motriskindex-families-2024-v5
bmw-3-series,15+,40-70k,11411,2783,24.4,23.6,25.2,false,motriskindex-families-2024-v5
bmw-3-series,15+,70-100k,27932,8676,31.1,30.5,31.6,false,motriskindex-families-2024-v5
bmw-3-series,15+,100-140k,49215,17277,35.1,34.7,35.5,false,motriskindex-families-2024-v5
bmw-3-series,15+,140k+,47287,17572,37.2,36.7,37.6,false,motriskindex-families-2024-v5
bmw-i3,3-5,<40k,9967,1073,10.8,10.2,11.4,false,motriskindex-families-2024-v5
bmw-i3,3-5,40-70k,1690,213,12.6,11.1,14.3,false,motriskindex-families-2024-v5
bmw-i3,3-5,70-100k,141,23,16.3,11.1,23.3,true,motriskindex-families-2024-v5
bmw-i3,6-9,<40k,4078,440,10.8,9.9,11.8,false,motriskindex-families-2024-v5
bmw-i3,6-9,40-70k,4236,615,14.5,13.5,15.6,false,motriskindex-families-2024-v5
bmw-i3,6-9,70-100k,1543,315,20.4,18.5,22.5,false,motriskindex-families-2024-v5
bmw-i3,6-9,100-140k,406,95,23.4,19.5,27.8,true,motriskindex-families-2024-v5
bmw-i3,6-9,140k+,73,25,34.2,24.4,45.7,true,motriskindex-families-2024-v5
bmw-i3,10-14,<40k,300,33,11.0,7.9,15.0,true,motriskindex-families-2024-v5
bmw-i3,10-14,40-70k,539,95,17.6,14.6,21.1,false,motriskindex-families-2024-v5
bmw-i3,10-14,70-100k,325,70,21.5,17.4,26.3,true,motriskindex-families-2024-v5
bmw-i3,10-14,100-140k,111,29,26.1,18.9,35.0,true,motriskindex-families-2024-v5
bmw-i8,6-9,<40k,882,72,8.2,6.5,10.2,false,motriskindex-families-2024-v5
bmw-i8,6-9,40-70k,604,91,15.1,12.4,18.1,false,motriskindex-families-2024-v5
bmw-i8,6-9,70-100k,156,25,16.0,11.1,22.6,true,motriskindex-families-2024-v5
bmw-i8,10-14,<40k,66,8,12.1,6.3,22.1,true,motriskindex-families-2024-v5
bmw-i8,10-14,40-70k,88,9,10.2,5.5,18.3,true,motriskindex-families-2024-v5
bmw-ix3,3-5,<40k,2174,270,12.4,11.1,13.9,false,motriskindex-families-2024-v5
bmw-ix3,3-5,40-70k,634,93,14.7,12.1,17.6,false,motriskindex-families-2024-v5
bmw-ix3,3-5,70-100k,50,12,24.0,14.3,37.4,true,motriskindex-families-2024-v5
bmw-m2,3-5,<40k,401,27,6.7,4.7,9.6,true,motriskindex-families-2024-v5
bmw-m2,3-5,40-70k,54,11,20.4,11.8,32.9,true,motriskindex-families-2024-v5
bmw-m2,6-9,<40k,1620,145,9.0,7.7,10.4,false,motriskindex-families-2024-v5
bmw-m2,6-9,40-70k,1466,219,14.9,13.2,16.9,false,motriskindex-families-2024-v5
bmw-m2,6-9,70-100k,157,26,16.6,11.6,23.2,true,motriskindex-families-2024-v5
bmw-m3,3-5,<40k,674,35,5.2,3.8,7.1,false,motriskindex-families-2024-v5
bmw-m3,3-5,40-70k,53,5,9.4,4.1,20.3,true,motriskindex-families-2024-v5
bmw-m3,6-9,<40k,1294,114,8.8,7.4,10.5,false,motriskindex-families-2024-v5
bmw-m3,6-9,40-70k,1501,173,11.5,10.0,13.2,false,motriskindex-families-2024-v5
bmw-m3,6-9,70-100k,280,35,12.5,9.1,16.9,true,motriskindex-families-2024-v5
bmw-m3,10-14,<40k,399,31,7.8,5.5,10.8,true,motriskindex-families-2024-v5
bmw-m3,10-14,40-70k,1135,142,12.5,10.7,14.6,false,motriskindex-families-2024-v5
bmw-m3,10-14,70-100k,770,117,15.2,12.8,17.9,false,motriskindex-families-2024-v5
bmw-m3,10-14,100-140k,171,33,19.3,14.1,25.9,true,motriskindex-families-2024-v5
bmw-m3,15+,<40k,403,32,7.9,5.7,11.0,true,motriskindex-families-2024-v5
bmw-m3,15+,40-70k,1560,198,12.7,11.1,14.4,false,motriskindex-families-2024-v5
bmw-m3,15+,70-100k,3069,478,15.6,14.3,16.9,false,motriskindex-families-2024-v5
bmw-m3,15+,100-140k,2762,468,16.9,15.6,18.4,false,motriskindex-families-2024-v5
bmw-m3,15+,140k+,650,148,22.8,19.7,26.1,false,motriskindex-families-2024-v5
bmw-m4,3-5,<40k,3314,345,10.4,9.4,11.5,false,motriskindex-families-2024-v5
bmw-m4,3-5,40-70k,495,81,16.4,13.4,19.9,true,motriskindex-families-2024-v5
bmw-m4,6-9,<40k,3283,372,11.3,10.3,12.5,false,motriskindex-families-2024-v5
bmw-m4,6-9,40-70k,3500,522,14.9,13.8,16.1,false,motriskindex-families-2024-v5
bmw-m4,6-9,70-100k,713,108,15.1,12.7,18.0,false,motriskindex-families-2024-v5
bmw-m4,6-9,100-140k,89,11,12.4,7.0,20.8,true,motriskindex-families-2024-v5
bmw-m4,10-14,<40k,157,9,5.7,3.0,10.5,true,motriskindex-families-2024-v5
bmw-m4,10-14,40-70k,502,69,13.7,11.0,17.0,false,motriskindex-families-2024-v5
bmw-m4,10-14,70-100k,233,46,19.7,15.1,25.3,true,motriskindex-families-2024-v5
bmw-m5,6-9,<40k,163,18,11.0,7.1,16.8,true,motriskindex-families-2024-v5
bmw-m5,6-9,40-70k,455,47,10.3,7.9,13.5,true,motriskindex-families-2024-v5
bmw-m5,6-9,70-100k,144,20,13.9,9.2,20.5,true,motriskindex-families-2024-v5
bmw-m5,10-14,<40k,138,6,4.3,2.0,9.2,true,motriskindex-families-2024-v5
bmw-m5,10-14,40-70k,566,68,12.0,9.6,15.0,false,motriskindex-families-2024-v5
bmw-m5,10-14,70-100k,479,70,14.6,11.7,18.1,true,motriskindex-families-2024-v5
bmw-m5,10-14,100-140k,97,10,10.3,5.7,17.9,true,motriskindex-families-2024-v5
bmw-m5,15+,40-70k,241,22,9.1,6.1,13.4,true,motriskindex-families-2024-v5
bmw-m5,15+,70-100k,514,64,12.5,9.9,15.6,false,motriskindex-families-2024-v5
bmw-m5,15+,100-140k,478,72,15.1,12.1,18.5,true,motriskindex-families-2024-v5
bmw-m5,15+,140k+,248,47,19.0,14.6,24.3,true,motriskindex-families-2024-v5
bmw-m6,6-9,<40k,239,27,11.3,7.9,15.9,true,motriskindex-families-2024-v5
bmw-m6,6-9,40-70k,289,30,10.4,7.4,14.4,true,motriskindex-families-2024-v5
bmw-m6,6-9,70-100k,62,13,21.0,12.7,32.6,true,motriskindex-families-2024-v5
bmw-m6,10-14,<40k,74,5,6.8,2.9,14.9,true,motriskindex-families-2024-v5
bmw-m6,10-14,40-70k,202,28,13.9,9.8,19.3,true,motriskindex-families-2024-v5
bmw-m6,10-14,70-100k,72,9,12.5,6.7,22.1,true,motriskindex-families-2024-v5
bmw-m6,15+,40-70k,108,18,16.7,10.8,24.8,true,motriskindex-families-2024-v5
bmw-m6,15+,70-100k,104,18,17.3,11.2,25.7,true,motriskindex-families-2024-v5
bmw-m6,15+,100-140k,52,10,19.2,10.8,31.9,true,motriskindex-families-2024-v5
bmw-x1,3-5,<40k,21755,1982,9.1,8.7,9.5,false,motriskindex-families-2024-v5
bmw-x1,3-5,40-70k,6882,890,12.9,12.2,13.7,false,motriskindex-families-2024-v5
bmw-x1,3-5,70-100k,899,124,13.8,11.7,16.2,false,motriskindex-families-2024-v5
bmw-x1,3-5,100-140k,108,21,19.4,13.1,27.9,true,motriskindex-families-2024-v5
bmw-x1,6-9,<40k,11813,1174,9.9,9.4,10.5,false,motriskindex-families-2024-v5
bmw-x1,6-9,40-70k,21561,3041,14.1,13.6,14.6,false,motriskindex-families-2024-v5
bmw-x1,6-9,70-100k,9515,1765,18.5,17.8,19.3,false,motriskindex-families-2024-v5
bmw-x1,6-9,100-140k,2468,538,21.8,20.2,23.5,false,motriskindex-families-2024-v5
bmw-x1,6-9,140k+,357,91,25.5,21.2,30.3,true,motriskindex-families-2024-v5
bmw-x1,10-14,<40k,1047,143,13.7,11.7,15.9,false,motriskindex-families-2024-v5
bmw-x1,10-14,40-70k,6076,1254,20.6,19.6,21.7,false,motriskindex-families-2024-v5
bmw-x1,10-14,70-100k,11441,3214,28.1,27.3,28.9,false,motriskindex-families-2024-v5
bmw-x1,10-14,100-140k,9539,3129,32.8,31.9,33.8,false,motriskindex-families-2024-v5
bmw-x1,10-14,140k+,2744,934,34.0,32.3,35.8,false,motriskindex-families-2024-v5
bmw-x1,15+,70-100k,101,22,21.8,14.8,30.8,true,motriskindex-families-2024-v5
bmw-x1,15+,100-140k,205,56,27.3,21.7,33.8,true,motriskindex-families-2024-v5
bmw-x1,15+,140k+,90,48,53.3,43.1,63.3,true,motriskindex-families-2024-v5
bmw-x2,3-5,<40k,9666,1259,13.0,12.4,13.7,false,motriskindex-families-2024-v5
bmw-x2,3-5,40-70k,3698,576,15.6,14.4,16.8,false,motriskindex-families-2024-v5
bmw-x2,3-5,70-100k,602,120,19.9,16.9,23.3,false,motriskindex-families-2024-v5
bmw-x2,3-5,100-140k,90,14,15.6,9.5,24.4,true,motriskindex-families-2024-v5
bmw-x2,6-9,<40k,2001,282,14.1,12.6,15.7,false,motriskindex-families-2024-v5
bmw-x2,6-9,40-70k,2406,447,18.6,17.1,20.2,false,motriskindex-families-2024-v5
bmw-x2,6-9,70-100k,404,79,19.6,16.0,23.7,true,motriskindex-families-2024-v5
bmw-x2,6-9,100-140k,69,19,27.5,18.4,39.0,true,motriskindex-families-2024-v5
bmw-x3,3-5,<40k,22488,2288,10.2,9.8,10.6,false,motriskindex-families-2024-v5
bmw-x3,3-5,40-70k,10483,1382,13.2,12.5,13.8,false,motriskindex-families-2024-v5
bmw-x3,3-5,70-100k,1165,194,16.7,14.6,18.9,false,motriskindex-families-2024-v5
bmw-x3,3-5,100-140k,128,17,13.3,8.5,20.2,true,motriskindex-families-2024-v5
bmw-x3,6-9,<40k,5287,605,11.4,10.6,12.3,false,motriskindex-families-2024-v5
bmw-x3,6-9,40-70k,14950,2343,15.7,15.1,16.3,false,motriskindex-families-2024-v5
bmw-x3,6-9,70-100k,8776,1885,21.5,20.6,22.4,false,motriskindex-families-2024-v5
bmw-x3,6-9,100-140k,2621,663,25.3,23.7,27.0,false,motriskindex-families-2024-v5
bmw-x3,6-9,140k+,415,106,25.5,21.6,29.9,true,motriskindex-families-2024-v5
bmw-x3,10-14,<40k,606,88,14.5,11.9,17.6,false,motriskindex-families-2024-v5
bmw-x3,10-14,40-70k,3687,819,22.2,20.9,23.6,false,motriskindex-families-2024-v5
bmw-x3,10-14,70-100k,8485,2309,27.2,26.3,28.2,false,motriskindex-families-2024-v5
bmw-x3,10-14,100-140k,8977,2688,29.9,29.0,30.9,false,motriskindex-families-2024-v5
bmw-x3,10-14,140k+,3022,930,30.8,29.2,32.4,false,motriskindex-families-2024-v5
bmw-x3,15+,40-70k,485,103,21.2,17.8,25.1,true,motriskindex-families-2024-v5
bmw-x3,15+,70-100k,1900,601,31.6,29.6,33.8,false,motriskindex-families-2024-v5
bmw-x3,15+,100-140k,5496,1947,35.4,34.2,36.7,false,motriskindex-families-2024-v5
bmw-x3,15+,140k+,4708,1877,39.9,38.5,41.3,false,motriskindex-families-2024-v5
bmw-x4,3-5,<40k,4535,479,10.6,9.7,11.5,false,motriskindex-families-2024-v5
bmw-x4,3-5,40-70k,2615,334,12.8,11.5,14.1,false,motriskindex-families-2024-v5
bmw-x4,3-5,70-100k,377,50,13.3,10.2,17.1,true,motriskindex-families-2024-v5
bmw-x4,6-9,<40k,1033,111,10.7,9.0,12.8,false,motriskindex-families-2024-v5
bmw-x4,6-9,40-70k,4029,674,16.7,15.6,17.9,false,motriskindex-families-2024-v5
bmw-x4,6-9,70-100k,2909,560,19.3,17.9,20.7,false,motriskindex-families-2024-v5
bmw-x4,6-9,100-140k,839,198,23.6,20.9,26.6,false,motriskindex-families-2024-v5
bmw-x4,6-9,140k+,109,28,25.7,18.4,34.6,true,motriskindex-families-2024-v5
bmw-x4,10-14,40-70k,171,21,12.3,8.2,18.0,true,motriskindex-families-2024-v5
bmw-x4,10-14,70-100k,344,75,21.8,17.8,26.5,true,motriskindex-families-2024-v5
bmw-x4,10-14,100-140k,181,32,17.7,12.8,23.9,true,motriskindex-families-2024-v5
bmw-x5,3-5,<40k,11237,1384,12.3,11.7,12.9,false,motriskindex-families-2024-v5
bmw-x5,3-5,40-70k,7780,1109,14.3,13.5,15.0,false,motriskindex-families-2024-v5
bmw-x5,3-5,70-100k,1213,205,16.9,14.9,19.1,false,motriskindex-families-2024-v5
bmw-x5,3-5,100-140k,232,29,12.5,8.8,17.4,true,motriskindex-families-2024-v5
bmw-x5,6-9,<40k,2781,319,11.5,10.3,12.7,false,motriskindex-families-2024-v5
bmw-x5,6-9,40-70k,11055,1471,13.3,12.7,14.0,false,motriskindex-families-2024-v5
bmw-x5,6-9,70-100k,8658,1262,14.6,13.8,15.3,false,motriskindex-families-2024-v5
bmw-x5,6-9,100-140k,3079,490,15.9,14.7,17.2,false,motriskindex-families-2024-v5
bmw-x5,6-9,140k+,630,109,17.3,14.5,20.5,false,motriskindex-families-2024-v5
bmw-x5,10-14,<40k,296,39,13.2,9.8,17.5,true,motriskindex-families-2024-v5
bmw-x5,10-14,40-70k,2050,321,15.7,14.1,17.3,false,motriskindex-families-2024-v5
bmw-x5,10-14,70-100k,6126,1155,18.9,17.9,19.9,false,motriskindex-families-2024-v5
bmw-x5,10-14,100-140k,8273,1847,22.3,21.4,23.2,false,motriskindex-families-2024-v5
bmw-x5,10-14,140k+,3123,750,24.0,22.5,25.5,false,motriskindex-families-2024-v5
bmw-x5,15+,<40k,80,19,23.8,15.8,34.1,true,motriskindex-families-2024-v5
bmw-x5,15+,40-70k,519,137,26.4,22.8,30.4,false,motriskindex-families-2024-v5
bmw-x5,15+,70-100k,2340,703,30.0,28.2,31.9,false,motriskindex-families-2024-v5
bmw-x5,15+,100-140k,8868,3070,34.6,33.6,35.6,false,motriskindex-families-2024-v5
bmw-x5,15+,140k+,11397,4085,35.8,35.0,36.7,false,motriskindex-families-2024-v5
bmw-x6,3-5,<40k,1777,254,14.3,12.7,16.0,false,motriskindex-families-2024-v5
bmw-x6,3-5,40-70k,845,125,14.8,12.6,17.3,false,motriskindex-families-2024-v5
bmw-x6,3-5,70-100k,113,21,18.6,12.5,26.7,true,motriskindex-families-2024-v5
bmw-x6,6-9,<40k,906,94,10.4,8.6,12.5,false,motriskindex-families-2024-v5
bmw-x6,6-9,40-70k,3054,377,12.3,11.2,13.6,false,motriskindex-families-2024-v5
bmw-x6,6-9,70-100k,1919,301,15.7,14.1,17.4,false,motriskindex-families-2024-v5
bmw-x6,6-9,100-140k,589,92,15.6,12.9,18.8,false,motriskindex-families-2024-v5
bmw-x6,6-9,140k+,72,13,18.1,10.9,28.5,true,motriskindex-families-2024-v5
bmw-x6,10-14,<40k,84,11,13.1,7.5,21.9,true,motriskindex-families-2024-v5
bmw-x6,10-14,40-70k,638,120,18.8,16.0,22.0,false,motriskindex-families-2024-v5
bmw-x6,10-14,70-100k,1730,367,21.2,19.4,23.2,false,motriskindex-families-2024-v5
bmw-x6,10-14,100-140k,1956,440,22.5,20.7,24.4,false,motriskindex-families-2024-v5
bmw-x6,10-14,140k+,563,154,27.4,23.8,31.2,false,motriskindex-families-2024-v5
bmw-x6,15+,40-70k,68,20,29.4,19.9,41.1,true,motriskindex-families-2024-v5
bmw-x6,15+,70-100k,224,57,25.4,20.2,31.5,true,motriskindex-families-2024-v5
bmw-x6,15+,100-140k,627,164,26.2,22.9,29.7,false,motriskindex-families-2024-v5
bmw-x6,15+,140k+,335,86,25.7,21.3,30.6,true,motriskindex-families-2024-v5
bmw-x7,3-5,<40k,1081,163,15.1,13.1,17.3,false,motriskindex-families-2024-v5
bmw-x7,3-5,40-70k,682,111,16.3,13.7,19.2,false,motriskindex-families-2024-v5
bmw-x7,3-5,70-100k,87,9,10.3,5.5,18.5,true,motriskindex-families-2024-v5
bmw-z3,15+,<40k,568,96,16.9,14.0,20.2,false,motriskindex-families-2024-v5
bmw-z3,15+,40-70k,1596,373,23.4,21.4,25.5,false,motriskindex-families-2024-v5
bmw-z3,15+,70-100k,1899,633,33.3,31.2,35.5,false,motriskindex-families-2024-v5
bmw-z3,15+,100-140k,1294,502,38.8,36.2,41.5,false,motriskindex-families-2024-v5
bmw-z3,15+,140k+,299,121,40.5,35.1,46.1,true,motriskindex-families-2024-v5
bmw-z4,3-5,<40k,4271,418,9.8,8.9,10.7,false,motriskindex-families-2024-v5
bmw-z4,3-5,40-70k,383,58,15.1,11.9,19.1,true,motriskindex-families-2024-v5
bmw-z4,6-9,<40k,1447,171,11.8,10.3,13.6,false,motriskindex-families-2024-v5
bmw-z4,6-9,40-70k,1206,232,19.2,17.1,21.6,false,motriskindex-families-2024-v5
bmw-z4,6-9,70-100k,279,58,20.8,16.4,25.9,true,motriskindex-families-2024-v5
bmw-z4,10-14,<40k,1998,260,13.0,11.6,14.6,false,motriskindex-families-2024-v5
bmw-z4,10-14,40-70k,4103,761,18.5,17.4,19.8,false,motriskindex-families-2024-v5
bmw-z4,10-14,70-100k,2488,532,21.4,19.8,23.0,false,motriskindex-families-2024-v5
bmw-z4,10-14,100-140k,667,200,30.0,26.6,33.6,false,motriskindex-families-2024-v5
bmw-z4,10-14,140k+,84,20,23.8,16.0,33.9,true,motriskindex-families-2024-v5
bmw-z4,15+,<40k,1271,155,12.2,10.5,14.1,false,motriskindex-families-2024-v5
bmw-z4,15+,40-70k,4285,975,22.8,21.5,24.0,false,motriskindex-families-2024-v5
bmw-z4,15+,70-100k,6294,1906,30.3,29.2,31.4,false,motriskindex-families-2024-v5
bmw-z4,15+,100-140k,5141,1805,35.1,33.8,36.4,false,motriskindex-families-2024-v5
bmw-z4,15+,140k+,1108,447,40.3,37.5,43.3,false,motriskindex-families-2024-v5
caterham-seven,15+,<40k,720,104,14.4,12.1,17.2,false,motriskindex-families-2024-v5
caterham-seven,15+,40-70k,121,23,19.0,13.0,26.9,true,motriskindex-families-2024-v5
chevrolet-aveo,10-14,<40k,718,241,33.6,30.2,37.1,false,motriskindex-families-2024-v5
chevrolet-aveo,10-14,40-70k,1995,931,46.7,44.5,48.9,false,motriskindex-families-2024-v5
chevrolet-aveo,10-14,70-100k,1737,924,53.2,50.8,55.5,false,motriskindex-families-2024-v5
chevrolet-aveo,10-14,100-140k,665,372,55.9,52.1,59.7,false,motriskindex-families-2024-v5
chevrolet-aveo,10-14,140k+,80,42,52.5,41.7,63.1,true,motriskindex-families-2024-v5
chevrolet-aveo,15+,<40k,387,142,36.7,32.0,41.6,true,motriskindex-families-2024-v5
chevrolet-aveo,15+,40-70k,1339,727,54.3,51.6,56.9,false,motriskindex-families-2024-v5
chevrolet-aveo,15+,70-100k,1276,754,59.1,56.4,61.8,false,motriskindex-families-2024-v5
chevrolet-aveo,15+,100-140k,460,287,62.4,57.9,66.7,true,motriskindex-families-2024-v5
chevrolet-captiva,10-14,<40k,70,23,32.9,23.0,44.5,true,motriskindex-families-2024-v5
chevrolet-captiva,10-14,40-70k,556,213,38.3,34.4,42.4,false,motriskindex-families-2024-v5
chevrolet-captiva,10-14,70-100k,1767,819,46.3,44.0,48.7,false,motriskindex-families-2024-v5
chevrolet-captiva,10-14,100-140k,1803,932,51.7,49.4,54.0,false,motriskindex-families-2024-v5
chevrolet-captiva,10-14,140k+,404,223,55.2,50.3,60.0,true,motriskindex-families-2024-v5
chevrolet-captiva,15+,40-70k,93,40,43.0,33.4,53.2,true,motriskindex-families-2024-v5
chevrolet-captiva,15+,70-100k,332,176,53.0,47.6,58.3,true,motriskindex-families-2024-v5
chevrolet-captiva,15+,100-140k,655,344,52.5,48.7,56.3,false,motriskindex-families-2024-v5
chevrolet-captiva,15+,140k+,249,123,49.4,43.2,55.6,true,motriskindex-families-2024-v5
chevrolet-cruze,10-14,<40k,305,73,23.9,19.5,29.0,true,motriskindex-families-2024-v5
chevrolet-cruze,10-14,40-70k,1384,468,33.8,31.4,36.3,false,motriskindex-families-2024-v5
chevrolet-cruze,10-14,70-100k,1822,768,42.2,39.9,44.4,false,motriskindex-families-2024-v5
chevrolet-cruze,10-14,100-140k,1034,454,43.9,40.9,46.9,false,motriskindex-families-2024-v5
chevrolet-cruze,10-14,140k+,253,128,50.6,44.5,56.7,true,motriskindex-families-2024-v5
chevrolet-cruze,15+,70-100k,90,40,44.4,34.6,54.7,true,motriskindex-families-2024-v5
chevrolet-cruze,15+,100-140k,61,29,47.5,35.5,59.8,true,motriskindex-families-2024-v5
chevrolet-kalos,15+,<40k,365,156,42.7,37.8,47.9,true,motriskindex-families-2024-v5
chevrolet-kalos,15+,40-70k,1019,501,49.2,46.1,52.2,false,motriskindex-families-2024-v5
chevrolet-kalos,15+,70-100k,767,460,60.0,56.5,63.4,false,motriskindex-families-2024-v5
chevrolet-kalos,15+,100-140k,203,126,62.1,55.2,68.5,true,motriskindex-families-2024-v5
chevrolet-lacetti,10-14,40-70k,106,41,38.7,30.0,48.2,true,motriskindex-families-2024-v5
chevrolet-lacetti,10-14,70-100k,105,47,44.8,35.6,54.3,true,motriskindex-families-2024-v5
chevrolet-lacetti,15+,<40k,184,70,38.0,31.3,45.2,true,motriskindex-families-2024-v5
chevrolet-lacetti,15+,40-70k,634,287,45.3,41.4,49.2,false,motriskindex-families-2024-v5
chevrolet-lacetti,15+,70-100k,593,348,58.7,54.7,62.6,false,motriskindex-families-2024-v5
chevrolet-lacetti,15+,100-140k,286,175,61.2,55.4,66.7,true,motriskindex-families-2024-v5
chevrolet-lacetti,15+,140k+,51,31,60.8,47.1,73.0,true,motriskindex-families-2024-v5
chevrolet-matiz,10-14,<40k,260,99,38.1,32.4,44.1,true,motriskindex-families-2024-v5
chevrolet-matiz,10-14,40-70k,407,190,46.7,41.9,51.5,true,motriskindex-families-2024-v5
chevrolet-matiz,10-14,70-100k,158,97,61.4,53.6,68.6,true,motriskindex-families-2024-v5
chevrolet-matiz,15+,<40k,2463,908,36.9,35.0,38.8,false,motriskindex-families-2024-v5
chevrolet-matiz,15+,40-70k,4437,2331,52.5,51.1,54.0,false,motriskindex-families-2024-v5
chevrolet-matiz,15+,70-100k,1960,1172,59.8,57.6,61.9,false,motriskindex-families-2024-v5
chevrolet-matiz,15+,100-140k,348,199,57.2,51.9,62.3,true,motriskindex-families-2024-v5
chevrolet-orlando,10-14,<40k,92,35,38.0,28.8,48.3,true,motriskindex-families-2024-v5
chevrolet-orlando,10-14,40-70k,773,265,34.3,31.0,37.7,false,motriskindex-families-2024-v5
chevrolet-orlando,10-14,70-100k,1522,611,40.1,37.7,42.6,false,motriskindex-families-2024-v5
chevrolet-orlando,10-14,100-140k,1142,523,45.8,42.9,48.7,false,motriskindex-families-2024-v5
chevrolet-orlando,10-14,140k+,298,126,42.3,36.8,48.0,true,motriskindex-families-2024-v5
chevrolet-spark,10-14,<40k,2208,753,34.1,32.2,36.1,false,motriskindex-families-2024-v5
chevrolet-spark,10-14,40-70k,5849,2536,43.4,42.1,44.6,false,motriskindex-families-2024-v5
chevrolet-spark,10-14,70-100k,4957,2372,47.9,46.5,49.2,false,motriskindex-families-2024-v5
chevrolet-spark,10-14,100-140k,1516,789,52.0,49.5,54.6,false,motriskindex-families-2024-v5
chevrolet-spark,10-14,140k+,135,75,55.6,47.1,63.7,true,motriskindex-families-2024-v5
chevrolet-trax,10-14,<40k,103,17,16.5,10.6,24.9,true,motriskindex-families-2024-v5
chevrolet-trax,10-14,40-70k,472,151,32.0,27.9,36.3,true,motriskindex-families-2024-v5
chevrolet-trax,10-14,70-100k,572,221,38.6,34.7,42.7,false,motriskindex-families-2024-v5
chevrolet-trax,10-14,100-140k,283,130,45.9,40.2,51.8,true,motriskindex-families-2024-v5
chrysler-300,10-14,40-70k,99,26,26.3,18.6,35.7,true,motriskindex-families-2024-v5
chrysler-300,10-14,70-100k,146,43,29.5,22.7,37.3,true,motriskindex-families-2024-v5
chrysler-300,10-14,100-140k,113,40,35.4,27.2,44.6,true,motriskindex-families-2024-v5
chrysler-300,10-14,140k+,84,23,27.4,19.0,37.7,true,motriskindex-families-2024-v5
chrysler-300,15+,40-70k,136,32,23.5,17.2,31.3,true,motriskindex-families-2024-v5
chrysler-300,15+,70-100k,268,82,30.6,25.4,36.4,true,motriskindex-families-2024-v5
chrysler-300,15+,100-140k,328,118,36.0,31.0,41.3,true,motriskindex-families-2024-v5
chrysler-300,15+,140k+,249,82,32.9,27.4,39.0,true,motriskindex-families-2024-v5
chrysler-crossfire,15+,<40k,228,33,14.5,10.5,19.6,true,motriskindex-families-2024-v5
chrysler-crossfire,15+,40-70k,605,171,28.3,24.8,32.0,false,motriskindex-families-2024-v5
chrysler-crossfire,15+,70-100k,677,266,39.3,35.7,43.0,false,motriskindex-families-2024-v5
chrysler-crossfire,15+,100-140k,356,159,44.7,39.6,49.9,true,motriskindex-families-2024-v5
chrysler-crossfire,15+,140k+,56,19,33.9,22.9,47.0,true,motriskindex-families-2024-v5
chrysler-grand,10-14,<40k,66,11,16.7,9.6,27.4,true,motriskindex-families-2024-v5
chrysler-grand,10-14,40-70k,291,94,32.3,27.2,37.9,true,motriskindex-families-2024-v5
chrysler-grand,10-14,70-100k,575,219,38.1,34.2,42.1,false,motriskindex-families-2024-v5
chrysler-grand,10-14,100-140k,512,251,49.0,44.7,53.3,false,motriskindex-families-2024-v5
chrysler-grand,10-14,140k+,236,84,35.6,29.8,41.9,true,motriskindex-families-2024-v5
chrysler-grand,15+,40-70k,212,72,34.0,27.9,40.6,true,motriskindex-families-2024-v5
chrysler-grand,15+,70-100k,634,268,42.3,38.5,46.2,false,motriskindex-families-2024-v5
chrysler-grand,15+,100-140k,1151,505,43.9,41.0,46.8,false,motriskindex-families-2024-v5
chrysler-grand,15+,140k+,782,354,45.3,41.8,48.8,false,motriskindex-families-2024-v5
chrysler-jeep-300,10-14,40-70k,71,18,25.4,16.7,36.6,true,motriskindex-families-2024-v5
chrysler-jeep-300,10-14,70-100k,110,44,40.0,31.3,49.3,true,motriskindex-families-2024-v5
chrysler-jeep-300,10-14,100-140k,142,57,40.1,32.4,48.4,true,motriskindex-families-2024-v5
chrysler-jeep-300,10-14,140k+,77,26,33.8,24.2,44.9,true,motriskindex-families-2024-v5
chrysler-jeep-300,15+,<40k,97,16,16.5,10.4,25.1,true,motriskindex-families-2024-v5
chrysler-jeep-300,15+,40-70k,369,109,29.5,25.1,34.4,true,motriskindex-families-2024-v5
chrysler-jeep-300,15+,70-100k,707,256,36.2,32.7,39.8,false,motriskindex-families-2024-v5
chrysler-jeep-300,15+,100-140k,1001,361,36.1,33.1,39.1,false,motriskindex-families-2024-v5
chrysler-jeep-300,15+,140k+,753,303,40.2,36.8,43.8,false,motriskindex-families-2024-v5
chrysler-jeep-cherokee,15+,40-70k,141,55,39.0,31.3,47.2,true,motriskindex-families-2024-v5
chrysler-jeep-cherokee,15+,70-100k,436,179,41.1,36.5,45.7,true,motriskindex-families-2024-v5
chrysler-jeep-cherokee,15+,100-140k,758,296,39.1,35.6,42.6,false,motriskindex-families-2024-v5
chrysler-jeep-cherokee,15+,140k+,369,157,42.5,37.6,47.6,true,motriskindex-families-2024-v5
chrysler-jeep-grand,10-14,70-100k,150,61,40.7,33.1,48.7,true,motriskindex-families-2024-v5
chrysler-jeep-grand,10-14,100-140k,171,62,36.3,29.4,43.7,true,motriskindex-families-2024-v5
chrysler-jeep-grand,10-14,140k+,69,33,47.8,36.5,59.4,true,motriskindex-families-2024-v5
chrysler-jeep-grand,15+,40-70k,153,45,29.4,22.8,37.1,true,motriskindex-families-2024-v5
chrysler-jeep-grand,15+,70-100k,486,173,35.6,31.5,40.0,true,motriskindex-families-2024-v5
chrysler-jeep-grand,15+,100-140k,1078,454,42.1,39.2,45.1,false,motriskindex-families-2024-v5
chrysler-jeep-grand,15+,140k+,658,293,44.5,40.8,48.3,false,motriskindex-families-2024-v5
chrysler-pt,15+,<40k,132,39,29.5,22.4,37.8,true,motriskindex-families-2024-v5
chrysler-pt,15+,40-70k,505,234,46.3,42.0,50.7,false,motriskindex-families-2024-v5
chrysler-pt,15+,70-100k,642,290,45.2,41.4,49.0,false,motriskindex-families-2024-v5
chrysler-pt,15+,100-140k,466,211,45.3,40.8,49.8,true,motriskindex-families-2024-v5
chrysler-pt,15+,140k+,152,79,52.0,44.1,59.8,true,motriskindex-families-2024-v5
chrysler-ypsilon,10-14,<40k,778,209,26.9,23.9,30.1,false,motriskindex-families-2024-v5
chrysler-ypsilon,10-14,40-70k,2063,766,37.1,35.1,39.2,false,motriskindex-families-2024-v5
chrysler-ypsilon,10-14,70-100k,1265,523,41.3,38.7,44.1,false,motriskindex-families-2024-v5
chrysler-ypsilon,10-14,100-140k,310,132,42.6,37.2,48.1,true,motriskindex-families-2024-v5
citroen-2cv,15+,<40k,105,26,24.8,17.5,33.8,true,motriskindex-families-2024-v5
citroen-2cv,15+,40-70k,94,31,33.0,24.3,43.0,true,motriskindex-families-2024-v5
citroen-2cv,15+,70-100k,83,21,25.3,17.2,35.6,true,motriskindex-families-2024-v5
citroen-berlingo,3-5,<40k,16021,3501,21.9,21.2,22.5,false,motriskindex-families-2024-v5
citroen-berlingo,3-5,40-70k,15286,4892,32.0,31.3,32.7,false,motriskindex-families-2024-v5
citroen-berlingo,3-5,70-100k,6792,2297,33.8,32.7,35.0,false,motriskindex-families-2024-v5
citroen-berlingo,3-5,100-140k,2307,766,33.2,31.3,35.2,false,motriskindex-families-2024-v5
citroen-berlingo,3-5,140k+,506,198,39.1,35.0,43.4,false,motriskindex-families-2024-v5
citroen-berlingo,6-9,<40k,7951,1943,24.4,23.5,25.4,false,motriskindex-families-2024-v5
citroen-berlingo,6-9,40-70k,15529,5865,37.8,37.0,38.5,false,motriskindex-families-2024-v5
citroen-berlingo,6-9,70-100k,16127,6997,43.4,42.6,44.2,false,motriskindex-families-2024-v5
citroen-berlingo,6-9,100-140k,12126,5646,46.6,45.7,47.4,false,motriskindex-families-2024-v5
citroen-berlingo,6-9,140k+,5573,2682,48.1,46.8,49.4,false,motriskindex-families-2024-v5
citroen-berlingo,10-14,<40k,2514,700,27.8,26.1,29.6,false,motriskindex-families-2024-v5
citroen-berlingo,10-14,40-70k,7798,3001,38.5,37.4,39.6,false,motriskindex-families-2024-v5
citroen-berlingo,10-14,70-100k,12477,5818,46.6,45.8,47.5,false,motriskindex-families-2024-v5
citroen-berlingo,10-14,100-140k,16032,8110,50.6,49.8,51.4,false,motriskindex-families-2024-v5
citroen-berlingo,10-14,140k+,13262,6937,52.3,51.5,53.2,false,motriskindex-families-2024-v5
citroen-berlingo,15+,<40k,796,226,28.4,25.4,31.6,false,motriskindex-families-2024-v5
citroen-berlingo,15+,40-70k,3949,1577,39.9,38.4,41.5,false,motriskindex-families-2024-v5
citroen-berlingo,15+,70-100k,8483,3897,45.9,44.9,47.0,false,motriskindex-families-2024-v5
citroen-berlingo,15+,100-140k,13598,6996,51.4,50.6,52.3,false,motriskindex-families-2024-v5
citroen-berlingo,15+,140k+,10361,5510,53.2,52.2,54.1,false,motriskindex-families-2024-v5
citroen-c-crosser,10-14,70-100k,110,40,36.4,28.0,45.7,true,motriskindex-families-2024-v5
citroen-c-crosser,10-14,100-140k,223,104,46.6,40.2,53.2,true,motriskindex-families-2024-v5
citroen-c-crosser,10-14,140k+,108,44,40.7,31.9,50.2,true,motriskindex-families-2024-v5
citroen-c-crosser,15+,70-100k,180,62,34.4,27.9,41.6,true,motriskindex-families-2024-v5
citroen-c-crosser,15+,100-140k,539,245,45.5,41.3,49.7,false,motriskindex-families-2024-v5
citroen-c-crosser,15+,140k+,458,221,48.3,43.7,52.8,true,motriskindex-families-2024-v5
citroen-c1,3-5,<40k,12531,1231,9.8,9.3,10.4,false,motriskindex-families-2024-v5
citroen-c1,3-5,40-70k,908,169,18.6,16.2,21.3,false,motriskindex-families-2024-v5
citroen-c1,3-5,70-100k,68,20,29.4,19.9,41.1,true,motriskindex-families-2024-v5
citroen-c1,6-9,<40k,24874,3705,14.9,14.5,15.3,false,motriskindex-families-2024-v5
citroen-c1,6-9,40-70k,21802,5435,24.9,24.4,25.5,false,motriskindex-families-2024-v5
citroen-c1,6-9,70-100k,5033,1706,33.9,32.6,35.2,false,motriskindex-families-2024-v5
citroen-c1,6-9,100-140k,683,282,41.3,37.7,45.0,false,motriskindex-families-2024-v5
citroen-c1,6-9,140k+,63,34,54.0,41.8,65.7,true,motriskindex-families-2024-v5
citroen-c1,10-14,<40k,11104,2253,20.3,19.6,21.0,false,motriskindex-families-2024-v5
citroen-c1,10-14,40-70k,28007,8518,30.4,29.9,31.0,false,motriskindex-families-2024-v5
citroen-c1,10-14,70-100k,20662,8211,39.7,39.1,40.4,false,motriskindex-families-2024-v5
citroen-c1,10-14,100-140k,7446,3478,46.7,45.6,47.8,false,motriskindex-families-2024-v5
citroen-c1,10-14,140k+,937,479,51.1,47.9,54.3,false,motriskindex-families-2024-v5
citroen-c1,15+,<40k,2213,596,26.9,25.1,28.8,false,motriskindex-families-2024-v5
citroen-c1,15+,40-70k,7772,3055,39.3,38.2,40.4,false,motriskindex-families-2024-v5
citroen-c1,15+,70-100k,12853,6134,47.7,46.9,48.6,false,motriskindex-families-2024-v5
citroen-c1,15+,100-140k,9684,5090,52.6,51.6,53.6,false,motriskindex-families-2024-v5
citroen-c1,15+,140k+,1869,1027,54.9,52.7,57.2,false,motriskindex-families-2024-v5
citroen-c15,15+,40-70k,82,30,36.6,27.0,47.4,true,motriskindex-families-2024-v5
citroen-c15,15+,70-100k,124,61,49.2,40.6,57.9,true,motriskindex-families-2024-v5
citroen-c15,15+,100-140k,84,44,52.4,41.8,62.7,true,motriskindex-families-2024-v5
citroen-c2,10-14,40-70k,82,34,41.5,31.4,52.3,true,motriskindex-families-2024-v5
citroen-c2,10-14,70-100k,113,60,53.1,43.9,62.0,true,motriskindex-families-2024-v5
citroen-c2,15+,<40k,823,247,30.0,27.0,33.2,false,motriskindex-families-2024-v5
citroen-c2,15+,40-70k,2829,1218,43.1,41.2,44.9,false,motriskindex-families-2024-v5
citroen-c2,15+,70-100k,3879,1931,49.8,48.2,51.4,false,motriskindex-families-2024-v5
citroen-c2,15+,100-140k,2533,1347,53.2,51.2,55.1,false,motriskindex-families-2024-v5
citroen-c2,15+,140k+,478,240,50.2,45.7,54.7,true,motriskindex-families-2024-v5
citroen-c3,3-5,<40k,23796,2370,10.0,9.6,10.3,false,motriskindex-families-2024-v5
citroen-c3,3-5,40-70k,5522,1152,20.9,19.8,22.0,false,motriskindex-families-2024-v5
citroen-c3,3-5,70-100k,539,173,32.1,28.3,36.2,false,motriskindex-families-2024-v5
citroen-c3,3-5,100-140k,65,26,40.0,29.0,52.1,true,motriskindex-families-2024-v5
citroen-c3,6-9,<40k,21783,3865,17.7,17.2,18.3,false,motriskindex-families-2024-v5
citroen-c3,6-9,40-70k,23356,6864,29.4,28.8,30.0,false,motriskindex-families-2024-v5
citroen-c3,6-9,70-100k,6151,2543,41.3,40.1,42.6,false,motriskindex-families-2024-v5
citroen-c3,6-9,100-140k,1241,559,45.0,42.3,47.8,false,motriskindex-families-2024-v5
citroen-c3,6-9,140k+,140,70,50.0,41.8,58.2,true,motriskindex-families-2024-v5
citroen-c3,10-14,<40k,8602,2186,25.4,24.5,26.3,false,motriskindex-families-2024-v5
citroen-c3,10-14,40-70k,25139,9769,38.9,38.3,39.5,false,motriskindex-families-2024-v5
citroen-c3,10-14,70-100k,24946,12179,48.8,48.2,49.4,false,motriskindex-families-2024-v5
citroen-c3,10-14,100-140k,14427,7677,53.2,52.4,54.0,false,motriskindex-families-2024-v5
citroen-c3,10-14,140k+,3064,1659,54.1,52.4,55.9,false,motriskindex-families-2024-v5
citroen-c3,15+,<40k,2706,829,30.6,28.9,32.4,false,motriskindex-families-2024-v5
citroen-c3,15+,40-70k,10169,4482,44.1,43.1,45.0,false,motriskindex-families-2024-v5
citroen-c3,15+,70-100k,12310,6443,52.3,51.5,53.2,false,motriskindex-families-2024-v5
citroen-c3,15+,100-140k,8011,4462,55.7,54.6,56.8,false,motriskindex-families-2024-v5
citroen-c3,15+,140k+,1912,1093,57.2,54.9,59.4,false,motriskindex-families-2024-v5
citroen-c3-aircross,3-5,<40k,15238,1686,11.1,10.6,11.6,false,motriskindex-families-2024-v5
citroen-c3-aircross,3-5,40-70k,3473,638,18.4,17.1,19.7,false,motriskindex-families-2024-v5
citroen-c3-aircross,3-5,70-100k,185,45,24.3,18.7,31.0,true,motriskindex-families-2024-v5
citroen-c3-aircross,6-9,<40k,5987,957,16.0,15.1,16.9,false,motriskindex-families-2024-v5
citroen-c3-aircross,6-9,40-70k,4035,967,24.0,22.7,25.3,false,motriskindex-families-2024-v5
citroen-c3-aircross,6-9,70-100k,437,138,31.6,27.4,36.1,true,motriskindex-families-2024-v5
citroen-c3-picasso,6-9,<40k,2548,612,24.0,22.4,25.7,false,motriskindex-families-2024-v5
citroen-c3-picasso,6-9,40-70k,2353,771,32.8,30.9,34.7,false,motriskindex-families-2024-v5
citroen-c3-picasso,6-9,70-100k,515,183,35.5,31.5,39.8,false,motriskindex-families-2024-v5
citroen-c3-picasso,6-9,100-140k,85,37,43.5,33.5,54.1,true,motriskindex-families-2024-v5
citroen-c3-picasso,10-14,<40k,103,27,26.2,18.7,35.5,true,motriskindex-families-2024-v5
citroen-c3-picasso,10-14,40-70k,279,88,31.5,26.4,37.2,true,motriskindex-families-2024-v5
citroen-c3-picasso,10-14,70-100k,228,102,44.7,38.4,51.2,true,motriskindex-families-2024-v5
citroen-c3-picasso,10-14,100-140k,120,65,54.2,45.3,62.8,true,motriskindex-families-2024-v5
citroen-c4,3-5,<40k,6279,1082,17.2,16.3,18.2,false,motriskindex-families-2024-v5
citroen-c4,3-5,40-70k,2504,673,26.9,25.2,28.6,false,motriskindex-families-2024-v5
citroen-c4,3-5,70-100k,226,70,31.0,25.3,37.3,true,motriskindex-families-2024-v5
citroen-c4,6-9,<40k,5736,1262,22.0,20.9,23.1,false,motriskindex-families-2024-v5
citroen-c4,6-9,40-70k,19712,6490,32.9,32.3,33.6,false,motriskindex-families-2024-v5
citroen-c4,6-9,70-100k,16025,6550,40.9,40.1,41.6,false,motriskindex-families-2024-v5
citroen-c4,6-9,100-140k,5760,2495,43.3,42.0,44.6,false,motriskindex-families-2024-v5
citroen-c4,6-9,140k+,1454,490,33.7,31.3,36.2,false,motriskindex-families-2024-v5
citroen-c4,10-14,<40k,2046,525,25.7,23.8,27.6,false,motriskindex-families-2024-v5
citroen-c4,10-14,40-70k,11978,4557,38.0,37.2,38.9,false,motriskindex-families-2024-v5
citroen-c4,10-14,70-100k,20714,9465,45.7,45.0,46.4,false,motriskindex-families-2024-v5
citroen-c4,10-14,100-140k,15541,7708,49.6,48.8,50.4,false,motriskindex-families-2024-v5
citroen-c4,10-14,140k+,3758,1842,49.0,47.4,50.6,false,motriskindex-families-2024-v5
citroen-c4,15+,<40k,465,147,31.6,27.6,36.0,true,motriskindex-families-2024-v5
citroen-c4,15+,40-70k,2785,1220,43.8,42.0,45.7,false,motriskindex-families-2024-v5
citroen-c4,15+,70-100k,6499,3357,51.7,50.4,52.9,false,motriskindex-families-2024-v5
citroen-c4,15+,100-140k,7836,4293,54.8,53.7,55.9,false,motriskindex-families-2024-v5
citroen-c4,15+,140k+,2697,1469,54.5,52.6,56.3,false,motriskindex-families-2024-v5
citroen-c4-cactus,3-5,<40k,4383,686,15.7,14.6,16.8,false,motriskindex-families-2024-v5
citroen-c4-cactus,3-5,40-70k,1658,474,28.6,26.5,30.8,false,motriskindex-families-2024-v5
citroen-c4-cactus,3-5,70-100k,125,38,30.4,23.0,38.9,true,motriskindex-families-2024-v5
citroen-c4-cactus,6-9,<40k,4918,1045,21.2,20.1,22.4,false,motriskindex-families-2024-v5
citroen-c4-cactus,6-9,40-70k,7411,2350,31.7,30.7,32.8,false,motriskindex-families-2024-v5
citroen-c4-cactus,6-9,70-100k,2290,933,40.7,38.7,42.8,false,motriskindex-families-2024-v5
citroen-c4-cactus,6-9,100-140k,423,188,44.4,39.8,49.2,true,motriskindex-families-2024-v5
citroen-c4-grand-picasso,3-5,<40k,2308,312,13.5,12.2,15.0,false,motriskindex-families-2024-v5
citroen-c4-grand-picasso,3-5,40-70k,703,143,20.3,17.5,23.5,false,motriskindex-families-2024-v5
citroen-c4-grand-picasso,3-5,70-100k,79,20,25.3,17.0,35.9,true,motriskindex-families-2024-v5
citroen-c4-grand-picasso,6-9,<40k,2060,463,22.5,20.7,24.3,false,motriskindex-families-2024-v5
citroen-c4-grand-picasso,6-9,40-70k,7334,2300,31.4,30.3,32.4,false,motriskindex-families-2024-v5
citroen-c4-grand-picasso,6-9,70-100k,3455,1334,38.6,37.0,40.2,false,motriskindex-families-2024-v5
citroen-c4-grand-picasso,6-9,100-140k,888,316,35.6,32.5,38.8,false,motriskindex-families-2024-v5
citroen-c4-grand-picasso,6-9,140k+,302,96,31.8,26.8,37.2,true,motriskindex-families-2024-v5
citroen-c4-grand-picasso,10-14,40-70k,64,23,35.9,25.3,48.2,true,motriskindex-families-2024-v5
citroen-c4-grand-picasso,10-14,70-100k,118,59,50.0,41.1,58.9,true,motriskindex-families-2024-v5
citroen-c4-grand-picasso,10-14,100-140k,80,48,60.0,49.0,70.0,true,motriskindex-families-2024-v5
citroen-c4-picasso,6-9,<40k,1878,318,16.9,15.3,18.7,false,motriskindex-families-2024-v5
citroen-c4-picasso,6-9,40-70k,3038,760,25.0,23.5,26.6,false,motriskindex-families-2024-v5
citroen-c4-picasso,6-9,70-100k,982,349,35.5,32.6,38.6,false,motriskindex-families-2024-v5
citroen-c4-picasso,6-9,100-140k,172,59,34.3,27.6,41.7,true,motriskindex-families-2024-v5
citroen-c4-picasso,10-14,40-70k,139,56,40.3,32.5,48.6,true,motriskindex-families-2024-v5
citroen-c4-picasso,10-14,70-100k,229,103,45.0,38.7,51.5,true,motriskindex-families-2024-v5
citroen-c4-picasso,10-14,100-140k,88,39,44.3,34.4,54.7,true,motriskindex-families-2024-v5
citroen-c5,3-5,<40k,8844,1249,14.1,13.4,14.9,false,motriskindex-families-2024-v5
citroen-c5,3-5,40-70k,3279,719,21.9,20.5,23.4,false,motriskindex-families-2024-v5
citroen-c5,3-5,70-100k,286,68,23.8,19.2,29.0,true,motriskindex-families-2024-v5
citroen-c5,6-9,<40k,65,15,23.1,14.5,34.6,true,motriskindex-families-2024-v5
citroen-c5,6-9,40-70k,108,33,30.6,22.7,39.8,true,motriskindex-families-2024-v5
citroen-c5,6-9,70-100k,83,25,30.1,21.3,40.7,true,motriskindex-families-2024-v5
citroen-c5,10-14,<40k,79,16,20.3,12.9,30.4,true,motriskindex-families-2024-v5
citroen-c5,10-14,40-70k,383,106,27.7,23.4,32.4,true,motriskindex-families-2024-v5
citroen-c5,10-14,70-100k,705,255,36.2,32.7,39.8,false,motriskindex-families-2024-v5
citroen-c5,10-14,100-140k,965,434,45.0,41.9,48.1,false,motriskindex-families-2024-v5
citroen-c5,10-14,140k+,567,253,44.6,40.6,48.7,false,motriskindex-families-2024-v5
citroen-c5,15+,<40k,86,18,20.9,13.7,30.7,true,motriskindex-families-2024-v5
citroen-c5,15+,40-70k,478,172,36.0,31.8,40.4,true,motriskindex-families-2024-v5
citroen-c5,15+,70-100k,1109,474,42.7,39.9,45.7,false,motriskindex-families-2024-v5
citroen-c5,15+,100-140k,1873,886,47.3,45.1,49.6,false,motriskindex-families-2024-v5
citroen-c5,15+,140k+,1432,663,46.3,43.7,48.9,false,motriskindex-families-2024-v5
citroen-c5-aircross,3-5,<40k,2669,297,11.1,10.0,12.4,false,motriskindex-families-2024-v5
citroen-c5-aircross,3-5,40-70k,461,75,16.3,13.2,19.9,true,motriskindex-families-2024-v5
citroen-dispatch,3-5,<40k,2844,709,24.9,23.4,26.6,false,motriskindex-families-2024-v5
citroen-dispatch,3-5,40-70k,4291,1282,29.9,28.5,31.3,false,motriskindex-families-2024-v5
citroen-dispatch,3-5,70-100k,2244,739,32.9,31.0,34.9,false,motriskindex-families-2024-v5
citroen-dispatch,3-5,100-140k,920,269,29.2,26.4,32.3,false,motriskindex-families-2024-v5
citroen-dispatch,3-5,140k+,174,75,43.1,36.0,50.5,true,motriskindex-families-2024-v5
citroen-dispatch,6-9,<40k,1276,240,18.8,16.8,21.0,false,motriskindex-families-2024-v5
citroen-dispatch,6-9,40-70k,4172,1266,30.3,29.0,31.8,false,motriskindex-families-2024-v5
citroen-dispatch,6-9,70-100k,5070,2015,39.7,38.4,41.1,false,motriskindex-families-2024-v5
citroen-dispatch,6-9,100-140k,4206,1878,44.7,43.2,46.2,false,motriskindex-families-2024-v5
citroen-dispatch,6-9,140k+,1835,880,48.0,45.7,50.2,false,motriskindex-families-2024-v5
citroen-dispatch,10-14,<40k,300,80,26.7,22.0,31.9,true,motriskindex-families-2024-v5
citroen-dispatch,10-14,40-70k,1219,507,41.6,38.9,44.4,false,motriskindex-families-2024-v5
citroen-dispatch,10-14,70-100k,2539,1228,48.4,46.4,50.3,false,motriskindex-families-2024-v5
citroen-dispatch,10-14,100-140k,3723,1900,51.0,49.4,52.6,false,motriskindex-families-2024-v5
citroen-dispatch,10-14,140k+,3821,2002,52.4,50.8,54.0,false,motriskindex-families-2024-v5
citroen-dispatch,15+,<40k,108,34,31.5,23.5,40.7,true,motriskindex-families-2024-v5
citroen-dispatch,15+,40-70k,406,158,38.9,34.3,43.7,true,motriskindex-families-2024-v5
citroen-dispatch,15+,70-100k,1039,470,45.2,42.2,48.3,false,motriskindex-families-2024-v5
citroen-dispatch,15+,100-140k,2185,1087,49.7,47.7,51.8,false,motriskindex-families-2024-v5
citroen-dispatch,15+,140k+,3192,1641,51.4,49.7,53.1,false,motriskindex-families-2024-v5
citroen-ds4,6-9,<40k,98,24,24.5,17.0,33.9,true,motriskindex-families-2024-v5
citroen-ds4,6-9,40-70k,468,168,35.9,31.7,40.3,true,motriskindex-families-2024-v5
citroen-ds4,6-9,70-100k,402,164,40.8,36.1,45.7,true,motriskindex-families-2024-v5
citroen-ds4,6-9,100-140k,142,59,41.5,33.8,49.8,true,motriskindex-families-2024-v5
citroen-ds4,10-14,<40k,177,47,26.6,20.6,33.5,true,motriskindex-families-2024-v5
citroen-ds4,10-14,40-70k,1707,681,39.9,37.6,42.2,false,motriskindex-families-2024-v5
citroen-ds4,10-14,70-100k,3781,1750,46.3,44.7,47.9,false,motriskindex-families-2024-v5
citroen-ds4,10-14,100-140k,2872,1389,48.4,46.5,50.2,false,motriskindex-families-2024-v5
citroen-ds4,10-14,140k+,528,273,51.7,47.4,55.9,false,motriskindex-families-2024-v5
citroen-ds5,6-9,40-70k,162,49,30.2,23.7,37.7,true,motriskindex-families-2024-v5
citroen-ds5,6-9,70-100k,135,60,44.4,36.3,52.9,true,motriskindex-families-2024-v5
citroen-ds5,6-9,100-140k,52,23,44.2,31.6,57.7,true,motriskindex-families-2024-v5
citroen-ds5,10-14,<40k,84,16,19.0,12.1,28.7,true,motriskindex-families-2024-v5
citroen-ds5,10-14,40-70k,583,192,32.9,29.2,36.8,false,motriskindex-families-2024-v5
citroen-ds5,10-14,70-100k,1413,552,39.1,36.6,41.6,false,motriskindex-families-2024-v5
citroen-ds5,10-14,100-140k,1358,597,44.0,41.3,46.6,false,motriskindex-families-2024-v5
citroen-ds5,10-14,140k+,381,163,42.8,37.9,47.8,true,motriskindex-families-2024-v5
citroen-e-c4,3-5,<40k,1157,193,16.7,14.6,18.9,false,motriskindex-families-2024-v5
citroen-e-c4,3-5,40-70k,133,32,24.1,17.6,32.0,true,motriskindex-families-2024-v5
citroen-grand,10-14,40-70k,336,129,38.4,33.4,43.7,true,motriskindex-families-2024-v5
citroen-grand,10-14,70-100k,1110,547,49.3,46.3,52.2,false,motriskindex-families-2024-v5
citroen-grand,10-14,100-140k,1304,738,56.6,53.9,59.3,false,motriskindex-families-2024-v5
citroen-grand,10-14,140k+,368,199,54.1,49.0,59.1,true,motriskindex-families-2024-v5
citroen-grand,15+,40-70k,118,60,50.8,41.9,59.7,true,motriskindex-families-2024-v5
citroen-grand,15+,70-100k,435,221,50.8,46.1,55.5,true,motriskindex-families-2024-v5
citroen-grand,15+,100-140k,607,339,55.8,51.9,59.7,false,motriskindex-families-2024-v5
citroen-grand,15+,140k+,186,110,59.1,52.0,66.0,true,motriskindex-families-2024-v5
citroen-nemo,6-9,<40k,330,81,24.5,20.2,29.5,true,motriskindex-families-2024-v5
citroen-nemo,6-9,40-70k,846,285,33.7,30.6,36.9,false,motriskindex-families-2024-v5
citroen-nemo,6-9,70-100k,920,401,43.6,40.4,46.8,false,motriskindex-families-2024-v5
citroen-nemo,6-9,100-140k,819,337,41.1,37.8,44.6,false,motriskindex-families-2024-v5
citroen-nemo,6-9,140k+,408,165,40.4,35.8,45.3,true,motriskindex-families-2024-v5
citroen-nemo,10-14,<40k,313,92,29.4,24.6,34.7,true,motriskindex-families-2024-v5
citroen-nemo,10-14,40-70k,1318,491,37.3,34.7,39.9,false,motriskindex-families-2024-v5
citroen-nemo,10-14,70-100k,2269,938,41.3,39.3,43.4,false,motriskindex-families-2024-v5
citroen-nemo,10-14,100-140k,2379,1069,44.9,42.9,46.9,false,motriskindex-families-2024-v5
citroen-nemo,10-14,140k+,1374,654,47.6,45.0,50.2,false,motriskindex-families-2024-v5
citroen-nemo,15+,<40k,99,29,29.3,21.2,38.9,true,motriskindex-families-2024-v5
citroen-nemo,15+,40-70k,378,152,40.2,35.4,45.2,true,motriskindex-families-2024-v5
citroen-nemo,15+,70-100k,566,237,41.9,37.9,46.0,false,motriskindex-families-2024-v5
citroen-nemo,15+,100-140k,757,357,47.2,43.6,50.7,false,motriskindex-families-2024-v5
citroen-nemo,15+,140k+,664,338,50.9,47.1,54.7,false,motriskindex-families-2024-v5
citroen-relay,3-5,<40k,819,129,15.8,13.4,18.4,false,motriskindex-families-2024-v5
citroen-relay,3-5,40-70k,257,72,28.0,22.9,33.8,true,motriskindex-families-2024-v5
citroen-relay,3-5,70-100k,110,32,29.1,21.4,38.2,true,motriskindex-families-2024-v5
citroen-relay,3-5,100-140k,63,16,25.4,16.3,37.3,true,motriskindex-families-2024-v5
citroen-relay,6-9,<40k,782,125,16.0,13.6,18.7,false,motriskindex-families-2024-v5
citroen-relay,6-9,40-70k,897,238,26.5,23.7,29.5,false,motriskindex-families-2024-v5
citroen-relay,6-9,70-100k,954,311,32.6,29.7,35.6,false,motriskindex-families-2024-v5
citroen-relay,6-9,100-140k,782,266,34.0,30.8,37.4,false,motriskindex-families-2024-v5
citroen-relay,6-9,140k+,505,173,34.3,30.3,38.5,false,motriskindex-families-2024-v5
citroen-relay,10-14,<40k,269,38,14.1,10.5,18.8,true,motriskindex-families-2024-v5
citroen-relay,10-14,40-70k,567,162,28.6,25.0,32.4,false,motriskindex-families-2024-v5
citroen-relay,10-14,70-100k,781,297,38.0,34.7,41.5,false,motriskindex-families-2024-v5
citroen-relay,10-14,100-140k,974,411,42.2,39.1,45.3,false,motriskindex-families-2024-v5
citroen-relay,10-14,140k+,915,398,43.5,40.3,46.7,false,motriskindex-families-2024-v5
citroen-relay,15+,<40k,192,68,35.4,29.0,42.4,true,motriskindex-families-2024-v5
citroen-relay,15+,40-70k,601,221,36.8,33.0,40.7,false,motriskindex-families-2024-v5
citroen-relay,15+,70-100k,925,406,43.9,40.7,47.1,false,motriskindex-families-2024-v5
citroen-relay,15+,100-140k,1253,622,49.6,46.9,52.4,false,motriskindex-families-2024-v5
citroen-relay,15+,140k+,1168,576,49.3,46.5,52.2,false,motriskindex-families-2024-v5
citroen-saxo,15+,<40k,443,170,38.4,34.0,43.0,true,motriskindex-families-2024-v5
citroen-saxo,15+,40-70k,1137,481,42.3,39.5,45.2,false,motriskindex-families-2024-v5
citroen-saxo,15+,70-100k,991,493,49.7,46.6,52.9,false,motriskindex-families-2024-v5
citroen-saxo,15+,100-140k,545,257,47.2,43.0,51.4,false,motriskindex-families-2024-v5
citroen-saxo,15+,140k+,132,67,50.8,42.3,59.1,true,motriskindex-families-2024-v5
citroen-spacetourer,3-5,<40k,850,179,21.1,18.5,23.9,false,motriskindex-families-2024-v5
citroen-spacetourer,3-5,40-70k,549,135,24.6,21.2,28.4,false,motriskindex-families-2024-v5
citroen-spacetourer,3-5,70-100k,82,28,34.1,24.8,44.9,true,motriskindex-families-2024-v5
citroen-spacetourer,6-9,<40k,262,40,15.3,11.4,20.1,true,motriskindex-families-2024-v5
citroen-spacetourer,6-9,40-70k,719,147,20.4,17.7,23.5,false,motriskindex-families-2024-v5
citroen-spacetourer,6-9,70-100k,307,94,30.6,25.7,36.0,true,motriskindex-families-2024-v5
citroen-spacetourer,6-9,100-140k,101,25,24.8,17.4,34.0,true,motriskindex-families-2024-v5
citroen-xsara,10-14,40-70k,286,122,42.7,37.1,48.4,true,motriskindex-families-2024-v5
citroen-xsara,10-14,70-100k,428,183,42.8,38.2,47.5,true,motriskindex-families-2024-v5
citroen-xsara,10-14,100-140k,338,168,49.7,44.4,55.0,true,motriskindex-families-2024-v5
citroen-xsara,10-14,140k+,92,61,66.3,56.2,75.1,true,motriskindex-families-2024-v5
citroen-xsara,15+,<40k,666,193,29.0,25.7,32.5,false,motriskindex-families-2024-v5
citroen-xsara,15+,40-70k,3685,1485,40.3,38.7,41.9,false,motriskindex-families-2024-v5
citroen-xsara,15+,70-100k,7709,3798,49.3,48.2,50.4,false,motriskindex-families-2024-v5
citroen-xsara,15+,100-140k,8572,4607,53.7,52.7,54.8,false,motriskindex-families-2024-v5
citroen-xsara,15+,140k+,3936,2221,56.4,54.9,58.0,false,motriskindex-families-2024-v5
cupra-formentor,3-5,<40k,5674,564,9.9,9.2,10.7,false,motriskindex-families-2024-v5
cupra-formentor,3-5,40-70k,814,109,13.4,11.2,15.9,false,motriskindex-families-2024-v5
cupra-formentor,3-5,70-100k,73,14,19.2,11.8,29.7,true,motriskindex-families-2024-v5
dacia-duster,3-5,<40k,23810,4179,17.6,17.1,18.0,false,motriskindex-families-2024-v5
dacia-duster,3-5,40-70k,7397,2277,30.8,29.7,31.8,false,motriskindex-families-2024-v5
dacia-duster,3-5,70-100k,703,260,37.0,33.5,40.6,false,motriskindex-families-2024-v5
dacia-duster,3-5,100-140k,93,53,57.0,46.8,66.6,true,motriskindex-families-2024-v5
dacia-duster,6-9,<40k,7771,1396,18.0,17.1,18.8,false,motriskindex-families-2024-v5
dacia-duster,6-9,40-70k,12226,3671,30.0,29.2,30.8,false,motriskindex-families-2024-v5
dacia-duster,6-9,70-100k,5865,2292,39.1,37.8,40.3,false,motriskindex-families-2024-v5
dacia-duster,6-9,100-140k,1739,806,46.3,44.0,48.7,false,motriskindex-families-2024-v5
dacia-duster,6-9,140k+,280,130,46.4,40.7,52.3,true,motriskindex-families-2024-v5
dacia-duster,10-14,<40k,821,180,21.9,19.2,24.9,false,motriskindex-families-2024-v5
dacia-duster,10-14,40-70k,3391,1157,34.1,32.5,35.7,false,motriskindex-families-2024-v5
dacia-duster,10-14,70-100k,4488,1940,43.2,41.8,44.7,false,motriskindex-families-2024-v5
dacia-duster,10-14,100-140k,2680,1332,49.7,47.8,51.6,false,motriskindex-families-2024-v5
dacia-duster,10-14,140k+,524,291,55.5,51.3,59.7,false,motriskindex-families-2024-v5
dacia-logan,3-5,<40k,1871,361,19.3,17.6,21.1,false,motriskindex-families-2024-v5
dacia-logan,3-5,40-70k,930,269,28.9,26.1,31.9,false,motriskindex-families-2024-v5
dacia-logan,3-5,70-100k,245,73,29.8,24.4,35.8,true,motriskindex-families-2024-v5
dacia-logan,3-5,100-140k,118,49,41.5,33.0,50.5,true,motriskindex-families-2024-v5
dacia-logan,3-5,140k+,70,28,40.0,29.3,51.7,true,motriskindex-families-2024-v5
dacia-logan,6-9,<40k,2039,374,18.3,16.7,20.1,false,motriskindex-families-2024-v5
dacia-logan,6-9,40-70k,3431,967,28.2,26.7,29.7,false,motriskindex-families-2024-v5
dacia-logan,6-9,70-100k,2354,875,37.2,35.2,39.1,false,motriskindex-families-2024-v5
dacia-logan,6-9,100-140k,1218,460,37.8,35.1,40.5,false,motriskindex-families-2024-v5
dacia-logan,6-9,140k+,881,338,38.4,35.2,41.6,false,motriskindex-families-2024-v5
dacia-logan,10-14,<40k,184,42,22.8,17.4,29.4,true,motriskindex-families-2024-v5
dacia-logan,10-14,40-70k,639,196,30.7,27.2,34.4,false,motriskindex-families-2024-v5
dacia-logan,10-14,70-100k,747,302,40.4,37.0,44.0,false,motriskindex-families-2024-v5
dacia-logan,10-14,100-140k,558,245,43.9,39.8,48.1,false,motriskindex-families-2024-v5
dacia-logan,10-14,140k+,338,134,39.6,34.6,44.9,true,motriskindex-families-2024-v5
dacia-sandero,3-5,<40k,25153,4193,16.7,16.2,17.1,false,motriskindex-families-2024-v5
dacia-sandero,3-5,40-70k,4062,1138,28.0,26.7,29.4,false,motriskindex-families-2024-v5
dacia-sandero,3-5,70-100k,388,137,35.3,30.7,40.2,true,motriskindex-families-2024-v5
dacia-sandero,3-5,100-140k,70,30,42.9,31.9,54.5,true,motriskindex-families-2024-v5
dacia-sandero,6-9,<40k,21110,4772,22.6,22.0,23.2,false,motriskindex-families-2024-v5
dacia-sandero,6-9,40-70k,24085,8720,36.2,35.6,36.8,false,motriskindex-families-2024-v5
dacia-sandero,6-9,70-100k,8902,4128,46.4,45.3,47.4,false,motriskindex-families-2024-v5
dacia-sandero,6-9,100-140k,2198,1079,49.1,47.0,51.2,false,motriskindex-families-2024-v5
dacia-sandero,6-9,140k+,308,169,54.9,49.3,60.3,true,motriskindex-families-2024-v5
dacia-sandero,10-14,<40k,2658,736,27.7,26.0,29.4,false,motriskindex-families-2024-v5
dacia-sandero,10-14,40-70k,7490,3093,41.3,40.2,42.4,false,motriskindex-families-2024-v5
dacia-sandero,10-14,70-100k,6548,3123,47.7,46.5,48.9,false,motriskindex-families-2024-v5
dacia-sandero,10-14,100-140k,2641,1298,49.1,47.2,51.1,false,motriskindex-families-2024-v5
dacia-sandero,10-14,140k+,473,250,52.9,48.4,57.3,true,motriskindex-families-2024-v5
daihatsu-charade,15+,<40k,250,71,28.4,23.2,34.3,true,motriskindex-families-2024-v5
daihatsu-charade,15+,40-70k,504,212,42.1,37.8,46.4,false,motriskindex-families-2024-v5
daihatsu-charade,15+,70-100k,307,145,47.2,41.7,52.8,true,motriskindex-families-2024-v5
daihatsu-charade,15+,100-140k,90,45,50.0,39.9,60.1,true,motriskindex-families-2024-v5
daihatsu-copen,15+,<40k,310,48,15.5,11.9,19.9,true,motriskindex-families-2024-v5
daihatsu-copen,15+,40-70k,562,177,31.5,27.8,35.4,false,motriskindex-families-2024-v5
daihatsu-copen,15+,70-100k,295,114,38.6,33.3,44.3,true,motriskindex-families-2024-v5
daihatsu-copen,15+,100-140k,82,44,53.7,42.9,64.0,true,motriskindex-families-2024-v5
daihatsu-fourtrak,15+,100-140k,102,40,39.2,30.3,48.9,true,motriskindex-families-2024-v5
daihatsu-fourtrak,15+,140k+,78,32,41.0,30.8,52.1,true,motriskindex-families-2024-v5
daihatsu-sirion,15+,<40k,866,205,23.7,21.0,26.6,false,motriskindex-families-2024-v5
daihatsu-sirion,15+,40-70k,2184,783,35.9,33.9,37.9,false,motriskindex-families-2024-v5
daihatsu-sirion,15+,70-100k,1912,876,45.8,43.6,48.1,false,motriskindex-families-2024-v5
daihatsu-sirion,15+,100-140k,857,423,49.4,46.0,52.7,false,motriskindex-families-2024-v5
daihatsu-sirion,15+,140k+,148,75,50.7,42.7,58.6,true,motriskindex-families-2024-v5
daihatsu-terios,15+,<40k,217,46,21.2,16.3,27.1,true,motriskindex-families-2024-v5
daihatsu-terios,15+,40-70k,934,304,32.5,29.6,35.6,false,motriskindex-families-2024-v5
daihatsu-terios,15+,70-100k,1376,587,42.7,40.1,45.3,false,motriskindex-families-2024-v5
daihatsu-terios,15+,100-140k,1107,496,44.8,41.9,47.7,false,motriskindex-families-2024-v5
daihatsu-terios,15+,140k+,282,146,51.8,46.0,57.5,true,motriskindex-families-2024-v5
dodge-nitro,15+,40-70k,114,38,33.3,25.3,42.4,true,motriskindex-families-2024-v5
dodge-nitro,15+,70-100k,347,168,48.4,43.2,53.7,true,motriskindex-families-2024-v5
dodge-nitro,15+,100-140k,470,204,43.4,39.0,47.9,true,motriskindex-families-2024-v5
dodge-nitro,15+,140k+,138,73,52.9,44.6,61.0,true,motriskindex-families-2024-v5
dodge-ram,15+,<40k,50,8,16.0,8.3,28.5,true,motriskindex-families-2024-v5
dodge-ram,15+,40-70k,92,18,19.6,12.7,28.8,true,motriskindex-families-2024-v5
dodge-ram,15+,70-100k,138,23,16.7,11.4,23.8,true,motriskindex-families-2024-v5
dodge-ram,15+,100-140k,151,24,15.9,10.9,22.6,true,motriskindex-families-2024-v5
dodge-ram,15+,140k+,143,32,22.4,16.3,29.9,true,motriskindex-families-2024-v5
ds-ds,3-5,<40k,1120,168,15.0,13.0,17.2,false,motriskindex-families-2024-v5
ds-ds,3-5,40-70k,102,24,23.5,16.4,32.6,true,motriskindex-families-2024-v5
ds-ds4,6-9,<40k,804,192,23.9,21.1,26.9,false,motriskindex-families-2024-v5
ds-ds4,6-9,40-70k,2311,743,32.2,30.3,34.1,false,motriskindex-families-2024-v5
ds-ds4,6-9,70-100k,1072,418,39.0,36.1,41.9,false,motriskindex-families-2024-v5
ds-ds4,6-9,100-140k,253,115,45.5,39.4,51.6,true,motriskindex-families-2024-v5
ds-ds5,6-9,<40k,218,38,17.4,13.0,23.0,true,motriskindex-families-2024-v5
ds-ds5,6-9,40-70k,596,132,22.1,19.0,25.7,false,motriskindex-families-2024-v5
ds-ds5,6-9,70-100k,400,120,30.0,25.7,34.7,true,motriskindex-families-2024-v5
ds-ds5,6-9,100-140k,133,46,34.6,27.0,43.0,true,motriskindex-families-2024-v5
ds-ds7,3-5,<40k,1516,217,14.3,12.6,16.2,false,motriskindex-families-2024-v5
ds-ds7,3-5,40-70k,948,165,17.4,15.1,19.9,false,motriskindex-families-2024-v5
ds-ds7,3-5,70-100k,103,22,21.4,14.5,30.2,true,motriskindex-families-2024-v5
ds-ds7,6-9,<40k,277,54,19.5,15.3,24.6,true,motriskindex-families-2024-v5
ds-ds7,6-9,40-70k,577,134,23.2,20.0,26.8,false,motriskindex-families-2024-v5
ds-ds7,6-9,70-100k,92,23,25.0,17.3,34.7,true,motriskindex-families-2024-v5
ds3,3-5,<40k,3407,591,17.3,16.1,18.7,false,motriskindex-families-2024-v5
ds3,3-5,40-70k,983,197,20.0,17.7,22.7,false,motriskindex-families-2024-v5
ds3,6-9,<40k,10124,2569,25.4,24.5,26.2,false,motriskindex-families-2024-v5
ds3,6-9,40-70k,18322,6924,37.8,37.1,38.5,false,motriskindex-families-2024-v5
ds3,6-9,70-100k,7164,3310,46.2,45.1,47.4,false,motriskindex-families-2024-v5
ds3,6-9,100-140k,1740,810,46.6,44.2,48.9,false,motriskindex-families-2024-v5
ds3,6-9,140k+,175,84,48.0,40.7,55.4,true,motriskindex-families-2024-v5
ds3,10-14,<40k,3843,1157,30.1,28.7,31.6,false,motriskindex-families-2024-v5
ds3,10-14,40-70k,19538,8580,43.9,43.2,44.6,false,motriskindex-families-2024-v5
ds3,10-14,70-100k,24276,12499,51.5,50.9,52.1,false,motriskindex-families-2024-v5
ds3,10-14,100-140k,13118,7152,54.5,53.7,55.4,false,motriskindex-families-2024-v5
ds3,10-14,140k+,2396,1308,54.6,52.6,56.6,false,motriskindex-families-2024-v5
ferrari-360,15+,<40k,695,36,5.2,3.8,7.1,false,motriskindex-families-2024-v5
ferrari-360,15+,40-70k,251,16,6.4,4.0,10.1,true,motriskindex-families-2024-v5
ferrari-california,10-14,<40k,605,35,5.8,4.2,7.9,false,motriskindex-families-2024-v5
ferrari-california,10-14,40-70k,95,9,9.5,5.1,17.0,true,motriskindex-families-2024-v5
ferrari-f430,15+,<40k,1004,46,4.6,3.5,6.1,false,motriskindex-families-2024-v5
ferrari-f430,15+,40-70k,110,15,13.6,8.4,21.3,true,motriskindex-families-2024-v5
fiat-124,6-9,<40k,2169,274,12.6,11.3,14.1,false,motriskindex-families-2024-v5
fiat-124,6-9,40-70k,555,126,22.7,19.4,26.4,false,motriskindex-families-2024-v5
fiat-124,6-9,70-100k,65,21,32.3,22.2,44.4,true,motriskindex-families-2024-v5
fiat-500,3-5,<40k,19934,2694,13.5,13.0,14.0,false,motriskindex-families-2024-v5
fiat-500,3-5,40-70k,3337,799,23.9,22.5,25.4,false,motriskindex-families-2024-v5
fiat-500,3-5,70-100k,133,40,30.1,22.9,38.3,true,motriskindex-families-2024-v5
fiat-500,6-9,<40k,59478,12123,20.4,20.1,20.7,false,motriskindex-families-2024-v5
fiat-500,6-9,40-70k,50435,16691,33.1,32.7,33.5,false,motriskindex-families-2024-v5
fiat-500,6-9,70-100k,9907,4265,43.1,42.1,44.0,false,motriskindex-families-2024-v5
fiat-500,6-9,100-140k,1027,473,46.1,43.0,49.1,false,motriskindex-families-2024-v5
fiat-500,6-9,140k+,67,35,52.2,40.5,63.7,true,motriskindex-families-2024-v5
fiat-500,10-14,<40k,22639,5536,24.5,23.9,25.0,false,motriskindex-families-2024-v5
fiat-500,10-14,40-70k,66280,24858,37.5,37.1,37.9,false,motriskindex-families-2024-v5
fiat-500,10-14,70-100k,43875,19192,43.7,43.3,44.2,false,motriskindex-families-2024-v5
fiat-500,10-14,100-140k,11112,5251,47.3,46.3,48.2,false,motriskindex-families-2024-v5
fiat-500,10-14,140k+,753,392,52.1,48.5,55.6,false,motriskindex-families-2024-v5
fiat-500,15+,<40k,2276,673,29.6,27.7,31.5,false,motriskindex-families-2024-v5
fiat-500,15+,40-70k,7930,3364,42.4,41.3,43.5,false,motriskindex-families-2024-v5
fiat-500,15+,70-100k,12336,5829,47.3,46.4,48.1,false,motriskindex-families-2024-v5
fiat-500,15+,100-140k,7203,3576,49.6,48.5,50.8,false,motriskindex-families-2024-v5
fiat-500,15+,140k+,850,423,49.8,46.4,53.1,false,motriskindex-families-2024-v5
fiat-500l,6-9,<40k,1728,427,24.7,22.7,26.8,false,motriskindex-families-2024-v5
fiat-500l,6-9,40-70k,2833,992,35.0,33.3,36.8,false,motriskindex-families-2024-v5
fiat-500l,6-9,70-100k,1204,484,40.2,37.5,43.0,false,motriskindex-families-2024-v5
fiat-500l,6-9,100-140k,315,155,49.2,43.7,54.7,true,motriskindex-families-2024-v5
fiat-500l,10-14,<40k,1075,273,25.4,22.9,28.1,false,motriskindex-families-2024-v5
fiat-500l,10-14,40-70k,5363,1785,33.3,32.0,34.6,false,motriskindex-families-2024-v5
fiat-500l,10-14,70-100k,6053,2547,42.1,40.8,43.3,false,motriskindex-families-2024-v5
fiat-500l,10-14,100-140k,2305,1057,45.9,43.8,47.9,false,motriskindex-families-2024-v5
fiat-500l,10-14,140k+,195,101,51.8,44.8,58.7,true,motriskindex-families-2024-v5
fiat-500x,3-5,<40k,5784,582,10.1,9.3,10.9,false,motriskindex-families-2024-v5
fiat-500x,3-5,40-70k,1459,267,18.3,16.4,20.4,false,motriskindex-families-2024-v5
fiat-500x,3-5,70-100k,105,20,19.0,12.7,27.6,true,motriskindex-families-2024-v5
fiat-500x,6-9,<40k,6545,1208,18.5,17.5,19.4,false,motriskindex-families-2024-v5
fiat-500x,6-9,40-70k,15177,4219,27.8,27.1,28.5,false,motriskindex-families-2024-v5
fiat-500x,6-9,70-100k,5813,2050,35.3,34.0,36.5,false,motriskindex-families-2024-v5
fiat-500x,6-9,100-140k,897,360,40.1,37.0,43.4,false,motriskindex-families-2024-v5
fiat-500x,6-9,140k+,76,38,50.0,39.0,61.0,true,motriskindex-families-2024-v5
fiat-bravo,10-14,<40k,70,15,21.4,13.4,32.4,true,motriskindex-families-2024-v5
fiat-bravo,10-14,40-70k,268,95,35.4,30.0,41.3,true,motriskindex-families-2024-v5
fiat-bravo,10-14,70-100k,526,251,47.7,43.5,52.0,false,motriskindex-families-2024-v5
fiat-bravo,10-14,100-140k,455,222,48.8,44.2,53.4,true,motriskindex-families-2024-v5
fiat-bravo,10-14,140k+,100,51,51.0,41.3,60.6,true,motriskindex-families-2024-v5
fiat-bravo,15+,<40k,106,31,29.2,21.4,38.5,true,motriskindex-families-2024-v5
fiat-bravo,15+,40-70k,556,236,42.4,38.4,46.6,false,motriskindex-families-2024-v5
fiat-bravo,15+,70-100k,1281,648,50.6,47.8,53.3,false,motriskindex-families-2024-v5
fiat-bravo,15+,100-140k,1320,678,51.4,48.7,54.1,false,motriskindex-families-2024-v5
fiat-bravo,15+,140k+,321,174,54.2,48.7,59.6,true,motriskindex-families-2024-v5
fiat-doblo,3-5,<40k,2066,476,23.0,21.3,24.9,false,motriskindex-families-2024-v5
fiat-doblo,3-5,40-70k,1899,573,30.2,28.2,32.3,false,motriskindex-families-2024-v5
fiat-doblo,3-5,70-100k,692,237,34.2,30.8,37.9,false,motriskindex-families-2024-v5
fiat-doblo,3-5,100-140k,221,78,35.3,29.3,41.8,true,motriskindex-families-2024-v5
fiat-doblo,3-5,140k+,57,26,45.6,33.4,58.4,true,motriskindex-families-2024-v5
fiat-doblo,6-9,<40k,2211,458,20.7,19.1,22.5,false,motriskindex-families-2024-v5
fiat-doblo,6-9,40-70k,3454,1038,30.1,28.5,31.6,false,motriskindex-families-2024-v5
fiat-doblo,6-9,70-100k,3738,1445,38.7,37.1,40.2,false,motriskindex-families-2024-v5
fiat-doblo,6-9,100-140k,2537,1041,41.0,39.1,43.0,false,motriskindex-families-2024-v5
fiat-doblo,6-9,140k+,793,324,40.9,37.5,44.3,false,motriskindex-families-2024-v5
fiat-doblo,10-14,<40k,1835,406,22.1,20.3,24.1,false,motriskindex-families-2024-v5
fiat-doblo,10-14,40-70k,5157,1302,25.2,24.1,26.5,false,motriskindex-families-2024-v5
fiat-doblo,10-14,70-100k,5261,2009,38.2,36.9,39.5,false,motriskindex-families-2024-v5
fiat-doblo,10-14,100-140k,4555,2035,44.7,43.2,46.1,false,motriskindex-families-2024-v5
fiat-doblo,10-14,140k+,1984,937,47.2,45.0,49.4,false,motriskindex-families-2024-v5
fiat-doblo,15+,<40k,481,128,26.6,22.9,30.7,true,motriskindex-families-2024-v5
fiat-doblo,15+,40-70k,1777,668,37.6,35.4,39.9,false,motriskindex-families-2024-v5
fiat-doblo,15+,70-100k,2575,1185,46.0,44.1,47.9,false,motriskindex-families-2024-v5
fiat-doblo,15+,100-140k,3086,1559,50.5,48.8,52.3,false,motriskindex-families-2024-v5
fiat-doblo,15+,140k+,2080,1064,51.2,49.0,53.3,false,motriskindex-families-2024-v5
fiat-ducato,3-5,<40k,3515,361,10.3,9.3,11.3,false,motriskindex-families-2024-v5
fiat-ducato,3-5,40-70k,306,45,14.7,11.2,19.1,true,motriskindex-families-2024-v5
fiat-ducato,3-5,70-100k,433,53,12.2,9.5,15.7,true,motriskindex-families-2024-v5
fiat-ducato,3-5,100-140k,680,103,15.1,12.6,18.0,false,motriskindex-families-2024-v5
fiat-ducato,3-5,140k+,645,110,17.1,14.3,20.1,false,motriskindex-families-2024-v5
fiat-ducato,6-9,<40k,6024,703,11.7,10.9,12.5,false,motriskindex-families-2024-v5
fiat-ducato,6-9,40-70k,1174,250,21.3,19.0,23.7,false,motriskindex-families-2024-v5
fiat-ducato,6-9,70-100k,357,99,27.7,23.3,32.6,true,motriskindex-families-2024-v5
fiat-ducato,6-9,100-140k,429,134,31.2,27.0,35.8,true,motriskindex-families-2024-v5
fiat-ducato,6-9,140k+,1078,319,29.6,26.9,32.4,false,motriskindex-families-2024-v5
fiat-ducato,10-14,<40k,7977,1217,15.3,14.5,16.1,false,motriskindex-families-2024-v5
fiat-ducato,10-14,40-70k,3554,704,19.8,18.5,21.2,false,motriskindex-families-2024-v5
fiat-ducato,10-14,70-100k,702,230,32.8,29.4,36.3,false,motriskindex-families-2024-v5
fiat-ducato,10-14,100-140k,557,215,38.6,34.6,42.7,false,motriskindex-families-2024-v5
fiat-ducato,10-14,140k+,677,303,44.8,41.1,48.5,false,motriskindex-families-2024-v5
fiat-ducato,15+,<40k,11591,2778,24.0,23.2,24.8,false,motriskindex-families-2024-v5
fiat-ducato,15+,40-70k,16164,5055,31.3,30.6,32.0,false,motriskindex-families-2024-v5
fiat-ducato,15+,70-100k,4907,1986,40.5,39.1,41.9,false,motriskindex-families-2024-v5
fiat-ducato,15+,100-140k,2124,937,44.1,42.0,46.2,false,motriskindex-families-2024-v5
fiat-ducato,15+,140k+,1395,657,47.1,44.5,49.7,false,motriskindex-families-2024-v5
fiat-fiorino,3-5,<40k,871,207,23.8,21.1,26.7,false,motriskindex-families-2024-v5
fiat-fiorino,3-5,40-70k,665,208,31.3,27.9,34.9,false,motriskindex-families-2024-v5
fiat-fiorino,3-5,70-100k,222,66,29.7,24.1,36.0,true,motriskindex-families-2024-v5
fiat-fiorino,3-5,100-140k,83,24,28.9,20.3,39.4,true,motriskindex-families-2024-v5
fiat-fiorino,6-9,<40k,260,77,29.6,24.4,35.4,true,motriskindex-families-2024-v5
fiat-fiorino,6-9,40-70k,618,199,32.2,28.6,36.0,false,motriskindex-families-2024-v5
fiat-fiorino,6-9,70-100k,640,245,38.3,34.6,42.1,false,motriskindex-families-2024-v5
fiat-fiorino,6-9,100-140k,433,185,42.7,38.1,47.4,true,motriskindex-families-2024-v5
fiat-fiorino,6-9,140k+,164,63,38.4,31.3,46.0,true,motriskindex-families-2024-v5
fiat-fiorino,10-14,<40k,81,22,27.2,18.7,37.7,true,motriskindex-families-2024-v5
fiat-fiorino,10-14,40-70k,576,215,37.3,33.5,41.3,false,motriskindex-families-2024-v5
fiat-fiorino,10-14,70-100k,1064,441,41.4,38.5,44.4,false,motriskindex-families-2024-v5
fiat-fiorino,10-14,100-140k,1324,594,44.9,42.2,47.6,false,motriskindex-families-2024-v5
fiat-fiorino,10-14,140k+,889,399,44.9,41.6,48.2,false,motriskindex-families-2024-v5
fiat-fiorino,15+,70-100k,86,41,47.7,37.4,58.1,true,motriskindex-families-2024-v5
fiat-fiorino,15+,100-140k,126,59,46.8,38.3,55.5,true,motriskindex-families-2024-v5
fiat-fiorino,15+,140k+,97,50,51.5,41.7,61.2,true,motriskindex-families-2024-v5
fiat-fullback,3-5,<40k,65,8,12.3,6.4,22.5,true,motriskindex-families-2024-v5
fiat-fullback,3-5,40-70k,111,23,20.7,14.2,29.2,true,motriskindex-families-2024-v5
fiat-fullback,3-5,70-100k,60,10,16.7,9.3,28.0,true,motriskindex-families-2024-v5
fiat-fullback,6-9,<40k,294,26,8.8,6.1,12.6,true,motriskindex-families-2024-v5
fiat-fullback,6-9,40-70k,1042,177,17.0,14.8,19.4,false,motriskindex-families-2024-v5
fiat-fullback,6-9,70-100k,788,181,23.0,20.2,26.0,false,motriskindex-families-2024-v5
fiat-fullback,6-9,100-140k,345,93,27.0,22.5,31.9,true,motriskindex-families-2024-v5
fiat-fullback,6-9,140k+,87,21,24.1,16.4,34.1,true,motriskindex-families-2024-v5
fiat-grand,10-14,<40k,50,14,28.0,17.5,41.7,true,motriskindex-families-2024-v5
fiat-grand,10-14,40-70k,167,57,34.1,27.4,41.6,true,motriskindex-families-2024-v5
fiat-grand,10-14,70-100k,242,114,47.1,40.9,53.4,true,motriskindex-families-2024-v5
fiat-grand,10-14,100-140k,147,70,47.6,39.7,55.7,true,motriskindex-families-2024-v5
fiat-grand,15+,<40k,156,46,29.5,22.9,37.1,true,motriskindex-families-2024-v5
fiat-grand,15+,40-70k,551,212,38.5,34.5,42.6,false,motriskindex-families-2024-v5
fiat-grand,15+,70-100k,963,447,46.4,43.3,49.6,false,motriskindex-families-2024-v5
fiat-grand,15+,100-140k,737,383,52.0,48.4,55.6,false,motriskindex-families-2024-v5
fiat-grand,15+,140k+,123,60,48.8,40.1,57.5,true,motriskindex-families-2024-v5
fiat-grande,10-14,<40k,97,14,14.4,8.8,22.8,true,motriskindex-families-2024-v5
fiat-grande,10-14,40-70k,354,135,38.1,33.2,43.3,true,motriskindex-families-2024-v5
fiat-grande,10-14,70-100k,552,286,51.8,47.6,56.0,false,motriskindex-families-2024-v5
fiat-grande,10-14,100-140k,293,152,51.9,46.2,57.5,true,motriskindex-families-2024-v5
fiat-grande,15+,<40k,292,82,28.1,23.2,33.5,true,motriskindex-families-2024-v5
fiat-grande,15+,40-70k,1151,456,39.6,36.8,42.5,false,motriskindex-families-2024-v5
fiat-grande,15+,70-100k,1813,840,46.3,44.0,48.6,false,motriskindex-families-2024-v5
fiat-grande,15+,100-140k,1338,670,50.1,47.4,52.7,false,motriskindex-families-2024-v5
fiat-grande,15+,140k+,210,121,57.6,50.9,64.1,true,motriskindex-families-2024-v5
fiat-panda,3-5,<40k,4974,627,12.6,11.7,13.6,false,motriskindex-families-2024-v5
fiat-panda,3-5,40-70k,488,111,22.7,19.2,26.7,true,motriskindex-families-2024-v5
fiat-panda,6-9,<40k,10312,1937,18.8,18.0,19.5,false,motriskindex-families-2024-v5
fiat-panda,6-9,40-70k,6486,1956,30.2,29.1,31.3,false,motriskindex-families-2024-v5
fiat-panda,6-9,70-100k,1711,646,37.8,35.5,40.1,false,motriskindex-families-2024-v5
fiat-panda,6-9,100-140k,367,161,43.9,38.9,49.0,true,motriskindex-families-2024-v5
fiat-panda,10-14,<40k,8259,1890,22.9,22.0,23.8,false,motriskindex-families-2024-v5
fiat-panda,10-14,40-70k,14775,5186,35.1,34.3,35.9,false,motriskindex-families-2024-v5
fiat-panda,10-14,70-100k,9154,3992,43.6,42.6,44.6,false,motriskindex-families-2024-v5
fiat-panda,10-14,100-140k,3203,1531,47.8,46.1,49.5,false,motriskindex-families-2024-v5
fiat-panda,10-14,140k+,448,230,51.3,46.7,55.9,true,motriskindex-families-2024-v5
fiat-panda,15+,<40k,3520,1075,30.5,29.0,32.1,false,motriskindex-families-2024-v5
fiat-panda,15+,40-70k,9454,4052,42.9,41.9,43.9,false,motriskindex-families-2024-v5
fiat-panda,15+,70-100k,9501,4726,49.7,48.7,50.7,false,motriskindex-families-2024-v5
fiat-panda,15+,100-140k,5313,2782,52.4,51.0,53.7,false,motriskindex-families-2024-v5
fiat-panda,15+,140k+,1034,566,54.7,51.7,57.7,false,motriskindex-families-2024-v5
fiat-punto,6-9,<40k,2236,519,23.2,21.5,25.0,false,motriskindex-families-2024-v5
fiat-punto,6-9,40-70k,2438,879,36.1,34.2,38.0,false,motriskindex-families-2024-v5
fiat-punto,6-9,70-100k,870,387,44.5,41.2,47.8,false,motriskindex-families-2024-v5
fiat-punto,6-9,100-140k,173,90,52.0,44.6,59.3,true,motriskindex-families-2024-v5
fiat-punto,10-14,<40k,2063,559,27.1,25.2,29.1,false,motriskindex-families-2024-v5
fiat-punto,10-14,40-70k,8462,3374,39.9,38.8,40.9,false,motriskindex-families-2024-v5
fiat-punto,10-14,70-100k,10306,4845,47.0,46.0,48.0,false,motriskindex-families-2024-v5
fiat-punto,10-14,100-140k,4758,2407,50.6,49.2,52.0,false,motriskindex-families-2024-v5
fiat-punto,10-14,140k+,549,298,54.3,50.1,58.4,false,motriskindex-families-2024-v5
fiat-punto,15+,<40k,1681,517,30.8,28.6,33.0,false,motriskindex-families-2024-v5
fiat-punto,15+,40-70k,6972,2894,41.5,40.4,42.7,false,motriskindex-families-2024-v5
fiat-punto,15+,70-100k,10379,5116,49.3,48.3,50.3,false,motriskindex-families-2024-v5
fiat-punto,15+,100-140k,7385,3958,53.6,52.5,54.7,false,motriskindex-families-2024-v5
fiat-punto,15+,140k+,1298,722,55.6,52.9,58.3,false,motriskindex-families-2024-v5
fiat-qubo,6-9,<40k,398,81,20.4,16.7,24.6,true,motriskindex-families-2024-v5
fiat-qubo,6-9,40-70k,213,79,37.1,30.9,43.8,true,motriskindex-families-2024-v5
fiat-qubo,6-9,70-100k,56,24,42.9,30.8,55.9,true,motriskindex-families-2024-v5
fiat-qubo,10-14,<40k,519,144,27.7,24.1,31.8,false,motriskindex-families-2024-v5
fiat-qubo,10-14,40-70k,960,323,33.6,30.7,36.7,false,motriskindex-families-2024-v5
fiat-qubo,10-14,70-100k,933,393,42.1,39.0,45.3,false,motriskindex-families-2024-v5
fiat-qubo,10-14,100-140k,450,195,43.3,38.8,47.9,true,motriskindex-families-2024-v5
fiat-qubo,10-14,140k+,78,34,43.6,33.1,54.6,true,motriskindex-families-2024-v5
fiat-qubo,15+,40-70k,81,38,46.9,36.4,57.7,true,motriskindex-families-2024-v5
fiat-qubo,15+,70-100k,150,66,44.0,36.3,52.0,true,motriskindex-families-2024-v5
fiat-qubo,15+,100-140k,132,63,47.7,39.4,56.2,true,motriskindex-families-2024-v5
fiat-scudo,6-9,40-70k,94,35,37.2,28.1,47.3,true,motriskindex-families-2024-v5
fiat-scudo,6-9,70-100k,104,47,45.2,36.0,54.8,true,motriskindex-families-2024-v5
fiat-scudo,6-9,100-140k,95,50,52.6,42.7,62.4,true,motriskindex-families-2024-v5
fiat-scudo,6-9,140k+,67,32,47.8,36.3,59.5,true,motriskindex-families-2024-v5
fiat-scudo,10-14,<40k,55,16,29.1,18.8,42.1,true,motriskindex-families-2024-v5
fiat-scudo,10-14,40-70k,186,71,38.2,31.5,45.3,true,motriskindex-families-2024-v5
fiat-scudo,10-14,70-100k,442,194,43.9,39.3,48.6,true,motriskindex-families-2024-v5
fiat-scudo,10-14,100-140k,706,355,50.3,46.6,54.0,false,motriskindex-families-2024-v5
fiat-scudo,10-14,140k+,868,458,52.8,49.4,56.1,false,motriskindex-families-2024-v5
fiat-scudo,15+,<40k,87,34,39.1,29.5,49.6,true,motriskindex-families-2024-v5
fiat-scudo,15+,40-70k,328,131,39.9,34.8,45.3,true,motriskindex-families-2024-v5
fiat-scudo,15+,70-100k,662,309,46.7,42.9,50.5,false,motriskindex-families-2024-v5
fiat-scudo,15+,100-140k,1331,687,51.6,48.9,54.3,false,motriskindex-families-2024-v5
fiat-scudo,15+,140k+,1919,988,51.5,49.2,53.7,false,motriskindex-families-2024-v5
fiat-sedici,15+,40-70k,183,65,35.5,28.9,42.7,true,motriskindex-families-2024-v5
fiat-sedici,15+,70-100k,390,201,51.5,46.6,56.5,true,motriskindex-families-2024-v5
fiat-sedici,15+,100-140k,426,227,53.3,48.5,58.0,true,motriskindex-families-2024-v5
fiat-sedici,15+,140k+,105,50,47.6,38.3,57.1,true,motriskindex-families-2024-v5
fiat-seicento,15+,<40k,323,135,41.8,36.5,47.2,true,motriskindex-families-2024-v5
fiat-seicento,15+,40-70k,519,225,43.4,39.2,47.6,false,motriskindex-families-2024-v5
fiat-seicento,15+,70-100k,284,144,50.7,44.9,56.5,true,motriskindex-families-2024-v5
fiat-seicento,15+,100-140k,67,44,65.7,53.7,75.9,true,motriskindex-families-2024-v5
fiat-talento,3-5,<40k,327,56,17.1,13.4,21.6,true,motriskindex-families-2024-v5
fiat-talento,3-5,40-70k,263,72,27.4,22.3,33.1,true,motriskindex-families-2024-v5
fiat-talento,3-5,70-100k,120,40,33.3,25.5,42.2,true,motriskindex-families-2024-v5
fiat-talento,3-5,100-140k,54,13,24.1,14.6,36.9,true,motriskindex-families-2024-v5
fiat-talento,6-9,<40k,97,23,23.7,16.4,33.1,true,motriskindex-families-2024-v5
fiat-talento,6-9,40-70k,250,75,30.0,24.7,35.9,true,motriskindex-families-2024-v5
fiat-talento,6-9,70-100k,255,98,38.4,32.7,44.5,true,motriskindex-families-2024-v5
fiat-talento,6-9,100-140k,239,96,40.2,34.2,46.5,true,motriskindex-families-2024-v5
fiat-talento,6-9,140k+,99,33,33.3,24.8,43.1,true,motriskindex-families-2024-v5
fiat-tipo,3-5,<40k,2646,468,17.7,16.3,19.2,false,motriskindex-families-2024-v5
fiat-tipo,3-5,40-70k,914,241,26.4,23.6,29.3,false,motriskindex-families-2024-v5
fiat-tipo,3-5,70-100k,117,36,30.8,23.1,39.6,true,motriskindex-families-2024-v5
fiat-tipo,6-9,<40k,2054,449,21.9,20.1,23.7,false,motriskindex-families-2024-v5
fiat-tipo,6-9,40-70k,4749,1449,30.5,29.2,31.8,false,motriskindex-families-2024-v5
fiat-tipo,6-9,70-100k,2017,724,35.9,33.8,38.0,false,motriskindex-families-2024-v5
fiat-tipo,6-9,100-140k,355,136,38.3,33.4,43.5,true,motriskindex-families-2024-v5
fiat-tipo,6-9,140k+,60,23,38.3,27.1,51.0,true,motriskindex-families-2024-v5
ford-b-max,6-9,<40k,11379,2132,18.7,18.0,19.5,false,motriskindex-families-2024-v5
ford-b-max,6-9,40-70k,9347,2748,29.4,28.5,30.3,false,motriskindex-families-2024-v5
ford-b-max,6-9,70-100k,2408,912,37.9,36.0,39.8,false,motriskindex-families-2024-v5
ford-b-max,6-9,100-140k,404,173,42.8,38.1,47.7,true,motriskindex-families-2024-v5
ford-b-max,10-14,<40k,6325,1347,21.3,20.3,22.3,false,motriskindex-families-2024-v5
ford-b-max,10-14,40-70k,13721,4355,31.7,31.0,32.5,false,motriskindex-families-2024-v5
ford-b-max,10-14,70-100k,8011,3241,40.5,39.4,41.5,false,motriskindex-families-2024-v5
ford-b-max,10-14,100-140k,2251,1041,46.2,44.2,48.3,false,motriskindex-families-2024-v5
ford-b-max,10-14,140k+,310,152,49.0,43.5,54.6,true,motriskindex-families-2024-v5
ford-c-max,3-5,<40k,2137,291,13.6,12.2,15.1,false,motriskindex-families-2024-v5
ford-c-max,3-5,40-70k,499,97,19.4,16.2,23.1,true,motriskindex-families-2024-v5
ford-c-max,3-5,70-100k,51,19,37.3,25.3,51.0,true,motriskindex-families-2024-v5
ford-c-max,6-9,<40k,10517,1404,13.3,12.7,14.0,false,motriskindex-families-2024-v5
ford-c-max,6-9,40-70k,15789,3057,19.4,18.8,20.0,false,motriskindex-families-2024-v5
ford-c-max,6-9,70-100k,6716,1878,28.0,26.9,29.0,false,motriskindex-families-2024-v5
ford-c-max,6-9,100-140k,1538,510,33.2,30.9,35.6,false,motriskindex-families-2024-v5
ford-c-max,6-9,140k+,245,80,32.7,27.1,38.8,true,motriskindex-families-2024-v5
ford-c-max,10-14,<40k,2738,437,16.0,14.6,17.4,false,motriskindex-families-2024-v5
ford-c-max,10-14,40-70k,14304,3502,24.5,23.8,25.2,false,motriskindex-families-2024-v5
ford-c-max,10-14,70-100k,20582,7135,34.7,34.0,35.3,false,motriskindex-families-2024-v5
ford-c-max,10-14,100-140k,13195,5449,41.3,40.5,42.1,false,motriskindex-families-2024-v5
ford-c-max,10-14,140k+,2738,1228,44.9,43.0,46.7,false,motriskindex-families-2024-v5
ford-c-max,15+,<40k,280,69,24.6,20.0,30.0,true,motriskindex-families-2024-v5
ford-c-max,15+,40-70k,2250,801,35.6,33.6,37.6,false,motriskindex-families-2024-v5
ford-c-max,15+,70-100k,6567,2933,44.7,43.5,45.9,false,motriskindex-families-2024-v5
ford-c-max,15+,100-140k,8491,4261,50.2,49.1,51.2,false,motriskindex-families-2024-v5
ford-c-max,15+,140k+,2484,1361,54.8,52.8,56.7,false,motriskindex-families-2024-v5
ford-capri,15+,<40k,163,23,14.1,9.6,20.3,true,motriskindex-families-2024-v5
ford-capri,15+,40-70k,107,12,11.2,6.5,18.6,true,motriskindex-families-2024-v5
ford-capri,15+,70-100k,127,19,15.0,9.8,22.2,true,motriskindex-families-2024-v5
ford-ecosport,3-5,<40k,33499,4517,13.5,13.1,13.9,false,motriskindex-families-2024-v5
ford-ecosport,3-5,40-70k,5569,1442,25.9,24.8,27.1,false,motriskindex-families-2024-v5
ford-ecosport,3-5,70-100k,305,91,29.8,25.0,35.2,true,motriskindex-families-2024-v5
ford-ecosport,6-9,<40k,26228,4283,16.3,15.9,16.8,false,motriskindex-families-2024-v5
ford-ecosport,6-9,40-70k,26098,7818,30.0,29.4,30.5,false,motriskindex-families-2024-v5
ford-ecosport,6-9,70-100k,6993,2726,39.0,37.8,40.1,false,motriskindex-families-2024-v5
ford-ecosport,6-9,100-140k,929,421,45.3,42.1,48.5,false,motriskindex-families-2024-v5
ford-ecosport,6-9,140k+,72,28,38.9,28.5,50.4,true,motriskindex-families-2024-v5
ford-ecosport,10-14,<40k,300,63,21.0,16.8,26.0,true,motriskindex-families-2024-v5
ford-ecosport,10-14,40-70k,1116,379,34.0,31.2,36.8,false,motriskindex-families-2024-v5
ford-ecosport,10-14,70-100k,842,308,36.6,33.4,39.9,false,motriskindex-families-2024-v5
ford-ecosport,10-14,100-140k,231,104,45.0,38.7,51.5,true,motriskindex-families-2024-v5
ford-edge,3-5,<40k,586,69,11.8,9.4,14.6,false,motriskindex-families-2024-v5
ford-edge,3-5,40-70k,376,53,14.1,10.9,18.0,true,motriskindex-families-2024-v5
ford-edge,6-9,<40k,1350,175,13.0,11.3,14.9,false,motriskindex-families-2024-v5
ford-edge,6-9,40-70k,4374,665,15.2,14.2,16.3,false,motriskindex-families-2024-v5
ford-edge,6-9,70-100k,1885,316,16.8,15.1,18.5,false,motriskindex-families-2024-v5
ford-edge,6-9,100-140k,278,49,17.6,13.6,22.5,true,motriskindex-families-2024-v5
ford-escort,15+,<40k,987,113,11.4,9.6,13.6,false,motriskindex-families-2024-v5
ford-escort,15+,40-70k,719,164,22.8,19.9,26.0,false,motriskindex-families-2024-v5
ford-escort,15+,70-100k,776,209,26.9,23.9,30.2,false,motriskindex-families-2024-v5
ford-escort,15+,100-140k,361,132,36.6,31.8,41.7,true,motriskindex-families-2024-v5
ford-escort,15+,140k+,155,60,38.7,31.4,46.6,true,motriskindex-families-2024-v5
ford-fiesta,3-5,<40k,71657,8502,11.9,11.6,12.1,false,motriskindex-families-2024-v5
ford-fiesta,3-5,40-70k,23128,4473,19.3,18.8,19.9,false,motriskindex-families-2024-v5
ford-fiesta,3-5,70-100k,2742,634,23.1,21.6,24.7,false,motriskindex-families-2024-v5
ford-fiesta,3-5,100-140k,486,116,23.9,20.3,27.9,true,motriskindex-families-2024-v5
ford-fiesta,3-5,140k+,83,28,33.7,24.5,44.4,true,motriskindex-families-2024-v5
ford-fiesta,6-9,<40k,150725,24330,16.1,16.0,16.3,false,motriskindex-families-2024-v5
ford-fiesta,6-9,40-70k,185134,53386,28.8,28.6,29.0,false,motriskindex-families-2024-v5
ford-fiesta,6-9,70-100k,67233,26278,39.1,38.7,39.5,false,motriskindex-families-2024-v5
ford-fiesta,6-9,100-140k,16006,7079,44.2,43.5,45.0,false,motriskindex-families-2024-v5
ford-fiesta,6-9,140k+,3019,1381,45.7,44.0,47.5,false,motriskindex-families-2024-v5
ford-fiesta,10-14,<40k,54272,10405,19.2,18.8,19.5,false,motriskindex-families-2024-v5
ford-fiesta,10-14,40-70k,157587,53741,34.1,33.9,34.3,false,motriskindex-families-2024-v5
ford-fiesta,10-14,70-100k,166930,74302,44.5,44.3,44.7,false,motriskindex-families-2024-v5
ford-fiesta,10-14,100-140k,97056,48044,49.5,49.2,49.8,false,motriskindex-families-2024-v5
ford-fiesta,10-14,140k+,24552,12499,50.9,50.3,51.5,false,motriskindex-families-2024-v5
ford-fiesta,15+,<40k,17450,4376,25.1,24.4,25.7,false,motriskindex-families-2024-v5
ford-fiesta,15+,40-70k,64070,24122,37.6,37.3,38.0,false,motriskindex-families-2024-v5
ford-fiesta,15+,70-100k,101371,48040,47.4,47.1,47.7,false,motriskindex-families-2024-v5
ford-fiesta,15+,100-140k,95710,49923,52.2,51.8,52.5,false,motriskindex-families-2024-v5
ford-fiesta,15+,140k+,28634,15507,54.2,53.6,54.7,false,motriskindex-families-2024-v5
ford-focus,3-5,<40k,56846,6897,12.1,11.9,12.4,false,motriskindex-families-2024-v5
ford-focus,3-5,40-70k,30067,5574,18.5,18.1,19.0,false,motriskindex-families-2024-v5
ford-focus,3-5,70-100k,5220,1188,22.8,21.6,23.9,false,motriskindex-families-2024-v5
ford-focus,3-5,100-140k,981,242,24.7,22.1,27.5,false,motriskindex-families-2024-v5
ford-focus,3-5,140k+,86,22,25.6,17.5,35.7,true,motriskindex-families-2024-v5
ford-focus,6-9,<40k,57196,6619,11.6,11.3,11.8,false,motriskindex-families-2024-v5
ford-focus,6-9,40-70k,107909,20084,18.6,18.4,18.8,false,motriskindex-families-2024-v5
ford-focus,6-9,70-100k,60350,16018,26.5,26.2,26.9,false,motriskindex-families-2024-v5
ford-focus,6-9,100-140k,20629,6351,30.8,30.2,31.4,false,motriskindex-families-2024-v5
ford-focus,6-9,140k+,4328,1450,33.5,32.1,34.9,false,motriskindex-families-2024-v5
ford-focus,10-14,<40k,15776,2946,18.7,18.1,19.3,false,motriskindex-families-2024-v5
ford-focus,10-14,40-70k,73295,20864,28.5,28.1,28.8,false,motriskindex-families-2024-v5
ford-focus,10-14,70-100k,115397,43518,37.7,37.4,38.0,false,motriskindex-families-2024-v5
ford-focus,10-14,100-140k,95228,41637,43.7,43.4,44.0,false,motriskindex-families-2024-v5
ford-focus,10-14,140k+,31858,14858,46.6,46.1,47.2,false,motriskindex-families-2024-v5
ford-focus,15+,<40k,6643,1528,23.0,22.0,24.0,false,motriskindex-families-2024-v5
ford-focus,15+,40-70k,31624,10399,32.9,32.4,33.4,false,motriskindex-families-2024-v5
ford-focus,15+,70-100k,68703,28958,42.1,41.8,42.5,false,motriskindex-families-2024-v5
ford-focus,15+,100-140k,88326,42784,48.4,48.1,48.8,false,motriskindex-families-2024-v5
ford-focus,15+,140k+,35837,18790,52.4,51.9,52.9,false,motriskindex-families-2024-v5
ford-freedom,6-9,<40k,531,70,13.2,10.6,16.3,false,motriskindex-families-2024-v5
ford-freedom,6-9,40-70k,326,66,20.2,16.2,24.9,true,motriskindex-families-2024-v5
ford-freedom,6-9,70-100k,108,26,24.1,17.0,32.9,true,motriskindex-families-2024-v5
ford-freedom,6-9,100-140k,74,29,39.2,28.9,50.6,true,motriskindex-families-2024-v5
ford-freedom,6-9,140k+,79,26,32.9,23.6,43.9,true,motriskindex-families-2024-v5
ford-fusion,10-14,<40k,1340,273,20.4,18.3,22.6,false,motriskindex-families-2024-v5
ford-fusion,10-14,40-70k,3342,1023,30.6,29.1,32.2,false,motriskindex-families-2024-v5
ford-fusion,10-14,70-100k,2676,1070,40.0,38.1,41.9,false,motriskindex-families-2024-v5
ford-fusion,10-14,100-140k,1319,627,47.5,44.9,50.2,false,motriskindex-families-2024-v5
ford-fusion,10-14,140k+,286,143,50.0,44.2,55.8,true,motriskindex-families-2024-v5
ford-fusion,15+,<40k,2504,610,24.4,22.7,26.1,false,motriskindex-families-2024-v5
ford-fusion,15+,40-70k,10828,3777,34.9,34.0,35.8,false,motriskindex-families-2024-v5
ford-fusion,15+,70-100k,14338,6256,43.6,42.8,44.4,false,motriskindex-families-2024-v5
ford-fusion,15+,100-140k,11503,5670,49.3,48.4,50.2,false,motriskindex-families-2024-v5
ford-fusion,15+,140k+,3560,1938,54.4,52.8,56.1,false,motriskindex-families-2024-v5
ford-galaxy,3-5,<40k,2735,501,18.3,16.9,19.8,false,motriskindex-families-2024-v5
ford-galaxy,3-5,40-70k,1991,521,26.2,24.3,28.1,false,motriskindex-families-2024-v5
ford-galaxy,3-5,70-100k,635,155,24.4,21.2,27.9,false,motriskindex-families-2024-v5
ford-galaxy,3-5,100-140k,241,51,21.2,16.5,26.8,true,motriskindex-families-2024-v5
ford-galaxy,3-5,140k+,136,22,16.2,10.9,23.3,true,motriskindex-families-2024-v5
ford-galaxy,6-9,<40k,1749,262,15.0,13.4,16.7,false,motriskindex-families-2024-v5
ford-galaxy,6-9,40-70k,4705,947,20.1,19.0,21.3,false,motriskindex-families-2024-v5
ford-galaxy,6-9,70-100k,3664,954,26.0,24.6,27.5,false,motriskindex-families-2024-v5
ford-galaxy,6-9,100-140k,3079,870,28.3,26.7,29.9,false,motriskindex-families-2024-v5
ford-galaxy,6-9,140k+,3174,811,25.6,24.1,27.1,false,motriskindex-families-2024-v5
ford-galaxy,10-14,<40k,247,51,20.6,16.1,26.1,true,motriskindex-families-2024-v5
ford-galaxy,10-14,40-70k,1968,688,35.0,32.9,37.1,false,motriskindex-families-2024-v5
ford-galaxy,10-14,70-100k,5141,2160,42.0,40.7,43.4,false,motriskindex-families-2024-v5
ford-galaxy,10-14,100-140k,7669,3457,45.1,44.0,46.2,false,motriskindex-families-2024-v5
ford-galaxy,10-14,140k+,6294,2809,44.6,43.4,45.9,false,motriskindex-families-2024-v5
ford-galaxy,15+,<40k,64,19,29.7,19.9,41.8,true,motriskindex-families-2024-v5
ford-galaxy,15+,40-70k,469,161,34.3,30.2,38.7,true,motriskindex-families-2024-v5
ford-galaxy,15+,70-100k,1766,745,42.2,39.9,44.5,false,motriskindex-families-2024-v5
ford-galaxy,15+,100-140k,5473,2541,46.4,45.1,47.8,false,motriskindex-families-2024-v5
ford-galaxy,15+,140k+,7802,3843,49.3,48.1,50.4,false,motriskindex-families-2024-v5
ford-grand-c-max,3-5,<40k,698,150,21.5,18.6,24.7,false,motriskindex-families-2024-v5
ford-grand-c-max,3-5,40-70k,322,86,26.7,22.2,31.8,true,motriskindex-families-2024-v5
ford-grand-c-max,3-5,70-100k,51,11,21.6,12.5,34.6,true,motriskindex-families-2024-v5
ford-grand-c-max,6-9,<40k,2964,558,18.8,17.5,20.3,false,motriskindex-families-2024-v5
ford-grand-c-max,6-9,40-70k,7864,2024,25.7,24.8,26.7,false,motriskindex-families-2024-v5
ford-grand-c-max,6-9,70-100k,4496,1539,34.2,32.9,35.6,false,motriskindex-families-2024-v5
ford-grand-c-max,6-9,100-140k,1377,530,38.5,36.0,41.1,false,motriskindex-families-2024-v5
ford-grand-c-max,6-9,140k+,293,106,36.2,30.9,41.8,true,motriskindex-families-2024-v5
ford-grand-c-max,10-14,<40k,354,62,17.5,13.9,21.8,true,motriskindex-families-2024-v5
ford-grand-c-max,10-14,40-70k,2987,849,28.4,26.8,30.1,false,motriskindex-families-2024-v5
ford-grand-c-max,10-14,70-100k,6869,2574,37.5,36.3,38.6,false,motriskindex-families-2024-v5
ford-grand-c-max,10-14,100-140k,5896,2488,42.2,40.9,43.5,false,motriskindex-families-2024-v5
ford-grand-c-max,10-14,140k+,1573,724,46.0,43.6,48.5,false,motriskindex-families-2024-v5
ford-ka,3-5,<40k,8560,840,9.8,9.2,10.5,false,motriskindex-families-2024-v5
ford-ka,3-5,40-70k,1383,290,21.0,18.9,23.2,false,motriskindex-families-2024-v5
ford-ka,3-5,70-100k,81,27,33.3,24.0,44.1,true,motriskindex-families-2024-v5
ford-ka,6-9,<40k,26421,4124,15.6,15.2,16.1,false,motriskindex-families-2024-v5
ford-ka,6-9,40-70k,15828,4609,29.1,28.4,29.8,false,motriskindex-families-2024-v5
ford-ka,6-9,70-100k,3111,1226,39.4,37.7,41.1,false,motriskindex-families-2024-v5
ford-ka,6-9,100-140k,374,160,42.8,37.9,47.8,true,motriskindex-families-2024-v5
ford-ka,10-14,<40k,17591,3545,20.2,19.6,20.8,false,motriskindex-families-2024-v5
ford-ka,10-14,40-70k,37766,13241,35.1,34.6,35.5,false,motriskindex-families-2024-v5
ford-ka,10-14,70-100k,24636,10760,43.7,43.1,44.3,false,motriskindex-families-2024-v5
ford-ka,10-14,100-140k,6567,3180,48.4,47.2,49.6,false,motriskindex-families-2024-v5
ford-ka,10-14,140k+,546,289,52.9,48.7,57.1,false,motriskindex-families-2024-v5
ford-ka,15+,<40k,7674,2726,35.5,34.5,36.6,false,motriskindex-families-2024-v5
ford-ka,15+,40-70k,13948,6779,48.6,47.8,49.4,false,motriskindex-families-2024-v5
ford-ka,15+,70-100k,10182,5249,51.6,50.6,52.5,false,motriskindex-families-2024-v5
ford-ka,15+,100-140k,3655,1977,54.1,52.5,55.7,false,motriskindex-families-2024-v5
ford-ka,15+,140k+,350,185,52.9,47.6,58.0,true,motriskindex-families-2024-v5
ford-kuga,3-5,<40k,25953,3190,12.3,11.9,12.7,false,motriskindex-families-2024-v5
ford-kuga,3-5,40-70k,14731,2613,17.7,17.1,18.4,false,motriskindex-families-2024-v5
ford-kuga,3-5,70-100k,1358,295,21.7,19.6,24.0,false,motriskindex-families-2024-v5
ford-kuga,3-5,100-140k,192,52,27.1,21.3,33.8,true,motriskindex-families-2024-v5
ford-kuga,6-9,<40k,29365,3491,11.9,11.5,12.3,false,motriskindex-families-2024-v5
ford-kuga,6-9,40-70k,68417,11563,16.9,16.6,17.2,false,motriskindex-families-2024-v5
ford-kuga,6-9,70-100k,33078,8027,24.3,23.8,24.7,false,motriskindex-families-2024-v5
ford-kuga,6-9,100-140k,7647,2225,29.1,28.1,30.1,false,motriskindex-families-2024-v5
ford-kuga,6-9,140k+,924,293,31.7,28.8,34.8,false,motriskindex-families-2024-v5
ford-kuga,10-14,<40k,1412,230,16.3,14.5,18.3,false,motriskindex-families-2024-v5
ford-kuga,10-14,40-70k,11539,2449,21.2,20.5,22.0,false,motriskindex-families-2024-v5
ford-kuga,10-14,70-100k,23567,7389,31.4,30.8,31.9,false,motriskindex-families-2024-v5
ford-kuga,10-14,100-140k,20120,7586,37.7,37.0,38.4,false,motriskindex-families-2024-v5
ford-kuga,10-14,140k+,5588,2360,42.2,40.9,43.5,false,motriskindex-families-2024-v5
ford-kuga,15+,<40k,50,8,16.0,8.3,28.5,true,motriskindex-families-2024-v5
ford-kuga,15+,40-70k,341,106,31.1,26.4,36.2,true,motriskindex-families-2024-v5
ford-kuga,15+,70-100k,1715,647,37.7,35.5,40.0,false,motriskindex-families-2024-v5
ford-kuga,15+,100-140k,4951,2080,42.0,40.6,43.4,false,motriskindex-families-2024-v5
ford-kuga,15+,140k+,2691,1104,41.0,39.2,42.9,false,motriskindex-families-2024-v5
ford-mondeo,3-5,<40k,3138,400,12.7,11.6,14.0,false,motriskindex-families-2024-v5
ford-mondeo,3-5,40-70k,2673,433,16.2,14.9,17.6,false,motriskindex-families-2024-v5
ford-mondeo,3-5,70-100k,1474,284,19.3,17.3,21.4,false,motriskindex-families-2024-v5
ford-mondeo,3-5,100-140k,605,126,20.8,17.8,24.2,false,motriskindex-families-2024-v5
ford-mondeo,3-5,140k+,131,27,20.6,14.6,28.3,true,motriskindex-families-2024-v5
ford-mondeo,6-9,<40k,4866,470,9.7,8.9,10.5,false,motriskindex-families-2024-v5
ford-mondeo,6-9,40-70k,14147,2113,14.9,14.4,15.5,false,motriskindex-families-2024-v5
ford-mondeo,6-9,70-100k,14898,2858,19.2,18.6,19.8,false,motriskindex-families-2024-v5
ford-mondeo,6-9,100-140k,11746,2851,24.3,23.5,25.1,false,motriskindex-families-2024-v5
ford-mondeo,6-9,140k+,6118,1608,26.3,25.2,27.4,false,motriskindex-families-2024-v5
ford-mondeo,10-14,<40k,963,160,16.6,14.4,19.1,false,motriskindex-families-2024-v5
ford-mondeo,10-14,40-70k,5967,1389,23.3,22.2,24.4,false,motriskindex-families-2024-v5
ford-mondeo,10-14,70-100k,14936,4753,31.8,31.1,32.6,false,motriskindex-families-2024-v5
ford-mondeo,10-14,100-140k,24529,9204,37.5,36.9,38.1,false,motriskindex-families-2024-v5
ford-mondeo,10-14,140k+,22353,9009,40.3,39.7,40.9,false,motriskindex-families-2024-v5
ford-mondeo,15+,<40k,771,177,23.0,20.1,26.1,false,motriskindex-families-2024-v5
ford-mondeo,15+,40-70k,4612,1438,31.2,29.9,32.5,false,motriskindex-families-2024-v5
ford-mondeo,15+,70-100k,11450,4519,39.5,38.6,40.4,false,motriskindex-families-2024-v5
ford-mondeo,15+,100-140k,22518,10272,45.6,45.0,46.3,false,motriskindex-families-2024-v5
ford-mondeo,15+,140k+,23518,11317,48.1,47.5,48.8,false,motriskindex-families-2024-v5
ford-mustang,3-5,<40k,2654,394,14.8,13.5,16.2,false,motriskindex-families-2024-v5
ford-mustang,3-5,40-70k,173,33,19.1,13.9,25.6,true,motriskindex-families-2024-v5
ford-mustang,6-9,<40k,4798,653,13.6,12.7,14.6,false,motriskindex-families-2024-v5
ford-mustang,6-9,40-70k,1785,465,26.1,24.1,28.1,false,motriskindex-families-2024-v5
ford-mustang,6-9,70-100k,263,70,26.6,21.6,32.3,true,motriskindex-families-2024-v5
ford-mustang,10-14,<40k,138,17,12.3,7.8,18.8,true,motriskindex-families-2024-v5
ford-mustang,10-14,40-70k,132,30,22.7,16.4,30.6,true,motriskindex-families-2024-v5
ford-mustang,10-14,70-100k,104,17,16.3,10.5,24.6,true,motriskindex-families-2024-v5
ford-mustang,15+,<40k,455,48,10.5,8.0,13.7,true,motriskindex-families-2024-v5
ford-mustang,15+,40-70k,504,82,16.3,13.3,19.7,false,motriskindex-families-2024-v5
ford-mustang,15+,70-100k,384,81,21.1,17.3,25.5,true,motriskindex-families-2024-v5
ford-mustang,15+,100-140k,206,51,24.8,19.4,31.1,true,motriskindex-families-2024-v5
ford-mustang,15+,140k+,65,10,15.4,8.6,26.1,true,motriskindex-families-2024-v5
ford-mustang-mach-e,3-5,<40k,1966,182,9.3,8.1,10.6,false,motriskindex-families-2024-v5
ford-mustang-mach-e,3-5,40-70k,537,54,10.1,7.8,12.9,false,motriskindex-families-2024-v5
ford-mustang-mach-e,3-5,70-100k,50,8,16.0,8.3,28.5,true,motriskindex-families-2024-v5
ford-puma,3-5,<40k,48664,3522,7.2,7.0,7.5,false,motriskindex-families-2024-v5
ford-puma,3-5,40-70k,6135,856,14.0,13.1,14.8,false,motriskindex-families-2024-v5
ford-puma,3-5,70-100k,338,57,16.9,13.2,21.2,true,motriskindex-families-2024-v5
ford-puma,15+,<40k,181,34,18.8,13.8,25.1,true,motriskindex-families-2024-v5
ford-puma,15+,40-70k,522,169,32.4,28.5,36.5,false,motriskindex-families-2024-v5
ford-puma,15+,70-100k,605,248,41.0,37.1,45.0,false,motriskindex-families-2024-v5
ford-puma,15+,100-140k,357,165,46.2,41.1,51.4,true,motriskindex-families-2024-v5
ford-puma,15+,140k+,98,48,49.0,39.3,58.7,true,motriskindex-families-2024-v5
ford-ranger,3-5,<40k,15942,2359,14.8,14.3,15.4,false,motriskindex-families-2024-v5
ford-ranger,3-5,40-70k,16262,3326,20.5,19.8,21.1,false,motriskindex-families-2024-v5
ford-ranger,3-5,70-100k,6179,1585,25.7,24.6,26.8,false,motriskindex-families-2024-v5
ford-ranger,3-5,100-140k,1833,505,27.6,25.6,29.6,false,motriskindex-families-2024-v5
ford-ranger,3-5,140k+,299,67,22.4,18.0,27.5,true,motriskindex-families-2024-v5
ford-ranger,6-9,<40k,4275,763,17.8,16.7,19.0,false,motriskindex-families-2024-v5
ford-ranger,6-9,40-70k,13613,3225,23.7,23.0,24.4,false,motriskindex-families-2024-v5
ford-ranger,6-9,70-100k,12821,3706,28.9,28.1,29.7,false,motriskindex-families-2024-v5
ford-ranger,6-9,100-140k,7066,2313,32.7,31.6,33.8,false,motriskindex-families-2024-v5
ford-ranger,6-9,140k+,2023,663,32.8,30.8,34.8,false,motriskindex-families-2024-v5
ford-ranger,10-14,<40k,341,65,19.1,15.2,23.6,true,motriskindex-families-2024-v5
ford-ranger,10-14,40-70k,1619,496,30.6,28.4,32.9,false,motriskindex-families-2024-v5
ford-ranger,10-14,70-100k,3396,1227,36.1,34.5,37.8,false,motriskindex-families-2024-v5
ford-ranger,10-14,100-140k,3954,1549,39.2,37.7,40.7,false,motriskindex-families-2024-v5
ford-ranger,10-14,140k+,2229,916,41.1,39.1,43.2,false,motriskindex-families-2024-v5
ford-ranger,15+,<40k,246,73,29.7,24.3,35.7,true,motriskindex-families-2024-v5
ford-ranger,15+,40-70k,1123,408,36.3,33.6,39.2,false,motriskindex-families-2024-v5
ford-ranger,15+,70-100k,2871,1209,42.1,40.3,43.9,false,motriskindex-families-2024-v5
ford-ranger,15+,100-140k,5536,2497,45.1,43.8,46.4,false,motriskindex-families-2024-v5
ford-ranger,15+,140k+,6320,2918,46.2,44.9,47.4,false,motriskindex-families-2024-v5
ford-s-max,3-5,<40k,2358,428,18.2,16.6,19.8,false,motriskindex-families-2024-v5
ford-s-max,3-5,40-70k,1605,399,24.9,22.8,27.0,false,motriskindex-families-2024-v5
ford-s-max,3-5,70-100k,230,71,30.9,25.3,37.1,true,motriskindex-families-2024-v5
ford-s-max,3-5,100-140k,50,13,26.0,15.9,39.6,true,motriskindex-families-2024-v5
ford-s-max,6-9,<40k,1906,284,14.9,13.4,16.6,false,motriskindex-families-2024-v5
ford-s-max,6-9,40-70k,8340,1659,19.9,19.0,20.8,false,motriskindex-families-2024-v5
ford-s-max,6-9,70-100k,5645,1468,26.0,24.9,27.2,false,motriskindex-families-2024-v5
ford-s-max,6-9,100-140k,1602,453,28.3,26.1,30.5,false,motriskindex-families-2024-v5
ford-s-max,6-9,140k+,340,100,29.4,24.8,34.5,true,motriskindex-families-2024-v5
ford-s-max,10-14,<40k,271,46,17.0,13.0,21.9,true,motriskindex-families-2024-v5
ford-s-max,10-14,40-70k,3274,958,29.3,27.7,30.8,false,motriskindex-families-2024-v5
ford-s-max,10-14,70-100k,10702,3929,36.7,35.8,37.6,false,motriskindex-families-2024-v5
ford-s-max,10-14,100-140k,14046,5596,39.8,39.0,40.7,false,motriskindex-families-2024-v5
ford-s-max,10-14,140k+,6331,2677,42.3,41.1,43.5,false,motriskindex-families-2024-v5
ford-s-max,15+,40-70k,324,114,35.2,30.2,40.5,true,motriskindex-families-2024-v5
ford-s-max,15+,70-100k,1756,711,40.5,38.2,42.8,false,motriskindex-families-2024-v5
ford-s-max,15+,100-140k,6451,2980,46.2,45.0,47.4,false,motriskindex-families-2024-v5
ford-s-max,15+,140k+,7321,3575,48.8,47.7,50.0,false,motriskindex-families-2024-v5
ford-sierra,15+,<40k,103,9,8.7,4.7,15.8,true,motriskindex-families-2024-v5
ford-sierra,15+,40-70k,61,3,4.9,1.7,13.5,true,motriskindex-families-2024-v5
ford-sierra,15+,70-100k,75,8,10.7,5.5,19.7,true,motriskindex-families-2024-v5
ford-tourneo,3-5,<40k,1321,189,14.3,12.5,16.3,false,motriskindex-families-2024-v5
ford-tourneo,3-5,40-70k,668,145,21.7,18.7,25.0,false,motriskindex-families-2024-v5
ford-tourneo,3-5,70-100k,268,63,23.5,18.8,28.9,true,motriskindex-families-2024-v5
ford-tourneo,3-5,100-140k,113,34,30.1,22.4,39.1,true,motriskindex-families-2024-v5
ford-tourneo,3-5,140k+,138,38,27.5,20.8,35.5,true,motriskindex-families-2024-v5
ford-tourneo,6-9,<40k,928,162,17.5,15.2,20.0,false,motriskindex-families-2024-v5
ford-tourneo,6-9,40-70k,2046,495,24.2,22.4,26.1,false,motriskindex-families-2024-v5
ford-tourneo,6-9,70-100k,1793,551,30.7,28.6,32.9,false,motriskindex-families-2024-v5
ford-tourneo,6-9,100-140k,1522,477,31.3,29.1,33.7,false,motriskindex-families-2024-v5
ford-tourneo,6-9,140k+,2827,936,33.1,31.4,34.9,false,motriskindex-families-2024-v5
ford-tourneo,10-14,<40k,78,13,16.7,10.0,26.5,true,motriskindex-families-2024-v5
ford-tourneo,10-14,40-70k,269,73,27.1,22.2,32.7,true,motriskindex-families-2024-v5
ford-tourneo,10-14,70-100k,498,172,34.5,30.5,38.8,true,motriskindex-families-2024-v5
ford-tourneo,10-14,100-140k,462,166,35.9,31.7,40.4,true,motriskindex-families-2024-v5
ford-tourneo,10-14,140k+,759,270,35.6,32.2,39.0,false,motriskindex-families-2024-v5
ford-tourneo-connect,3-5,<40k,4560,846,18.6,17.5,19.7,false,motriskindex-families-2024-v5
ford-tourneo-connect,3-5,40-70k,1160,301,25.9,23.5,28.5,false,motriskindex-families-2024-v5
ford-tourneo-connect,3-5,70-100k,194,71,36.6,30.1,43.6,true,motriskindex-families-2024-v5
ford-tourneo-connect,3-5,100-140k,60,18,30.0,19.9,42.5,true,motriskindex-families-2024-v5
ford-tourneo-connect,6-9,<40k,1833,244,13.3,11.8,14.9,false,motriskindex-families-2024-v5
ford-tourneo-connect,6-9,40-70k,2449,488,19.9,18.4,21.6,false,motriskindex-families-2024-v5
ford-tourneo-connect,6-9,70-100k,1686,462,27.4,25.3,29.6,false,motriskindex-families-2024-v5
ford-tourneo-connect,6-9,100-140k,871,267,30.7,27.7,33.8,false,motriskindex-families-2024-v5
ford-tourneo-connect,6-9,140k+,426,138,32.4,28.1,37.0,true,motriskindex-families-2024-v5
ford-tourneo-connect,10-14,<40k,56,11,19.6,11.3,31.8,true,motriskindex-families-2024-v5
ford-tourneo-connect,10-14,40-70k,190,44,23.2,17.7,29.7,true,motriskindex-families-2024-v5
ford-tourneo-connect,10-14,70-100k,247,78,31.6,26.1,37.6,true,motriskindex-families-2024-v5
ford-tourneo-connect,10-14,100-140k,196,62,31.6,25.5,38.4,true,motriskindex-families-2024-v5
ford-tourneo-connect,10-14,140k+,86,31,36.0,26.7,46.6,true,motriskindex-families-2024-v5
ford-tourneo-connect,15+,100-140k,64,36,56.2,44.1,67.7,true,motriskindex-families-2024-v5
ford-tourneo-connect,15+,140k+,109,57,52.3,43.0,61.4,true,motriskindex-families-2024-v5
ford-tourneo-custom,3-5,<40k,3116,546,17.5,16.2,18.9,false,motriskindex-families-2024-v5
ford-tourneo-custom,3-5,40-70k,2105,502,23.8,22.1,25.7,false,motriskindex-families-2024-v5
ford-tourneo-custom,3-5,70-100k,855,252,29.5,26.5,32.6,false,motriskindex-families-2024-v5
ford-tourneo-custom,3-5,100-140k,424,102,24.1,20.2,28.3,true,motriskindex-families-2024-v5
ford-tourneo-custom,3-5,140k+,376,103,27.4,23.1,32.1,true,motriskindex-families-2024-v5
ford-tourneo-custom,6-9,<40k,236,38,16.1,12.0,21.3,true,motriskindex-families-2024-v5
ford-tourneo-custom,6-9,40-70k,421,90,21.4,17.7,25.5,true,motriskindex-families-2024-v5
ford-tourneo-custom,6-9,70-100k,200,43,21.5,16.4,27.7,true,motriskindex-families-2024-v5
ford-tourneo-custom,6-9,100-140k,136,31,22.8,16.5,30.5,true,motriskindex-families-2024-v5
ford-tourneo-custom,6-9,140k+,172,45,26.2,20.2,33.2,true,motriskindex-families-2024-v5
ford-transit,3-5,<40k,2062,302,14.6,13.2,16.2,false,motriskindex-families-2024-v5
ford-transit,3-5,40-70k,1960,471,24.0,22.2,26.0,false,motriskindex-families-2024-v5
ford-transit,3-5,70-100k,1010,259,25.6,23.0,28.4,false,motriskindex-families-2024-v5
ford-transit,3-5,100-140k,428,149,34.8,30.5,39.4,true,motriskindex-families-2024-v5
ford-transit,3-5,140k+,179,67,37.4,30.7,44.7,true,motriskindex-families-2024-v5
ford-transit,6-9,<40k,7631,1295,17.0,16.1,17.8,false,motriskindex-families-2024-v5
ford-transit,6-9,40-70k,29332,7703,26.3,25.8,26.8,false,motriskindex-families-2024-v5
ford-transit,6-9,70-100k,40684,12762,31.4,30.9,31.8,false,motriskindex-families-2024-v5
ford-transit,6-9,100-140k,37923,13330,35.2,34.7,35.6,false,motriskindex-families-2024-v5
ford-transit,6-9,140k+,21076,7671,36.4,35.7,37.0,false,motriskindex-families-2024-v5
ford-transit,10-14,<40k,1596,412,25.8,23.7,28.0,false,motriskindex-families-2024-v5
ford-transit,10-14,40-70k,6382,2287,35.8,34.7,37.0,false,motriskindex-families-2024-v5
ford-transit,10-14,70-100k,17044,7218,42.3,41.6,43.1,false,motriskindex-families-2024-v5
ford-transit,10-14,100-140k,31500,14508,46.1,45.5,46.6,false,motriskindex-families-2024-v5
ford-transit,10-14,140k+,38821,18052,46.5,46.0,47.0,false,motriskindex-families-2024-v5
ford-transit,15+,<40k,1908,489,25.6,23.7,27.6,false,motriskindex-families-2024-v5
ford-transit,15+,40-70k,4249,1519,35.7,34.3,37.2,false,motriskindex-families-2024-v5
ford-transit,15+,70-100k,6462,2877,44.5,43.3,45.7,false,motriskindex-families-2024-v5
ford-transit,15+,100-140k,12810,6191,48.3,47.5,49.2,false,motriskindex-families-2024-v5
ford-transit,15+,140k+,21640,10212,47.2,46.5,47.9,false,motriskindex-families-2024-v5
ford-transit-connect,3-5,<40k,11873,2324,19.6,18.9,20.3,false,motriskindex-families-2024-v5
ford-transit-connect,3-5,40-70k,14190,3654,25.8,25.0,26.5,false,motriskindex-families-2024-v5
ford-transit-connect,3-5,70-100k,7771,2193,28.2,27.2,29.2,false,motriskindex-families-2024-v5
ford-transit-connect,3-5,100-140k,2957,904,30.6,28.9,32.3,false,motriskindex-families-2024-v5
ford-transit-connect,3-5,140k+,560,167,29.8,26.2,33.7,false,motriskindex-families-2024-v5
ford-transit-connect,6-9,<40k,4178,735,17.6,16.5,18.8,false,motriskindex-families-2024-v5
ford-transit-connect,6-9,40-70k,13633,3069,22.5,21.8,23.2,false,motriskindex-families-2024-v5
ford-transit-connect,6-9,70-100k,18560,4862,26.2,25.6,26.8,false,motriskindex-families-2024-v5
ford-transit-connect,6-9,100-140k,17358,5195,29.9,29.3,30.6,false,motriskindex-families-2024-v5
ford-transit-connect,6-9,140k+,7780,2587,33.3,32.2,34.3,false,motriskindex-families-2024-v5
ford-transit-connect,10-14,<40k,484,116,24.0,20.4,28.0,true,motriskindex-families-2024-v5
ford-transit-connect,10-14,40-70k,2693,786,29.2,27.5,30.9,false,motriskindex-families-2024-v5
ford-transit-connect,10-14,70-100k,6664,2643,39.7,38.5,40.8,false,motriskindex-families-2024-v5
ford-transit-connect,10-14,100-140k,11343,4908,43.3,42.4,44.2,false,motriskindex-families-2024-v5
ford-transit-connect,10-14,140k+,9714,4350,44.8,43.8,45.8,false,motriskindex-families-2024-v5
ford-transit-connect,15+,<40k,271,96,35.4,30.0,41.3,true,motriskindex-families-2024-v5
ford-transit-connect,15+,40-70k,1422,603,42.4,39.9,45.0,false,motriskindex-families-2024-v5
ford-transit-connect,15+,70-100k,4798,2317,48.3,46.9,49.7,false,motriskindex-families-2024-v5
ford-transit-connect,15+,100-140k,12609,6466,51.3,50.4,52.2,false,motriskindex-families-2024-v5
ford-transit-connect,15+,140k+,18288,9612,52.6,51.8,53.3,false,motriskindex-families-2024-v5
ford-transit-courier,3-5,<40k,4044,778,19.2,18.1,20.5,false,motriskindex-families-2024-v5
ford-transit-courier,3-5,40-70k,4263,1015,23.8,22.6,25.1,false,motriskindex-families-2024-v5
ford-transit-courier,3-5,70-100k,2308,669,29.0,27.2,30.9,false,motriskindex-families-2024-v5
ford-transit-courier,3-5,100-140k,810,264,32.6,29.5,35.9,false,motriskindex-families-2024-v5
ford-transit-courier,3-5,140k+,202,65,32.2,26.1,38.9,true,motriskindex-families-2024-v5
ford-transit-courier,6-9,<40k,1315,248,18.9,16.8,21.1,false,motriskindex-families-2024-v5
ford-transit-courier,6-9,40-70k,3483,973,27.9,26.5,29.4,false,motriskindex-families-2024-v5
ford-transit-courier,6-9,70-100k,4194,1440,34.3,32.9,35.8,false,motriskindex-families-2024-v5
ford-transit-courier,6-9,100-140k,3562,1388,39.0,37.4,40.6,false,motriskindex-families-2024-v5
ford-transit-courier,6-9,140k+,1644,703,42.8,40.4,45.2,false,motriskindex-families-2024-v5
ford-transit-courier,10-14,40-70k,148,51,34.5,27.3,42.4,true,motriskindex-families-2024-v5
ford-transit-courier,10-14,70-100k,227,86,37.9,31.8,44.3,true,motriskindex-families-2024-v5
ford-transit-courier,10-14,100-140k,346,148,42.8,37.7,48.0,true,motriskindex-families-2024-v5
ford-transit-courier,10-14,140k+,309,136,44.0,38.6,49.6,true,motriskindex-families-2024-v5
ford-transit-custom,3-5,<40k,34411,5978,17.4,17.0,17.8,false,motriskindex-families-2024-v5
ford-transit-custom,3-5,40-70k,45440,10383,22.8,22.5,23.2,false,motriskindex-families-2024-v5
ford-transit-custom,3-5,70-100k,23335,5932,25.4,24.9,26.0,false,motriskindex-families-2024-v5
ford-transit-custom,3-5,100-140k,9096,2584,28.4,27.5,29.3,false,motriskindex-families-2024-v5
ford-transit-custom,3-5,140k+,1970,580,29.4,27.5,31.5,false,motriskindex-families-2024-v5
ford-transit-custom,6-9,<40k,2539,362,14.3,13.0,15.7,false,motriskindex-families-2024-v5
ford-transit-custom,6-9,40-70k,8997,1771,19.7,18.9,20.5,false,motriskindex-families-2024-v5
ford-transit-custom,6-9,70-100k,8775,2219,25.3,24.4,26.2,false,motriskindex-families-2024-v5
ford-transit-custom,6-9,100-140k,5586,1590,28.5,27.3,29.7,false,motriskindex-families-2024-v5
ford-transit-custom,6-9,140k+,1842,596,32.4,30.3,34.5,false,motriskindex-families-2024-v5
ford-transit-custom,10-14,100-140k,53,25,47.2,34.4,60.3,true,motriskindex-families-2024-v5
ford-transit-custom,10-14,140k+,54,26,48.1,35.4,61.1,true,motriskindex-families-2024-v5
great-wall-steed,6-9,<40k,63,20,31.7,21.6,44.0,true,motriskindex-families-2024-v5
great-wall-steed,6-9,40-70k,179,72,40.2,33.3,47.5,true,motriskindex-families-2024-v5
great-wall-steed,6-9,70-100k,140,56,40.0,32.3,48.3,true,motriskindex-families-2024-v5
great-wall-steed,10-14,40-70k,200,83,41.5,34.9,48.4,true,motriskindex-families-2024-v5
great-wall-steed,10-14,70-100k,287,133,46.3,40.7,52.1,true,motriskindex-families-2024-v5
great-wall-steed,10-14,100-140k,173,78,45.1,37.9,52.5,true,motriskindex-families-2024-v5
honda-accord,6-9,40-70k,75,12,16.0,9.4,25.9,true,motriskindex-families-2024-v5
honda-accord,6-9,70-100k,63,10,15.9,8.9,26.8,true,motriskindex-families-2024-v5
honda-accord,10-14,<40k,181,21,11.6,7.7,17.1,true,motriskindex-families-2024-v5
honda-accord,10-14,40-70k,687,127,18.5,15.8,21.6,false,motriskindex-families-2024-v5
honda-accord,10-14,70-100k,1144,323,28.2,25.7,30.9,false,motriskindex-families-2024-v5
honda-accord,10-14,100-140k,1359,420,30.9,28.5,33.4,false,motriskindex-families-2024-v5
honda-accord,10-14,140k+,1214,460,37.9,35.2,40.7,false,motriskindex-families-2024-v5
honda-accord,15+,<40k,276,59,21.4,17.0,26.6,true,motriskindex-families-2024-v5
honda-accord,15+,40-70k,1603,451,28.1,26.0,30.4,false,motriskindex-families-2024-v5
honda-accord,15+,70-100k,3832,1431,37.3,35.8,38.9,false,motriskindex-families-2024-v5
honda-accord,15+,100-140k,6846,2967,43.3,42.2,44.5,false,motriskindex-families-2024-v5
honda-accord,15+,140k+,7843,3701,47.2,46.1,48.3,false,motriskindex-families-2024-v5
honda-civic,3-5,<40k,10333,1142,11.1,10.5,11.7,false,motriskindex-families-2024-v5
honda-civic,3-5,40-70k,4886,761,15.6,14.6,16.6,false,motriskindex-families-2024-v5
honda-civic,3-5,70-100k,733,123,16.8,14.2,19.7,false,motriskindex-families-2024-v5
honda-civic,3-5,100-140k,144,22,15.3,10.3,22.0,true,motriskindex-families-2024-v5
honda-civic,6-9,<40k,16527,1881,11.4,10.9,11.9,false,motriskindex-families-2024-v5
honda-civic,6-9,40-70k,26371,4249,16.1,15.7,16.6,false,motriskindex-families-2024-v5
honda-civic,6-9,70-100k,11589,2618,22.6,21.8,23.4,false,motriskindex-families-2024-v5
honda-civic,6-9,100-140k,3993,1026,25.7,24.4,27.1,false,motriskindex-families-2024-v5
honda-civic,6-9,140k+,929,279,30.0,27.2,33.1,false,motriskindex-families-2024-v5
honda-civic,10-14,<40k,4090,571,14.0,12.9,15.1,false,motriskindex-families-2024-v5
honda-civic,10-14,40-70k,16277,3820,23.5,22.8,24.1,false,motriskindex-families-2024-v5
honda-civic,10-14,70-100k,23796,7866,33.1,32.5,33.7,false,motriskindex-families-2024-v5
honda-civic,10-14,100-140k,19656,7952,40.5,39.8,41.1,false,motriskindex-families-2024-v5
honda-civic,10-14,140k+,6781,2944,43.4,42.2,44.6,false,motriskindex-families-2024-v5
honda-civic,15+,<40k,2322,517,22.3,20.6,24.0,false,motriskindex-families-2024-v5
honda-civic,15+,40-70k,12779,4480,35.1,34.2,35.9,false,motriskindex-families-2024-v5
honda-civic,15+,70-100k,29856,12659,42.4,41.8,43.0,false,motriskindex-families-2024-v5
honda-civic,15+,100-140k,47516,22590,47.5,47.1,48.0,false,motriskindex-families-2024-v5
honda-civic,15+,140k+,28255,14170,50.2,49.6,50.7,false,motriskindex-families-2024-v5
honda-cr-v,3-5,<40k,15390,1129,7.3,6.9,7.8,false,motriskindex-families-2024-v5
honda-cr-v,3-5,40-70k,4098,419,10.2,9.3,11.2,false,motriskindex-families-2024-v5
honda-cr-v,3-5,70-100k,391,38,9.7,7.2,13.1,true,motriskindex-families-2024-v5
honda-cr-v,3-5,100-140k,54,6,11.1,5.2,22.2,true,motriskindex-families-2024-v5
honda-cr-v,6-9,<40k,10545,935,8.9,8.3,9.4,false,motriskindex-families-2024-v5
honda-cr-v,6-9,40-70k,22720,2826,12.4,12.0,12.9,false,motriskindex-families-2024-v5
honda-cr-v,6-9,70-100k,12275,2007,16.4,15.7,17.0,false,motriskindex-families-2024-v5
honda-cr-v,6-9,100-140k,3695,789,21.4,20.1,22.7,false,motriskindex-families-2024-v5
honda-cr-v,6-9,140k+,519,138,26.6,23.0,30.6,false,motriskindex-families-2024-v5
honda-cr-v,10-14,<40k,2259,257,11.4,10.1,12.8,false,motriskindex-families-2024-v5
honda-cr-v,10-14,40-70k,12862,2037,15.8,15.2,16.5,false,motriskindex-families-2024-v5
honda-cr-v,10-14,70-100k,21272,4477,21.0,20.5,21.6,false,motriskindex-families-2024-v5
honda-cr-v,10-14,100-140k,18579,5155,27.7,27.1,28.4,false,motriskindex-families-2024-v5
honda-cr-v,10-14,140k+,6036,1983,32.9,31.7,34.0,false,motriskindex-families-2024-v5
honda-cr-v,15+,<40k,396,77,19.4,15.8,23.6,true,motriskindex-families-2024-v5
honda-cr-v,15+,40-70k,2921,796,27.3,25.7,28.9,false,motriskindex-families-2024-v5
honda-cr-v,15+,70-100k,10161,3479,34.2,33.3,35.2,false,motriskindex-families-2024-v5
honda-cr-v,15+,100-140k,26089,10976,42.1,41.5,42.7,false,motriskindex-families-2024-v5
honda-cr-v,15+,140k+,28074,13628,48.5,48.0,49.1,false,motriskindex-families-2024-v5
honda-cr-z,10-14,<40k,252,33,13.1,9.5,17.8,true,motriskindex-families-2024-v5
honda-cr-z,10-14,40-70k,862,162,18.8,16.3,21.5,false,motriskindex-families-2024-v5
honda-cr-z,10-14,70-100k,1236,288,23.3,21.0,25.7,false,motriskindex-families-2024-v5
honda-cr-z,10-14,100-140k,1065,305,28.6,26.0,31.4,false,motriskindex-families-2024-v5
honda-cr-z,10-14,140k+,327,97,29.7,25.0,34.8,true,motriskindex-families-2024-v5
honda-fit,6-9,<40k,92,11,12.0,6.8,20.2,true,motriskindex-families-2024-v5
honda-fit,6-9,40-70k,184,19,10.3,6.7,15.6,true,motriskindex-families-2024-v5
honda-fit,6-9,70-100k,58,11,19.0,10.9,30.9,true,motriskindex-families-2024-v5
honda-fit,10-14,<40k,663,98,14.8,12.3,17.7,false,motriskindex-families-2024-v5
honda-fit,10-14,40-70k,1918,291,15.2,13.6,16.8,false,motriskindex-families-2024-v5
honda-fit,10-14,70-100k,649,112,17.3,14.5,20.4,false,motriskindex-families-2024-v5
honda-fit,10-14,100-140k,59,19,32.2,21.7,44.9,true,motriskindex-families-2024-v5
honda-fit,15+,<40k,51,8,15.7,8.2,28.0,true,motriskindex-families-2024-v5
honda-fit,15+,40-70k,64,21,32.8,22.6,45.0,true,motriskindex-families-2024-v5
honda-fr-v,15+,40-70k,359,94,26.2,21.9,31.0,true,motriskindex-families-2024-v5
honda-fr-v,15+,70-100k,1236,482,39.0,36.3,41.7,false,motriskindex-families-2024-v5
honda-fr-v,15+,100-140k,2967,1362,45.9,44.1,47.7,false,motriskindex-families-2024-v5
honda-fr-v,15+,140k+,2353,1205,51.2,49.2,53.2,false,motriskindex-families-2024-v5
honda-hr-v,3-5,<40k,7489,472,6.3,5.8,6.9,false,motriskindex-families-2024-v5
honda-hr-v,3-5,40-70k,1417,153,10.8,9.3,12.5,false,motriskindex-families-2024-v5
honda-hr-v,3-5,70-100k,101,21,20.8,14.0,29.7,true,motriskindex-families-2024-v5
honda-hr-v,6-9,<40k,8151,732,9.0,8.4,9.6,false,motriskindex-families-2024-v5
honda-hr-v,6-9,40-70k,9306,1315,14.1,13.4,14.9,false,motriskindex-families-2024-v5
honda-hr-v,6-9,70-100k,3236,588,18.2,16.9,19.5,false,motriskindex-families-2024-v5
honda-hr-v,6-9,100-140k,728,173,23.8,20.8,27.0,false,motriskindex-families-2024-v5
honda-hr-v,6-9,140k+,83,20,24.1,16.2,34.3,true,motriskindex-families-2024-v5
honda-hr-v,15+,<40k,51,8,15.7,8.2,28.0,true,motriskindex-families-2024-v5
honda-hr-v,15+,40-70k,259,78,30.1,24.9,36.0,true,motriskindex-families-2024-v5
honda-hr-v,15+,70-100k,541,228,42.1,38.1,46.3,false,motriskindex-families-2024-v5
honda-hr-v,15+,100-140k,655,285,43.5,39.8,47.3,false,motriskindex-families-2024-v5
honda-hr-v,15+,140k+,259,133,51.4,45.3,57.4,true,motriskindex-families-2024-v5
honda-insight,10-14,<40k,338,54,16.0,12.5,20.3,true,motriskindex-families-2024-v5
honda-insight,10-14,40-70k,1127,270,24.0,21.6,26.5,false,motriskindex-families-2024-v5
honda-insight,10-14,70-100k,1374,383,27.9,25.6,30.3,false,motriskindex-families-2024-v5
honda-insight,10-14,100-140k,1441,452,31.4,29.0,33.8,false,motriskindex-families-2024-v5
honda-insight,10-14,140k+,2128,816,38.3,36.3,40.4,false,motriskindex-families-2024-v5
honda-insight,15+,<40k,72,10,13.9,7.7,23.7,true,motriskindex-families-2024-v5
honda-insight,15+,40-70k,320,55,17.2,13.4,21.7,true,motriskindex-families-2024-v5
honda-insight,15+,70-100k,519,142,27.4,23.7,31.4,false,motriskindex-families-2024-v5
honda-insight,15+,100-140k,699,251,35.9,32.4,39.5,false,motriskindex-families-2024-v5
honda-insight,15+,140k+,563,222,39.4,35.5,43.5,false,motriskindex-families-2024-v5
honda-integra,6-9,70-100k,72,10,13.9,7.7,23.7,true,motriskindex-families-2024-v5
honda-integra,6-9,100-140k,67,10,14.9,8.3,25.3,true,motriskindex-families-2024-v5
honda-integra,15+,40-70k,95,17,17.9,11.5,26.8,true,motriskindex-families-2024-v5
honda-integra,15+,70-100k,229,33,14.4,10.4,19.5,true,motriskindex-families-2024-v5
honda-integra,15+,100-140k,248,34,13.7,10.0,18.5,true,motriskindex-families-2024-v5
honda-integra,15+,140k+,138,25,18.1,12.6,25.4,true,motriskindex-families-2024-v5
honda-jazz,3-5,<40k,19512,1482,7.6,7.2,8.0,false,motriskindex-families-2024-v5
honda-jazz,3-5,40-70k,2041,285,14.0,12.5,15.5,false,motriskindex-families-2024-v5
honda-jazz,3-5,70-100k,152,37,24.3,18.2,31.7,true,motriskindex-families-2024-v5
honda-jazz,6-9,<40k,47798,4733,9.9,9.6,10.2,false,motriskindex-families-2024-v5
honda-jazz,6-9,40-70k,21858,3258,14.9,14.4,15.4,false,motriskindex-families-2024-v5
honda-jazz,6-9,70-100k,4002,908,22.7,21.4,24.0,false,motriskindex-families-2024-v5
honda-jazz,6-9,100-140k,623,185,29.7,26.2,33.4,false,motriskindex-families-2024-v5
honda-jazz,6-9,140k+,68,24,35.3,25.0,47.2,true,motriskindex-families-2024-v5
honda-jazz,10-14,<40k,23658,3340,14.1,13.7,14.6,false,motriskindex-families-2024-v5
honda-jazz,10-14,40-70k,41722,8599,20.6,20.2,21.0,false,motriskindex-families-2024-v5
honda-jazz,10-14,70-100k,25906,7792,30.1,29.5,30.6,false,motriskindex-families-2024-v5
honda-jazz,10-14,100-140k,10651,4041,37.9,37.0,38.9,false,motriskindex-families-2024-v5
honda-jazz,10-14,140k+,2092,876,41.9,39.8,44.0,false,motriskindex-families-2024-v5
honda-jazz,15+,<40k,8804,2128,24.2,23.3,25.1,false,motriskindex-families-2024-v5
honda-jazz,15+,40-70k,31190,10808,34.7,34.1,35.2,false,motriskindex-families-2024-v5
honda-jazz,15+,70-100k,38906,17384,44.7,44.2,45.2,false,motriskindex-families-2024-v5
honda-jazz,15+,100-140k,31077,15673,50.4,49.9,51.0,false,motriskindex-families-2024-v5
honda-jazz,15+,140k+,8686,4749,54.7,53.6,55.7,false,motriskindex-families-2024-v5
honda-prelude,15+,70-100k,85,25,29.4,20.8,39.8,true,motriskindex-families-2024-v5
honda-prelude,15+,100-140k,106,34,32.1,24.0,41.5,true,motriskindex-families-2024-v5
honda-prelude,15+,140k+,82,33,40.2,30.3,51.1,true,motriskindex-families-2024-v5
honda-s2000,15+,<40k,716,57,8.0,6.2,10.2,false,motriskindex-families-2024-v5
honda-s2000,15+,40-70k,1469,224,15.2,13.5,17.2,false,motriskindex-families-2024-v5
honda-s2000,15+,70-100k,1397,289,20.7,18.6,22.9,false,motriskindex-families-2024-v5
honda-s2000,15+,100-140k,957,240,25.1,22.4,27.9,false,motriskindex-families-2024-v5
honda-s2000,15+,140k+,247,72,29.1,23.8,35.1,true,motriskindex-families-2024-v5
honda-stepwagon,3-5,40-70k,57,12,21.1,12.5,33.3,true,motriskindex-families-2024-v5
honda-stepwagon,3-5,70-100k,111,34,30.6,22.8,39.7,true,motriskindex-families-2024-v5
honda-stepwagon,3-5,100-140k,94,30,31.9,23.4,41.9,true,motriskindex-families-2024-v5
honda-stepwagon,6-9,70-100k,114,37,32.5,24.6,41.5,true,motriskindex-families-2024-v5
honda-stepwagon,6-9,100-140k,129,53,41.1,33.0,49.7,true,motriskindex-families-2024-v5
honda-stepwagon,6-9,140k+,92,38,41.3,31.8,51.5,true,motriskindex-families-2024-v5
honda-stepwagon,10-14,40-70k,533,84,15.8,12.9,19.1,false,motriskindex-families-2024-v5
honda-stepwagon,10-14,70-100k,598,126,21.1,18.0,24.5,false,motriskindex-families-2024-v5
honda-stepwagon,10-14,100-140k,170,55,32.4,25.8,39.7,true,motriskindex-families-2024-v5
honda-stepwagon,10-14,140k+,67,25,37.3,26.7,49.3,true,motriskindex-families-2024-v5
honda-stepwagon,15+,40-70k,221,48,21.7,16.8,27.6,true,motriskindex-families-2024-v5
honda-stepwagon,15+,70-100k,304,86,28.3,23.5,33.6,true,motriskindex-families-2024-v5
honda-stepwagon,15+,100-140k,219,79,36.1,30.0,42.6,true,motriskindex-families-2024-v5
honda-stepwagon,15+,140k+,97,38,39.2,30.1,49.1,true,motriskindex-families-2024-v5
hyundai-accent,15+,<40k,183,61,33.3,26.9,40.4,true,motriskindex-families-2024-v5
hyundai-accent,15+,40-70k,558,234,41.9,37.9,46.1,false,motriskindex-families-2024-v5
hyundai-accent,15+,70-100k,517,263,50.9,46.6,55.2,false,motriskindex-families-2024-v5
hyundai-accent,15+,100-140k,229,130,56.8,50.3,63.0,true,motriskindex-families-2024-v5
hyundai-accent,15+,140k+,56,39,69.6,56.7,80.1,true,motriskindex-families-2024-v5
hyundai-amica,15+,<40k,1304,409,31.4,28.9,33.9,false,motriskindex-families-2024-v5
hyundai-amica,15+,40-70k,2546,1091,42.9,40.9,44.8,false,motriskindex-families-2024-v5
hyundai-amica,15+,70-100k,1458,756,51.9,49.3,54.4,false,motriskindex-families-2024-v5
hyundai-amica,15+,100-140k,417,225,54.0,49.2,58.7,true,motriskindex-families-2024-v5
hyundai-bayon,3-5,<40k,1217,175,14.4,12.5,16.5,false,motriskindex-families-2024-v5
hyundai-bayon,3-5,40-70k,59,8,13.6,7.0,24.5,true,motriskindex-families-2024-v5
hyundai-coupe,15+,<40k,344,82,23.8,19.6,28.6,true,motriskindex-families-2024-v5
hyundai-coupe,15+,40-70k,1294,531,41.0,38.4,43.7,false,motriskindex-families-2024-v5
hyundai-coupe,15+,70-100k,2098,1073,51.1,49.0,53.3,false,motriskindex-families-2024-v5
hyundai-coupe,15+,100-140k,1679,885,52.7,50.3,55.1,false,motriskindex-families-2024-v5
hyundai-coupe,15+,140k+,386,216,56.0,51.0,60.8,true,motriskindex-families-2024-v5
hyundai-getz,15+,<40k,2086,600,28.8,26.9,30.7,false,motriskindex-families-2024-v5
hyundai-getz,15+,40-70k,6480,2738,42.3,41.1,43.5,false,motriskindex-families-2024-v5
hyundai-getz,15+,70-100k,6676,3338,50.0,48.8,51.2,false,motriskindex-families-2024-v5
hyundai-getz,15+,100-140k,3665,2032,55.4,53.8,57.0,false,motriskindex-families-2024-v5
hyundai-getz,15+,140k+,647,347,53.6,49.8,57.4,false,motriskindex-families-2024-v5
hyundai-i10,3-5,<40k,29408,4428,15.1,14.7,15.5,false,motriskindex-families-2024-v5
hyundai-i10,3-5,40-70k,3461,810,23.4,22.0,24.8,false,motriskindex-families-2024-v5
hyundai-i10,3-5,70-100k,198,56,28.3,22.5,34.9,true,motriskindex-families-2024-v5
hyundai-i10,6-9,<40k,51332,8206,16.0,15.7,16.3,false,motriskindex-families-2024-v5
hyundai-i10,6-9,40-70k,30251,7088,23.4,23.0,23.9,false,motriskindex-families-2024-v5
hyundai-i10,6-9,70-100k,6783,2096,30.9,29.8,32.0,false,motriskindex-families-2024-v5
hyundai-i10,6-9,100-140k,997,347,34.8,31.9,37.8,false,motriskindex-families-2024-v5
hyundai-i10,6-9,140k+,98,38,38.8,29.7,48.7,true,motriskindex-families-2024-v5
hyundai-i10,10-14,<40k,29362,6981,23.8,23.3,24.3,false,motriskindex-families-2024-v5
hyundai-i10,10-14,40-70k,41309,14438,35.0,34.5,35.4,false,motriskindex-families-2024-v5
hyundai-i10,10-14,70-100k,22083,9502,43.0,42.4,43.7,false,motriskindex-families-2024-v5
hyundai-i10,10-14,100-140k,6652,3153,47.4,46.2,48.6,false,motriskindex-families-2024-v5
hyundai-i10,10-14,140k+,798,442,55.4,51.9,58.8,false,motriskindex-families-2024-v5
hyundai-i10,15+,<40k,4357,1189,27.3,26.0,28.6,false,motriskindex-families-2024-v5
hyundai-i10,15+,40-70k,8770,3419,39.0,38.0,40.0,false,motriskindex-families-2024-v5
hyundai-i10,15+,70-100k,7123,3377,47.4,46.3,48.6,false,motriskindex-families-2024-v5
hyundai-i10,15+,100-140k,3197,1652,51.7,49.9,53.4,false,motriskindex-families-2024-v5
hyundai-i10,15+,140k+,464,262,56.5,51.9,60.9,true,motriskindex-families-2024-v5
hyundai-i20,3-5,<40k,15031,1781,11.8,11.3,12.4,false,motriskindex-families-2024-v5
hyundai-i20,3-5,40-70k,2552,422,16.5,15.1,18.0,false,motriskindex-families-2024-v5
hyundai-i20,3-5,70-100k,209,39,18.7,14.0,24.5,true,motriskindex-families-2024-v5
hyundai-i20,6-9,<40k,17770,2169,12.2,11.7,12.7,false,motriskindex-families-2024-v5
hyundai-i20,6-9,40-70k,20756,4118,19.8,19.3,20.4,false,motriskindex-families-2024-v5
hyundai-i20,6-9,70-100k,6897,1825,26.5,25.4,27.5,false,motriskindex-families-2024-v5
hyundai-i20,6-9,100-140k,1526,461,30.2,28.0,32.6,false,motriskindex-families-2024-v5
hyundai-i20,6-9,140k+,224,84,37.5,31.4,44.0,true,motriskindex-families-2024-v5
hyundai-i20,10-14,<40k,8324,1769,21.3,20.4,22.1,false,motriskindex-families-2024-v5
hyundai-i20,10-14,40-70k,20531,7015,34.2,33.5,34.8,false,motriskindex-families-2024-v5
hyundai-i20,10-14,70-100k,17158,7649,44.6,43.8,45.3,false,motriskindex-families-2024-v5
hyundai-i20,10-14,100-140k,7276,3634,49.9,48.8,51.1,false,motriskindex-families-2024-v5
hyundai-i20,10-14,140k+,1189,612,51.5,48.6,54.3,false,motriskindex-families-2024-v5
hyundai-i20,15+,<40k,936,226,24.1,21.5,27.0,false,motriskindex-families-2024-v5
hyundai-i20,15+,40-70k,2608,933,35.8,34.0,37.6,false,motriskindex-families-2024-v5
hyundai-i20,15+,70-100k,3150,1412,44.8,43.1,46.6,false,motriskindex-families-2024-v5
hyundai-i20,15+,100-140k,2188,1093,50.0,47.9,52.0,false,motriskindex-families-2024-v5
hyundai-i20,15+,140k+,461,262,56.8,52.3,61.3,true,motriskindex-families-2024-v5
hyundai-i30,3-5,<40k,5345,667,12.5,11.6,13.4,false,motriskindex-families-2024-v5
hyundai-i30,3-5,40-70k,1868,285,15.3,13.7,17.0,false,motriskindex-families-2024-v5
hyundai-i30,3-5,70-100k,237,53,22.4,17.5,28.1,true,motriskindex-families-2024-v5
hyundai-i30,3-5,100-140k,63,13,20.6,12.5,32.2,true,motriskindex-families-2024-v5
hyundai-i30,6-9,<40k,7658,1089,14.2,13.5,15.0,false,motriskindex-families-2024-v5
hyundai-i30,6-9,40-70k,16684,3996,24.0,23.3,24.6,false,motriskindex-families-2024-v5
hyundai-i30,6-9,70-100k,9217,3006,32.6,31.7,33.6,false,motriskindex-families-2024-v5
hyundai-i30,6-9,100-140k,3079,1140,37.0,35.3,38.7,false,motriskindex-families-2024-v5
hyundai-i30,6-9,140k+,816,310,38.0,34.7,41.4,false,motriskindex-families-2024-v5
hyundai-i30,10-14,<40k,2788,641,23.0,21.5,24.6,false,motriskindex-families-2024-v5
hyundai-i30,10-14,40-70k,11833,4178,35.3,34.5,36.2,false,motriskindex-families-2024-v5
hyundai-i30,10-14,70-100k,16927,7752,45.8,45.0,46.5,false,motriskindex-families-2024-v5
hyundai-i30,10-14,100-140k,12598,6271,49.8,48.9,50.7,false,motriskindex-families-2024-v5
hyundai-i30,10-14,140k+,4050,2076,51.3,49.7,52.8,false,motriskindex-families-2024-v5
hyundai-i30,15+,<40k,661,149,22.5,19.5,25.9,false,motriskindex-families-2024-v5
hyundai-i30,15+,40-70k,2213,853,38.5,36.5,40.6,false,motriskindex-families-2024-v5
hyundai-i30,15+,70-100k,3765,1796,47.7,46.1,49.3,false,motriskindex-families-2024-v5
hyundai-i30,15+,100-140k,3782,2021,53.4,51.8,55.0,false,motriskindex-families-2024-v5
hyundai-i30,15+,140k+,1409,781,55.4,52.8,58.0,false,motriskindex-families-2024-v5
hyundai-i40,3-5,<40k,135,20,14.8,9.8,21.8,true,motriskindex-families-2024-v5
hyundai-i40,3-5,40-70k,186,30,16.1,11.5,22.1,true,motriskindex-families-2024-v5
hyundai-i40,3-5,70-100k,99,13,13.1,7.8,21.2,true,motriskindex-families-2024-v5
hyundai-i40,3-5,100-140k,55,15,27.3,17.3,40.2,true,motriskindex-families-2024-v5
hyundai-i40,6-9,<40k,674,84,12.5,10.2,15.2,false,motriskindex-families-2024-v5
hyundai-i40,6-9,40-70k,3139,574,18.3,17.0,19.7,false,motriskindex-families-2024-v5
hyundai-i40,6-9,70-100k,3584,822,22.9,21.6,24.3,false,motriskindex-families-2024-v5
hyundai-i40,6-9,100-140k,2224,616,27.7,25.9,29.6,false,motriskindex-families-2024-v5
hyundai-i40,6-9,140k+,1110,326,29.4,26.8,32.1,false,motriskindex-families-2024-v5
hyundai-i40,10-14,<40k,187,28,15.0,10.6,20.8,true,motriskindex-families-2024-v5
hyundai-i40,10-14,40-70k,1280,366,28.6,26.2,31.1,false,motriskindex-families-2024-v5
hyundai-i40,10-14,70-100k,3011,1040,34.5,32.9,36.3,false,motriskindex-families-2024-v5
hyundai-i40,10-14,100-140k,3759,1368,36.4,34.9,37.9,false,motriskindex-families-2024-v5
hyundai-i40,10-14,140k+,1670,637,38.1,35.8,40.5,false,motriskindex-families-2024-v5
hyundai-i800,3-5,<40k,731,203,27.8,24.6,31.1,false,motriskindex-families-2024-v5
hyundai-i800,3-5,40-70k,865,284,32.8,29.8,36.0,false,motriskindex-families-2024-v5
hyundai-i800,3-5,70-100k,222,62,27.9,22.4,34.2,true,motriskindex-families-2024-v5
hyundai-i800,3-5,100-140k,50,14,28.0,17.5,41.7,true,motriskindex-families-2024-v5
hyundai-i800,6-9,<40k,225,62,27.6,22.1,33.7,true,motriskindex-families-2024-v5
hyundai-i800,6-9,40-70k,1426,501,35.1,32.7,37.6,false,motriskindex-families-2024-v5
hyundai-i800,6-9,70-100k,1302,552,42.4,39.7,45.1,false,motriskindex-families-2024-v5
hyundai-i800,6-9,100-140k,508,207,40.7,36.6,45.1,false,motriskindex-families-2024-v5
hyundai-i800,6-9,140k+,302,103,34.1,29.0,39.6,true,motriskindex-families-2024-v5
hyundai-i800,10-14,<40k,71,15,21.1,13.2,32.0,true,motriskindex-families-2024-v5
hyundai-i800,10-14,40-70k,264,84,31.8,26.5,37.7,true,motriskindex-families-2024-v5
hyundai-i800,10-14,70-100k,601,263,43.8,39.8,47.8,false,motriskindex-families-2024-v5
hyundai-i800,10-14,100-140k,844,397,47.0,43.7,50.4,false,motriskindex-families-2024-v5
hyundai-i800,10-14,140k+,430,191,44.4,39.8,49.1,true,motriskindex-families-2024-v5
hyundai-i800,15+,70-100k,60,30,50.0,37.7,62.3,true,motriskindex-families-2024-v5
hyundai-i800,15+,100-140k,125,60,48.0,39.4,56.7,true,motriskindex-families-2024-v5
hyundai-i800,15+,140k+,76,45,59.2,48.0,69.6,true,motriskindex-families-2024-v5
hyundai-ioniq,3-5,<40k,14931,1851,12.4,11.9,12.9,false,motriskindex-families-2024-v5
hyundai-ioniq,3-5,40-70k,9254,1175,12.7,12.0,13.4,false,motriskindex-families-2024-v5
hyundai-ioniq,3-5,70-100k,3186,421,13.2,12.1,14.4,false,motriskindex-families-2024-v5
hyundai-ioniq,3-5,100-140k,1240,182,14.7,12.8,16.8,false,motriskindex-families-2024-v5
hyundai-ioniq,3-5,140k+,447,86,19.2,15.9,23.1,true,motriskindex-families-2024-v5
hyundai-ioniq,6-9,<40k,2537,298,11.7,10.6,13.1,false,motriskindex-families-2024-v5
hyundai-ioniq,6-9,40-70k,4945,693,14.0,13.1,15.0,false,motriskindex-families-2024-v5
hyundai-ioniq,6-9,70-100k,3228,516,16.0,14.8,17.3,false,motriskindex-families-2024-v5
hyundai-ioniq,6-9,100-140k,2422,419,17.3,15.8,18.9,false,motriskindex-families-2024-v5
hyundai-ioniq,6-9,140k+,1808,337,18.6,16.9,20.5,false,motriskindex-families-2024-v5
hyundai-ioniq-5,3-5,<40k,1681,82,4.9,3.9,6.0,false,motriskindex-families-2024-v5
hyundai-ioniq-5,3-5,40-70k,380,34,8.9,6.5,12.2,true,motriskindex-families-2024-v5
hyundai-ioniq-5,3-5,70-100k,85,6,7.1,3.3,14.6,true,motriskindex-families-2024-v5
hyundai-ioniq-5,3-5,100-140k,52,3,5.8,2.0,15.6,true,motriskindex-families-2024-v5
hyundai-ix20,3-5,<40k,1503,149,9.9,8.5,11.5,false,motriskindex-families-2024-v5
hyundai-ix20,3-5,40-70k,146,29,19.9,14.2,27.1,true,motriskindex-families-2024-v5
hyundai-ix20,6-9,<40k,7464,1015,13.6,12.8,14.4,false,motriskindex-families-2024-v5
hyundai-ix20,6-9,40-70k,4479,1063,23.7,22.5,25.0,false,motriskindex-families-2024-v5
hyundai-ix20,6-9,70-100k,912,282,30.9,28.0,34.0,false,motriskindex-families-2024-v5
hyundai-ix20,6-9,100-140k,157,68,43.3,35.8,51.1,true,motriskindex-families-2024-v5
hyundai-ix20,10-14,<40k,2728,681,25.0,23.4,26.6,false,motriskindex-families-2024-v5
hyundai-ix20,10-14,40-70k,5843,2350,40.2,39.0,41.5,false,motriskindex-families-2024-v5
hyundai-ix20,10-14,70-100k,3932,1906,48.5,46.9,50.0,false,motriskindex-families-2024-v5
hyundai-ix20,10-14,100-140k,1541,838,54.4,51.9,56.9,false,motriskindex-families-2024-v5
hyundai-ix20,10-14,140k+,233,135,57.9,51.5,64.1,true,motriskindex-families-2024-v5
hyundai-ix35,6-9,<40k,816,100,12.3,10.2,14.7,false,motriskindex-families-2024-v5
hyundai-ix35,6-9,40-70k,4809,1088,22.6,21.5,23.8,false,motriskindex-families-2024-v5
hyundai-ix35,6-9,70-100k,4768,1542,32.3,31.0,33.7,false,motriskindex-families-2024-v5
hyundai-ix35,6-9,100-140k,1410,516,36.6,34.1,39.1,false,motriskindex-families-2024-v5
hyundai-ix35,6-9,140k+,161,72,44.7,37.3,52.4,true,motriskindex-families-2024-v5
hyundai-ix35,10-14,<40k,1034,166,16.1,13.9,18.4,false,motriskindex-families-2024-v5
hyundai-ix35,10-14,40-70k,8267,2209,26.7,25.8,27.7,false,motriskindex-families-2024-v5
hyundai-ix35,10-14,70-100k,16479,6142,37.3,36.5,38.0,false,motriskindex-families-2024-v5
hyundai-ix35,10-14,100-140k,11699,5222,44.6,43.7,45.5,false,motriskindex-families-2024-v5
hyundai-ix35,10-14,140k+,2170,1048,48.3,46.2,50.4,false,motriskindex-families-2024-v5
hyundai-kona,3-5,<40k,29601,3520,11.9,11.5,12.3,false,motriskindex-families-2024-v5
hyundai-kona,3-5,40-70k,6767,1165,17.2,16.3,18.1,false,motriskindex-families-2024-v5
hyundai-kona,3-5,70-100k,891,157,17.6,15.3,20.3,false,motriskindex-families-2024-v5
hyundai-kona,3-5,100-140k,205,43,21.0,16.0,27.1,true,motriskindex-families-2024-v5
hyundai-kona,3-5,140k+,72,11,15.3,8.8,25.3,true,motriskindex-families-2024-v5
hyundai-kona,6-9,<40k,3985,433,10.9,9.9,11.9,false,motriskindex-families-2024-v5
hyundai-kona,6-9,40-70k,2783,393,14.1,12.9,15.5,false,motriskindex-families-2024-v5
hyundai-kona,6-9,70-100k,301,77,25.6,21.0,30.8,true,motriskindex-families-2024-v5
hyundai-matrix,15+,<40k,275,85,30.9,25.7,36.6,true,motriskindex-families-2024-v5
hyundai-matrix,15+,40-70k,1086,447,41.2,38.3,44.1,false,motriskindex-families-2024-v5
hyundai-matrix,15+,70-100k,1173,624,53.2,50.3,56.0,false,motriskindex-families-2024-v5
hyundai-matrix,15+,100-140k,635,366,57.6,53.8,61.4,false,motriskindex-families-2024-v5
hyundai-matrix,15+,140k+,112,62,55.4,46.1,64.2,true,motriskindex-families-2024-v5
hyundai-santa-fe,3-5,<40k,1665,177,10.6,9.2,12.2,false,motriskindex-families-2024-v5
hyundai-santa-fe,3-5,40-70k,807,143,17.7,15.2,20.5,false,motriskindex-families-2024-v5
hyundai-santa-fe,3-5,70-100k,112,17,15.2,9.7,23.0,true,motriskindex-families-2024-v5
hyundai-santa-fe,6-9,<40k,1606,171,10.6,9.2,12.3,false,motriskindex-families-2024-v5
hyundai-santa-fe,6-9,40-70k,5752,1028,17.9,16.9,18.9,false,motriskindex-families-2024-v5
hyundai-santa-fe,6-9,70-100k,3455,836,24.2,22.8,25.7,false,motriskindex-families-2024-v5
hyundai-santa-fe,6-9,100-140k,893,274,30.7,27.7,33.8,false,motriskindex-families-2024-v5
hyundai-santa-fe,6-9,140k+,121,45,37.2,29.1,46.1,true,motriskindex-families-2024-v5
hyundai-santa-fe,10-14,<40k,209,31,14.8,10.7,20.3,true,motriskindex-families-2024-v5
hyundai-santa-fe,10-14,40-70k,1679,525,31.3,29.1,33.5,false,motriskindex-families-2024-v5
hyundai-santa-fe,10-14,70-100k,4277,1699,39.7,38.3,41.2,false,motriskindex-families-2024-v5
hyundai-santa-fe,10-14,100-140k,5137,2423,47.2,45.8,48.5,false,motriskindex-families-2024-v5
hyundai-santa-fe,10-14,140k+,1888,949,50.3,48.0,52.5,false,motriskindex-families-2024-v5
hyundai-santa-fe,15+,40-70k,342,131,38.3,33.3,43.6,true,motriskindex-families-2024-v5
hyundai-santa-fe,15+,70-100k,1211,537,44.3,41.6,47.2,false,motriskindex-families-2024-v5
hyundai-santa-fe,15+,100-140k,2429,1173,48.3,46.3,50.3,false,motriskindex-families-2024-v5
hyundai-santa-fe,15+,140k+,1351,690,51.1,48.4,53.7,false,motriskindex-families-2024-v5
hyundai-terracan,15+,40-70k,99,32,32.3,23.9,42.0,true,motriskindex-families-2024-v5
hyundai-terracan,15+,70-100k,289,114,39.4,34.0,45.2,true,motriskindex-families-2024-v5
hyundai-terracan,15+,100-140k,572,243,42.5,38.5,46.6,false,motriskindex-families-2024-v5
hyundai-terracan,15+,140k+,254,120,47.2,41.2,53.4,true,motriskindex-families-2024-v5
hyundai-tucson,3-5,<40k,45969,5872,12.8,12.5,13.1,false,motriskindex-families-2024-v5
hyundai-tucson,3-5,40-70k,14961,2670,17.8,17.2,18.5,false,motriskindex-families-2024-v5
hyundai-tucson,3-5,70-100k,1002,195,19.5,17.1,22.0,false,motriskindex-families-2024-v5
hyundai-tucson,3-5,100-140k,114,29,25.4,18.3,34.1,true,motriskindex-families-2024-v5
hyundai-tucson,6-9,<40k,16670,1967,11.8,11.3,12.3,false,motriskindex-families-2024-v5
hyundai-tucson,6-9,40-70k,38635,7191,18.6,18.2,19.0,false,motriskindex-families-2024-v5
hyundai-tucson,6-9,70-100k,15537,4049,26.1,25.4,26.8,false,motriskindex-families-2024-v5
hyundai-tucson,6-9,100-140k,2980,822,27.6,26.0,29.2,false,motriskindex-families-2024-v5
hyundai-tucson,6-9,140k+,340,113,33.2,28.4,38.4,true,motriskindex-families-2024-v5
hyundai-tucson,10-14,70-100k,102,37,36.3,27.6,45.9,true,motriskindex-families-2024-v5
hyundai-tucson,10-14,100-140k,95,44,46.3,36.6,56.3,true,motriskindex-families-2024-v5
hyundai-tucson,15+,<40k,58,9,15.5,8.4,26.9,true,motriskindex-families-2024-v5
hyundai-tucson,15+,40-70k,465,158,34.0,29.8,38.4,true,motriskindex-families-2024-v5
hyundai-tucson,15+,70-100k,1300,591,45.5,42.8,48.2,false,motriskindex-families-2024-v5
hyundai-tucson,15+,100-140k,2037,1020,50.1,47.9,52.2,false,motriskindex-families-2024-v5
hyundai-tucson,15+,140k+,669,351,52.5,48.7,56.2,false,motriskindex-families-2024-v5
hyundai-veloster,10-14,<40k,279,64,22.9,18.4,28.2,true,motriskindex-families-2024-v5
hyundai-veloster,10-14,40-70k,859,312,36.3,33.2,39.6,false,motriskindex-families-2024-v5
hyundai-veloster,10-14,70-100k,942,423,44.9,41.8,48.1,false,motriskindex-families-2024-v5
hyundai-veloster,10-14,100-140k,372,176,47.3,42.3,52.4,true,motriskindex-families-2024-v5
hyundai-veloster,10-14,140k+,50,20,40.0,27.6,53.8,true,motriskindex-families-2024-v5
infiniti-q30,3-5,<40k,137,13,9.5,5.6,15.6,true,motriskindex-families-2024-v5
infiniti-q30,3-5,40-70k,63,10,15.9,8.9,26.8,true,motriskindex-families-2024-v5
infiniti-q30,6-9,<40k,820,94,11.5,9.5,13.8,false,motriskindex-families-2024-v5
infiniti-q30,6-9,40-70k,2477,425,17.2,15.7,18.7,false,motriskindex-families-2024-v5
infiniti-q30,6-9,70-100k,1103,233,21.1,18.8,23.6,false,motriskindex-families-2024-v5
infiniti-q30,6-9,100-140k,224,64,28.6,23.1,34.8,true,motriskindex-families-2024-v5
infiniti-q50,6-9,<40k,218,34,15.6,11.4,21.0,true,motriskindex-families-2024-v5
infiniti-q50,6-9,40-70k,807,159,19.7,17.1,22.6,false,motriskindex-families-2024-v5
infiniti-q50,6-9,70-100k,695,144,20.7,17.9,23.9,false,motriskindex-families-2024-v5
infiniti-q50,6-9,100-140k,250,73,29.2,23.9,35.1,true,motriskindex-families-2024-v5
infiniti-q50,6-9,140k+,62,16,25.8,16.6,37.9,true,motriskindex-families-2024-v5
infiniti-q50,10-14,40-70k,108,23,21.3,14.6,29.9,true,motriskindex-families-2024-v5
infiniti-q50,10-14,70-100k,159,46,28.9,22.4,36.4,true,motriskindex-families-2024-v5
infiniti-q50,10-14,100-140k,110,30,27.3,19.8,36.3,true,motriskindex-families-2024-v5
isuzu-d-max,3-5,<40k,4087,590,14.4,13.4,15.5,false,motriskindex-families-2024-v5
isuzu-d-max,3-5,40-70k,3220,745,23.1,21.7,24.6,false,motriskindex-families-2024-v5
isuzu-d-max,3-5,70-100k,1338,369,27.6,25.3,30.0,false,motriskindex-families-2024-v5
isuzu-d-max,3-5,100-140k,527,169,32.1,28.2,36.2,false,motriskindex-families-2024-v5
isuzu-d-max,3-5,140k+,119,40,33.6,25.8,42.5,true,motriskindex-families-2024-v5
isuzu-d-max,6-9,<40k,2014,337,16.7,15.2,18.4,false,motriskindex-families-2024-v5
isuzu-d-max,6-9,40-70k,5260,1364,25.9,24.8,27.1,false,motriskindex-families-2024-v5
isuzu-d-max,6-9,70-100k,5035,1617,32.1,30.8,33.4,false,motriskindex-families-2024-v5
isuzu-d-max,6-9,100-140k,3212,1228,38.2,36.6,39.9,false,motriskindex-families-2024-v5
isuzu-d-max,6-9,140k+,1171,499,42.6,39.8,45.5,false,motriskindex-families-2024-v5
isuzu-d-max,10-14,<40k,268,67,25.0,20.2,30.5,true,motriskindex-families-2024-v5
isuzu-d-max,10-14,40-70k,1278,351,27.5,25.1,30.0,false,motriskindex-families-2024-v5
isuzu-d-max,10-14,70-100k,2351,860,36.6,34.7,38.5,false,motriskindex-families-2024-v5
isuzu-d-max,10-14,100-140k,2499,996,39.9,38.0,41.8,false,motriskindex-families-2024-v5
isuzu-d-max,10-14,140k+,1283,545,42.5,39.8,45.2,false,motriskindex-families-2024-v5
isuzu-rodeo,10-14,40-70k,197,65,33.0,26.8,39.8,true,motriskindex-families-2024-v5
isuzu-rodeo,10-14,70-100k,418,178,42.6,37.9,47.4,true,motriskindex-families-2024-v5
isuzu-rodeo,10-14,100-140k,655,306,46.7,42.9,50.5,false,motriskindex-families-2024-v5
isuzu-rodeo,10-14,140k+,481,233,48.4,44.0,52.9,true,motriskindex-families-2024-v5
isuzu-rodeo,15+,40-70k,207,76,36.7,30.4,43.5,true,motriskindex-families-2024-v5
isuzu-rodeo,15+,70-100k,539,232,43.0,38.9,47.3,false,motriskindex-families-2024-v5
isuzu-rodeo,15+,100-140k,1040,498,47.9,44.9,50.9,false,motriskindex-families-2024-v5
isuzu-rodeo,15+,140k+,1309,625,47.7,45.1,50.5,false,motriskindex-families-2024-v5
isuzu-tf,10-14,40-70k,197,82,41.6,35.0,48.6,true,motriskindex-families-2024-v5
isuzu-tf,10-14,70-100k,431,174,40.4,35.8,45.1,true,motriskindex-families-2024-v5
isuzu-tf,10-14,100-140k,593,296,49.9,45.9,53.9,false,motriskindex-families-2024-v5
isuzu-tf,10-14,140k+,385,184,47.8,42.8,52.8,true,motriskindex-families-2024-v5
isuzu-trooper,15+,40-70k,109,43,39.4,30.8,48.8,true,motriskindex-families-2024-v5
isuzu-trooper,15+,70-100k,252,81,32.1,26.7,38.1,true,motriskindex-families-2024-v5
isuzu-trooper,15+,100-140k,569,238,41.8,37.8,45.9,false,motriskindex-families-2024-v5
isuzu-trooper,15+,140k+,603,246,40.8,36.9,44.8,false,motriskindex-families-2024-v5
iveco-daily,3-5,<40k,145,17,11.7,7.5,18.0,true,motriskindex-families-2024-v5
iveco-daily,3-5,40-70k,120,10,8.3,4.6,14.7,true,motriskindex-families-2024-v5
iveco-daily,3-5,70-100k,91,2,2.2,0.6,7.7,true,motriskindex-families-2024-v5
iveco-daily,3-5,100-140k,61,1,1.6,0.3,8.7,true,motriskindex-families-2024-v5
iveco-daily,6-9,<40k,98,11,11.2,6.4,19.0,true,motriskindex-families-2024-v5
iveco-daily,6-9,40-70k,62,19,30.6,20.6,43.0,true,motriskindex-families-2024-v5
iveco-daily,6-9,70-100k,53,16,30.2,19.5,43.5,true,motriskindex-families-2024-v5
iveco-daily,6-9,140k+,62,19,30.6,20.6,43.0,true,motriskindex-families-2024-v5
iveco-daily,10-14,<40k,52,5,9.6,4.2,20.6,true,motriskindex-families-2024-v5
iveco-daily,10-14,40-70k,88,19,21.6,14.3,31.3,true,motriskindex-families-2024-v5
iveco-daily,10-14,70-100k,59,19,32.2,21.7,44.9,true,motriskindex-families-2024-v5
iveco-daily,10-14,100-140k,96,39,40.6,31.3,50.6,true,motriskindex-families-2024-v5
iveco-daily,10-14,140k+,193,79,40.9,34.2,48.0,true,motriskindex-families-2024-v5
iveco-daily,15+,<40k,151,47,31.1,24.3,38.9,true,motriskindex-families-2024-v5
iveco-daily,15+,40-70k,317,132,41.6,36.3,47.1,true,motriskindex-families-2024-v5
iveco-daily,15+,70-100k,326,140,42.9,37.7,48.4,true,motriskindex-families-2024-v5
iveco-daily,15+,100-140k,434,186,42.9,38.3,47.6,true,motriskindex-families-2024-v5
iveco-daily,15+,140k+,684,302,44.2,40.5,47.9,false,motriskindex-families-2024-v5
jaguar-e-pace,3-5,<40k,14456,1380,9.5,9.1,10.0,false,motriskindex-families-2024-v5
jaguar-e-pace,3-5,40-70k,6077,932,15.3,14.5,16.3,false,motriskindex-families-2024-v5
jaguar-e-pace,3-5,70-100k,614,123,20.0,17.1,23.4,false,motriskindex-families-2024-v5
jaguar-e-pace,3-5,100-140k,61,8,13.1,6.8,23.8,true,motriskindex-families-2024-v5
jaguar-e-pace,6-9,<40k,4039,474,11.7,10.8,12.8,false,motriskindex-families-2024-v5
jaguar-e-pace,6-9,40-70k,5302,792,14.9,14.0,15.9,false,motriskindex-families-2024-v5
jaguar-e-pace,6-9,70-100k,906,145,16.0,13.8,18.5,false,motriskindex-families-2024-v5
jaguar-e-pace,6-9,100-140k,115,16,13.9,8.7,21.4,true,motriskindex-families-2024-v5
jaguar-e-type,15+,<40k,517,53,10.3,7.9,13.2,false,motriskindex-families-2024-v5
jaguar-e-type,15+,40-70k,336,29,8.6,6.1,12.1,true,motriskindex-families-2024-v5
jaguar-e-type,15+,70-100k,305,42,13.8,10.4,18.1,true,motriskindex-families-2024-v5
jaguar-f-pace,3-5,<40k,14839,1725,11.6,11.1,12.2,false,motriskindex-families-2024-v5
jaguar-f-pace,3-5,40-70k,7783,1218,15.6,14.9,16.5,false,motriskindex-families-2024-v5
jaguar-f-pace,3-5,70-100k,956,189,19.8,17.4,22.4,false,motriskindex-families-2024-v5
jaguar-f-pace,3-5,100-140k,95,20,21.1,14.1,30.3,true,motriskindex-families-2024-v5
jaguar-f-pace,6-9,<40k,5328,648,12.2,11.3,13.1,false,motriskindex-families-2024-v5
jaguar-f-pace,6-9,40-70k,15643,2526,16.1,15.6,16.7,false,motriskindex-families-2024-v5
jaguar-f-pace,6-9,70-100k,7576,1370,18.1,17.2,19.0,false,motriskindex-families-2024-v5
jaguar-f-pace,6-9,100-140k,1597,334,20.9,19.0,23.0,false,motriskindex-families-2024-v5
jaguar-f-pace,6-9,140k+,159,53,33.3,26.5,41.0,true,motriskindex-families-2024-v5
jaguar-f-type,3-5,<40k,3469,312,9.0,8.1,10.0,false,motriskindex-families-2024-v5
jaguar-f-type,3-5,40-70k,186,25,13.4,9.3,19.1,true,motriskindex-families-2024-v5
jaguar-f-type,6-9,<40k,5600,447,8.0,7.3,8.7,false,motriskindex-families-2024-v5
jaguar-f-type,6-9,40-70k,2017,228,11.3,10.0,12.8,false,motriskindex-families-2024-v5
jaguar-f-type,6-9,70-100k,258,36,14.0,10.3,18.7,true,motriskindex-families-2024-v5
jaguar-f-type,10-14,<40k,1596,129,8.1,6.8,9.5,false,motriskindex-families-2024-v5
jaguar-f-type,10-14,40-70k,1286,158,12.3,10.6,14.2,false,motriskindex-families-2024-v5
jaguar-f-type,10-14,70-100k,268,47,17.5,13.5,22.5,true,motriskindex-families-2024-v5
jaguar-i-pace,3-5,<40k,11797,827,7.0,6.6,7.5,false,motriskindex-families-2024-v5
jaguar-i-pace,3-5,40-70k,4747,445,9.4,8.6,10.2,false,motriskindex-families-2024-v5
jaguar-i-pace,3-5,70-100k,466,54,11.6,9.0,14.8,true,motriskindex-families-2024-v5
jaguar-i-pace,3-5,100-140k,56,8,14.3,7.4,25.7,true,motriskindex-families-2024-v5
jaguar-i-pace,6-9,<40k,404,46,11.4,8.6,14.9,true,motriskindex-families-2024-v5
jaguar-i-pace,6-9,40-70k,272,27,9.9,6.9,14.1,true,motriskindex-families-2024-v5
jaguar-i-pace,6-9,70-100k,51,13,25.5,15.5,38.9,true,motriskindex-families-2024-v5
jaguar-s-type,15+,<40k,564,147,26.1,22.6,29.8,false,motriskindex-families-2024-v5
jaguar-s-type,15+,40-70k,2182,705,32.3,30.4,34.3,false,motriskindex-families-2024-v5
jaguar-s-type,15+,70-100k,3727,1419,38.1,36.5,39.6,false,motriskindex-families-2024-v5
jaguar-s-type,15+,100-140k,3317,1344,40.5,38.9,42.2,false,motriskindex-families-2024-v5
jaguar-s-type,15+,140k+,1052,506,48.1,45.1,51.1,false,motriskindex-families-2024-v5
jaguar-x-type,15+,<40k,879,174,19.8,17.3,22.6,false,motriskindex-families-2024-v5
jaguar-x-type,15+,40-70k,3794,1188,31.3,29.9,32.8,false,motriskindex-families-2024-v5
jaguar-x-type,15+,70-100k,6913,2691,38.9,37.8,40.1,false,motriskindex-families-2024-v5
jaguar-x-type,15+,100-140k,8216,3800,46.3,45.2,47.3,false,motriskindex-families-2024-v5
jaguar-x-type,15+,140k+,4376,2255,51.5,50.0,53.0,false,motriskindex-families-2024-v5
jaguar-xe,3-5,<40k,4755,707,14.9,13.9,15.9,false,motriskindex-families-2024-v5
jaguar-xe,3-5,40-70k,2057,379,18.4,16.8,20.2,false,motriskindex-families-2024-v5
jaguar-xe,3-5,70-100k,411,102,24.8,20.9,29.2,true,motriskindex-families-2024-v5
jaguar-xe,3-5,100-140k,63,13,20.6,12.5,32.2,true,motriskindex-families-2024-v5
jaguar-xe,6-9,<40k,7767,1011,13.0,12.3,13.8,false,motriskindex-families-2024-v5
jaguar-xe,6-9,40-70k,15204,2876,18.9,18.3,19.5,false,motriskindex-families-2024-v5
jaguar-xe,6-9,70-100k,9371,2200,23.5,22.6,24.3,false,motriskindex-families-2024-v5
jaguar-xe,6-9,100-140k,3761,928,24.7,23.3,26.1,false,motriskindex-families-2024-v5
jaguar-xe,6-9,140k+,524,129,24.6,21.1,28.5,false,motriskindex-families-2024-v5
jaguar-xf,3-5,<40k,3431,420,12.2,11.2,13.4,false,motriskindex-families-2024-v5
jaguar-xf,3-5,40-70k,1656,263,15.9,14.2,17.7,false,motriskindex-families-2024-v5
jaguar-xf,3-5,70-100k,277,61,22.0,17.5,27.3,true,motriskindex-families-2024-v5
jaguar-xf,3-5,100-140k,59,13,22.0,13.4,34.1,true,motriskindex-families-2024-v5
jaguar-xf,6-9,<40k,5510,606,11.0,10.2,11.9,false,motriskindex-families-2024-v5
jaguar-xf,6-9,40-70k,12670,2069,16.3,15.7,17.0,false,motriskindex-families-2024-v5
jaguar-xf,6-9,70-100k,8677,1816,20.9,20.1,21.8,false,motriskindex-families-2024-v5
jaguar-xf,6-9,100-140k,3553,845,23.8,22.4,25.2,false,motriskindex-families-2024-v5
jaguar-xf,6-9,140k+,675,168,24.9,21.8,28.3,false,motriskindex-families-2024-v5
jaguar-xf,10-14,<40k,1840,262,14.2,12.7,15.9,false,motriskindex-families-2024-v5
jaguar-xf,10-14,40-70k,10280,2202,21.4,20.6,22.2,false,motriskindex-families-2024-v5
jaguar-xf,10-14,70-100k,16547,4676,28.3,27.6,28.9,false,motriskindex-families-2024-v5
jaguar-xf,10-14,100-140k,15325,5019,32.8,32.0,33.5,false,motriskindex-families-2024-v5
jaguar-xf,10-14,140k+,6138,2229,36.3,35.1,37.5,false,motriskindex-families-2024-v5
jaguar-xf,15+,<40k,200,48,24.0,18.6,30.4,true,motriskindex-families-2024-v5
jaguar-xf,15+,40-70k,1223,336,27.5,25.0,30.0,false,motriskindex-families-2024-v5
jaguar-xf,15+,70-100k,2959,1049,35.5,33.7,37.2,false,motriskindex-families-2024-v5
jaguar-xf,15+,100-140k,4509,1790,39.7,38.3,41.1,false,motriskindex-families-2024-v5
jaguar-xf,15+,140k+,2449,994,40.6,38.7,42.5,false,motriskindex-families-2024-v5
jaguar-xj,3-5,<40k,412,35,8.5,6.2,11.6,true,motriskindex-families-2024-v5
jaguar-xj,3-5,40-70k,137,19,13.9,9.1,20.6,true,motriskindex-families-2024-v5
jaguar-xj,6-9,<40k,1049,97,9.2,7.6,11.2,false,motriskindex-families-2024-v5
jaguar-xj,6-9,40-70k,1568,223,14.2,12.6,16.0,false,motriskindex-families-2024-v5
jaguar-xj,6-9,70-100k,757,137,18.1,15.5,21.0,false,motriskindex-families-2024-v5
jaguar-xj,6-9,100-140k,270,51,18.9,14.7,24.0,true,motriskindex-families-2024-v5
jaguar-xj,6-9,140k+,76,18,23.7,15.5,34.4,true,motriskindex-families-2024-v5
jaguar-xj,10-14,<40k,341,42,12.3,9.2,16.2,true,motriskindex-families-2024-v5
jaguar-xj,10-14,40-70k,1295,239,18.5,16.4,20.7,false,motriskindex-families-2024-v5
jaguar-xj,10-14,70-100k,1910,418,21.9,20.1,23.8,false,motriskindex-families-2024-v5
jaguar-xj,10-14,100-140k,1762,459,26.0,24.1,28.1,false,motriskindex-families-2024-v5
jaguar-xj,10-14,140k+,703,205,29.2,25.9,32.6,false,motriskindex-families-2024-v5
jaguar-xj,15+,<40k,576,95,16.5,13.7,19.7,false,motriskindex-families-2024-v5
jaguar-xj,15+,40-70k,1953,436,22.3,20.5,24.2,false,motriskindex-families-2024-v5
jaguar-xj,15+,70-100k,3251,936,28.8,27.3,30.4,false,motriskindex-families-2024-v5
jaguar-xj,15+,100-140k,3619,1159,32.0,30.5,33.6,false,motriskindex-families-2024-v5
jaguar-xj,15+,140k+,1871,660,35.3,33.1,37.5,false,motriskindex-families-2024-v5
jaguar-xjs,15+,<40k,52,4,7.7,3.0,18.2,true,motriskindex-families-2024-v5
jaguar-xjs,15+,40-70k,104,21,20.2,13.6,28.9,true,motriskindex-families-2024-v5
jaguar-xjs,15+,70-100k,86,27,31.4,22.6,41.8,true,motriskindex-families-2024-v5
jaguar-xk,10-14,<40k,1899,223,11.7,10.4,13.3,false,motriskindex-families-2024-v5
jaguar-xk,10-14,40-70k,2393,377,15.8,14.3,17.3,false,motriskindex-families-2024-v5
jaguar-xk,10-14,70-100k,938,203,21.6,19.1,24.4,false,motriskindex-families-2024-v5
jaguar-xk,10-14,100-140k,255,75,29.4,24.2,35.3,true,motriskindex-families-2024-v5
jaguar-xk,15+,<40k,1783,295,16.5,14.9,18.3,false,motriskindex-families-2024-v5
jaguar-xk,15+,40-70k,4492,1015,22.6,21.4,23.8,false,motriskindex-families-2024-v5
jaguar-xk,15+,70-100k,4681,1252,26.7,25.5,28.0,false,motriskindex-families-2024-v5
jaguar-xk,15+,100-140k,2719,910,33.5,31.7,35.3,false,motriskindex-families-2024-v5
jaguar-xk,15+,140k+,586,224,38.2,34.4,42.2,false,motriskindex-families-2024-v5
jeep-cherokee,6-9,<40k,498,64,12.9,10.2,16.1,true,motriskindex-families-2024-v5
jeep-cherokee,6-9,40-70k,1801,393,21.8,20.0,23.8,false,motriskindex-families-2024-v5
jeep-cherokee,6-9,70-100k,1464,415,28.3,26.1,30.7,false,motriskindex-families-2024-v5
jeep-cherokee,6-9,100-140k,501,154,30.7,26.9,34.9,false,motriskindex-families-2024-v5
jeep-cherokee,6-9,140k+,59,31,52.5,40.0,64.7,true,motriskindex-families-2024-v5
jeep-cherokee,10-14,<40k,55,13,23.6,14.4,36.3,true,motriskindex-families-2024-v5
jeep-cherokee,10-14,40-70k,355,94,26.5,22.2,31.3,true,motriskindex-families-2024-v5
jeep-cherokee,10-14,70-100k,589,176,29.9,26.3,33.7,false,motriskindex-families-2024-v5
jeep-cherokee,10-14,100-140k,284,111,39.1,33.6,44.9,true,motriskindex-families-2024-v5
jeep-cherokee,15+,40-70k,350,128,36.6,31.7,41.7,true,motriskindex-families-2024-v5
jeep-cherokee,15+,70-100k,1063,405,38.1,35.2,41.1,false,motriskindex-families-2024-v5
jeep-cherokee,15+,100-140k,1655,739,44.7,42.3,47.1,false,motriskindex-families-2024-v5
jeep-cherokee,15+,140k+,679,327,48.2,44.4,51.9,false,motriskindex-families-2024-v5
jeep-compass,3-5,<40k,4703,756,16.1,15.1,17.2,false,motriskindex-families-2024-v5
jeep-compass,3-5,40-70k,1585,368,23.2,21.2,25.4,false,motriskindex-families-2024-v5
jeep-compass,3-5,70-100k,108,30,27.8,20.2,36.9,true,motriskindex-families-2024-v5
jeep-compass,6-9,<40k,981,155,15.8,13.7,18.2,false,motriskindex-families-2024-v5
jeep-compass,6-9,40-70k,1229,343,27.9,25.5,30.5,false,motriskindex-families-2024-v5
jeep-compass,6-9,70-100k,169,54,32.0,25.4,39.3,true,motriskindex-families-2024-v5
jeep-compass,10-14,<40k,140,32,22.9,16.7,30.5,true,motriskindex-families-2024-v5
jeep-compass,10-14,40-70k,624,206,33.0,29.4,36.8,false,motriskindex-families-2024-v5
jeep-compass,10-14,70-100k,946,415,43.9,40.7,47.0,false,motriskindex-families-2024-v5
jeep-compass,10-14,100-140k,524,234,44.7,40.5,48.9,false,motriskindex-families-2024-v5
jeep-compass,10-14,140k+,62,31,50.0,37.9,62.1,true,motriskindex-families-2024-v5
jeep-g-cherokee,10-14,70-100k,98,33,33.7,25.1,43.5,true,motriskindex-families-2024-v5
jeep-g-cherokee,10-14,100-140k,154,55,35.7,28.6,43.5,true,motriskindex-families-2024-v5
jeep-g-cherokee,10-14,140k+,59,28,47.5,35.3,60.0,true,motriskindex-families-2024-v5
jeep-g-cherokee,15+,40-70k,56,10,17.9,10.0,29.8,true,motriskindex-families-2024-v5
jeep-g-cherokee,15+,70-100k,239,78,32.6,27.0,38.8,true,motriskindex-families-2024-v5
jeep-g-cherokee,15+,100-140k,533,192,36.0,32.1,40.2,false,motriskindex-families-2024-v5
jeep-g-cherokee,15+,140k+,332,124,37.3,32.3,42.7,true,motriskindex-families-2024-v5
jeep-grand-cherokee,3-5,<40k,210,27,12.9,9.0,18.1,true,motriskindex-families-2024-v5
jeep-grand-cherokee,3-5,40-70k,91,17,18.7,12.0,27.9,true,motriskindex-families-2024-v5
jeep-grand-cherokee,6-9,<40k,509,49,9.6,7.4,12.5,false,motriskindex-families-2024-v5
jeep-grand-cherokee,6-9,40-70k,1592,263,16.5,14.8,18.4,false,motriskindex-families-2024-v5
jeep-grand-cherokee,6-9,70-100k,1124,238,21.2,18.9,23.7,false,motriskindex-families-2024-v5
jeep-grand-cherokee,6-9,100-140k,410,100,24.4,20.5,28.8,true,motriskindex-families-2024-v5
jeep-grand-cherokee,10-14,<40k,106,7,6.6,3.2,13.0,true,motriskindex-families-2024-v5
jeep-grand-cherokee,10-14,40-70k,695,124,17.8,15.2,20.9,false,motriskindex-families-2024-v5
jeep-grand-cherokee,10-14,70-100k,1249,301,24.1,21.8,26.5,false,motriskindex-families-2024-v5
jeep-grand-cherokee,10-14,100-140k,917,269,29.3,26.5,32.4,false,motriskindex-families-2024-v5
jeep-grand-cherokee,10-14,140k+,198,59,29.8,23.9,36.5,true,motriskindex-families-2024-v5
jeep-grand-cherokee,15+,40-70k,221,66,29.9,24.2,36.2,true,motriskindex-families-2024-v5
jeep-grand-cherokee,15+,70-100k,565,200,35.4,31.6,39.4,false,motriskindex-families-2024-v5
jeep-grand-cherokee,15+,100-140k,1073,390,36.3,33.5,39.3,false,motriskindex-families-2024-v5
jeep-grand-cherokee,15+,140k+,616,250,40.6,36.8,44.5,false,motriskindex-families-2024-v5
jeep-patriot,10-14,40-70k,109,54,49.5,40.3,58.8,true,motriskindex-families-2024-v5
jeep-patriot,10-14,70-100k,218,115,52.8,46.1,59.3,true,motriskindex-families-2024-v5
jeep-patriot,10-14,100-140k,244,130,53.3,47.0,59.4,true,motriskindex-families-2024-v5
jeep-patriot,15+,40-70k,58,28,48.3,35.9,60.8,true,motriskindex-families-2024-v5
jeep-patriot,15+,70-100k,236,122,51.7,45.3,58.0,true,motriskindex-families-2024-v5
jeep-patriot,15+,100-140k,380,176,46.3,41.4,51.3,true,motriskindex-families-2024-v5
jeep-patriot,15+,140k+,104,50,48.1,38.7,57.6,true,motriskindex-families-2024-v5
jeep-renegade,3-5,<40k,4847,477,9.8,9.0,10.7,false,motriskindex-families-2024-v5
jeep-renegade,3-5,40-70k,1006,168,16.7,14.5,19.1,false,motriskindex-families-2024-v5
jeep-renegade,3-5,70-100k,56,14,25.0,15.5,37.7,true,motriskindex-families-2024-v5
jeep-renegade,6-9,<40k,4184,654,15.6,14.6,16.8,false,motriskindex-families-2024-v5
jeep-renegade,6-9,40-70k,11182,3009,26.9,26.1,27.7,false,motriskindex-families-2024-v5
jeep-renegade,6-9,70-100k,5971,2106,35.3,34.1,36.5,false,motriskindex-families-2024-v5
jeep-renegade,6-9,100-140k,1400,587,41.9,39.4,44.5,false,motriskindex-families-2024-v5
jeep-renegade,6-9,140k+,141,63,44.7,36.7,52.9,true,motriskindex-families-2024-v5
jeep-wrangler,3-5,<40k,1502,132,8.8,7.5,10.3,false,motriskindex-families-2024-v5
jeep-wrangler,3-5,40-70k,371,51,13.7,10.6,17.6,true,motriskindex-families-2024-v5
jeep-wrangler,6-9,<40k,595,116,19.5,16.5,22.9,false,motriskindex-families-2024-v5
jeep-wrangler,6-9,40-70k,622,151,24.3,21.1,27.8,false,motriskindex-families-2024-v5
jeep-wrangler,6-9,70-100k,200,68,34.0,27.8,40.8,true,motriskindex-families-2024-v5
jeep-wrangler,6-9,100-140k,57,21,36.8,25.5,49.8,true,motriskindex-families-2024-v5
jeep-wrangler,10-14,<40k,125,32,25.6,18.8,33.9,true,motriskindex-families-2024-v5
jeep-wrangler,10-14,40-70k,388,121,31.2,26.8,36.0,true,motriskindex-families-2024-v5
jeep-wrangler,10-14,70-100k,351,128,36.5,31.6,41.6,true,motriskindex-families-2024-v5
jeep-wrangler,10-14,100-140k,160,71,44.4,36.9,52.1,true,motriskindex-families-2024-v5
jeep-wrangler,15+,<40k,126,31,24.6,17.9,32.8,true,motriskindex-families-2024-v5
jeep-wrangler,15+,40-70k,453,126,27.8,23.9,32.1,true,motriskindex-families-2024-v5
jeep-wrangler,15+,70-100k,539,201,37.3,33.3,41.5,false,motriskindex-families-2024-v5
jeep-wrangler,15+,100-140k,366,155,42.3,37.4,47.5,true,motriskindex-families-2024-v5
jeep-wrangler,15+,140k+,116,48,41.4,32.8,50.5,true,motriskindex-families-2024-v5
kia-carens,6-9,<40k,1186,228,19.2,17.1,21.6,false,motriskindex-families-2024-v5
kia-carens,6-9,40-70k,3347,920,27.5,26.0,29.0,false,motriskindex-families-2024-v5
kia-carens,6-9,70-100k,2025,716,35.4,33.3,37.5,false,motriskindex-families-2024-v5
kia-carens,6-9,100-140k,673,261,38.8,35.2,42.5,false,motriskindex-families-2024-v5
kia-carens,6-9,140k+,180,67,37.2,30.5,44.5,true,motriskindex-families-2024-v5
kia-carens,10-14,<40k,165,38,23.0,17.3,30.0,true,motriskindex-families-2024-v5
kia-carens,10-14,40-70k,967,283,29.3,26.5,32.2,false,motriskindex-families-2024-v5
kia-carens,10-14,70-100k,1749,655,37.4,35.2,39.7,false,motriskindex-families-2024-v5
kia-carens,10-14,100-140k,1159,528,45.6,42.7,48.4,false,motriskindex-families-2024-v5
kia-carens,10-14,140k+,273,124,45.4,39.6,51.4,true,motriskindex-families-2024-v5
kia-carens,15+,<40k,82,26,31.7,22.6,42.4,true,motriskindex-families-2024-v5
kia-carens,15+,40-70k,478,205,42.9,38.5,47.4,true,motriskindex-families-2024-v5
kia-carens,15+,70-100k,1020,562,55.1,52.0,58.1,false,motriskindex-families-2024-v5
kia-carens,15+,100-140k,1057,564,53.4,50.3,56.3,false,motriskindex-families-2024-v5
kia-carens,15+,140k+,281,156,55.5,49.7,61.2,true,motriskindex-families-2024-v5
kia-ceed,3-5,<40k,11909,1717,14.4,13.8,15.1,false,motriskindex-families-2024-v5
kia-ceed,3-5,40-70k,6127,1231,20.1,19.1,21.1,false,motriskindex-families-2024-v5
kia-ceed,3-5,70-100k,1146,262,22.9,20.5,25.4,false,motriskindex-families-2024-v5
kia-ceed,3-5,100-140k,352,74,21.0,17.1,25.6,true,motriskindex-families-2024-v5
kia-ceed,3-5,140k+,67,18,26.9,17.7,38.5,true,motriskindex-families-2024-v5
kia-ceed,6-9,<40k,7603,1137,15.0,14.2,15.8,false,motriskindex-families-2024-v5
kia-ceed,6-9,40-70k,17002,3691,21.7,21.1,22.3,false,motriskindex-families-2024-v5
kia-ceed,6-9,70-100k,9922,2735,27.6,26.7,28.5,false,motriskindex-families-2024-v5
kia-ceed,6-9,100-140k,3434,1105,32.2,30.6,33.8,false,motriskindex-families-2024-v5
kia-ceed,6-9,140k+,808,281,34.8,31.6,38.1,false,motriskindex-families-2024-v5
kia-ceed,10-14,<40k,2344,536,22.9,21.2,24.6,false,motriskindex-families-2024-v5
kia-ceed,10-14,40-70k,10458,3496,33.4,32.5,34.3,false,motriskindex-families-2024-v5
kia-ceed,10-14,70-100k,16625,7137,42.9,42.2,43.7,false,motriskindex-families-2024-v5
kia-ceed,10-14,100-140k,14328,7012,48.9,48.1,49.8,false,motriskindex-families-2024-v5
kia-ceed,10-14,140k+,4805,2465,51.3,49.9,52.7,false,motriskindex-families-2024-v5
kia-ceed,15+,<40k,487,128,26.3,22.6,30.4,true,motriskindex-families-2024-v5
kia-ceed,15+,40-70k,2126,783,36.8,34.8,38.9,false,motriskindex-families-2024-v5
kia-ceed,15+,70-100k,4140,2006,48.5,46.9,50.0,false,motriskindex-families-2024-v5
kia-ceed,15+,100-140k,4989,2739,54.9,53.5,56.3,false,motriskindex-families-2024-v5
kia-ceed,15+,140k+,2131,1240,58.2,56.1,60.3,false,motriskindex-families-2024-v5
kia-ev6,3-5,<40k,708,51,7.2,5.5,9.3,false,motriskindex-families-2024-v5
kia-ev6,3-5,40-70k,110,10,9.1,5.0,15.9,true,motriskindex-families-2024-v5
kia-niro,3-5,<40k,35790,3759,10.5,10.2,10.8,false,motriskindex-families-2024-v5
kia-niro,3-5,40-70k,14225,2015,14.2,13.6,14.7,false,motriskindex-families-2024-v5
kia-niro,3-5,70-100k,4641,601,12.9,12.0,13.9,false,motriskindex-families-2024-v5
kia-niro,3-5,100-140k,2266,337,14.9,13.5,16.4,false,motriskindex-families-2024-v5
kia-niro,3-5,140k+,903,149,16.5,14.2,19.1,false,motriskindex-families-2024-v5
kia-niro,6-9,<40k,3297,429,13.0,11.9,14.2,false,motriskindex-families-2024-v5
kia-niro,6-9,40-70k,5295,786,14.8,13.9,15.8,false,motriskindex-families-2024-v5
kia-niro,6-9,70-100k,2323,396,17.0,15.6,18.6,false,motriskindex-families-2024-v5
kia-niro,6-9,100-140k,1247,196,15.7,13.8,17.8,false,motriskindex-families-2024-v5
kia-niro,6-9,140k+,1110,185,16.7,14.6,19.0,false,motriskindex-families-2024-v5
kia-optima,3-5,<40k,417,71,17.0,13.7,20.9,true,motriskindex-families-2024-v5
kia-optima,3-5,40-70k,855,134,15.7,13.4,18.3,false,motriskindex-families-2024-v5
kia-optima,3-5,70-100k,369,80,21.7,17.8,26.2,true,motriskindex-families-2024-v5
kia-optima,3-5,100-140k,157,33,21.0,15.4,28.0,true,motriskindex-families-2024-v5
kia-optima,6-9,<40k,684,92,13.5,11.1,16.2,false,motriskindex-families-2024-v5
kia-optima,6-9,40-70k,3178,526,16.6,15.3,17.9,false,motriskindex-families-2024-v5
kia-optima,6-9,70-100k,2504,505,20.2,18.6,21.8,false,motriskindex-families-2024-v5
kia-optima,6-9,100-140k,1074,247,23.0,20.6,25.6,false,motriskindex-families-2024-v5
kia-optima,6-9,140k+,427,100,23.4,19.7,27.7,true,motriskindex-families-2024-v5
kia-optima,10-14,<40k,65,9,13.8,7.5,24.3,true,motriskindex-families-2024-v5
kia-optima,10-14,40-70k,303,88,29.0,24.2,34.4,true,motriskindex-families-2024-v5
kia-optima,10-14,70-100k,572,207,36.2,32.4,40.2,false,motriskindex-families-2024-v5
kia-optima,10-14,100-140k,490,207,42.2,37.9,46.7,true,motriskindex-families-2024-v5
kia-optima,10-14,140k+,164,60,36.6,29.6,44.2,true,motriskindex-families-2024-v5
kia-picanto,3-5,<40k,34044,4254,12.5,12.1,12.9,false,motriskindex-families-2024-v5
kia-picanto,3-5,40-70k,3039,704,23.2,21.7,24.7,false,motriskindex-families-2024-v5
kia-picanto,3-5,70-100k,250,93,37.2,31.4,43.3,true,motriskindex-families-2024-v5
kia-picanto,6-9,<40k,34184,5691,16.6,16.3,17.0,false,motriskindex-families-2024-v5
kia-picanto,6-9,40-70k,17557,4740,27.0,26.3,27.7,false,motriskindex-families-2024-v5
kia-picanto,6-9,70-100k,3593,1227,34.1,32.6,35.7,false,motriskindex-families-2024-v5
kia-picanto,6-9,100-140k,513,216,42.1,37.9,46.4,false,motriskindex-families-2024-v5
kia-picanto,6-9,140k+,64,26,40.6,29.5,52.9,true,motriskindex-families-2024-v5
kia-picanto,10-14,<40k,16502,3940,23.9,23.2,24.5,false,motriskindex-families-2024-v5
kia-picanto,10-14,40-70k,26471,9990,37.7,37.2,38.3,false,motriskindex-families-2024-v5
kia-picanto,10-14,70-100k,15602,7255,46.5,45.7,47.3,false,motriskindex-families-2024-v5
kia-picanto,10-14,100-140k,4855,2498,51.5,50.0,52.9,false,motriskindex-families-2024-v5
kia-picanto,10-14,140k+,533,310,58.2,53.9,62.3,false,motriskindex-families-2024-v5
kia-picanto,15+,<40k,4714,1432,30.4,29.1,31.7,false,motriskindex-families-2024-v5
kia-picanto,15+,40-70k,10232,4580,44.8,43.8,45.7,false,motriskindex-families-2024-v5
kia-picanto,15+,70-100k,8615,4601,53.4,52.4,54.5,false,motriskindex-families-2024-v5
kia-picanto,15+,100-140k,3617,2061,57.0,55.4,58.6,false,motriskindex-families-2024-v5
kia-picanto,15+,140k+,440,262,59.5,54.9,64.0,true,motriskindex-families-2024-v5
kia-proceed,3-5,<40k,2721,390,14.3,13.1,15.7,false,motriskindex-families-2024-v5
kia-proceed,3-5,40-70k,1284,234,18.2,16.2,20.4,false,motriskindex-families-2024-v5
kia-proceed,3-5,70-100k,250,51,20.4,15.9,25.8,true,motriskindex-families-2024-v5
kia-proceed,10-14,<40k,54,12,22.2,13.2,34.9,true,motriskindex-families-2024-v5
kia-proceed,10-14,40-70k,250,83,33.2,27.7,39.3,true,motriskindex-families-2024-v5
kia-proceed,10-14,70-100k,428,197,46.0,41.4,50.8,true,motriskindex-families-2024-v5
kia-proceed,10-14,100-140k,348,173,49.7,44.5,54.9,true,motriskindex-families-2024-v5
kia-proceed,10-14,140k+,110,66,60.0,50.7,68.7,true,motriskindex-families-2024-v5
kia-proceed,15+,70-100k,93,48,51.6,41.6,61.5,true,motriskindex-families-2024-v5
kia-proceed,15+,100-140k,112,65,58.0,48.8,66.8,true,motriskindex-families-2024-v5
kia-proceed,15+,140k+,55,28,50.9,38.1,63.6,true,motriskindex-families-2024-v5
kia-rio,3-5,<40k,9943,1135,11.4,10.8,12.1,false,motriskindex-families-2024-v5
kia-rio,3-5,40-70k,1804,348,19.3,17.5,21.2,false,motriskindex-families-2024-v5
kia-rio,3-5,70-100k,161,46,28.6,22.2,36.0,true,motriskindex-families-2024-v5
kia-rio,6-9,<40k,12017,1685,14.0,13.4,14.7,false,motriskindex-families-2024-v5
kia-rio,6-9,40-70k,15239,3274,21.5,20.8,22.1,false,motriskindex-families-2024-v5
kia-rio,6-9,70-100k,5419,1605,29.6,28.4,30.8,false,motriskindex-families-2024-v5
kia-rio,6-9,100-140k,1137,395,34.7,32.0,37.6,false,motriskindex-families-2024-v5
kia-rio,6-9,140k+,152,62,40.8,33.3,48.7,true,motriskindex-families-2024-v5
kia-rio,10-14,<40k,4555,1068,23.4,22.2,24.7,false,motriskindex-families-2024-v5
kia-rio,10-14,40-70k,13994,4936,35.3,34.5,36.1,false,motriskindex-families-2024-v5
kia-rio,10-14,70-100k,14818,6333,42.7,41.9,43.5,false,motriskindex-families-2024-v5
kia-rio,10-14,100-140k,7771,3785,48.7,47.6,49.8,false,motriskindex-families-2024-v5
kia-rio,10-14,140k+,1628,833,51.2,48.7,53.6,false,motriskindex-families-2024-v5
kia-rio,15+,<40k,891,285,32.0,29.0,35.1,false,motriskindex-families-2024-v5
kia-rio,15+,40-70k,2708,1171,43.2,41.4,45.1,false,motriskindex-families-2024-v5
kia-rio,15+,70-100k,3187,1605,50.4,48.6,52.1,false,motriskindex-families-2024-v5
kia-rio,15+,100-140k,2344,1292,55.1,53.1,57.1,false,motriskindex-families-2024-v5
kia-rio,15+,140k+,697,395,56.7,53.0,60.3,false,motriskindex-families-2024-v5
kia-sedona,10-14,<40k,157,44,28.0,21.6,35.5,true,motriskindex-families-2024-v5
kia-sedona,10-14,40-70k,443,146,33.0,28.7,37.5,true,motriskindex-families-2024-v5
kia-sedona,10-14,70-100k,482,197,40.9,36.6,45.3,true,motriskindex-families-2024-v5
kia-sedona,10-14,100-140k,452,207,45.8,41.3,50.4,true,motriskindex-families-2024-v5
kia-sedona,10-14,140k+,159,83,52.2,44.5,59.8,true,motriskindex-families-2024-v5
kia-sedona,15+,<40k,81,24,29.6,20.8,40.3,true,motriskindex-families-2024-v5
kia-sedona,15+,40-70k,469,181,38.6,34.3,43.1,true,motriskindex-families-2024-v5
kia-sedona,15+,70-100k,1009,475,47.1,44.0,50.2,false,motriskindex-families-2024-v5
kia-sedona,15+,100-140k,1350,717,53.1,50.4,55.8,false,motriskindex-families-2024-v5
kia-sedona,15+,140k+,475,240,50.5,46.0,55.0,true,motriskindex-families-2024-v5
kia-sorento,3-5,<40k,4087,537,13.1,12.1,14.2,false,motriskindex-families-2024-v5
kia-sorento,3-5,40-70k,1981,345,17.4,15.8,19.1,false,motriskindex-families-2024-v5
kia-sorento,3-5,70-100k,216,36,16.7,12.3,22.2,true,motriskindex-families-2024-v5
kia-sorento,6-9,<40k,1672,213,12.7,11.2,14.4,false,motriskindex-families-2024-v5
kia-sorento,6-9,40-70k,5824,1121,19.2,18.3,20.3,false,motriskindex-families-2024-v5
kia-sorento,6-9,70-100k,3988,1011,25.4,24.0,26.7,false,motriskindex-families-2024-v5
kia-sorento,6-9,100-140k,1284,396,30.8,28.4,33.4,false,motriskindex-families-2024-v5
kia-sorento,6-9,140k+,180,75,41.7,34.7,49.0,true,motriskindex-families-2024-v5
kia-sorento,10-14,<40k,232,43,18.5,14.1,24.0,true,motriskindex-families-2024-v5
kia-sorento,10-14,40-70k,1646,439,26.7,24.6,28.9,false,motriskindex-families-2024-v5
kia-sorento,10-14,70-100k,3466,1238,35.7,34.1,37.3,false,motriskindex-families-2024-v5
kia-sorento,10-14,100-140k,3784,1665,44.0,42.4,45.6,false,motriskindex-families-2024-v5
kia-sorento,10-14,140k+,1121,541,48.3,45.3,51.2,false,motriskindex-families-2024-v5
kia-sorento,15+,<40k,56,11,19.6,11.3,31.8,true,motriskindex-families-2024-v5
kia-sorento,15+,40-70k,536,183,34.1,30.3,38.3,false,motriskindex-families-2024-v5
kia-sorento,15+,70-100k,1738,757,43.6,41.2,45.9,false,motriskindex-families-2024-v5
kia-sorento,15+,100-140k,3136,1581,50.4,48.7,52.2,false,motriskindex-families-2024-v5
kia-sorento,15+,140k+,1140,585,51.3,48.4,54.2,false,motriskindex-families-2024-v5
kia-soul,3-5,<40k,1979,196,9.9,8.7,11.3,false,motriskindex-families-2024-v5
kia-soul,3-5,40-70k,338,59,17.5,13.8,21.9,true,motriskindex-families-2024-v5
kia-soul,6-9,<40k,3352,406,12.1,11.1,13.3,false,motriskindex-families-2024-v5
kia-soul,6-9,40-70k,3486,641,18.4,17.1,19.7,false,motriskindex-families-2024-v5
kia-soul,6-9,70-100k,1256,325,25.9,23.5,28.4,false,motriskindex-families-2024-v5
kia-soul,6-9,100-140k,263,91,34.6,29.1,40.5,true,motriskindex-families-2024-v5
kia-soul,10-14,<40k,1037,205,19.8,17.5,22.3,false,motriskindex-families-2024-v5
kia-soul,10-14,40-70k,3545,1164,32.8,31.3,34.4,false,motriskindex-families-2024-v5
kia-soul,10-14,70-100k,4048,1607,39.7,38.2,41.2,false,motriskindex-families-2024-v5
kia-soul,10-14,100-140k,2526,1230,48.7,46.7,50.6,false,motriskindex-families-2024-v5
kia-soul,10-14,140k+,510,256,50.2,45.9,54.5,false,motriskindex-families-2024-v5
kia-soul,15+,<40k,73,15,20.5,12.9,31.2,true,motriskindex-families-2024-v5
kia-soul,15+,40-70k,344,130,37.8,32.8,43.0,true,motriskindex-families-2024-v5
kia-soul,15+,70-100k,749,343,45.8,42.3,49.4,false,motriskindex-families-2024-v5
kia-soul,15+,100-140k,715,355,49.7,46.0,53.3,false,motriskindex-families-2024-v5
kia-soul,15+,140k+,222,125,56.3,49.7,62.7,true,motriskindex-families-2024-v5
kia-sportage,3-5,<40k,43618,6454,14.8,14.5,15.1,false,motriskindex-families-2024-v5
kia-sportage,3-5,40-70k,15826,3089,19.5,18.9,20.1,false,motriskindex-families-2024-v5
kia-sportage,3-5,70-100k,1365,272,19.9,17.9,22.1,false,motriskindex-families-2024-v5
kia-sportage,3-5,100-140k,173,38,22.0,16.4,28.7,true,motriskindex-families-2024-v5
kia-sportage,6-9,<40k,23068,3128,13.6,13.1,14.0,false,motriskindex-families-2024-v5
kia-sportage,6-9,40-70k,65700,12986,19.8,19.5,20.1,false,motriskindex-families-2024-v5
kia-sportage,6-9,70-100k,31873,8678,27.2,26.7,27.7,false,motriskindex-families-2024-v5
kia-sportage,6-9,100-140k,6633,2107,31.8,30.7,32.9,false,motriskindex-families-2024-v5
kia-sportage,6-9,140k+,706,255,36.1,32.7,39.7,false,motriskindex-families-2024-v5
kia-sportage,10-14,<40k,1745,285,16.3,14.7,18.1,false,motriskindex-families-2024-v5
kia-sportage,10-14,40-70k,12192,3197,26.2,25.4,27.0,false,motriskindex-families-2024-v5
kia-sportage,10-14,70-100k,24785,8883,35.8,35.2,36.4,false,motriskindex-families-2024-v5
kia-sportage,10-14,100-140k,18272,7822,42.8,42.1,43.5,false,motriskindex-families-2024-v5
kia-sportage,10-14,140k+,3716,1693,45.6,44.0,47.2,false,motriskindex-families-2024-v5
kia-sportage,15+,<40k,112,34,30.4,22.6,39.4,true,motriskindex-families-2024-v5
kia-sportage,15+,40-70k,732,289,39.5,36.0,43.1,false,motriskindex-families-2024-v5
kia-sportage,15+,70-100k,2196,1016,46.3,44.2,48.4,false,motriskindex-families-2024-v5
kia-sportage,15+,100-140k,3171,1637,51.6,49.9,53.4,false,motriskindex-families-2024-v5
kia-sportage,15+,140k+,975,527,54.1,50.9,57.2,false,motriskindex-families-2024-v5
kia-stinger,3-5,<40k,872,87,10.0,8.2,12.1,false,motriskindex-families-2024-v5
kia-stinger,3-5,40-70k,398,68,17.1,13.7,21.1,true,motriskindex-families-2024-v5
kia-stinger,6-9,<40k,356,44,12.4,9.3,16.2,true,motriskindex-families-2024-v5
kia-stinger,6-9,40-70k,351,50,14.2,11.0,18.3,true,motriskindex-families-2024-v5
kia-stinger,6-9,70-100k,74,15,20.3,12.7,30.8,true,motriskindex-families-2024-v5
kia-stonic,3-5,<40k,15764,1574,10.0,9.5,10.5,false,motriskindex-families-2024-v5
kia-stonic,3-5,40-70k,2967,485,16.3,15.1,17.7,false,motriskindex-families-2024-v5
kia-stonic,3-5,70-100k,174,47,27.0,21.0,34.1,true,motriskindex-families-2024-v5
kia-stonic,6-9,<40k,3646,372,10.2,9.3,11.2,false,motriskindex-families-2024-v5
kia-stonic,6-9,40-70k,3363,573,17.0,15.8,18.3,false,motriskindex-families-2024-v5
kia-stonic,6-9,70-100k,477,124,26.0,22.3,30.1,true,motriskindex-families-2024-v5
kia-stonic,6-9,100-140k,56,16,28.6,18.4,41.5,true,motriskindex-families-2024-v5
kia-venga,3-5,<40k,2419,233,9.6,8.5,10.9,false,motriskindex-families-2024-v5
kia-venga,3-5,40-70k,246,43,17.5,13.2,22.7,true,motriskindex-families-2024-v5
kia-venga,6-9,<40k,11845,1379,11.6,11.1,12.2,false,motriskindex-families-2024-v5
kia-venga,6-9,40-70k,7450,1670,22.4,21.5,23.4,false,motriskindex-families-2024-v5
kia-venga,6-9,70-100k,1796,575,32.0,29.9,34.2,false,motriskindex-families-2024-v5
kia-venga,6-9,100-140k,320,125,39.1,33.9,44.5,true,motriskindex-families-2024-v5
kia-venga,10-14,<40k,3717,742,20.0,18.7,21.3,false,motriskindex-families-2024-v5
kia-venga,10-14,40-70k,9000,3262,36.2,35.3,37.2,false,motriskindex-families-2024-v5
kia-venga,10-14,70-100k,6846,3169,46.3,45.1,47.5,false,motriskindex-families-2024-v5
kia-venga,10-14,100-140k,2943,1586,53.9,52.1,55.7,false,motriskindex-families-2024-v5
kia-venga,10-14,140k+,548,296,54.0,49.8,58.1,false,motriskindex-families-2024-v5
kia-xceed,3-5,<40k,12523,1543,12.3,11.8,12.9,false,motriskindex-families-2024-v5
kia-xceed,3-5,40-70k,2336,395,16.9,15.4,18.5,false,motriskindex-families-2024-v5
kia-xceed,3-5,70-100k,176,38,21.6,16.2,28.2,true,motriskindex-families-2024-v5
land-rover-88,15+,<40k,381,103,27.0,22.8,31.7,true,motriskindex-families-2024-v5
land-rover-88,15+,40-70k,237,62,26.2,21.0,32.1,true,motriskindex-families-2024-v5
land-rover-88,15+,70-100k,251,69,27.5,22.3,33.3,true,motriskindex-families-2024-v5
land-rover-defender,3-5,<40k,9097,673,7.4,6.9,8.0,false,motriskindex-families-2024-v5
land-rover-defender,3-5,40-70k,3345,383,11.4,10.4,12.6,false,motriskindex-families-2024-v5
land-rover-defender,3-5,70-100k,319,43,13.5,10.2,17.7,true,motriskindex-families-2024-v5
land-rover-defender,6-9,<40k,4053,498,12.3,11.3,13.3,false,motriskindex-families-2024-v5
land-rover-defender,6-9,40-70k,2559,609,23.8,22.2,25.5,false,motriskindex-families-2024-v5
land-rover-defender,6-9,70-100k,1099,335,30.5,27.8,33.3,false,motriskindex-families-2024-v5
land-rover-defender,6-9,100-140k,415,135,32.5,28.2,37.2,true,motriskindex-families-2024-v5
land-rover-defender,6-9,140k+,90,22,24.4,16.7,34.2,true,motriskindex-families-2024-v5
land-rover-defender,10-14,<40k,4263,727,17.1,16.0,18.2,false,motriskindex-families-2024-v5
land-rover-defender,10-14,40-70k,7354,1977,26.9,25.9,27.9,false,motriskindex-families-2024-v5
land-rover-defender,10-14,70-100k,5685,1840,32.4,31.2,33.6,false,motriskindex-families-2024-v5
land-rover-defender,10-14,100-140k,3073,1092,35.5,33.9,37.2,false,motriskindex-families-2024-v5
land-rover-defender,10-14,140k+,983,374,38.0,35.1,41.1,false,motriskindex-families-2024-v5
land-rover-defender,15+,<40k,1870,405,21.7,19.8,23.6,false,motriskindex-families-2024-v5
land-rover-defender,15+,40-70k,5206,1505,28.9,27.7,30.2,false,motriskindex-families-2024-v5
land-rover-defender,15+,70-100k,9456,3119,33.0,32.0,33.9,false,motriskindex-families-2024-v5
land-rover-defender,15+,100-140k,12324,4477,36.3,35.5,37.2,false,motriskindex-families-2024-v5
land-rover-defender,15+,140k+,11039,4150,37.6,36.7,38.5,false,motriskindex-families-2024-v5
land-rover-discovery,3-5,<40k,7626,925,12.1,11.4,12.9,false,motriskindex-families-2024-v5
land-rover-discovery,3-5,40-70k,8058,1130,14.0,13.3,14.8,false,motriskindex-families-2024-v5
land-rover-discovery,3-5,70-100k,1877,277,14.8,13.2,16.4,false,motriskindex-families-2024-v5
land-rover-discovery,3-5,100-140k,392,54,13.8,10.7,17.5,true,motriskindex-families-2024-v5
land-rover-discovery,3-5,140k+,80,18,22.5,14.7,32.8,true,motriskindex-families-2024-v5
land-rover-discovery,6-9,<40k,2841,318,11.2,10.1,12.4,false,motriskindex-families-2024-v5
land-rover-discovery,6-9,40-70k,13643,2118,15.5,14.9,16.1,false,motriskindex-families-2024-v5
land-rover-discovery,6-9,70-100k,12928,2514,19.4,18.8,20.1,false,motriskindex-families-2024-v5
land-rover-discovery,6-9,100-140k,6011,1375,22.9,21.8,24.0,false,motriskindex-families-2024-v5
land-rover-discovery,6-9,140k+,1430,344,24.1,21.9,26.3,false,motriskindex-families-2024-v5
land-rover-discovery,10-14,<40k,301,40,13.3,9.9,17.6,true,motriskindex-families-2024-v5
land-rover-discovery,10-14,40-70k,2237,408,18.2,16.7,19.9,false,motriskindex-families-2024-v5
land-rover-discovery,10-14,70-100k,7360,1688,22.9,22.0,23.9,false,motriskindex-families-2024-v5
land-rover-discovery,10-14,100-140k,13826,3915,28.3,27.6,29.1,false,motriskindex-families-2024-v5
land-rover-discovery,10-14,140k+,8878,2818,31.7,30.8,32.7,false,motriskindex-families-2024-v5
land-rover-discovery,15+,<40k,168,31,18.5,13.3,25.0,true,motriskindex-families-2024-v5
land-rover-discovery,15+,40-70k,1054,265,25.1,22.6,27.8,false,motriskindex-families-2024-v5
land-rover-discovery,15+,70-100k,4016,1331,33.1,31.7,34.6,false,motriskindex-families-2024-v5
land-rover-discovery,15+,100-140k,15679,5638,36.0,35.2,36.7,false,motriskindex-families-2024-v5
land-rover-discovery,15+,140k+,33313,12407,37.2,36.7,37.8,false,motriskindex-families-2024-v5
land-rover-discovery-sport,3-5,<40k,22370,3637,16.3,15.8,16.7,false,motriskindex-families-2024-v5
land-rover-discovery-sport,3-5,40-70k,12766,2459,19.3,18.6,20.0,false,motriskindex-families-2024-v5
land-rover-discovery-sport,3-5,70-100k,1326,310,23.4,21.2,25.7,false,motriskindex-families-2024-v5
land-rover-discovery-sport,3-5,100-140k,123,26,21.1,14.9,29.2,true,motriskindex-families-2024-v5
land-rover-discovery-sport,6-9,<40k,9703,1292,13.3,12.7,14.0,false,motriskindex-families-2024-v5
land-rover-discovery-sport,6-9,40-70k,37297,6535,17.5,17.1,17.9,false,motriskindex-families-2024-v5
land-rover-discovery-sport,6-9,70-100k,25183,5356,21.3,20.8,21.8,false,motriskindex-families-2024-v5
land-rover-discovery-sport,6-9,100-140k,6414,1524,23.8,22.7,24.8,false,motriskindex-families-2024-v5
land-rover-discovery-sport,6-9,140k+,645,168,26.0,22.8,29.6,false,motriskindex-families-2024-v5
land-rover-discovry,3-5,<40k,808,130,16.1,13.7,18.8,false,motriskindex-families-2024-v5
land-rover-discovry,3-5,40-70k,323,51,15.8,12.2,20.2,true,motriskindex-families-2024-v5
land-rover-freelander,10-14,<40k,1468,164,11.2,9.7,12.9,false,motriskindex-families-2024-v5
land-rover-freelander,10-14,40-70k,8837,1577,17.8,17.1,18.7,false,motriskindex-families-2024-v5
land-rover-freelander,10-14,70-100k,18774,4470,23.8,23.2,24.4,false,motriskindex-families-2024-v5
land-rover-freelander,10-14,100-140k,22257,7023,31.6,30.9,32.2,false,motriskindex-families-2024-v5
land-rover-freelander,10-14,140k+,10019,3802,37.9,37.0,38.9,false,motriskindex-families-2024-v5
land-rover-freelander,15+,<40k,362,87,24.0,19.9,28.7,true,motriskindex-families-2024-v5
land-rover-freelander,15+,40-70k,2491,694,27.9,26.1,29.7,false,motriskindex-families-2024-v5
land-rover-freelander,15+,70-100k,8549,3214,37.6,36.6,38.6,false,motriskindex-families-2024-v5
land-rover-freelander,15+,100-140k,22853,9679,42.4,41.7,43.0,false,motriskindex-families-2024-v5
land-rover-freelander,15+,140k+,23231,10738,46.2,45.6,46.9,false,motriskindex-families-2024-v5
land-rover-range-rover,3-5,<40k,7291,695,9.5,8.9,10.2,false,motriskindex-families-2024-v5
land-rover-range-rover,3-5,40-70k,4734,553,11.7,10.8,12.6,false,motriskindex-families-2024-v5
land-rover-range-rover,3-5,70-100k,712,99,13.9,11.6,16.6,false,motriskindex-families-2024-v5
land-rover-range-rover,3-5,100-140k,63,9,14.3,7.7,25.0,true,motriskindex-families-2024-v5
land-rover-range-rover,6-9,<40k,2687,302,11.2,10.1,12.5,false,motriskindex-families-2024-v5
land-rover-range-rover,6-9,40-70k,9251,1408,15.2,14.5,16.0,false,motriskindex-families-2024-v5
land-rover-range-rover,6-9,70-100k,7400,1318,17.8,17.0,18.7,false,motriskindex-families-2024-v5
land-rover-range-rover,6-9,100-140k,2503,548,21.9,20.3,23.6,false,motriskindex-families-2024-v5
land-rover-range-rover,6-9,140k+,372,74,19.9,16.2,24.2,true,motriskindex-families-2024-v5
land-rover-range-rover,10-14,<40k,627,71,11.3,9.1,14.0,false,motriskindex-families-2024-v5
land-rover-range-rover,10-14,40-70k,3674,629,17.1,15.9,18.4,false,motriskindex-families-2024-v5
land-rover-range-rover,10-14,70-100k,9421,2013,21.4,20.6,22.2,false,motriskindex-families-2024-v5
land-rover-range-rover,10-14,100-140k,9785,2381,24.3,23.5,25.2,false,motriskindex-families-2024-v5
land-rover-range-rover,10-14,140k+,2978,852,28.6,27.0,30.3,false,motriskindex-families-2024-v5
land-rover-range-rover,15+,<40k,194,28,14.4,10.2,20.1,true,motriskindex-families-2024-v5
land-rover-range-rover,15+,40-70k,830,173,20.8,18.2,23.7,false,motriskindex-families-2024-v5
land-rover-range-rover,15+,70-100k,2799,715,25.5,24.0,27.2,false,motriskindex-families-2024-v5
land-rover-range-rover,15+,100-140k,8661,2630,30.4,29.4,31.3,false,motriskindex-families-2024-v5
land-rover-range-rover,15+,140k+,10256,3302,32.2,31.3,33.1,false,motriskindex-families-2024-v5
land-rover-range-rover-evoque,3-5,<40k,26137,3133,12.0,11.6,12.4,false,motriskindex-families-2024-v5
land-rover-range-rover-evoque,3-5,40-70k,9545,1635,17.1,16.4,17.9,false,motriskindex-families-2024-v5
land-rover-range-rover-evoque,3-5,70-100k,620,119,19.2,16.3,22.5,false,motriskindex-families-2024-v5
land-rover-range-rover-evoque,6-9,<40k,13823,1536,11.1,10.6,11.6,false,motriskindex-families-2024-v5
land-rover-range-rover-evoque,6-9,40-70k,41599,6385,15.3,15.0,15.7,false,motriskindex-families-2024-v5
land-rover-range-rover-evoque,6-9,70-100k,21836,4207,19.3,18.7,19.8,false,motriskindex-families-2024-v5
land-rover-range-rover-evoque,6-9,100-140k,4891,1093,22.3,21.2,23.5,false,motriskindex-families-2024-v5
land-rover-range-rover-evoque,6-9,140k+,439,114,26.0,22.1,30.3,true,motriskindex-families-2024-v5
land-rover-range-rover-evoque,10-14,<40k,1258,172,13.7,11.9,15.7,false,motriskindex-families-2024-v5
land-rover-range-rover-evoque,10-14,40-70k,8838,1622,18.4,17.6,19.2,false,motriskindex-families-2024-v5
land-rover-range-rover-evoque,10-14,70-100k,18587,4293,23.1,22.5,23.7,false,motriskindex-families-2024-v5
land-rover-range-rover-evoque,10-14,100-140k,13751,3701,26.9,26.2,27.7,false,motriskindex-families-2024-v5
land-rover-range-rover-evoque,10-14,140k+,3034,966,31.8,30.2,33.5,false,motriskindex-families-2024-v5
land-rover-range-rover-sport,3-5,<40k,11743,1159,9.9,9.3,10.4,false,motriskindex-families-2024-v5
land-rover-range-rover-sport,3-5,40-70k,8366,1124,13.4,12.7,14.2,false,motriskindex-families-2024-v5
land-rover-range-rover-sport,3-5,70-100k,1057,152,14.4,12.4,16.6,false,motriskindex-families-2024-v5
land-rover-range-rover-sport,3-5,100-140k,97,14,14.4,8.8,22.8,true,motriskindex-families-2024-v5
land-rover-range-rover-sport,6-9,<40k,5354,575,10.7,9.9,11.6,false,motriskindex-families-2024-v5
land-rover-range-rover-sport,6-9,40-70k,19326,2888,14.9,14.4,15.5,false,motriskindex-families-2024-v5
land-rover-range-rover-sport,6-9,70-100k,13812,2770,20.1,19.4,20.7,false,motriskindex-families-2024-v5
land-rover-range-rover-sport,6-9,100-140k,3671,854,23.3,21.9,24.7,false,motriskindex-families-2024-v5
land-rover-range-rover-sport,6-9,140k+,326,79,24.2,19.9,29.2,true,motriskindex-families-2024-v5
land-rover-range-rover-sport,10-14,<40k,539,62,11.5,9.1,14.5,false,motriskindex-families-2024-v5
land-rover-range-rover-sport,10-14,40-70k,4236,754,17.8,16.7,19.0,false,motriskindex-families-2024-v5
land-rover-range-rover-sport,10-14,70-100k,11978,2575,21.5,20.8,22.2,false,motriskindex-families-2024-v5
land-rover-range-rover-sport,10-14,100-140k,11922,2887,24.2,23.5,25.0,false,motriskindex-families-2024-v5
land-rover-range-rover-sport,10-14,140k+,2797,732,26.2,24.6,27.8,false,motriskindex-families-2024-v5
land-rover-range-rover-sport,15+,<40k,108,17,15.7,10.1,23.8,true,motriskindex-families-2024-v5
land-rover-range-rover-sport,15+,40-70k,735,180,24.5,21.5,27.7,false,motriskindex-families-2024-v5
land-rover-range-rover-sport,15+,70-100k,3172,919,29.0,27.4,30.6,false,motriskindex-families-2024-v5
land-rover-range-rover-sport,15+,100-140k,9726,3182,32.7,31.8,33.7,false,motriskindex-families-2024-v5
land-rover-range-rover-sport,15+,140k+,8337,2809,33.7,32.7,34.7,false,motriskindex-families-2024-v5
land-rover-range-rover-velar,3-5,<40k,11088,1543,13.9,13.3,14.6,false,motriskindex-families-2024-v5
land-rover-range-rover-velar,3-5,40-70k,6959,1181,17.0,16.1,17.9,false,motriskindex-families-2024-v5
land-rover-range-rover-velar,3-5,70-100k,680,120,17.6,15.0,20.7,false,motriskindex-families-2024-v5
land-rover-range-rover-velar,3-5,100-140k,52,11,21.2,12.2,34.0,true,motriskindex-families-2024-v5
land-rover-range-rover-velar,6-9,<40k,3363,481,14.3,13.2,15.5,false,motriskindex-families-2024-v5
land-rover-range-rover-velar,6-9,40-70k,8688,1502,17.3,16.5,18.1,false,motriskindex-families-2024-v5
land-rover-range-rover-velar,6-9,70-100k,2187,377,17.2,15.7,18.9,false,motriskindex-families-2024-v5
land-rover-range-rover-velar,6-9,100-140k,194,42,21.6,16.4,28.0,true,motriskindex-families-2024-v5
ldv-maxus,15+,<40k,136,46,33.8,26.4,42.1,true,motriskindex-families-2024-v5
ldv-maxus,15+,40-70k,231,90,39.0,32.9,45.4,true,motriskindex-families-2024-v5
ldv-maxus,15+,70-100k,395,185,46.8,42.0,51.8,true,motriskindex-families-2024-v5
ldv-maxus,15+,100-140k,457,213,46.6,42.1,51.2,true,motriskindex-families-2024-v5
ldv-maxus,15+,140k+,417,193,46.3,41.6,51.1,true,motriskindex-families-2024-v5
levc-tx,3-5,<40k,275,16,5.8,3.6,9.2,true,motriskindex-families-2024-v5
levc-tx,3-5,40-70k,1332,102,7.7,6.3,9.2,false,motriskindex-families-2024-v5
levc-tx,3-5,70-100k,2535,264,10.4,9.3,11.7,false,motriskindex-families-2024-v5
levc-tx,3-5,100-140k,2376,326,13.7,12.4,15.2,false,motriskindex-families-2024-v5
levc-tx,3-5,140k+,848,124,14.6,12.4,17.2,false,motriskindex-families-2024-v5
levc-tx,6-9,40-70k,97,6,6.2,2.9,12.8,true,motriskindex-families-2024-v5
levc-tx,6-9,70-100k,340,29,8.5,6.0,12.0,true,motriskindex-families-2024-v5
levc-tx,6-9,100-140k,811,90,11.1,9.1,13.4,false,motriskindex-families-2024-v5
levc-tx,6-9,140k+,726,93,12.8,10.6,15.4,false,motriskindex-families-2024-v5
lexus-ct,3-5,<40k,2353,189,8.0,7.0,9.2,false,motriskindex-families-2024-v5
lexus-ct,3-5,40-70k,906,139,15.3,13.1,17.8,false,motriskindex-families-2024-v5
lexus-ct,3-5,70-100k,172,23,13.4,9.1,19.3,true,motriskindex-families-2024-v5
lexus-ct,3-5,100-140k,52,6,11.5,5.4,23.0,true,motriskindex-families-2024-v5
lexus-ct,6-9,<40k,3556,272,7.6,6.8,8.6,false,motriskindex-families-2024-v5
lexus-ct,6-9,40-70k,4772,639,13.4,12.5,14.4,false,motriskindex-families-2024-v5
lexus-ct,6-9,70-100k,2249,406,18.1,16.5,19.7,false,motriskindex-families-2024-v5
lexus-ct,6-9,100-140k,1021,201,19.7,17.4,22.2,false,motriskindex-families-2024-v5
lexus-ct,6-9,140k+,557,86,15.4,12.7,18.7,false,motriskindex-families-2024-v5
lexus-ct,10-14,<40k,940,85,9.0,7.4,11.0,false,motriskindex-families-2024-v5
lexus-ct,10-14,40-70k,3708,613,16.5,15.4,17.8,false,motriskindex-families-2024-v5
lexus-ct,10-14,70-100k,4657,991,21.3,20.1,22.5,false,motriskindex-families-2024-v5
lexus-ct,10-14,100-140k,3908,960,24.6,23.2,25.9,false,motriskindex-families-2024-v5
lexus-ct,10-14,140k+,2271,560,24.7,22.9,26.5,false,motriskindex-families-2024-v5
lexus-es,3-5,<40k,2116,125,5.9,5.0,7.0,false,motriskindex-families-2024-v5
lexus-es,3-5,40-70k,719,56,7.8,6.0,10.0,false,motriskindex-families-2024-v5
lexus-es,3-5,70-100k,285,23,8.1,5.4,11.8,true,motriskindex-families-2024-v5
lexus-es,3-5,100-140k,99,7,7.1,3.5,13.9,true,motriskindex-families-2024-v5
lexus-gs,6-9,<40k,427,28,6.6,4.6,9.3,true,motriskindex-families-2024-v5
lexus-gs,6-9,40-70k,658,60,9.1,7.1,11.6,false,motriskindex-families-2024-v5
lexus-gs,6-9,70-100k,302,37,12.3,9.0,16.4,true,motriskindex-families-2024-v5
lexus-gs,6-9,100-140k,136,19,14.0,9.1,20.8,true,motriskindex-families-2024-v5
lexus-gs,6-9,140k+,122,15,12.3,7.6,19.3,true,motriskindex-families-2024-v5
lexus-gs,10-14,<40k,170,13,7.6,4.5,12.6,true,motriskindex-families-2024-v5
lexus-gs,10-14,40-70k,554,64,11.6,9.2,14.5,false,motriskindex-families-2024-v5
lexus-gs,10-14,70-100k,604,96,15.9,13.2,19.0,false,motriskindex-families-2024-v5
lexus-gs,10-14,100-140k,427,85,19.9,16.4,24.0,true,motriskindex-families-2024-v5
lexus-gs,10-14,140k+,170,30,17.6,12.7,24.1,true,motriskindex-families-2024-v5
lexus-gs,15+,<40k,84,16,19.0,12.1,28.7,true,motriskindex-families-2024-v5
lexus-gs,15+,40-70k,435,84,19.3,15.9,23.3,true,motriskindex-families-2024-v5
lexus-gs,15+,70-100k,971,245,25.2,22.6,28.1,false,motriskindex-families-2024-v5
lexus-gs,15+,100-140k,1424,408,28.7,26.4,31.1,false,motriskindex-families-2024-v5
lexus-gs,15+,140k+,988,288,29.1,26.4,32.1,false,motriskindex-families-2024-v5
lexus-is,3-5,<40k,914,64,7.0,5.5,8.8,false,motriskindex-families-2024-v5
lexus-is,3-5,40-70k,573,77,13.4,10.9,16.5,false,motriskindex-families-2024-v5
lexus-is,3-5,70-100k,206,21,10.2,6.8,15.1,true,motriskindex-families-2024-v5
lexus-is,3-5,100-140k,74,11,14.9,8.5,24.7,true,motriskindex-families-2024-v5
lexus-is,6-9,<40k,1541,117,7.6,6.4,9.0,false,motriskindex-families-2024-v5
lexus-is,6-9,40-70k,2953,343,11.6,10.5,12.8,false,motriskindex-families-2024-v5
lexus-is,6-9,70-100k,1766,268,15.2,13.6,16.9,false,motriskindex-families-2024-v5
lexus-is,6-9,100-140k,867,134,15.5,13.2,18.0,false,motriskindex-families-2024-v5
lexus-is,6-9,140k+,764,100,13.1,10.9,15.7,false,motriskindex-families-2024-v5
lexus-is,10-14,<40k,606,59,9.7,7.6,12.4,false,motriskindex-families-2024-v5
lexus-is,10-14,40-70k,2415,353,14.6,13.3,16.1,false,motriskindex-families-2024-v5
lexus-is,10-14,70-100k,2846,522,18.3,17.0,19.8,false,motriskindex-families-2024-v5
lexus-is,10-14,100-140k,2262,563,24.9,23.2,26.7,false,motriskindex-families-2024-v5
lexus-is,10-14,140k+,1320,314,23.8,21.6,26.2,false,motriskindex-families-2024-v5
lexus-is,15+,<40k,353,52,14.7,11.4,18.8,true,motriskindex-families-2024-v5
lexus-is,15+,40-70k,2022,401,19.8,18.2,21.6,false,motriskindex-families-2024-v5
lexus-is,15+,70-100k,4368,1178,27.0,25.7,28.3,false,motriskindex-families-2024-v5
lexus-is,15+,100-140k,6715,2204,32.8,31.7,34.0,false,motriskindex-families-2024-v5
lexus-is,15+,140k+,4414,1624,36.8,35.4,38.2,false,motriskindex-families-2024-v5
lexus-ls,10-14,40-70k,67,8,11.9,6.2,21.8,true,motriskindex-families-2024-v5
lexus-ls,10-14,70-100k,68,8,11.8,6.1,21.5,true,motriskindex-families-2024-v5
lexus-ls,15+,40-70k,222,41,18.5,13.9,24.1,true,motriskindex-families-2024-v5
lexus-ls,15+,70-100k,490,77,15.7,12.8,19.2,true,motriskindex-families-2024-v5
lexus-ls,15+,100-140k,647,156,24.1,21.0,27.6,false,motriskindex-families-2024-v5
lexus-ls,15+,140k+,706,181,25.6,22.6,29.0,false,motriskindex-families-2024-v5
lexus-nx,3-5,<40k,10180,697,6.8,6.4,7.4,false,motriskindex-families-2024-v5
lexus-nx,3-5,40-70k,2565,273,10.6,9.5,11.9,false,motriskindex-families-2024-v5
lexus-nx,3-5,70-100k,219,30,13.7,9.8,18.9,true,motriskindex-families-2024-v5
lexus-nx,6-9,<40k,4084,403,9.9,9.0,10.8,false,motriskindex-families-2024-v5
lexus-nx,6-9,40-70k,7230,869,12.0,11.3,12.8,false,motriskindex-families-2024-v5
lexus-nx,6-9,70-100k,2806,401,14.3,13.0,15.6,false,motriskindex-families-2024-v5
lexus-nx,6-9,100-140k,725,118,16.3,13.8,19.1,false,motriskindex-families-2024-v5
lexus-nx,6-9,140k+,159,25,15.7,10.9,22.2,true,motriskindex-families-2024-v5
lexus-nx,10-14,<40k,71,8,11.3,5.8,20.7,true,motriskindex-families-2024-v5
lexus-nx,10-14,40-70k,313,42,13.4,10.1,17.6,true,motriskindex-families-2024-v5
lexus-nx,10-14,70-100k,286,36,12.6,9.2,16.9,true,motriskindex-families-2024-v5
lexus-nx,10-14,100-140k,126,12,9.5,5.5,15.9,true,motriskindex-families-2024-v5
lexus-rc,3-5,<40k,529,29,5.5,3.8,7.8,false,motriskindex-families-2024-v5
lexus-rc,3-5,40-70k,155,20,12.9,8.5,19.1,true,motriskindex-families-2024-v5
lexus-rc,6-9,<40k,605,50,8.3,6.3,10.7,false,motriskindex-families-2024-v5
lexus-rc,6-9,40-70k,756,91,12.0,9.9,14.6,false,motriskindex-families-2024-v5
lexus-rc,6-9,70-100k,210,23,11.0,7.4,15.9,true,motriskindex-families-2024-v5
lexus-rx,3-5,<40k,4164,189,4.5,3.9,5.2,false,motriskindex-families-2024-v5
lexus-rx,3-5,40-70k,1343,81,6.0,4.9,7.4,false,motriskindex-families-2024-v5
lexus-rx,3-5,70-100k,113,16,14.2,8.9,21.8,true,motriskindex-families-2024-v5
lexus-rx,6-9,<40k,1655,87,5.3,4.3,6.4,false,motriskindex-families-2024-v5
lexus-rx,6-9,40-70k,3449,281,8.1,7.3,9.1,false,motriskindex-families-2024-v5
lexus-rx,6-9,70-100k,1528,151,9.9,8.5,11.5,false,motriskindex-families-2024-v5
lexus-rx,6-9,100-140k,384,49,12.8,9.8,16.5,true,motriskindex-families-2024-v5
lexus-rx,6-9,140k+,57,11,19.3,11.1,31.3,true,motriskindex-families-2024-v5
lexus-rx,10-14,<40k,252,20,7.9,5.2,11.9,true,motriskindex-families-2024-v5
lexus-rx,10-14,40-70k,1692,213,12.6,11.1,14.3,false,motriskindex-families-2024-v5
lexus-rx,10-14,70-100k,3245,566,17.4,16.2,18.8,false,motriskindex-families-2024-v5
lexus-rx,10-14,100-140k,2997,685,22.9,21.4,24.4,false,motriskindex-families-2024-v5
lexus-rx,10-14,140k+,1311,352,26.8,24.5,29.3,false,motriskindex-families-2024-v5
lexus-rx,15+,<40k,129,20,15.5,10.3,22.7,true,motriskindex-families-2024-v5
lexus-rx,15+,40-70k,755,153,20.3,17.6,23.3,false,motriskindex-families-2024-v5
lexus-rx,15+,70-100k,2383,539,22.6,21.0,24.3,false,motriskindex-families-2024-v5
lexus-rx,15+,100-140k,5561,1705,30.7,29.5,31.9,false,motriskindex-families-2024-v5
lexus-rx,15+,140k+,5259,1846,35.1,33.8,36.4,false,motriskindex-families-2024-v5
lexus-sc,15+,<40k,150,14,9.3,5.6,15.1,true,motriskindex-families-2024-v5
lexus-sc,15+,40-70k,440,69,15.7,12.6,19.4,true,motriskindex-families-2024-v5
lexus-sc,15+,70-100k,560,106,18.9,15.9,22.4,false,motriskindex-families-2024-v5
lexus-sc,15+,100-140k,441,132,29.9,25.8,34.4,true,motriskindex-families-2024-v5
lexus-sc,15+,140k+,195,57,29.2,23.3,36.0,true,motriskindex-families-2024-v5
lexus-ux,3-5,<40k,10238,557,5.4,5.0,5.9,false,motriskindex-families-2024-v5
lexus-ux,3-5,40-70k,1981,190,9.6,8.4,11.0,false,motriskindex-families-2024-v5
lexus-ux,3-5,70-100k,326,23,7.1,4.7,10.4,true,motriskindex-families-2024-v5
lexus-ux,3-5,100-140k,57,9,15.8,8.5,27.4,true,motriskindex-families-2024-v5
london-taxis-int-tx4,6-9,40-70k,59,15,25.4,16.1,37.8,true,motriskindex-families-2024-v5
london-taxis-int-tx4,6-9,70-100k,271,72,26.6,21.7,32.1,true,motriskindex-families-2024-v5
london-taxis-int-tx4,6-9,100-140k,883,276,31.3,28.3,34.4,false,motriskindex-families-2024-v5
london-taxis-int-tx4,6-9,140k+,3425,1233,36.0,34.4,37.6,false,motriskindex-families-2024-v5
london-taxis-int-tx4,10-14,70-100k,58,20,34.5,23.6,47.3,true,motriskindex-families-2024-v5
london-taxis-int-tx4,10-14,100-140k,265,88,33.2,27.8,39.1,true,motriskindex-families-2024-v5
london-taxis-int-tx4,10-14,140k+,5575,2195,39.4,38.1,40.7,false,motriskindex-families-2024-v5
lotus-elan,15+,<40k,154,20,13.0,8.6,19.2,true,motriskindex-families-2024-v5
lotus-elan,15+,40-70k,89,9,10.1,5.4,18.1,true,motriskindex-families-2024-v5
lotus-elan,15+,70-100k,102,15,14.7,9.1,22.9,true,motriskindex-families-2024-v5
lotus-elise,10-14,<40k,224,21,9.4,6.2,13.9,true,motriskindex-families-2024-v5
lotus-elise,10-14,40-70k,103,20,19.4,12.9,28.1,true,motriskindex-families-2024-v5
lotus-elise,15+,<40k,1045,102,9.8,8.1,11.7,false,motriskindex-families-2024-v5
lotus-elise,15+,40-70k,1165,180,15.5,13.5,17.6,false,motriskindex-families-2024-v5
lotus-elise,15+,70-100k,396,63,15.9,12.6,19.8,true,motriskindex-families-2024-v5
lotus-elise,15+,100-140k,115,32,27.8,20.5,36.6,true,motriskindex-families-2024-v5
lotus-exige,15+,<40k,270,34,12.6,9.2,17.1,true,motriskindex-families-2024-v5
lotus-exige,15+,40-70k,189,27,14.3,10.0,20.0,true,motriskindex-families-2024-v5
maserati-ghibli,3-5,<40k,369,48,13.0,10.0,16.8,true,motriskindex-families-2024-v5
maserati-ghibli,3-5,40-70k,97,16,16.5,10.4,25.1,true,motriskindex-families-2024-v5
maserati-ghibli,6-9,<40k,602,85,14.1,11.6,17.1,false,motriskindex-families-2024-v5
maserati-ghibli,6-9,40-70k,1173,210,17.9,15.8,20.2,false,motriskindex-families-2024-v5
maserati-ghibli,6-9,70-100k,464,100,21.6,18.1,25.5,true,motriskindex-families-2024-v5
maserati-ghibli,6-9,100-140k,105,17,16.2,10.4,24.4,true,motriskindex-families-2024-v5
maserati-ghibli,10-14,<40k,75,11,14.7,8.4,24.4,true,motriskindex-families-2024-v5
maserati-ghibli,10-14,40-70k,245,46,18.8,14.4,24.1,true,motriskindex-families-2024-v5
maserati-ghibli,10-14,70-100k,212,44,20.8,15.8,26.7,true,motriskindex-families-2024-v5
maserati-ghibli,10-14,100-140k,73,12,16.4,9.7,26.6,true,motriskindex-families-2024-v5
maserati-granturismo,6-9,<40k,295,35,11.9,8.7,16.1,true,motriskindex-families-2024-v5
maserati-granturismo,6-9,40-70k,62,17,27.4,17.9,39.6,true,motriskindex-families-2024-v5
maserati-granturismo,10-14,<40k,398,66,16.6,13.3,20.6,true,motriskindex-families-2024-v5
maserati-granturismo,10-14,40-70k,353,66,18.7,15.0,23.1,true,motriskindex-families-2024-v5
maserati-granturismo,15+,<40k,146,17,11.6,7.4,17.9,true,motriskindex-families-2024-v5
maserati-granturismo,15+,40-70k,326,66,20.2,16.2,24.9,true,motriskindex-families-2024-v5
maserati-granturismo,15+,70-100k,130,39,30.0,22.8,38.4,true,motriskindex-families-2024-v5
maserati-levante,3-5,<40k,999,128,12.8,10.9,15.0,false,motriskindex-families-2024-v5
maserati-levante,3-5,40-70k,317,43,13.6,10.2,17.8,true,motriskindex-families-2024-v5
maserati-levante,6-9,<40k,352,41,11.6,8.7,15.4,true,motriskindex-families-2024-v5
maserati-levante,6-9,40-70k,715,115,16.1,13.6,19.0,false,motriskindex-families-2024-v5
maserati-levante,6-9,70-100k,206,44,21.4,16.3,27.5,true,motriskindex-families-2024-v5
maserati-quattroporte,6-9,<40k,133,20,15.0,10.0,22.1,true,motriskindex-families-2024-v5
maserati-quattroporte,6-9,40-70k,193,39,20.2,15.1,26.4,true,motriskindex-families-2024-v5
maserati-quattroporte,6-9,70-100k,66,16,24.2,15.5,35.8,true,motriskindex-families-2024-v5
maserati-quattroporte,10-14,<40k,50,9,18.0,9.8,30.8,true,motriskindex-families-2024-v5
maserati-quattroporte,10-14,40-70k,125,23,18.4,12.6,26.1,true,motriskindex-families-2024-v5
maserati-quattroporte,15+,<40k,97,12,12.4,7.2,20.4,true,motriskindex-families-2024-v5
maserati-quattroporte,15+,40-70k,265,57,21.5,17.0,26.8,true,motriskindex-families-2024-v5
maserati-quattroporte,15+,70-100k,173,47,27.2,21.1,34.2,true,motriskindex-families-2024-v5
maserati-quattroporte,15+,100-140k,57,23,40.4,28.6,53.3,true,motriskindex-families-2024-v5
mazda-2,3-5,<40k,14407,1342,9.3,8.9,9.8,false,motriskindex-families-2024-v5
mazda-2,3-5,40-70k,1811,278,15.4,13.8,17.1,false,motriskindex-families-2024-v5
mazda-2,3-5,70-100k,117,22,18.8,12.8,26.8,true,motriskindex-families-2024-v5
mazda-2,6-9,<40k,15717,2082,13.2,12.7,13.8,false,motriskindex-families-2024-v5
mazda-2,6-9,40-70k,14705,2884,19.6,19.0,20.3,false,motriskindex-families-2024-v5
mazda-2,6-9,70-100k,4517,1184,26.2,25.0,27.5,false,motriskindex-families-2024-v5
mazda-2,6-9,100-140k,772,242,31.3,28.2,34.7,false,motriskindex-families-2024-v5
mazda-2,6-9,140k+,75,31,41.3,30.9,52.6,true,motriskindex-families-2024-v5
mazda-2,10-14,<40k,6850,1446,21.1,20.2,22.1,false,motriskindex-families-2024-v5
mazda-2,10-14,40-70k,17773,6006,33.8,33.1,34.5,false,motriskindex-families-2024-v5
mazda-2,10-14,70-100k,15767,7004,44.4,43.6,45.2,false,motriskindex-families-2024-v5
mazda-2,10-14,100-140k,7228,3694,51.1,50.0,52.3,false,motriskindex-families-2024-v5
mazda-2,10-14,140k+,1117,608,54.4,51.5,57.3,false,motriskindex-families-2024-v5
mazda-2,15+,<40k,1568,350,22.3,20.3,24.4,false,motriskindex-families-2024-v5
mazda-2,15+,40-70k,5786,2152,37.2,36.0,38.4,false,motriskindex-families-2024-v5
mazda-2,15+,70-100k,9225,4425,48.0,46.9,49.0,false,motriskindex-families-2024-v5
mazda-2,15+,100-140k,7569,4005,52.9,51.8,54.0,false,motriskindex-families-2024-v5
mazda-2,15+,140k+,1855,1048,56.5,54.2,58.7,false,motriskindex-families-2024-v5
mazda-3,3-5,<40k,10499,1063,10.1,9.6,10.7,false,motriskindex-families-2024-v5
mazda-3,3-5,40-70k,2156,328,15.2,13.8,16.8,false,motriskindex-families-2024-v5
mazda-3,3-5,70-100k,214,39,18.2,13.6,23.9,true,motriskindex-families-2024-v5
mazda-3,6-9,<40k,9810,1682,17.1,16.4,17.9,false,motriskindex-families-2024-v5
mazda-3,6-9,40-70k,16874,3977,23.6,22.9,24.2,false,motriskindex-families-2024-v5
mazda-3,6-9,70-100k,8424,2437,28.9,28.0,29.9,false,motriskindex-families-2024-v5
mazda-3,6-9,100-140k,2275,722,31.7,29.9,33.7,false,motriskindex-families-2024-v5
mazda-3,6-9,140k+,262,87,33.2,27.8,39.1,true,motriskindex-families-2024-v5
mazda-3,10-14,<40k,2004,319,15.9,14.4,17.6,false,motriskindex-families-2024-v5
mazda-3,10-14,40-70k,8254,2097,25.4,24.5,26.4,false,motriskindex-families-2024-v5
mazda-3,10-14,70-100k,11649,4283,36.8,35.9,37.6,false,motriskindex-families-2024-v5
mazda-3,10-14,100-140k,8170,3595,44.0,42.9,45.1,false,motriskindex-families-2024-v5
mazda-3,10-14,140k+,1964,918,46.7,44.5,49.0,false,motriskindex-families-2024-v5
mazda-3,15+,<40k,729,177,24.3,21.3,27.5,false,motriskindex-families-2024-v5
mazda-3,15+,40-70k,3860,1388,36.0,34.5,37.5,false,motriskindex-families-2024-v5
mazda-3,15+,70-100k,8059,3795,47.1,46.0,48.2,false,motriskindex-families-2024-v5
mazda-3,15+,100-140k,9696,5200,53.6,52.6,54.6,false,motriskindex-families-2024-v5
mazda-3,15+,140k+,3290,1874,57.0,55.3,58.6,false,motriskindex-families-2024-v5
mazda-323,15+,<40k,72,23,31.9,22.3,43.4,true,motriskindex-families-2024-v5
mazda-323,15+,40-70k,253,116,45.8,39.8,52.0,true,motriskindex-families-2024-v5
mazda-323,15+,70-100k,232,109,47.0,40.7,53.4,true,motriskindex-families-2024-v5
mazda-323,15+,100-140k,138,65,47.1,39.0,55.4,true,motriskindex-families-2024-v5
mazda-5,6-9,<40k,51,10,19.6,11.0,32.5,true,motriskindex-families-2024-v5
mazda-5,6-9,40-70k,269,81,30.1,24.9,35.8,true,motriskindex-families-2024-v5
mazda-5,6-9,70-100k,259,97,37.5,31.8,43.5,true,motriskindex-families-2024-v5
mazda-5,6-9,100-140k,116,46,39.7,31.2,48.8,true,motriskindex-families-2024-v5
mazda-5,10-14,<40k,83,20,24.1,16.2,34.3,true,motriskindex-families-2024-v5
mazda-5,10-14,40-70k,716,219,30.6,27.3,34.1,false,motriskindex-families-2024-v5
mazda-5,10-14,70-100k,1659,708,42.7,40.3,45.1,false,motriskindex-families-2024-v5
mazda-5,10-14,100-140k,1538,734,47.7,45.2,50.2,false,motriskindex-families-2024-v5
mazda-5,10-14,140k+,396,209,52.8,47.9,57.6,true,motriskindex-families-2024-v5
mazda-5,15+,40-70k,375,152,40.5,35.7,45.6,true,motriskindex-families-2024-v5
mazda-5,15+,70-100k,1501,738,49.2,46.6,51.7,false,motriskindex-families-2024-v5
mazda-5,15+,100-140k,2575,1454,56.5,54.5,58.4,false,motriskindex-families-2024-v5
mazda-5,15+,140k+,864,511,59.1,55.8,62.4,false,motriskindex-families-2024-v5
mazda-6,3-5,<40k,3636,358,9.8,8.9,10.9,false,motriskindex-families-2024-v5
mazda-6,3-5,40-70k,1930,293,15.2,13.6,16.9,false,motriskindex-families-2024-v5
mazda-6,3-5,70-100k,429,74,17.2,14.0,21.1,true,motriskindex-families-2024-v5
mazda-6,3-5,100-140k,136,24,17.6,12.2,24.9,true,motriskindex-families-2024-v5
mazda-6,6-9,<40k,2719,397,14.6,13.3,16.0,false,motriskindex-families-2024-v5
mazda-6,6-9,40-70k,7424,1434,19.3,18.4,20.2,false,motriskindex-families-2024-v5
mazda-6,6-9,70-100k,6798,1596,23.5,22.5,24.5,false,motriskindex-families-2024-v5
mazda-6,6-9,100-140k,3710,987,26.6,25.2,28.0,false,motriskindex-families-2024-v5
mazda-6,6-9,140k+,839,257,30.6,27.6,33.8,false,motriskindex-families-2024-v5
mazda-6,10-14,<40k,477,89,18.7,15.4,22.4,true,motriskindex-families-2024-v5
mazda-6,10-14,40-70k,2931,791,27.0,25.4,28.6,false,motriskindex-families-2024-v5
mazda-6,10-14,70-100k,6609,2218,33.6,32.4,34.7,false,motriskindex-families-2024-v5
mazda-6,10-14,100-140k,8273,3176,38.4,37.3,39.4,false,motriskindex-families-2024-v5
mazda-6,10-14,140k+,3897,1633,41.9,40.4,43.5,false,motriskindex-families-2024-v5
mazda-6,15+,<40k,216,63,29.2,23.5,35.6,true,motriskindex-families-2024-v5
mazda-6,15+,40-70k,1170,406,34.7,32.0,37.5,false,motriskindex-families-2024-v5
mazda-6,15+,70-100k,2989,1273,42.6,40.8,44.4,false,motriskindex-families-2024-v5
mazda-6,15+,100-140k,4740,2287,48.2,46.8,49.7,false,motriskindex-families-2024-v5
mazda-6,15+,140k+,2851,1369,48.0,46.2,49.9,false,motriskindex-families-2024-v5
mazda-b,15+,40-70k,174,62,35.6,28.9,43.0,true,motriskindex-families-2024-v5
mazda-b,15+,70-100k,307,124,40.4,35.1,46.0,true,motriskindex-families-2024-v5
mazda-b,15+,100-140k,473,217,45.9,41.4,50.4,true,motriskindex-families-2024-v5
mazda-b,15+,140k+,446,188,42.2,37.7,46.8,true,motriskindex-families-2024-v5
mazda-bongo,3-5,40-70k,74,24,32.4,22.9,43.7,true,motriskindex-families-2024-v5
mazda-bongo,3-5,70-100k,131,42,32.1,24.7,40.5,true,motriskindex-families-2024-v5
mazda-bongo,3-5,100-140k,80,30,37.5,27.7,48.5,true,motriskindex-families-2024-v5
mazda-bongo,6-9,40-70k,173,63,36.4,29.6,43.8,true,motriskindex-families-2024-v5
mazda-bongo,6-9,70-100k,409,152,37.2,32.6,41.9,true,motriskindex-families-2024-v5
mazda-bongo,6-9,100-140k,384,176,45.8,40.9,50.8,true,motriskindex-families-2024-v5
mazda-bongo,6-9,140k+,336,152,45.2,40.0,50.6,true,motriskindex-families-2024-v5
mazda-bongo,10-14,40-70k,57,18,31.6,21.0,44.5,true,motriskindex-families-2024-v5
mazda-bongo,10-14,70-100k,392,174,44.4,39.5,49.3,true,motriskindex-families-2024-v5
mazda-bongo,10-14,100-140k,684,324,47.4,43.7,51.1,false,motriskindex-families-2024-v5
mazda-bongo,10-14,140k+,911,503,55.2,52.0,58.4,false,motriskindex-families-2024-v5
mazda-bongo,15+,<40k,87,21,24.1,16.4,34.1,true,motriskindex-families-2024-v5
mazda-bongo,15+,40-70k,567,162,28.6,25.0,32.4,false,motriskindex-families-2024-v5
mazda-bongo,15+,70-100k,1068,440,41.2,38.3,44.2,false,motriskindex-families-2024-v5
mazda-bongo,15+,100-140k,1691,796,47.1,44.7,49.5,false,motriskindex-families-2024-v5
mazda-bongo,15+,140k+,2393,1214,50.7,48.7,52.7,false,motriskindex-families-2024-v5
mazda-cx-3,3-5,<40k,5895,615,10.4,9.7,11.2,false,motriskindex-families-2024-v5
mazda-cx-3,3-5,40-70k,1583,229,14.5,12.8,16.3,false,motriskindex-families-2024-v5
mazda-cx-3,3-5,70-100k,124,23,18.5,12.7,26.3,true,motriskindex-families-2024-v5
mazda-cx-3,6-9,<40k,6881,852,12.4,11.6,13.2,false,motriskindex-families-2024-v5
mazda-cx-3,6-9,40-70k,8196,1357,16.6,15.8,17.4,false,motriskindex-families-2024-v5
mazda-cx-3,6-9,70-100k,2311,532,23.0,21.3,24.8,false,motriskindex-families-2024-v5
mazda-cx-3,6-9,100-140k,391,100,25.6,21.5,30.1,true,motriskindex-families-2024-v5
mazda-cx-30,3-5,<40k,13242,1012,7.6,7.2,8.1,false,motriskindex-families-2024-v5
mazda-cx-30,3-5,40-70k,1317,204,15.5,13.6,17.5,false,motriskindex-families-2024-v5
mazda-cx-30,3-5,70-100k,66,5,7.6,3.3,16.5,true,motriskindex-families-2024-v5
mazda-cx-5,3-5,<40k,15348,1708,11.1,10.6,11.6,false,motriskindex-families-2024-v5
mazda-cx-5,3-5,40-70k,5507,794,14.4,13.5,15.4,false,motriskindex-families-2024-v5
mazda-cx-5,3-5,70-100k,585,109,18.6,15.7,22.0,false,motriskindex-families-2024-v5
mazda-cx-5,3-5,100-140k,94,15,16.0,9.9,24.7,true,motriskindex-families-2024-v5
mazda-cx-5,6-9,<40k,5663,711,12.6,11.7,13.4,false,motriskindex-families-2024-v5
mazda-cx-5,6-9,40-70k,14331,2276,15.9,15.3,16.5,false,motriskindex-families-2024-v5
mazda-cx-5,6-9,70-100k,8475,1897,22.4,21.5,23.3,false,motriskindex-families-2024-v5
mazda-cx-5,6-9,100-140k,2663,703,26.4,24.8,28.1,false,motriskindex-families-2024-v5
mazda-cx-5,6-9,140k+,287,66,23.0,18.5,28.2,true,motriskindex-families-2024-v5
mazda-cx-5,10-14,<40k,339,42,12.4,9.3,16.3,true,motriskindex-families-2024-v5
mazda-cx-5,10-14,40-70k,2619,537,20.5,19.0,22.1,false,motriskindex-families-2024-v5
mazda-cx-5,10-14,70-100k,5480,1688,30.8,29.6,32.0,false,motriskindex-families-2024-v5
mazda-cx-5,10-14,100-140k,4188,1505,35.9,34.5,37.4,false,motriskindex-families-2024-v5
mazda-cx-5,10-14,140k+,693,259,37.4,33.9,41.0,false,motriskindex-families-2024-v5
mazda-cx-7,10-14,40-70k,88,34,38.6,29.1,49.1,true,motriskindex-families-2024-v5
mazda-cx-7,10-14,70-100k,304,123,40.5,35.1,46.1,true,motriskindex-families-2024-v5
mazda-cx-7,10-14,100-140k,370,164,44.3,39.3,49.4,true,motriskindex-families-2024-v5
mazda-cx-7,10-14,140k+,101,47,46.5,37.1,56.2,true,motriskindex-families-2024-v5
mazda-cx-7,15+,70-100k,149,61,40.9,33.4,49.0,true,motriskindex-families-2024-v5
mazda-cx-7,15+,100-140k,188,88,46.8,39.8,53.9,true,motriskindex-families-2024-v5
mazda-mx-30,3-5,<40k,1891,165,8.7,7.5,10.1,false,motriskindex-families-2024-v5
mazda-mx-30,3-5,40-70k,82,13,15.9,9.5,25.3,true,motriskindex-families-2024-v5
mazda-mx-5,3-5,<40k,6226,454,7.3,6.7,8.0,false,motriskindex-families-2024-v5
mazda-mx-5,3-5,40-70k,358,49,13.7,10.5,17.6,true,motriskindex-families-2024-v5
mazda-mx-5,6-9,<40k,11279,1064,9.4,8.9,10.0,false,motriskindex-families-2024-v5
mazda-mx-5,6-9,40-70k,3927,654,16.7,15.5,17.9,false,motriskindex-families-2024-v5
mazda-mx-5,6-9,70-100k,570,137,24.0,20.7,27.7,false,motriskindex-families-2024-v5
mazda-mx-5,6-9,100-140k,87,18,20.7,13.5,30.4,true,motriskindex-families-2024-v5
mazda-mx-5,10-14,<40k,6034,883,14.6,13.8,15.5,false,motriskindex-families-2024-v5
mazda-mx-5,10-14,40-70k,7293,1740,23.9,22.9,24.9,false,motriskindex-families-2024-v5
mazda-mx-5,10-14,70-100k,2945,951,32.3,30.6,34.0,false,motriskindex-families-2024-v5
mazda-mx-5,10-14,100-140k,717,266,37.1,33.6,40.7,false,motriskindex-families-2024-v5
mazda-mx-5,10-14,140k+,82,27,32.9,23.7,43.7,true,motriskindex-families-2024-v5
mazda-mx-5,15+,<40k,4657,865,18.6,17.5,19.7,false,motriskindex-families-2024-v5
mazda-mx-5,15+,40-70k,13910,3857,27.7,27.0,28.5,false,motriskindex-families-2024-v5
mazda-mx-5,15+,70-100k,14997,5544,37.0,36.2,37.7,false,motriskindex-families-2024-v5
mazda-mx-5,15+,100-140k,8316,3408,41.0,39.9,42.0,false,motriskindex-families-2024-v5
mazda-mx-5,15+,140k+,2289,939,41.0,39.0,43.1,false,motriskindex-families-2024-v5
mazda-rx-8,15+,<40k,412,99,24.0,20.2,28.4,true,motriskindex-families-2024-v5
mazda-rx-8,15+,40-70k,1213,392,32.3,29.7,35.0,false,motriskindex-families-2024-v5
mazda-rx-8,15+,70-100k,909,346,38.1,35.0,41.3,false,motriskindex-families-2024-v5
mazda-rx-8,15+,100-140k,241,88,36.5,30.7,42.8,true,motriskindex-families-2024-v5
mercedes-190,15+,70-100k,67,14,20.9,12.9,32.1,true,motriskindex-families-2024-v5
mercedes-190,15+,100-140k,68,17,25.0,16.2,36.4,true,motriskindex-families-2024-v5
mercedes-190,15+,140k+,69,20,29.0,19.6,40.6,true,motriskindex-families-2024-v5
mercedes-300,15+,40-70k,73,15,20.5,12.9,31.2,true,motriskindex-families-2024-v5
mercedes-300,15+,70-100k,96,16,16.7,10.5,25.4,true,motriskindex-families-2024-v5
mercedes-300,15+,100-140k,91,24,26.4,18.4,36.3,true,motriskindex-families-2024-v5
mercedes-300,15+,140k+,117,34,29.1,21.6,37.8,true,motriskindex-families-2024-v5
mercedes-a-class,3-5,<40k,66081,6793,10.3,10.1,10.5,false,motriskindex-families-2024-v5
mercedes-a-class,3-5,40-70k,28710,4642,16.2,15.7,16.6,false,motriskindex-families-2024-v5
mercedes-a-class,3-5,70-100k,3634,662,18.2,17.0,19.5,false,motriskindex-families-2024-v5
mercedes-a-class,3-5,100-140k,454,93,20.5,17.0,24.4,true,motriskindex-families-2024-v5
mercedes-a-class,6-9,<40k,30479,3995,13.1,12.7,13.5,false,motriskindex-families-2024-v5
mercedes-a-class,6-9,40-70k,70398,13794,19.6,19.3,19.9,false,motriskindex-families-2024-v5
mercedes-a-class,6-9,70-100k,34761,8981,25.8,25.4,26.3,false,motriskindex-families-2024-v5
mercedes-a-class,6-9,100-140k,9530,2905,30.5,29.6,31.4,false,motriskindex-families-2024-v5
mercedes-a-class,6-9,140k+,1380,449,32.5,30.1,35.1,false,motriskindex-families-2024-v5
mercedes-a-class,10-14,<40k,3948,693,17.6,16.4,18.8,false,motriskindex-families-2024-v5
mercedes-a-class,10-14,40-70k,15266,4113,26.9,26.2,27.7,false,motriskindex-families-2024-v5
mercedes-a-class,10-14,70-100k,20031,6446,32.2,31.5,32.8,false,motriskindex-families-2024-v5
mercedes-a-class,10-14,100-140k,12418,4549,36.6,35.8,37.5,false,motriskindex-families-2024-v5
mercedes-a-class,10-14,140k+,2704,1056,39.1,37.2,40.9,false,motriskindex-families-2024-v5
mercedes-a-class,15+,<40k,1928,438,22.7,20.9,24.6,false,motriskindex-families-2024-v5
mercedes-a-class,15+,40-70k,8045,2798,34.8,33.7,35.8,false,motriskindex-families-2024-v5
mercedes-a-class,15+,70-100k,10992,4702,42.8,41.9,43.7,false,motriskindex-families-2024-v5
mercedes-a-class,15+,100-140k,7585,3695,48.7,47.6,49.8,false,motriskindex-families-2024-v5
mercedes-a-class,15+,140k+,1716,876,51.0,48.7,53.4,false,motriskindex-families-2024-v5
mercedes-b,3-5,<40k,731,61,8.3,6.6,10.6,false,motriskindex-families-2024-v5
mercedes-b,3-5,40-70k,92,14,15.2,9.3,23.9,true,motriskindex-families-2024-v5
mercedes-b-class,3-5,<40k,7033,614,8.7,8.1,9.4,false,motriskindex-families-2024-v5
mercedes-b-class,3-5,40-70k,1188,190,16.0,14.0,18.2,false,motriskindex-families-2024-v5
mercedes-b-class,3-5,70-100k,83,11,13.3,7.6,22.2,true,motriskindex-families-2024-v5
mercedes-b-class,6-9,<40k,7591,926,12.2,11.5,13.0,false,motriskindex-families-2024-v5
mercedes-b-class,6-9,40-70k,8828,1723,19.5,18.7,20.4,false,motriskindex-families-2024-v5
mercedes-b-class,6-9,70-100k,3326,845,25.4,24.0,26.9,false,motriskindex-families-2024-v5
mercedes-b-class,6-9,100-140k,798,251,31.5,28.3,34.8,false,motriskindex-families-2024-v5
mercedes-b-class,6-9,140k+,169,56,33.1,26.5,40.5,true,motriskindex-families-2024-v5
mercedes-b-class,10-14,<40k,2471,392,15.9,14.5,17.4,false,motriskindex-families-2024-v5
mercedes-b-class,10-14,40-70k,9635,2499,25.9,25.1,26.8,false,motriskindex-families-2024-v5
mercedes-b-class,10-14,70-100k,10490,3685,35.1,34.2,36.0,false,motriskindex-families-2024-v5
mercedes-b-class,10-14,100-140k,5613,2234,39.8,38.5,41.1,false,motriskindex-families-2024-v5
mercedes-b-class,10-14,140k+,1106,462,41.8,38.9,44.7,false,motriskindex-families-2024-v5
mercedes-b-class,15+,<40k,370,87,23.5,19.5,28.1,true,motriskindex-families-2024-v5
mercedes-b-class,15+,40-70k,2164,790,36.5,34.5,38.6,false,motriskindex-families-2024-v5
mercedes-b-class,15+,70-100k,4413,1932,43.8,42.3,45.2,false,motriskindex-families-2024-v5
mercedes-b-class,15+,100-140k,4558,2221,48.7,47.3,50.2,false,motriskindex-families-2024-v5
mercedes-b-class,15+,140k+,1399,702,50.2,47.6,52.8,false,motriskindex-families-2024-v5
mercedes-c-class,3-5,<40k,19799,2132,10.8,10.3,11.2,false,motriskindex-families-2024-v5
mercedes-c-class,3-5,40-70k,11714,1782,15.2,14.6,15.9,false,motriskindex-families-2024-v5
mercedes-c-class,3-5,70-100k,1750,289,16.5,14.8,18.3,false,motriskindex-families-2024-v5
mercedes-c-class,3-5,100-140k,307,59,19.2,15.2,24.0,true,motriskindex-families-2024-v5
mercedes-c-class,6-9,<40k,25342,3007,11.9,11.5,12.3,false,motriskindex-families-2024-v5
mercedes-c-class,6-9,40-70k,57022,10088,17.7,17.4,18.0,false,motriskindex-families-2024-v5
mercedes-c-class,6-9,70-100k,36622,7807,21.3,20.9,21.7,false,motriskindex-families-2024-v5
mercedes-c-class,6-9,100-140k,16337,3762,23.0,22.4,23.7,false,motriskindex-families-2024-v5
mercedes-c-class,6-9,140k+,5137,1187,23.1,22.0,24.3,false,motriskindex-families-2024-v5
mercedes-c-class,10-14,<40k,4288,600,14.0,13.0,15.1,false,motriskindex-families-2024-v5
mercedes-c-class,10-14,40-70k,20448,4446,21.7,21.2,22.3,false,motriskindex-families-2024-v5
mercedes-c-class,10-14,70-100k,35545,10271,28.9,28.4,29.4,false,motriskindex-families-2024-v5
mercedes-c-class,10-14,100-140k,35447,12187,34.4,33.9,34.9,false,motriskindex-families-2024-v5
mercedes-c-class,10-14,140k+,16135,6117,37.9,37.2,38.7,false,motriskindex-families-2024-v5
mercedes-c-class,15+,<40k,1715,349,20.3,18.5,22.3,false,motriskindex-families-2024-v5
mercedes-c-class,15+,40-70k,8443,2508,29.7,28.7,30.7,false,motriskindex-families-2024-v5
mercedes-c-class,15+,70-100k,17919,6708,37.4,36.7,38.1,false,motriskindex-families-2024-v5
mercedes-c-class,15+,100-140k,27202,11304,41.6,41.0,42.1,false,motriskindex-families-2024-v5
mercedes-c-class,15+,140k+,20424,8940,43.8,43.1,44.5,false,motriskindex-families-2024-v5
mercedes-citan,3-5,<40k,1009,264,26.2,23.5,29.0,false,motriskindex-families-2024-v5
mercedes-citan,3-5,40-70k,1531,518,33.8,31.5,36.2,false,motriskindex-families-2024-v5
mercedes-citan,3-5,70-100k,1039,373,35.9,33.0,38.9,false,motriskindex-families-2024-v5
mercedes-citan,3-5,100-140k,487,177,36.3,32.2,40.7,true,motriskindex-families-2024-v5
mercedes-citan,3-5,140k+,214,72,33.6,27.7,40.2,true,motriskindex-families-2024-v5
mercedes-citan,6-9,<40k,722,170,23.5,20.6,26.8,false,motriskindex-families-2024-v5
mercedes-citan,6-9,40-70k,2718,962,35.4,33.6,37.2,false,motriskindex-families-2024-v5
mercedes-citan,6-9,70-100k,3914,1512,38.6,37.1,40.2,false,motriskindex-families-2024-v5
mercedes-citan,6-9,100-140k,3393,1466,43.2,41.5,44.9,false,motriskindex-families-2024-v5
mercedes-citan,6-9,140k+,1861,833,44.8,42.5,47.0,false,motriskindex-families-2024-v5
mercedes-citan,10-14,<40k,72,18,25.0,16.4,36.1,true,motriskindex-families-2024-v5
mercedes-citan,10-14,40-70k,339,129,38.1,33.0,43.3,true,motriskindex-families-2024-v5
mercedes-citan,10-14,70-100k,759,343,45.2,41.7,48.7,false,motriskindex-families-2024-v5
mercedes-citan,10-14,100-140k,1219,593,48.6,45.8,51.5,false,motriskindex-families-2024-v5
mercedes-citan,10-14,140k+,1132,574,50.7,47.8,53.6,false,motriskindex-families-2024-v5
mercedes-cl,10-14,<40k,66,7,10.6,5.2,20.3,true,motriskindex-families-2024-v5
mercedes-cl,10-14,40-70k,190,29,15.3,10.8,21.1,true,motriskindex-families-2024-v5
mercedes-cl,10-14,70-100k,197,38,19.3,14.4,25.4,true,motriskindex-families-2024-v5
mercedes-cl,10-14,100-140k,89,26,29.2,20.8,39.4,true,motriskindex-families-2024-v5
mercedes-cl,15+,<40k,134,18,13.4,8.7,20.2,true,motriskindex-families-2024-v5
mercedes-cl,15+,40-70k,392,76,19.4,15.8,23.6,true,motriskindex-families-2024-v5
mercedes-cl,15+,70-100k,763,165,21.6,18.8,24.7,false,motriskindex-families-2024-v5
mercedes-cl,15+,100-140k,787,202,25.7,22.7,28.8,false,motriskindex-families-2024-v5
mercedes-cl,15+,140k+,253,73,28.9,23.6,34.7,true,motriskindex-families-2024-v5
mercedes-cla,3-5,<40k,16711,2186,13.1,12.6,13.6,false,motriskindex-families-2024-v5
mercedes-cla,3-5,40-70k,7816,1423,18.2,17.4,19.1,false,motriskindex-families-2024-v5
mercedes-cla,3-5,70-100k,1025,205,20.0,17.7,22.6,false,motriskindex-families-2024-v5
mercedes-cla,3-5,100-140k,127,26,20.5,14.4,28.3,true,motriskindex-families-2024-v5
mercedes-cla,6-9,<40k,4629,674,14.6,13.6,15.6,false,motriskindex-families-2024-v5
mercedes-cla,6-9,40-70k,13936,2815,20.2,19.5,20.9,false,motriskindex-families-2024-v5
mercedes-cla,6-9,70-100k,8969,2187,24.4,23.5,25.3,false,motriskindex-families-2024-v5
mercedes-cla,6-9,100-140k,3107,853,27.5,25.9,29.1,false,motriskindex-families-2024-v5
mercedes-cla,6-9,140k+,572,157,27.4,24.0,31.2,false,motriskindex-families-2024-v5
mercedes-cla,10-14,<40k,263,29,11.0,7.8,15.4,true,motriskindex-families-2024-v5
mercedes-cla,10-14,40-70k,1431,328,22.9,20.8,25.2,false,motriskindex-families-2024-v5
mercedes-cla,10-14,70-100k,2637,752,28.5,26.8,30.3,false,motriskindex-families-2024-v5
mercedes-cla,10-14,100-140k,1700,529,31.1,29.0,33.4,false,motriskindex-families-2024-v5
mercedes-cla,10-14,140k+,426,127,29.8,25.7,34.3,true,motriskindex-families-2024-v5
mercedes-clc,10-14,<40k,133,29,21.8,15.6,29.6,true,motriskindex-families-2024-v5
mercedes-clc,10-14,40-70k,643,239,37.2,33.5,41.0,false,motriskindex-families-2024-v5
mercedes-clc,10-14,70-100k,1105,443,40.1,37.2,43.0,false,motriskindex-families-2024-v5
mercedes-clc,10-14,100-140k,912,440,48.2,45.0,51.5,false,motriskindex-families-2024-v5
mercedes-clc,10-14,140k+,253,122,48.2,42.1,54.4,true,motriskindex-families-2024-v5
mercedes-clc,15+,<40k,163,39,23.9,18.0,31.0,true,motriskindex-families-2024-v5
mercedes-clc,15+,40-70k,694,256,36.9,33.4,40.5,false,motriskindex-families-2024-v5
mercedes-clc,15+,70-100k,1708,753,44.1,41.7,46.5,false,motriskindex-families-2024-v5
mercedes-clc,15+,100-140k,2066,1004,48.6,46.4,50.8,false,motriskindex-families-2024-v5
mercedes-clc,15+,140k+,775,392,50.6,47.1,54.1,false,motriskindex-families-2024-v5
mercedes-clk,15+,<40k,1041,176,16.9,14.8,19.3,false,motriskindex-families-2024-v5
mercedes-clk,15+,40-70k,4102,1160,28.3,26.9,29.7,false,motriskindex-families-2024-v5
mercedes-clk,15+,70-100k,8063,3003,37.2,36.2,38.3,false,motriskindex-families-2024-v5
mercedes-clk,15+,100-140k,9425,3944,41.8,40.9,42.8,false,motriskindex-families-2024-v5
mercedes-clk,15+,140k+,4687,2039,43.5,42.1,44.9,false,motriskindex-families-2024-v5
mercedes-cls,3-5,<40k,966,167,17.3,15.0,19.8,false,motriskindex-families-2024-v5
mercedes-cls,3-5,40-70k,554,101,18.2,15.2,21.7,false,motriskindex-families-2024-v5
mercedes-cls,3-5,70-100k,88,18,20.5,13.3,30.0,true,motriskindex-families-2024-v5
mercedes-cls,6-9,<40k,1120,169,15.1,13.1,17.3,false,motriskindex-families-2024-v5
mercedes-cls,6-9,40-70k,3016,590,19.6,18.2,21.0,false,motriskindex-families-2024-v5
mercedes-cls,6-9,70-100k,2238,510,22.8,21.1,24.6,false,motriskindex-families-2024-v5
mercedes-cls,6-9,100-140k,924,227,24.6,21.9,27.4,false,motriskindex-families-2024-v5
mercedes-cls,6-9,140k+,193,47,24.4,18.8,30.9,true,motriskindex-families-2024-v5
mercedes-cls,10-14,<40k,285,50,17.5,13.6,22.4,true,motriskindex-families-2024-v5
mercedes-cls,10-14,40-70k,1565,364,23.3,21.2,25.4,false,motriskindex-families-2024-v5
mercedes-cls,10-14,70-100k,2798,749,26.8,25.2,28.4,false,motriskindex-families-2024-v5
mercedes-cls,10-14,100-140k,2493,738,29.6,27.8,31.4,false,motriskindex-families-2024-v5
mercedes-cls,10-14,140k+,1015,298,29.4,26.6,32.2,false,motriskindex-families-2024-v5
mercedes-cls,15+,<40k,122,19,15.6,10.2,23.0,true,motriskindex-families-2024-v5
mercedes-cls,15+,40-70k,581,132,22.7,19.5,26.3,false,motriskindex-families-2024-v5
mercedes-cls,15+,70-100k,1473,491,33.3,31.0,35.8,false,motriskindex-families-2024-v5
mercedes-cls,15+,100-140k,2532,915,36.1,34.3,38.0,false,motriskindex-families-2024-v5
mercedes-cls,15+,140k+,1755,647,36.9,34.6,39.1,false,motriskindex-families-2024-v5
mercedes-e-class,3-5,<40k,12705,1709,13.5,12.9,14.1,false,motriskindex-families-2024-v5
mercedes-e-class,3-5,40-70k,9100,1435,15.8,15.0,16.5,false,motriskindex-families-2024-v5
mercedes-e-class,3-5,70-100k,3206,407,12.7,11.6,13.9,false,motriskindex-families-2024-v5
mercedes-e-class,3-5,100-140k,1832,169,9.2,8.0,10.6,false,motriskindex-families-2024-v5
mercedes-e-class,3-5,140k+,993,103,10.4,8.6,12.4,false,motriskindex-families-2024-v5
mercedes-e-class,6-9,<40k,12512,1693,13.5,12.9,14.1,false,motriskindex-families-2024-v5
mercedes-e-class,6-9,40-70k,30152,5409,17.9,17.5,18.4,false,motriskindex-families-2024-v5
mercedes-e-class,6-9,70-100k,21163,4215,19.9,19.4,20.5,false,motriskindex-families-2024-v5
mercedes-e-class,6-9,100-140k,11789,2266,19.2,18.5,19.9,false,motriskindex-families-2024-v5
mercedes-e-class,6-9,140k+,10396,1718,16.5,15.8,17.3,false,motriskindex-families-2024-v5
mercedes-e-class,10-14,<40k,2884,407,14.1,12.9,15.4,false,motriskindex-families-2024-v5
mercedes-e-class,10-14,40-70k,14281,3216,22.5,21.8,23.2,false,motriskindex-families-2024-v5
mercedes-e-class,10-14,70-100k,23973,6633,27.7,27.1,28.2,false,motriskindex-families-2024-v5
mercedes-e-class,10-14,100-140k,23260,7232,31.1,30.5,31.7,false,motriskindex-families-2024-v5
mercedes-e-class,10-14,140k+,13508,4173,30.9,30.1,31.7,false,motriskindex-families-2024-v5
mercedes-e-class,15+,<40k,590,76,12.9,10.4,15.8,false,motriskindex-families-2024-v5
mercedes-e-class,15+,40-70k,2768,620,22.4,20.9,24.0,false,motriskindex-families-2024-v5
mercedes-e-class,15+,70-100k,5906,1727,29.2,28.1,30.4,false,motriskindex-families-2024-v5
mercedes-e-class,15+,100-140k,11142,3732,33.5,32.6,34.4,false,motriskindex-families-2024-v5
mercedes-e-class,15+,140k+,13215,4673,35.4,34.6,36.2,false,motriskindex-families-2024-v5
mercedes-eqa,3-5,<40k,4191,468,11.2,10.2,12.2,false,motriskindex-families-2024-v5
mercedes-eqa,3-5,40-70k,621,119,19.2,16.3,22.4,false,motriskindex-families-2024-v5
mercedes-eqc,3-5,<40k,5038,819,16.3,15.3,17.3,false,motriskindex-families-2024-v5
mercedes-eqc,3-5,40-70k,1742,297,17.0,15.4,18.9,false,motriskindex-families-2024-v5
mercedes-eqc,3-5,70-100k,139,25,18.0,12.5,25.2,true,motriskindex-families-2024-v5
mercedes-g,3-5,<40k,1048,77,7.3,5.9,9.1,false,motriskindex-families-2024-v5
mercedes-g,3-5,40-70k,313,34,10.9,7.9,14.8,true,motriskindex-families-2024-v5
mercedes-g-class,6-9,<40k,354,48,13.6,10.4,17.5,true,motriskindex-families-2024-v5
mercedes-g-class,6-9,40-70k,347,64,18.4,14.7,22.9,true,motriskindex-families-2024-v5
mercedes-g-class,6-9,70-100k,84,19,22.6,15.0,32.6,true,motriskindex-families-2024-v5
mercedes-g-class,10-14,<40k,74,12,16.2,9.5,26.2,true,motriskindex-families-2024-v5
mercedes-g-class,10-14,40-70k,127,18,14.2,9.2,21.3,true,motriskindex-families-2024-v5
mercedes-g-class,10-14,70-100k,93,15,16.1,10.0,24.9,true,motriskindex-families-2024-v5
mercedes-gl,6-9,<40k,76,10,13.2,7.3,22.6,true,motriskindex-families-2024-v5
mercedes-gl,6-9,40-70k,309,51,16.5,12.8,21.1,true,motriskindex-families-2024-v5
mercedes-gl,6-9,70-100k,332,65,19.6,15.7,24.2,true,motriskindex-families-2024-v5
mercedes-gl,6-9,100-140k,143,24,16.8,11.5,23.8,true,motriskindex-families-2024-v5
mercedes-gl,10-14,40-70k,226,34,15.0,11.0,20.3,true,motriskindex-families-2024-v5
mercedes-gl,10-14,70-100k,569,104,18.3,15.3,21.7,false,motriskindex-families-2024-v5
mercedes-gl,10-14,100-140k,557,106,19.0,16.0,22.5,false,motriskindex-families-2024-v5
mercedes-gl,10-14,140k+,233,50,21.5,16.7,27.2,true,motriskindex-families-2024-v5
mercedes-gl,15+,70-100k,156,40,25.6,19.4,33.0,true,motriskindex-families-2024-v5
mercedes-gl,15+,100-140k,409,111,27.1,23.1,31.6,true,motriskindex-families-2024-v5
mercedes-gl,15+,140k+,350,114,32.6,27.9,37.6,true,motriskindex-families-2024-v5
mercedes-gla,3-5,<40k,26454,2467,9.3,9.0,9.7,false,motriskindex-families-2024-v5
mercedes-gla,3-5,40-70k,7936,1151,14.5,13.7,15.3,false,motriskindex-families-2024-v5
mercedes-gla,3-5,70-100k,657,102,15.5,13.0,18.5,false,motriskindex-families-2024-v5
mercedes-gla,3-5,100-140k,51,12,23.5,14.0,36.8,true,motriskindex-families-2024-v5
mercedes-gla,6-9,<40k,12331,1446,11.7,11.2,12.3,false,motriskindex-families-2024-v5
mercedes-gla,6-9,40-70k,23971,4323,18.0,17.6,18.5,false,motriskindex-families-2024-v5
mercedes-gla,6-9,70-100k,9805,2291,23.4,22.5,24.2,false,motriskindex-families-2024-v5
mercedes-gla,6-9,100-140k,2155,576,26.7,24.9,28.6,false,motriskindex-families-2024-v5
mercedes-gla,6-9,140k+,262,77,29.4,24.2,35.2,true,motriskindex-families-2024-v5
mercedes-gla,10-14,<40k,299,33,11.0,8.0,15.1,true,motriskindex-families-2024-v5
mercedes-gla,10-14,40-70k,1236,214,17.3,15.3,19.5,false,motriskindex-families-2024-v5
mercedes-gla,10-14,70-100k,1337,286,21.4,19.3,23.7,false,motriskindex-families-2024-v5
mercedes-gla,10-14,100-140k,511,136,26.6,23.0,30.6,false,motriskindex-families-2024-v5
mercedes-gla,10-14,140k+,71,24,33.8,23.9,45.4,true,motriskindex-families-2024-v5
mercedes-glb,3-5,<40k,5218,428,8.2,7.5,9.0,false,motriskindex-families-2024-v5
mercedes-glb,3-5,40-70k,1259,180,14.3,12.5,16.3,false,motriskindex-families-2024-v5
mercedes-glb,3-5,70-100k,91,18,19.8,12.9,29.1,true,motriskindex-families-2024-v5
mercedes-glc,3-5,<40k,21810,1902,8.7,8.4,9.1,false,motriskindex-families-2024-v5
mercedes-glc,3-5,40-70k,12161,1523,12.5,11.9,13.1,false,motriskindex-families-2024-v5
mercedes-glc,3-5,70-100k,1345,204,15.2,13.3,17.2,false,motriskindex-families-2024-v5
mercedes-glc,3-5,100-140k,153,16,10.5,6.5,16.3,true,motriskindex-families-2024-v5
mercedes-glc,6-9,<40k,8569,914,10.7,10.0,11.3,false,motriskindex-families-2024-v5
mercedes-glc,6-9,40-70k,21742,3341,15.4,14.9,15.9,false,motriskindex-families-2024-v5
mercedes-glc,6-9,70-100k,9716,1675,17.2,16.5,18.0,false,motriskindex-families-2024-v5
mercedes-glc,6-9,100-140k,1998,435,21.8,20.0,23.6,false,motriskindex-families-2024-v5
mercedes-glc,6-9,140k+,286,65,22.7,18.3,27.9,true,motriskindex-families-2024-v5
mercedes-gle,3-5,<40k,7916,826,10.4,9.8,11.1,false,motriskindex-families-2024-v5
mercedes-gle,3-5,40-70k,4641,608,13.1,12.2,14.1,false,motriskindex-families-2024-v5
mercedes-gle,3-5,70-100k,551,75,13.6,11.0,16.7,false,motriskindex-families-2024-v5
mercedes-gle,3-5,100-140k,60,9,15.0,8.1,26.1,true,motriskindex-families-2024-v5
mercedes-gle,6-9,<40k,2629,284,10.8,9.7,12.0,false,motriskindex-families-2024-v5
mercedes-gle,6-9,40-70k,8682,1125,13.0,12.3,13.7,false,motriskindex-families-2024-v5
mercedes-gle,6-9,70-100k,4621,713,15.4,14.4,16.5,false,motriskindex-families-2024-v5
mercedes-gle,6-9,100-140k,1101,178,16.2,14.1,18.5,false,motriskindex-families-2024-v5
mercedes-gle,6-9,140k+,129,24,18.6,12.8,26.2,true,motriskindex-families-2024-v5
mercedes-gls,3-5,<40k,592,75,12.7,10.2,15.6,false,motriskindex-families-2024-v5
mercedes-gls,3-5,40-70k,458,65,14.2,11.3,17.7,true,motriskindex-families-2024-v5
mercedes-gls,3-5,70-100k,67,12,17.9,10.6,28.7,true,motriskindex-families-2024-v5
mercedes-gls,6-9,<40k,272,19,7.0,4.5,10.7,true,motriskindex-families-2024-v5
mercedes-gls,6-9,40-70k,811,114,14.1,11.8,16.6,false,motriskindex-families-2024-v5
mercedes-gls,6-9,70-100k,394,60,15.2,12.0,19.1,true,motriskindex-families-2024-v5
mercedes-gls,6-9,100-140k,122,22,18.0,12.2,25.8,true,motriskindex-families-2024-v5
mercedes-gt,6-9,<40k,934,48,5.1,3.9,6.7,false,motriskindex-families-2024-v5
mercedes-gt,6-9,40-70k,130,18,13.8,8.9,20.8,true,motriskindex-families-2024-v5
mercedes-m-class,6-9,<40k,185,25,13.5,9.3,19.2,true,motriskindex-families-2024-v5
mercedes-m-class,6-9,40-70k,1129,167,14.8,12.8,17.0,false,motriskindex-families-2024-v5
mercedes-m-class,6-9,70-100k,1253,235,18.8,16.7,21.0,false,motriskindex-families-2024-v5
mercedes-m-class,6-9,100-140k,517,120,23.2,19.8,27.0,false,motriskindex-families-2024-v5
mercedes-m-class,6-9,140k+,85,19,22.4,14.8,32.3,true,motriskindex-families-2024-v5
mercedes-m-class,10-14,<40k,310,41,13.2,9.9,17.5,true,motriskindex-families-2024-v5
mercedes-m-class,10-14,40-70k,2216,374,16.9,15.4,18.5,false,motriskindex-families-2024-v5
mercedes-m-class,10-14,70-100k,5609,1288,23.0,21.9,24.1,false,motriskindex-families-2024-v5
mercedes-m-class,10-14,100-140k,5750,1557,27.1,25.9,28.2,false,motriskindex-families-2024-v5
mercedes-m-class,10-14,140k+,1657,477,28.8,26.7,31.0,false,motriskindex-families-2024-v5
mercedes-m-class,15+,<40k,95,19,20.0,13.2,29.1,true,motriskindex-families-2024-v5
mercedes-m-class,15+,40-70k,525,148,28.2,24.5,32.2,false,motriskindex-families-2024-v5
mercedes-m-class,15+,70-100k,2083,677,32.5,30.5,34.5,false,motriskindex-families-2024-v5
mercedes-m-class,15+,100-140k,5561,2047,36.8,35.6,38.1,false,motriskindex-families-2024-v5
mercedes-m-class,15+,140k+,4665,1811,38.8,37.4,40.2,false,motriskindex-families-2024-v5
mercedes-r-class,10-14,40-70k,76,16,21.1,13.4,31.5,true,motriskindex-families-2024-v5
mercedes-r-class,10-14,70-100k,262,74,28.2,23.1,34.0,true,motriskindex-families-2024-v5
mercedes-r-class,10-14,100-140k,389,107,27.5,23.3,32.1,true,motriskindex-families-2024-v5
mercedes-r-class,10-14,140k+,242,88,36.4,30.6,42.6,true,motriskindex-families-2024-v5
mercedes-r-class,15+,40-70k,55,10,18.2,10.2,30.3,true,motriskindex-families-2024-v5
mercedes-r-class,15+,70-100k,207,63,30.4,24.6,37.0,true,motriskindex-families-2024-v5
mercedes-r-class,15+,100-140k,441,160,36.3,31.9,40.9,true,motriskindex-families-2024-v5
mercedes-r-class,15+,140k+,353,130,36.8,32.0,42.0,true,motriskindex-families-2024-v5
mercedes-s,3-5,<40k,517,44,8.5,6.4,11.2,false,motriskindex-families-2024-v5
mercedes-s,3-5,40-70k,369,33,8.9,6.4,12.3,true,motriskindex-families-2024-v5
mercedes-s,3-5,70-100k,124,8,6.5,3.3,12.2,true,motriskindex-families-2024-v5
mercedes-s-class,3-5,<40k,882,78,8.8,7.1,10.9,false,motriskindex-families-2024-v5
mercedes-s-class,3-5,40-70k,795,75,9.4,7.6,11.7,false,motriskindex-families-2024-v5
mercedes-s-class,3-5,70-100k,557,41,7.4,5.5,9.8,false,motriskindex-families-2024-v5
mercedes-s-class,3-5,100-140k,329,22,6.7,4.5,9.9,true,motriskindex-families-2024-v5
mercedes-s-class,3-5,140k+,105,11,10.5,6.0,17.8,true,motriskindex-families-2024-v5
mercedes-s-class,6-9,<40k,2057,205,10.0,8.7,11.3,false,motriskindex-families-2024-v5
mercedes-s-class,6-9,40-70k,3282,477,14.5,13.4,15.8,false,motriskindex-families-2024-v5
mercedes-s-class,6-9,70-100k,2004,283,14.1,12.7,15.7,false,motriskindex-families-2024-v5
mercedes-s-class,6-9,100-140k,1247,129,10.3,8.8,12.2,false,motriskindex-families-2024-v5
mercedes-s-class,6-9,140k+,989,115,11.6,9.8,13.8,false,motriskindex-families-2024-v5
mercedes-s-class,10-14,<40k,334,24,7.2,4.9,10.5,true,motriskindex-families-2024-v5
mercedes-s-class,10-14,40-70k,1068,191,17.9,15.7,20.3,false,motriskindex-families-2024-v5
mercedes-s-class,10-14,70-100k,1556,285,18.3,16.5,20.3,false,motriskindex-families-2024-v5
mercedes-s-class,10-14,100-140k,1468,301,20.5,18.5,22.6,false,motriskindex-families-2024-v5
mercedes-s-class,10-14,140k+,1123,256,22.8,20.4,25.3,false,motriskindex-families-2024-v5
mercedes-s-class,15+,<40k,313,44,14.1,10.6,18.3,true,motriskindex-families-2024-v5
mercedes-s-class,15+,40-70k,863,173,20.0,17.5,22.8,false,motriskindex-families-2024-v5
mercedes-s-class,15+,70-100k,1595,402,25.2,23.1,27.4,false,motriskindex-families-2024-v5
mercedes-s-class,15+,100-140k,2295,623,27.1,25.4,29.0,false,motriskindex-families-2024-v5
mercedes-s-class,15+,140k+,1757,566,32.2,30.1,34.4,false,motriskindex-families-2024-v5
mercedes-sl,6-9,<40k,1860,167,9.0,7.8,10.4,false,motriskindex-families-2024-v5
mercedes-sl,6-9,40-70k,674,105,15.6,13.0,18.5,false,motriskindex-families-2024-v5
mercedes-sl,6-9,70-100k,103,23,22.3,15.4,31.3,true,motriskindex-families-2024-v5
mercedes-sl,10-14,<40k,1230,129,10.5,8.9,12.3,false,motriskindex-families-2024-v5
mercedes-sl,10-14,40-70k,1450,248,17.1,15.3,19.1,false,motriskindex-families-2024-v5
mercedes-sl,10-14,70-100k,426,104,24.4,20.6,28.7,true,motriskindex-families-2024-v5
mercedes-sl,10-14,100-140k,99,26,26.3,18.6,35.7,true,motriskindex-families-2024-v5
mercedes-sl,15+,<40k,1515,185,12.2,10.7,14.0,false,motriskindex-families-2024-v5
mercedes-sl,15+,40-70k,3574,554,15.5,14.4,16.7,false,motriskindex-families-2024-v5
mercedes-sl,15+,70-100k,3526,742,21.0,19.7,22.4,false,motriskindex-families-2024-v5
mercedes-sl,15+,100-140k,1830,435,23.8,21.9,25.8,false,motriskindex-families-2024-v5
mercedes-sl,15+,140k+,377,108,28.6,24.3,33.4,true,motriskindex-families-2024-v5
mercedes-slc,3-5,<40k,1662,135,8.1,6.9,9.5,false,motriskindex-families-2024-v5
mercedes-slc,3-5,40-70k,101,18,17.8,11.6,26.4,true,motriskindex-families-2024-v5
mercedes-slc,6-9,<40k,4825,566,11.7,10.9,12.7,false,motriskindex-families-2024-v5
mercedes-slc,6-9,40-70k,2015,427,21.2,19.5,23.0,false,motriskindex-families-2024-v5
mercedes-slc,6-9,70-100k,320,74,23.1,18.8,28.0,true,motriskindex-families-2024-v5
mercedes-slk,6-9,<40k,2543,319,12.5,11.3,13.9,false,motriskindex-families-2024-v5
mercedes-slk,6-9,40-70k,2793,629,22.5,21.0,24.1,false,motriskindex-families-2024-v5
mercedes-slk,6-9,70-100k,633,178,28.1,24.8,31.7,false,motriskindex-families-2024-v5
mercedes-slk,6-9,100-140k,110,38,34.5,26.3,43.8,true,motriskindex-families-2024-v5
mercedes-slk,10-14,<40k,4130,583,14.1,13.1,15.2,false,motriskindex-families-2024-v5
mercedes-slk,10-14,40-70k,9153,2216,24.2,23.3,25.1,false,motriskindex-families-2024-v5
mercedes-slk,10-14,70-100k,4783,1474,30.8,29.5,32.1,false,motriskindex-families-2024-v5
mercedes-slk,10-14,100-140k,1239,460,37.1,34.5,39.9,false,motriskindex-families-2024-v5
mercedes-slk,10-14,140k+,154,58,37.7,30.4,45.5,true,motriskindex-families-2024-v5
mercedes-slk,15+,<40k,2638,449,17.0,15.6,18.5,false,motriskindex-families-2024-v5
mercedes-slk,15+,40-70k,8597,2287,26.6,25.7,27.5,false,motriskindex-families-2024-v5
mercedes-slk,15+,70-100k,9978,3474,34.8,33.9,35.8,false,motriskindex-families-2024-v5
mercedes-slk,15+,100-140k,5951,2374,39.9,38.7,41.1,false,motriskindex-families-2024-v5
mercedes-slk,15+,140k+,1118,492,44.0,41.1,46.9,false,motriskindex-families-2024-v5
mercedes-sprinter,3-5,<40k,976,130,13.3,11.3,15.6,false,motriskindex-families-2024-v5
mercedes-sprinter,3-5,40-70k,486,99,20.4,17.0,24.2,true,motriskindex-families-2024-v5
mercedes-sprinter,3-5,70-100k,411,74,18.0,14.6,22.0,true,motriskindex-families-2024-v5
mercedes-sprinter,3-5,100-140k,275,36,13.1,9.6,17.6,true,motriskindex-families-2024-v5
mercedes-sprinter,3-5,140k+,415,33,8.0,5.7,11.0,true,motriskindex-families-2024-v5
mercedes-sprinter,6-9,<40k,846,104,12.3,10.2,14.7,false,motriskindex-families-2024-v5
mercedes-sprinter,6-9,40-70k,846,146,17.3,14.9,20.0,false,motriskindex-families-2024-v5
mercedes-sprinter,6-9,70-100k,666,158,23.7,20.6,27.1,false,motriskindex-families-2024-v5
mercedes-sprinter,6-9,100-140k,634,156,24.6,21.4,28.1,false,motriskindex-families-2024-v5
mercedes-sprinter,6-9,140k+,1558,266,17.1,15.3,19.0,false,motriskindex-families-2024-v5
mercedes-sprinter,10-14,<40k,621,101,16.3,13.6,19.4,false,motriskindex-families-2024-v5
mercedes-sprinter,10-14,40-70k,592,129,21.8,18.7,25.3,false,motriskindex-families-2024-v5
mercedes-sprinter,10-14,70-100k,660,183,27.7,24.4,31.3,false,motriskindex-families-2024-v5
mercedes-sprinter,10-14,100-140k,994,334,33.6,30.7,36.6,false,motriskindex-families-2024-v5
mercedes-sprinter,10-14,140k+,2122,722,34.0,32.0,36.1,false,motriskindex-families-2024-v5
mercedes-sprinter,15+,<40k,504,97,19.2,16.0,22.9,false,motriskindex-families-2024-v5
mercedes-sprinter,15+,40-70k,1140,315,27.6,25.1,30.3,false,motriskindex-families-2024-v5
mercedes-sprinter,15+,70-100k,1068,352,33.0,30.2,35.8,false,motriskindex-families-2024-v5
mercedes-sprinter,15+,100-140k,1543,597,38.7,36.3,41.1,false,motriskindex-families-2024-v5
mercedes-sprinter,15+,140k+,3547,1479,41.7,40.1,43.3,false,motriskindex-families-2024-v5
mercedes-v,3-5,<40k,725,135,18.6,16.0,21.6,false,motriskindex-families-2024-v5
mercedes-v,3-5,40-70k,430,64,14.9,11.8,18.6,true,motriskindex-families-2024-v5
mercedes-v,3-5,70-100k,190,28,14.7,10.4,20.5,true,motriskindex-families-2024-v5
mercedes-v,3-5,100-140k,85,14,16.5,10.1,25.8,true,motriskindex-families-2024-v5
mercedes-v,3-5,140k+,69,12,17.4,10.2,28.0,true,motriskindex-families-2024-v5
mercedes-v,6-9,100-140k,51,12,23.5,14.0,36.8,true,motriskindex-families-2024-v5
mercedes-v,6-9,140k+,162,25,15.4,10.7,21.8,true,motriskindex-families-2024-v5
mercedes-v-class,3-5,<40k,824,155,18.8,16.3,21.6,false,motriskindex-families-2024-v5
mercedes-v-class,3-5,40-70k,713,127,17.8,15.2,20.8,false,motriskindex-families-2024-v5
mercedes-v-class,3-5,70-100k,492,69,14.0,11.2,17.4,true,motriskindex-families-2024-v5
mercedes-v-class,3-5,100-140k,470,58,12.3,9.7,15.6,true,motriskindex-families-2024-v5
mercedes-v-class,3-5,140k+,368,67,18.2,14.6,22.5,true,motriskindex-families-2024-v5
mercedes-v-class,6-9,<40k,911,160,17.6,15.2,20.2,false,motriskindex-families-2024-v5
mercedes-v-class,6-9,40-70k,1460,320,21.9,19.9,24.1,false,motriskindex-families-2024-v5
mercedes-v-class,6-9,70-100k,1294,284,21.9,19.8,24.3,false,motriskindex-families-2024-v5
mercedes-v-class,6-9,100-140k,1324,241,18.2,16.2,20.4,false,motriskindex-families-2024-v5
mercedes-v-class,6-9,140k+,2063,382,18.5,16.9,20.3,false,motriskindex-families-2024-v5
mercedes-v-class,15+,70-100k,75,38,50.7,39.6,61.7,true,motriskindex-families-2024-v5
mercedes-v-class,15+,100-140k,83,35,42.2,32.1,52.9,true,motriskindex-families-2024-v5
mercedes-v-class,15+,140k+,99,45,45.5,36.0,55.2,true,motriskindex-families-2024-v5
mercedes-viano,10-14,<40k,90,19,21.1,14.0,30.6,true,motriskindex-families-2024-v5
mercedes-viano,10-14,40-70k,294,79,26.9,22.1,32.2,true,motriskindex-families-2024-v5
mercedes-viano,10-14,70-100k,461,128,27.8,23.9,32.0,true,motriskindex-families-2024-v5
mercedes-viano,10-14,100-140k,627,226,36.0,32.4,39.9,false,motriskindex-families-2024-v5
mercedes-viano,10-14,140k+,1292,426,33.0,30.5,35.6,false,motriskindex-families-2024-v5
mercedes-viano,15+,40-70k,215,74,34.4,28.4,41.0,true,motriskindex-families-2024-v5
mercedes-viano,15+,70-100k,279,107,38.4,32.8,44.2,true,motriskindex-families-2024-v5
mercedes-viano,15+,100-140k,477,192,40.3,35.9,44.7,true,motriskindex-families-2024-v5
mercedes-viano,15+,140k+,1174,479,40.8,38.0,43.6,false,motriskindex-families-2024-v5
mercedes-vito,3-5,<40k,3520,655,18.6,17.4,19.9,false,motriskindex-families-2024-v5
mercedes-vito,3-5,40-70k,5533,1356,24.5,23.4,25.7,false,motriskindex-families-2024-v5
mercedes-vito,3-5,70-100k,3877,1070,27.6,26.2,29.0,false,motriskindex-families-2024-v5
mercedes-vito,3-5,100-140k,2635,689,26.1,24.5,27.9,false,motriskindex-families-2024-v5
mercedes-vito,3-5,140k+,1928,499,25.9,24.0,27.9,false,motriskindex-families-2024-v5
mercedes-vito,6-9,<40k,985,178,18.1,15.8,20.6,false,motriskindex-families-2024-v5
mercedes-vito,6-9,40-70k,4148,1081,26.1,24.7,27.4,false,motriskindex-families-2024-v5
mercedes-vito,6-9,70-100k,5864,1724,29.4,28.2,30.6,false,motriskindex-families-2024-v5
mercedes-vito,6-9,100-140k,6337,2010,31.7,30.6,32.9,false,motriskindex-families-2024-v5
mercedes-vito,6-9,140k+,8889,2500,28.1,27.2,29.1,false,motriskindex-families-2024-v5
mercedes-vito,10-14,<40k,240,58,24.2,19.2,30.0,true,motriskindex-families-2024-v5
mercedes-vito,10-14,40-70k,1122,289,25.8,23.3,28.4,false,motriskindex-families-2024-v5
mercedes-vito,10-14,70-100k,2622,852,32.5,30.7,34.3,false,motriskindex-families-2024-v5
mercedes-vito,10-14,100-140k,5153,2010,39.0,37.7,40.3,false,motriskindex-families-2024-v5
mercedes-vito,10-14,140k+,12536,4821,38.5,37.6,39.3,false,motriskindex-families-2024-v5
mercedes-vito,15+,<40k,137,46,33.6,26.2,41.8,true,motriskindex-families-2024-v5
mercedes-vito,15+,40-70k,617,202,32.7,29.2,36.5,false,motriskindex-families-2024-v5
mercedes-vito,15+,70-100k,1713,678,39.6,37.3,41.9,false,motriskindex-families-2024-v5
mercedes-vito,15+,100-140k,4630,2032,43.9,42.5,45.3,false,motriskindex-families-2024-v5
mercedes-vito,15+,140k+,12688,5587,44.0,43.2,44.9,false,motriskindex-families-2024-v5
mercedes-x,3-5,<40k,710,111,15.6,13.1,18.5,false,motriskindex-families-2024-v5
mercedes-x,3-5,40-70k,970,173,17.8,15.6,20.4,false,motriskindex-families-2024-v5
mercedes-x,3-5,70-100k,379,85,22.4,18.5,26.9,true,motriskindex-families-2024-v5
mercedes-x,3-5,100-140k,114,43,37.7,29.4,46.9,true,motriskindex-families-2024-v5
mercedes-x,6-9,<40k,210,36,17.1,12.6,22.8,true,motriskindex-families-2024-v5
mercedes-x,6-9,40-70k,598,140,23.4,20.2,27.0,false,motriskindex-families-2024-v5
mercedes-x,6-9,70-100k,372,86,23.1,19.1,27.7,true,motriskindex-families-2024-v5
mercedes-x,6-9,100-140k,153,40,26.1,19.8,33.6,true,motriskindex-families-2024-v5
mercedes-x,6-9,140k+,53,19,35.8,24.3,49.3,true,motriskindex-families-2024-v5
mg-3,3-5,<40k,7197,1154,16.0,15.2,16.9,false,motriskindex-families-2024-v5
mg-3,3-5,40-70k,837,267,31.9,28.8,35.1,false,motriskindex-families-2024-v5
mg-3,3-5,70-100k,57,25,43.9,31.8,56.7,true,motriskindex-families-2024-v5
mg-3,6-9,<40k,5112,1032,20.2,19.1,21.3,false,motriskindex-families-2024-v5
mg-3,6-9,40-70k,4541,1459,32.1,30.8,33.5,false,motriskindex-families-2024-v5
mg-3,6-9,70-100k,1052,450,42.8,39.8,45.8,false,motriskindex-families-2024-v5
mg-3,6-9,100-140k,152,67,44.1,36.4,52.0,true,motriskindex-families-2024-v5
mg-3,10-14,<40k,470,108,23.0,19.4,27.0,true,motriskindex-families-2024-v5
mg-3,10-14,40-70k,781,252,32.3,29.1,35.6,false,motriskindex-families-2024-v5
mg-3,10-14,70-100k,398,159,39.9,35.3,44.8,true,motriskindex-families-2024-v5
mg-3,10-14,100-140k,89,33,37.1,27.8,47.5,true,motriskindex-families-2024-v5
mg-5,3-5,<40k,3429,356,10.4,9.4,11.4,false,motriskindex-families-2024-v5
mg-5,3-5,40-70k,1448,258,17.8,15.9,19.9,false,motriskindex-families-2024-v5
mg-5,3-5,70-100k,477,104,21.8,18.3,25.7,true,motriskindex-families-2024-v5
mg-5,3-5,100-140k,123,30,24.4,17.7,32.7,true,motriskindex-families-2024-v5
mg-6,6-9,<40k,97,25,25.8,18.1,35.3,true,motriskindex-families-2024-v5
mg-6,6-9,40-70k,313,101,32.3,27.3,37.6,true,motriskindex-families-2024-v5
mg-6,6-9,70-100k,218,75,34.4,28.4,40.9,true,motriskindex-families-2024-v5
mg-6,6-9,100-140k,66,27,40.9,29.9,53.0,true,motriskindex-families-2024-v5
mg-6,10-14,<40k,110,32,29.1,21.4,38.2,true,motriskindex-families-2024-v5
mg-6,10-14,40-70k,478,187,39.1,34.8,43.6,true,motriskindex-families-2024-v5
mg-6,10-14,70-100k,466,208,44.6,40.2,49.2,true,motriskindex-families-2024-v5
mg-6,10-14,100-140k,162,67,41.4,34.1,49.1,true,motriskindex-families-2024-v5
mg-b,15+,<40k,2010,347,17.3,15.7,19.0,false,motriskindex-families-2024-v5
mg-b,15+,40-70k,1078,212,19.7,17.4,22.1,false,motriskindex-families-2024-v5
mg-b,15+,70-100k,1015,188,18.5,16.3,21.0,false,motriskindex-families-2024-v5
mg-gs,3-5,<40k,239,57,23.8,18.9,29.6,true,motriskindex-families-2024-v5
mg-gs,3-5,40-70k,131,37,28.2,21.2,36.5,true,motriskindex-families-2024-v5
mg-gs,6-9,<40k,912,183,20.1,17.6,22.8,false,motriskindex-families-2024-v5
mg-gs,6-9,40-70k,1210,342,28.3,25.8,30.9,false,motriskindex-families-2024-v5
mg-gs,6-9,70-100k,312,112,35.9,30.8,41.4,true,motriskindex-families-2024-v5
mg-hs,3-5,<40k,9981,957,9.6,9.0,10.2,false,motriskindex-families-2024-v5
mg-hs,3-5,40-70k,1583,263,16.6,14.9,18.5,false,motriskindex-families-2024-v5
mg-hs,3-5,70-100k,83,15,18.1,11.3,27.7,true,motriskindex-families-2024-v5
mg-mgf,15+,<40k,583,116,19.9,16.9,23.3,false,motriskindex-families-2024-v5
mg-mgf,15+,40-70k,1374,438,31.9,29.5,34.4,false,motriskindex-families-2024-v5
mg-mgf,15+,70-100k,930,351,37.7,34.7,40.9,false,motriskindex-families-2024-v5
mg-mgf,15+,100-140k,206,80,38.8,32.4,45.6,true,motriskindex-families-2024-v5
mg-tf,10-14,<40k,180,32,17.8,12.9,24.0,true,motriskindex-families-2024-v5
mg-tf,10-14,40-70k,98,33,33.7,25.1,43.5,true,motriskindex-families-2024-v5
mg-tf,15+,<40k,2162,434,20.1,18.4,21.8,false,motriskindex-families-2024-v5
mg-tf,15+,40-70k,4138,1306,31.6,30.2,33.0,false,motriskindex-families-2024-v5
mg-tf,15+,70-100k,2297,888,38.7,36.7,40.7,false,motriskindex-families-2024-v5
mg-tf,15+,100-140k,423,200,47.3,42.6,52.0,true,motriskindex-families-2024-v5
mg-zr,15+,<40k,188,43,22.9,17.4,29.4,true,motriskindex-families-2024-v5
mg-zr,15+,40-70k,563,179,31.8,28.1,35.8,false,motriskindex-families-2024-v5
mg-zr,15+,70-100k,629,245,39.0,35.2,42.8,false,motriskindex-families-2024-v5
mg-zr,15+,100-140k,460,187,40.7,36.3,45.2,true,motriskindex-families-2024-v5
mg-zr,15+,140k+,117,52,44.4,35.8,53.5,true,motriskindex-families-2024-v5
mg-zt,15+,<40k,130,14,10.8,6.5,17.3,true,motriskindex-families-2024-v5
mg-zt,15+,40-70k,388,109,28.1,23.9,32.8,true,motriskindex-families-2024-v5
mg-zt,15+,70-100k,572,211,36.9,33.0,40.9,false,motriskindex-families-2024-v5
mg-zt,15+,100-140k,615,255,41.5,37.6,45.4,false,motriskindex-families-2024-v5
mg-zt,15+,140k+,508,208,40.9,36.8,45.3,false,motriskindex-families-2024-v5
mini-clubman,3-5,<40k,358,41,11.5,8.6,15.2,true,motriskindex-families-2024-v5
mini-clubman,3-5,40-70k,93,17,18.3,11.7,27.3,true,motriskindex-families-2024-v5
mini-clubman,6-9,<40k,7132,987,13.8,13.1,14.7,false,motriskindex-families-2024-v5
mini-clubman,6-9,40-70k,12619,2296,18.2,17.5,18.9,false,motriskindex-families-2024-v5
mini-clubman,6-9,70-100k,4256,970,22.8,21.6,24.1,false,motriskindex-families-2024-v5
mini-clubman,6-9,100-140k,728,218,29.9,26.7,33.4,false,motriskindex-families-2024-v5
mini-clubman,6-9,140k+,65,22,33.8,23.5,46.0,true,motriskindex-families-2024-v5
mini-clubman,10-14,<40k,150,18,12.0,7.7,18.2,true,motriskindex-families-2024-v5
mini-clubman,10-14,40-70k,626,135,21.6,18.5,25.0,false,motriskindex-families-2024-v5
mini-clubman,10-14,70-100k,655,227,34.7,31.1,38.4,false,motriskindex-families-2024-v5
mini-clubman,10-14,100-140k,348,130,37.4,32.4,42.6,true,motriskindex-families-2024-v5
mini-clubman,10-14,140k+,67,26,38.8,28.0,50.8,true,motriskindex-families-2024-v5
mini-clubman,15+,70-100k,101,37,36.6,27.9,46.4,true,motriskindex-families-2024-v5
mini-clubman,15+,100-140k,73,38,52.1,40.8,63.1,true,motriskindex-families-2024-v5
mini-countryman,3-5,<40k,24060,2277,9.5,9.1,9.8,false,motriskindex-families-2024-v5
mini-countryman,3-5,40-70k,5318,700,13.2,12.3,14.1,false,motriskindex-families-2024-v5
mini-countryman,3-5,70-100k,377,71,18.8,15.2,23.1,true,motriskindex-families-2024-v5
mini-countryman,6-9,<40k,15076,1463,9.7,9.2,10.2,false,motriskindex-families-2024-v5
mini-countryman,6-9,40-70k,20733,3020,14.6,14.1,15.1,false,motriskindex-families-2024-v5
mini-countryman,6-9,70-100k,6206,1298,20.9,19.9,21.9,false,motriskindex-families-2024-v5
mini-countryman,6-9,100-140k,964,238,24.7,22.1,27.5,false,motriskindex-families-2024-v5
mini-countryman,6-9,140k+,84,22,26.2,18.0,36.5,true,motriskindex-families-2024-v5
mini-countryman,10-14,<40k,2586,312,12.1,10.9,13.4,false,motriskindex-families-2024-v5
mini-countryman,10-14,40-70k,10926,2107,19.3,18.6,20.0,false,motriskindex-families-2024-v5
mini-countryman,10-14,70-100k,12807,3351,26.2,25.4,26.9,false,motriskindex-families-2024-v5
mini-countryman,10-14,100-140k,6203,1985,32.0,30.9,33.2,false,motriskindex-families-2024-v5
mini-countryman,10-14,140k+,895,309,34.5,31.5,37.7,false,motriskindex-families-2024-v5
mini-hatch,3-5,<40k,92945,10059,10.8,10.6,11.0,false,motriskindex-families-2024-v5
mini-hatch,3-5,40-70k,14774,2197,14.9,14.3,15.5,false,motriskindex-families-2024-v5
mini-hatch,3-5,70-100k,1035,176,17.0,14.8,19.4,false,motriskindex-families-2024-v5
mini-hatch,3-5,100-140k,118,21,17.8,11.9,25.7,true,motriskindex-families-2024-v5
mini-hatch,6-9,<40k,70498,8489,12.0,11.8,12.3,false,motriskindex-families-2024-v5
mini-hatch,6-9,40-70k,75993,12236,16.1,15.8,16.4,false,motriskindex-families-2024-v5
mini-hatch,6-9,70-100k,22917,4726,20.6,20.1,21.2,false,motriskindex-families-2024-v5
mini-hatch,6-9,100-140k,4112,1043,25.4,24.1,26.7,false,motriskindex-families-2024-v5
mini-hatch,6-9,140k+,462,142,30.7,26.7,35.1,true,motriskindex-families-2024-v5
mini-hatch,10-14,<40k,16309,2450,15.0,14.5,15.6,false,motriskindex-families-2024-v5
mini-hatch,10-14,40-70k,56876,13124,23.1,22.7,23.4,false,motriskindex-families-2024-v5
mini-hatch,10-14,70-100k,58475,17899,30.6,30.2,31.0,false,motriskindex-families-2024-v5
mini-hatch,10-14,100-140k,26591,9859,37.1,36.5,37.7,false,motriskindex-families-2024-v5
mini-hatch,10-14,140k+,3888,1558,40.1,38.5,41.6,false,motriskindex-families-2024-v5
mini-hatch,15+,<40k,6205,1305,21.0,20.0,22.1,false,motriskindex-families-2024-v5
mini-hatch,15+,40-70k,28182,9618,34.1,33.6,34.7,false,motriskindex-families-2024-v5
mini-hatch,15+,70-100k,59760,26045,43.6,43.2,44.0,false,motriskindex-families-2024-v5
mini-hatch,15+,100-140k,57568,27576,47.9,47.5,48.3,false,motriskindex-families-2024-v5
mini-hatch,15+,140k+,13336,6691,50.2,49.3,51.0,false,motriskindex-families-2024-v5
mini-paceman,6-9,<40k,811,74,9.1,7.3,11.3,false,motriskindex-families-2024-v5
mini-paceman,6-9,40-70k,1839,274,14.9,13.3,16.6,false,motriskindex-families-2024-v5
mini-paceman,6-9,70-100k,749,163,21.8,19.0,24.9,false,motriskindex-families-2024-v5
mini-paceman,6-9,100-140k,140,33,23.6,17.3,31.2,true,motriskindex-families-2024-v5
mini-paceman,10-14,<40k,434,54,12.4,9.7,15.9,true,motriskindex-families-2024-v5
mini-paceman,10-14,40-70k,1933,335,17.3,15.7,19.1,false,motriskindex-families-2024-v5
mini-paceman,10-14,70-100k,1559,351,22.5,20.5,24.7,false,motriskindex-families-2024-v5
mini-paceman,10-14,100-140k,402,116,28.9,24.6,33.5,true,motriskindex-families-2024-v5
mini-roadster,6-9,<40k,391,45,11.5,8.7,15.1,true,motriskindex-families-2024-v5
mini-roadster,6-9,40-70k,533,108,20.3,17.1,23.9,false,motriskindex-families-2024-v5
mini-roadster,6-9,70-100k,132,37,28.0,21.1,36.2,true,motriskindex-families-2024-v5
mini-roadster,10-14,<40k,457,52,11.4,8.8,14.6,true,motriskindex-families-2024-v5
mini-roadster,10-14,40-70k,776,156,20.1,17.4,23.1,false,motriskindex-families-2024-v5
mini-roadster,10-14,70-100k,310,96,31.0,26.1,36.3,true,motriskindex-families-2024-v5
mini-roadster,10-14,100-140k,56,25,44.6,32.4,57.6,true,motriskindex-families-2024-v5
mitsubishi-asx,3-5,<40k,2876,328,11.4,10.3,12.6,false,motriskindex-families-2024-v5
mitsubishi-asx,3-5,40-70k,702,92,13.1,10.8,15.8,false,motriskindex-families-2024-v5
mitsubishi-asx,3-5,70-100k,63,10,15.9,8.9,26.8,true,motriskindex-families-2024-v5
mitsubishi-asx,6-9,<40k,3146,364,11.6,10.5,12.7,false,motriskindex-families-2024-v5
mitsubishi-asx,6-9,40-70k,6413,1219,19.0,18.1,20.0,false,motriskindex-families-2024-v5
mitsubishi-asx,6-9,70-100k,3351,832,24.8,23.4,26.3,false,motriskindex-families-2024-v5
mitsubishi-asx,6-9,100-140k,903,281,31.1,28.2,34.2,false,motriskindex-families-2024-v5
mitsubishi-asx,6-9,140k+,116,37,31.9,24.1,40.8,true,motriskindex-families-2024-v5
mitsubishi-asx,10-14,<40k,443,56,12.6,9.9,16.1,true,motriskindex-families-2024-v5
mitsubishi-asx,10-14,40-70k,2357,556,23.6,21.9,25.3,false,motriskindex-families-2024-v5
mitsubishi-asx,10-14,70-100k,4263,1324,31.1,29.7,32.5,false,motriskindex-families-2024-v5
mitsubishi-asx,10-14,100-140k,3795,1480,39.0,37.5,40.6,false,motriskindex-families-2024-v5
mitsubishi-asx,10-14,140k+,1024,417,40.7,37.8,43.8,false,motriskindex-families-2024-v5
mitsubishi-colt,10-14,<40k,915,202,22.1,19.5,24.9,false,motriskindex-families-2024-v5
mitsubishi-colt,10-14,40-70k,2102,721,34.3,32.3,36.4,false,motriskindex-families-2024-v5
mitsubishi-colt,10-14,70-100k,1948,903,46.4,44.2,48.6,false,motriskindex-families-2024-v5
mitsubishi-colt,10-14,100-140k,940,457,48.6,45.4,51.8,false,motriskindex-families-2024-v5
mitsubishi-colt,10-14,140k+,198,118,59.6,52.6,66.2,true,motriskindex-families-2024-v5
mitsubishi-colt,15+,<40k,1251,312,24.9,22.6,27.4,false,motriskindex-families-2024-v5
mitsubishi-colt,15+,40-70k,4027,1660,41.2,39.7,42.7,false,motriskindex-families-2024-v5
mitsubishi-colt,15+,70-100k,5521,2808,50.9,49.5,52.2,false,motriskindex-families-2024-v5
mitsubishi-colt,15+,100-140k,4317,2421,56.1,54.6,57.6,false,motriskindex-families-2024-v5
mitsubishi-colt,15+,140k+,1031,599,58.1,55.1,61.1,false,motriskindex-families-2024-v5
mitsubishi-delica,6-9,70-100k,63,25,39.7,28.5,52.0,true,motriskindex-families-2024-v5
mitsubishi-delica,6-9,100-140k,60,28,46.7,34.6,59.1,true,motriskindex-families-2024-v5
mitsubishi-delica,6-9,140k+,60,30,50.0,37.7,62.3,true,motriskindex-families-2024-v5
mitsubishi-delica,15+,40-70k,99,27,27.3,19.5,36.8,true,motriskindex-families-2024-v5
mitsubishi-delica,15+,70-100k,196,64,32.7,26.5,39.5,true,motriskindex-families-2024-v5
mitsubishi-delica,15+,100-140k,219,90,41.1,34.8,47.7,true,motriskindex-families-2024-v5
mitsubishi-delica,15+,140k+,288,139,48.3,42.6,54.0,true,motriskindex-families-2024-v5
mitsubishi-eclipse,3-5,<40k,2472,312,12.6,11.4,14.0,false,motriskindex-families-2024-v5
mitsubishi-eclipse,3-5,40-70k,1357,255,18.8,16.8,21.0,false,motriskindex-families-2024-v5
mitsubishi-eclipse,3-5,70-100k,126,27,21.4,15.2,29.4,true,motriskindex-families-2024-v5
mitsubishi-eclipse,6-9,<40k,2478,287,11.6,10.4,12.9,false,motriskindex-families-2024-v5
mitsubishi-eclipse,6-9,40-70k,2723,403,14.8,13.5,16.2,false,motriskindex-families-2024-v5
mitsubishi-eclipse,6-9,70-100k,374,66,17.6,14.1,21.8,true,motriskindex-families-2024-v5
mitsubishi-eclipse-cross,3-5,<40k,2133,283,13.3,11.9,14.8,false,motriskindex-families-2024-v5
mitsubishi-eclipse-cross,3-5,40-70k,437,83,19.0,15.6,22.9,true,motriskindex-families-2024-v5
mitsubishi-grandis,15+,40-70k,82,31,37.8,28.1,48.6,true,motriskindex-families-2024-v5
mitsubishi-grandis,15+,70-100k,198,93,47.0,40.1,53.9,true,motriskindex-families-2024-v5
mitsubishi-grandis,15+,100-140k,484,245,50.6,46.2,55.1,true,motriskindex-families-2024-v5
mitsubishi-grandis,15+,140k+,330,176,53.3,47.9,58.6,true,motriskindex-families-2024-v5
mitsubishi-l200,3-5,<40k,6204,734,11.8,11.1,12.7,false,motriskindex-families-2024-v5
mitsubishi-l200,3-5,40-70k,6685,1158,17.3,16.4,18.2,false,motriskindex-families-2024-v5
mitsubishi-l200,3-5,70-100k,2476,481,19.4,17.9,21.0,false,motriskindex-families-2024-v5
mitsubishi-l200,3-5,100-140k,713,174,24.4,21.4,27.7,false,motriskindex-families-2024-v5
mitsubishi-l200,3-5,140k+,92,21,22.8,15.4,32.4,true,motriskindex-families-2024-v5
mitsubishi-l200,6-9,<40k,3363,427,12.7,11.6,13.9,false,motriskindex-families-2024-v5
mitsubishi-l200,6-9,40-70k,10511,1900,18.1,17.4,18.8,false,motriskindex-families-2024-v5
mitsubishi-l200,6-9,70-100k,9423,2380,25.3,24.4,26.1,false,motriskindex-families-2024-v5
mitsubishi-l200,6-9,100-140k,4885,1462,29.9,28.7,31.2,false,motriskindex-families-2024-v5
mitsubishi-l200,6-9,140k+,1152,394,34.2,31.5,37.0,false,motriskindex-families-2024-v5
mitsubishi-l200,10-14,<40k,518,107,20.7,17.4,24.4,false,motriskindex-families-2024-v5
mitsubishi-l200,10-14,40-70k,2502,731,29.2,27.5,31.0,false,motriskindex-families-2024-v5
mitsubishi-l200,10-14,70-100k,5336,2092,39.2,37.9,40.5,false,motriskindex-families-2024-v5
mitsubishi-l200,10-14,100-140k,7109,3153,44.4,43.2,45.5,false,motriskindex-families-2024-v5
mitsubishi-l200,10-14,140k+,3850,1801,46.8,45.2,48.4,false,motriskindex-families-2024-v5
mitsubishi-l200,15+,<40k,209,52,24.9,19.5,31.2,true,motriskindex-families-2024-v5
mitsubishi-l200,15+,40-70k,1295,461,35.6,33.0,38.2,false,motriskindex-families-2024-v5
mitsubishi-l200,15+,70-100k,3681,1598,43.4,41.8,45.0,false,motriskindex-families-2024-v5
mitsubishi-l200,15+,100-140k,8427,3927,46.6,45.5,47.7,false,motriskindex-families-2024-v5
mitsubishi-l200,15+,140k+,8552,4098,47.9,46.9,49.0,false,motriskindex-families-2024-v5
mitsubishi-lancer,6-9,40-70k,57,7,12.3,6.1,23.2,true,motriskindex-families-2024-v5
mitsubishi-lancer,6-9,70-100k,86,11,12.8,7.3,21.5,true,motriskindex-families-2024-v5
mitsubishi-lancer,10-14,<40k,160,21,13.1,8.7,19.2,true,motriskindex-families-2024-v5
mitsubishi-lancer,10-14,40-70k,531,163,30.7,26.9,34.7,false,motriskindex-families-2024-v5
mitsubishi-lancer,10-14,70-100k,821,322,39.2,35.9,42.6,false,motriskindex-families-2024-v5
mitsubishi-lancer,10-14,100-140k,991,457,46.1,43.0,49.2,false,motriskindex-families-2024-v5
mitsubishi-lancer,10-14,140k+,405,201,49.6,44.8,54.5,true,motriskindex-families-2024-v5
mitsubishi-lancer,15+,<40k,480,71,14.8,11.9,18.2,true,motriskindex-families-2024-v5
mitsubishi-lancer,15+,40-70k,1598,378,23.7,21.6,25.8,false,motriskindex-families-2024-v5
mitsubishi-lancer,15+,70-100k,2158,662,30.7,28.8,32.7,false,motriskindex-families-2024-v5
mitsubishi-lancer,15+,100-140k,1634,650,39.8,37.4,42.2,false,motriskindex-families-2024-v5
mitsubishi-lancer,15+,140k+,638,300,47.0,43.2,50.9,false,motriskindex-families-2024-v5
mitsubishi-mirage,3-5,<40k,1906,233,12.2,10.8,13.8,false,motriskindex-families-2024-v5
mitsubishi-mirage,3-5,40-70k,203,30,14.8,10.6,20.3,true,motriskindex-families-2024-v5
mitsubishi-mirage,6-9,<40k,3107,459,14.8,13.6,16.1,false,motriskindex-families-2024-v5
mitsubishi-mirage,6-9,40-70k,1618,344,21.3,19.3,23.3,false,motriskindex-families-2024-v5
mitsubishi-mirage,6-9,70-100k,406,111,27.3,23.2,31.9,true,motriskindex-families-2024-v5
mitsubishi-mirage,6-9,100-140k,63,21,33.3,22.9,45.6,true,motriskindex-families-2024-v5
mitsubishi-mirage,10-14,<40k,1134,146,12.9,11.1,15.0,false,motriskindex-families-2024-v5
mitsubishi-mirage,10-14,40-70k,1640,391,23.8,21.8,26.0,false,motriskindex-families-2024-v5
mitsubishi-mirage,10-14,70-100k,855,280,32.7,29.7,36.0,false,motriskindex-families-2024-v5
mitsubishi-mirage,10-14,100-140k,271,108,39.9,34.2,45.8,true,motriskindex-families-2024-v5
mitsubishi-outlander,3-5,<40k,8384,1043,12.4,11.8,13.2,false,motriskindex-families-2024-v5
mitsubishi-outlander,3-5,40-70k,6400,968,15.1,14.3,16.0,false,motriskindex-families-2024-v5
mitsubishi-outlander,3-5,70-100k,1683,279,16.6,14.9,18.4,false,motriskindex-families-2024-v5
mitsubishi-outlander,3-5,100-140k,436,59,13.5,10.6,17.1,true,motriskindex-families-2024-v5
mitsubishi-outlander,3-5,140k+,85,16,18.8,11.9,28.4,true,motriskindex-families-2024-v5
mitsubishi-outlander,6-9,<40k,4745,553,11.7,10.8,12.6,false,motriskindex-families-2024-v5
mitsubishi-outlander,6-9,40-70k,16265,2781,17.1,16.5,17.7,false,motriskindex-families-2024-v5
mitsubishi-outlander,6-9,70-100k,13312,2985,22.4,21.7,23.1,false,motriskindex-families-2024-v5
mitsubishi-outlander,6-9,100-140k,6830,1677,24.6,23.5,25.6,false,motriskindex-families-2024-v5
mitsubishi-outlander,6-9,140k+,2785,705,25.3,23.7,27.0,false,motriskindex-families-2024-v5
mitsubishi-outlander,10-14,<40k,256,42,16.4,12.4,21.4,true,motriskindex-families-2024-v5
mitsubishi-outlander,10-14,40-70k,1803,443,24.6,22.6,26.6,false,motriskindex-families-2024-v5
mitsubishi-outlander,10-14,70-100k,4418,1436,32.5,31.1,33.9,false,motriskindex-families-2024-v5
mitsubishi-outlander,10-14,100-140k,4807,1873,39.0,37.6,40.4,false,motriskindex-families-2024-v5
mitsubishi-outlander,10-14,140k+,1781,769,43.2,40.9,45.5,false,motriskindex-families-2024-v5
mitsubishi-outlander,15+,40-70k,172,57,33.1,26.5,40.5,true,motriskindex-families-2024-v5
mitsubishi-outlander,15+,70-100k,614,261,42.5,38.7,46.5,false,motriskindex-families-2024-v5
mitsubishi-outlander,15+,100-140k,1695,829,48.9,46.5,51.3,false,motriskindex-families-2024-v5
mitsubishi-outlander,15+,140k+,1698,898,52.9,50.5,55.3,false,motriskindex-families-2024-v5
mitsubishi-pajero,15+,40-70k,80,17,21.2,13.7,31.4,true,motriskindex-families-2024-v5
mitsubishi-pajero,15+,70-100k,190,47,24.7,19.1,31.3,true,motriskindex-families-2024-v5
mitsubishi-pajero,15+,100-140k,472,156,33.1,29.0,37.4,true,motriskindex-families-2024-v5
mitsubishi-pajero,15+,140k+,720,277,38.5,35.0,42.1,false,motriskindex-families-2024-v5
mitsubishi-shogun,3-5,<40k,1570,194,12.4,10.8,14.1,false,motriskindex-families-2024-v5
mitsubishi-shogun,3-5,40-70k,839,120,14.3,12.1,16.8,false,motriskindex-families-2024-v5
mitsubishi-shogun,3-5,70-100k,150,26,17.3,12.1,24.2,true,motriskindex-families-2024-v5
mitsubishi-shogun,6-9,<40k,1219,128,10.5,8.9,12.3,false,motriskindex-families-2024-v5
mitsubishi-shogun,6-9,40-70k,2561,440,17.2,15.8,18.7,false,motriskindex-families-2024-v5
mitsubishi-shogun,6-9,70-100k,1244,306,24.6,22.3,27.1,false,motriskindex-families-2024-v5
mitsubishi-shogun,6-9,100-140k,518,173,33.4,29.5,37.6,false,motriskindex-families-2024-v5
mitsubishi-shogun,6-9,140k+,221,67,30.3,24.6,36.7,true,motriskindex-families-2024-v5
mitsubishi-shogun,10-14,<40k,219,28,12.8,9.0,17.9,true,motriskindex-families-2024-v5
mitsubishi-shogun,10-14,40-70k,1013,204,20.1,17.8,22.7,false,motriskindex-families-2024-v5
mitsubishi-shogun,10-14,70-100k,1635,486,29.7,27.6,32.0,false,motriskindex-families-2024-v5
mitsubishi-shogun,10-14,100-140k,1606,630,39.2,36.9,41.6,false,motriskindex-families-2024-v5
mitsubishi-shogun,10-14,140k+,814,321,39.4,36.1,42.8,false,motriskindex-families-2024-v5
mitsubishi-shogun,15+,<40k,80,26,32.5,23.2,43.4,true,motriskindex-families-2024-v5
mitsubishi-shogun,15+,40-70k,538,164,30.5,26.7,34.5,false,motriskindex-families-2024-v5
mitsubishi-shogun,15+,70-100k,1873,675,36.0,33.9,38.2,false,motriskindex-families-2024-v5
mitsubishi-shogun,15+,100-140k,4240,1796,42.4,40.9,43.9,false,motriskindex-families-2024-v5
mitsubishi-shogun,15+,140k+,4433,1869,42.2,40.7,43.6,false,motriskindex-families-2024-v5
mitsubishi-shogun-pinin,15+,<40k,92,32,34.8,25.8,44.9,true,motriskindex-families-2024-v5
mitsubishi-shogun-pinin,15+,40-70k,365,154,42.2,37.2,47.3,true,motriskindex-families-2024-v5
mitsubishi-shogun-pinin,15+,70-100k,471,230,48.8,44.3,53.3,true,motriskindex-families-2024-v5
mitsubishi-shogun-pinin,15+,100-140k,305,138,45.2,39.8,50.9,true,motriskindex-families-2024-v5
mitsubishi-shogun-pinin,15+,140k+,50,29,58.0,44.2,70.6,true,motriskindex-families-2024-v5
mitsubishi-shogun-sport,15+,40-70k,267,89,33.3,28.0,39.2,true,motriskindex-families-2024-v5
mitsubishi-shogun-sport,15+,70-100k,922,366,39.7,36.6,42.9,false,motriskindex-families-2024-v5
mitsubishi-shogun-sport,15+,100-140k,1898,889,46.8,44.6,49.1,false,motriskindex-families-2024-v5
mitsubishi-shogun-sport,15+,140k+,1022,478,46.8,43.7,49.8,false,motriskindex-families-2024-v5
mitsubishi-space-star,15+,<40k,88,32,36.4,27.1,46.8,true,motriskindex-families-2024-v5
mitsubishi-space-star,15+,40-70k,389,195,50.1,45.2,55.1,true,motriskindex-families-2024-v5
mitsubishi-space-star,15+,70-100k,494,279,56.5,52.1,60.8,true,motriskindex-families-2024-v5
mitsubishi-space-star,15+,100-140k,362,222,61.3,56.2,66.2,true,motriskindex-families-2024-v5
mitsubishi-space-star,15+,140k+,95,60,63.2,53.1,72.2,true,motriskindex-families-2024-v5
morgan-4-4,15+,<40k,889,111,12.5,10.5,14.8,false,motriskindex-families-2024-v5
morgan-4-4,15+,40-70k,313,41,13.1,9.8,17.3,true,motriskindex-families-2024-v5
morgan-4-4,15+,70-100k,115,18,15.7,10.1,23.4,true,motriskindex-families-2024-v5
morgan-plus,15+,<40k,697,78,11.2,9.1,13.7,false,motriskindex-families-2024-v5
morgan-plus,15+,40-70k,266,49,18.4,14.2,23.5,true,motriskindex-families-2024-v5
morgan-plus,15+,70-100k,74,11,14.9,8.5,24.7,true,motriskindex-families-2024-v5
morris-minor,15+,<40k,923,172,18.6,16.3,21.3,false,motriskindex-families-2024-v5
morris-minor,15+,40-70k,560,143,25.5,22.1,29.3,false,motriskindex-families-2024-v5
morris-minor,15+,70-100k,565,119,21.1,17.9,24.6,false,motriskindex-families-2024-v5
nissan-350z,6-9,<40k,190,16,8.4,5.2,13.2,true,motriskindex-families-2024-v5
nissan-350z,6-9,40-70k,93,14,15.1,9.2,23.7,true,motriskindex-families-2024-v5
nissan-350z,15+,<40k,300,35,11.7,8.5,15.8,true,motriskindex-families-2024-v5
nissan-350z,15+,40-70k,1016,245,24.1,21.6,26.8,false,motriskindex-families-2024-v5
nissan-350z,15+,70-100k,1670,502,30.1,27.9,32.3,false,motriskindex-families-2024-v5
nissan-350z,15+,100-140k,1336,457,34.2,31.7,36.8,false,motriskindex-families-2024-v5
nissan-350z,15+,140k+,281,94,33.5,28.2,39.2,true,motriskindex-families-2024-v5
nissan-370z,6-9,<40k,217,16,7.4,4.6,11.6,true,motriskindex-families-2024-v5
nissan-370z,6-9,40-70k,83,8,9.6,5.0,17.9,true,motriskindex-families-2024-v5
nissan-370z,10-14,<40k,212,21,9.9,6.6,14.7,true,motriskindex-families-2024-v5
nissan-370z,10-14,40-70k,471,78,16.6,13.5,20.2,true,motriskindex-families-2024-v5
nissan-370z,10-14,70-100k,348,67,19.3,15.5,23.7,true,motriskindex-families-2024-v5
nissan-370z,10-14,100-140k,109,19,17.4,11.5,25.6,true,motriskindex-families-2024-v5
nissan-370z,15+,40-70k,71,11,15.5,8.9,25.7,true,motriskindex-families-2024-v5
nissan-370z,15+,70-100k,91,21,23.1,15.6,32.7,true,motriskindex-families-2024-v5
nissan-almera,15+,<40k,795,226,28.4,25.4,31.7,false,motriskindex-families-2024-v5
nissan-almera,15+,40-70k,3648,1403,38.5,36.9,40.0,false,motriskindex-families-2024-v5
nissan-almera,15+,70-100k,5040,2299,45.6,44.2,47.0,false,motriskindex-families-2024-v5
nissan-almera,15+,100-140k,3561,1833,51.5,49.8,53.1,false,motriskindex-families-2024-v5
nissan-almera,15+,140k+,841,448,53.3,49.9,56.6,false,motriskindex-families-2024-v5
nissan-cube,3-5,40-70k,67,23,34.3,24.1,46.3,true,motriskindex-families-2024-v5
nissan-cube,3-5,70-100k,79,18,22.8,14.9,33.2,true,motriskindex-families-2024-v5
nissan-cube,3-5,100-140k,55,21,38.2,26.5,51.4,true,motriskindex-families-2024-v5
nissan-cube,6-9,70-100k,78,28,35.9,26.1,47.0,true,motriskindex-families-2024-v5
nissan-cube,6-9,100-140k,99,32,32.3,23.9,42.0,true,motriskindex-families-2024-v5
nissan-cube,6-9,140k+,64,30,46.9,35.2,58.9,true,motriskindex-families-2024-v5
nissan-cube,10-14,<40k,128,18,14.1,9.1,21.1,true,motriskindex-families-2024-v5
nissan-cube,10-14,40-70k,424,113,26.7,22.7,31.1,true,motriskindex-families-2024-v5
nissan-cube,10-14,70-100k,420,173,41.2,36.6,46.0,true,motriskindex-families-2024-v5
nissan-cube,10-14,100-140k,287,138,48.1,42.4,53.9,true,motriskindex-families-2024-v5
nissan-cube,10-14,140k+,77,36,46.8,36.0,57.8,true,motriskindex-families-2024-v5
nissan-cube,15+,<40k,80,9,11.2,6.0,20.0,true,motriskindex-families-2024-v5
nissan-cube,15+,40-70k,262,59,22.5,17.9,28.0,true,motriskindex-families-2024-v5
nissan-cube,15+,70-100k,219,63,28.8,23.2,35.1,true,motriskindex-families-2024-v5
nissan-cube,15+,100-140k,165,65,39.4,32.3,47.0,true,motriskindex-families-2024-v5
nissan-cube,15+,140k+,103,41,39.8,30.9,49.5,true,motriskindex-families-2024-v5
nissan-e-nv200,3-5,<40k,3995,877,22.0,20.7,23.3,false,motriskindex-families-2024-v5
nissan-e-nv200,3-5,40-70k,1097,380,34.6,31.9,37.5,false,motriskindex-families-2024-v5
nissan-e-nv200,3-5,70-100k,212,92,43.4,36.9,50.1,true,motriskindex-families-2024-v5
nissan-e-nv200,6-9,<40k,241,65,27.0,21.8,32.9,true,motriskindex-families-2024-v5
nissan-e-nv200,6-9,40-70k,117,35,29.9,22.4,38.7,true,motriskindex-families-2024-v5
nissan-elgrand,3-5,40-70k,387,102,26.4,22.2,31.0,true,motriskindex-families-2024-v5
nissan-elgrand,3-5,70-100k,679,239,35.2,31.7,38.9,false,motriskindex-families-2024-v5
nissan-elgrand,3-5,100-140k,409,155,37.9,33.3,42.7,true,motriskindex-families-2024-v5
nissan-elgrand,3-5,140k+,125,56,44.8,36.4,53.5,true,motriskindex-families-2024-v5
nissan-elgrand,6-9,40-70k,264,93,35.2,29.7,41.2,true,motriskindex-families-2024-v5
nissan-elgrand,6-9,70-100k,640,233,36.4,32.8,40.2,false,motriskindex-families-2024-v5
nissan-elgrand,6-9,100-140k,711,285,40.1,36.5,43.7,false,motriskindex-families-2024-v5
nissan-elgrand,6-9,140k+,395,192,48.6,43.7,53.5,true,motriskindex-families-2024-v5
nissan-elgrand,10-14,<40k,108,6,5.6,2.6,11.6,true,motriskindex-families-2024-v5
nissan-elgrand,10-14,40-70k,628,97,15.4,12.8,18.5,false,motriskindex-families-2024-v5
nissan-elgrand,10-14,70-100k,735,160,21.8,18.9,24.9,false,motriskindex-families-2024-v5
nissan-elgrand,10-14,100-140k,416,148,35.6,31.1,40.3,true,motriskindex-families-2024-v5
nissan-elgrand,10-14,140k+,229,107,46.7,40.4,53.2,true,motriskindex-families-2024-v5
nissan-elgrand,15+,<40k,387,74,19.1,15.5,23.3,true,motriskindex-families-2024-v5
nissan-elgrand,15+,40-70k,2169,503,23.2,21.5,25.0,false,motriskindex-families-2024-v5
nissan-elgrand,15+,70-100k,2519,801,31.8,30.0,33.6,false,motriskindex-families-2024-v5
nissan-elgrand,15+,100-140k,1201,464,38.6,35.9,41.4,false,motriskindex-families-2024-v5
nissan-elgrand,15+,140k+,481,215,44.7,40.3,49.2,true,motriskindex-families-2024-v5
nissan-figaro,10-14,40-70k,72,20,27.8,18.8,39.0,true,motriskindex-families-2024-v5
nissan-figaro,10-14,70-100k,105,40,38.1,29.4,47.6,true,motriskindex-families-2024-v5
nissan-figaro,10-14,100-140k,70,24,34.3,24.2,46.0,true,motriskindex-families-2024-v5
nissan-figaro,15+,<40k,57,12,21.1,12.5,33.3,true,motriskindex-families-2024-v5
nissan-figaro,15+,40-70k,392,112,28.6,24.3,33.2,true,motriskindex-families-2024-v5
nissan-figaro,15+,70-100k,738,284,38.5,35.0,42.0,false,motriskindex-families-2024-v5
nissan-figaro,15+,100-140k,546,228,41.8,37.7,45.9,false,motriskindex-families-2024-v5
nissan-figaro,15+,140k+,194,96,49.5,42.5,56.5,true,motriskindex-families-2024-v5
nissan-gt-r,6-9,<40k,510,25,4.9,3.3,7.1,false,motriskindex-families-2024-v5
nissan-gt-r,6-9,40-70k,117,5,4.3,1.8,9.6,true,motriskindex-families-2024-v5
nissan-gt-r,10-14,<40k,288,23,8.0,5.4,11.7,true,motriskindex-families-2024-v5
nissan-gt-r,10-14,40-70k,441,32,7.3,5.2,10.1,true,motriskindex-families-2024-v5
nissan-gt-r,10-14,70-100k,130,14,10.8,6.5,17.3,true,motriskindex-families-2024-v5
nissan-gt-r,15+,<40k,177,5,2.8,1.2,6.4,true,motriskindex-families-2024-v5
nissan-gt-r,15+,40-70k,298,21,7.0,4.7,10.5,true,motriskindex-families-2024-v5
nissan-gt-r,15+,70-100k,126,7,5.6,2.7,11.0,true,motriskindex-families-2024-v5
nissan-juke,3-5,<40k,48412,5689,11.8,11.5,12.0,false,motriskindex-families-2024-v5
nissan-juke,3-5,40-70k,8129,1581,19.4,18.6,20.3,false,motriskindex-families-2024-v5
nissan-juke,3-5,70-100k,520,129,24.8,21.3,28.7,false,motriskindex-families-2024-v5
nissan-juke,6-9,<40k,41401,6549,15.8,15.5,16.2,false,motriskindex-families-2024-v5
nissan-juke,6-9,40-70k,65000,16860,25.9,25.6,26.3,false,motriskindex-families-2024-v5
nissan-juke,6-9,70-100k,24225,8963,37.0,36.4,37.6,false,motriskindex-families-2024-v5
nissan-juke,6-9,100-140k,4867,2130,43.8,42.4,45.2,false,motriskindex-families-2024-v5
nissan-juke,6-9,140k+,416,205,49.3,44.5,54.1,true,motriskindex-families-2024-v5
nissan-juke,10-14,<40k,7416,1508,20.3,19.4,21.3,false,motriskindex-families-2024-v5
nissan-juke,10-14,40-70k,36362,13395,36.8,36.3,37.3,false,motriskindex-families-2024-v5
nissan-juke,10-14,70-100k,47133,22299,47.3,46.9,47.8,false,motriskindex-families-2024-v5
nissan-juke,10-14,100-140k,25801,13477,52.2,51.6,52.8,false,motriskindex-families-2024-v5
nissan-juke,10-14,140k+,4209,2275,54.1,52.5,55.6,false,motriskindex-families-2024-v5
nissan-leaf,3-5,<40k,16949,1598,9.4,9.0,9.9,false,motriskindex-families-2024-v5
nissan-leaf,3-5,40-70k,3696,576,15.6,14.5,16.8,false,motriskindex-families-2024-v5
nissan-leaf,3-5,70-100k,906,189,20.9,18.3,23.6,false,motriskindex-families-2024-v5
nissan-leaf,3-5,100-140k,427,88,20.6,17.0,24.7,true,motriskindex-families-2024-v5
nissan-leaf,3-5,140k+,89,16,18.0,11.4,27.2,true,motriskindex-families-2024-v5
nissan-leaf,6-9,<40k,5778,826,14.3,13.4,15.2,false,motriskindex-families-2024-v5
nissan-leaf,6-9,40-70k,8444,2161,25.6,24.7,26.5,false,motriskindex-families-2024-v5
nissan-leaf,6-9,70-100k,2874,1019,35.5,33.7,37.2,false,motriskindex-families-2024-v5
nissan-leaf,6-9,100-140k,758,273,36.0,32.7,39.5,false,motriskindex-families-2024-v5
nissan-leaf,6-9,140k+,139,57,41.0,33.2,49.3,true,motriskindex-families-2024-v5
nissan-leaf,10-14,<40k,807,199,24.7,21.8,27.7,false,motriskindex-families-2024-v5
nissan-leaf,10-14,40-70k,2356,883,37.5,35.5,39.5,false,motriskindex-families-2024-v5
nissan-leaf,10-14,70-100k,1551,669,43.1,40.7,45.6,false,motriskindex-families-2024-v5
nissan-leaf,10-14,100-140k,402,181,45.0,40.2,49.9,true,motriskindex-families-2024-v5
nissan-leaf,10-14,140k+,54,26,48.1,35.4,61.1,true,motriskindex-families-2024-v5
nissan-micra,3-5,<40k,19251,2240,11.6,11.2,12.1,false,motriskindex-families-2024-v5
nissan-micra,3-5,40-70k,2139,481,22.5,20.8,24.3,false,motriskindex-families-2024-v5
nissan-micra,3-5,70-100k,174,49,28.2,22.0,35.3,true,motriskindex-families-2024-v5
nissan-micra,6-9,<40k,26526,5479,20.7,20.2,21.1,false,motriskindex-families-2024-v5
nissan-micra,6-9,40-70k,15870,4921,31.0,30.3,31.7,false,motriskindex-families-2024-v5
nissan-micra,6-9,70-100k,3151,1167,37.0,35.4,38.7,false,motriskindex-families-2024-v5
nissan-micra,6-9,100-140k,593,250,42.2,38.2,46.2,false,motriskindex-families-2024-v5
nissan-micra,6-9,140k+,78,34,43.6,33.1,54.6,true,motriskindex-families-2024-v5
nissan-micra,10-14,<40k,18564,4465,24.1,23.4,24.7,false,motriskindex-families-2024-v5
nissan-micra,10-14,40-70k,25077,8942,35.7,35.1,36.3,false,motriskindex-families-2024-v5
nissan-micra,10-14,70-100k,14377,6327,44.0,43.2,44.8,false,motriskindex-families-2024-v5
nissan-micra,10-14,100-140k,5924,2929,49.4,48.2,50.7,false,motriskindex-families-2024-v5
nissan-micra,10-14,140k+,1110,595,53.6,50.7,56.5,false,motriskindex-families-2024-v5
nissan-micra,15+,<40k,12285,3357,27.3,26.5,28.1,false,motriskindex-families-2024-v5
nissan-micra,15+,40-70k,33833,13576,40.1,39.6,40.6,false,motriskindex-families-2024-v5
nissan-micra,15+,70-100k,34081,16625,48.8,48.3,49.3,false,motriskindex-families-2024-v5
nissan-micra,15+,100-140k,22094,11897,53.8,53.2,54.5,false,motriskindex-families-2024-v5
nissan-micra,15+,140k+,5359,3094,57.7,56.4,59.1,false,motriskindex-families-2024-v5
nissan-navara,3-5,<40k,7220,1066,14.8,14.0,15.6,false,motriskindex-families-2024-v5
nissan-navara,3-5,40-70k,7171,1431,20.0,19.0,20.9,false,motriskindex-families-2024-v5
nissan-navara,3-5,70-100k,3082,720,23.4,21.9,24.9,false,motriskindex-families-2024-v5
nissan-navara,3-5,100-140k,1129,273,24.2,21.8,26.8,false,motriskindex-families-2024-v5
nissan-navara,3-5,140k+,172,49,28.5,22.3,35.6,true,motriskindex-families-2024-v5
nissan-navara,6-9,<40k,2570,554,21.6,20.0,23.2,false,motriskindex-families-2024-v5
nissan-navara,6-9,40-70k,8988,2370,26.4,25.5,27.3,false,motriskindex-families-2024-v5
nissan-navara,6-9,70-100k,8816,2690,30.5,29.6,31.5,false,motriskindex-families-2024-v5
nissan-navara,6-9,100-140k,5754,2012,35.0,33.7,36.2,false,motriskindex-families-2024-v5
nissan-navara,6-9,140k+,2084,770,36.9,34.9,39.0,false,motriskindex-families-2024-v5
nissan-navara,10-14,<40k,217,33,15.2,11.0,20.6,true,motriskindex-families-2024-v5
nissan-navara,10-14,40-70k,1445,443,30.7,28.3,33.1,false,motriskindex-families-2024-v5
nissan-navara,10-14,70-100k,3696,1504,40.7,39.1,42.3,false,motriskindex-families-2024-v5
nissan-navara,10-14,100-140k,5809,2620,45.1,43.8,46.4,false,motriskindex-families-2024-v5
nissan-navara,10-14,140k+,4652,2152,46.3,44.8,47.7,false,motriskindex-families-2024-v5
nissan-navara,15+,<40k,145,38,26.2,19.7,33.9,true,motriskindex-families-2024-v5
nissan-navara,15+,40-70k,486,157,32.3,28.3,36.6,true,motriskindex-families-2024-v5
nissan-navara,15+,70-100k,1651,724,43.9,41.5,46.3,false,motriskindex-families-2024-v5
nissan-navara,15+,100-140k,3767,1714,45.5,43.9,47.1,false,motriskindex-families-2024-v5
nissan-navara,15+,140k+,3730,1801,48.3,46.7,49.9,false,motriskindex-families-2024-v5
nissan-note,6-9,<40k,12456,1462,11.7,11.2,12.3,false,motriskindex-families-2024-v5
nissan-note,6-9,40-70k,13134,2568,19.6,18.9,20.2,false,motriskindex-families-2024-v5
nissan-note,6-9,70-100k,4251,1196,28.1,26.8,29.5,false,motriskindex-families-2024-v5
nissan-note,6-9,100-140k,992,381,38.4,35.4,41.5,false,motriskindex-families-2024-v5
nissan-note,6-9,140k+,112,51,45.5,36.6,54.8,true,motriskindex-families-2024-v5
nissan-note,10-14,<40k,10159,1956,19.3,18.5,20.0,false,motriskindex-families-2024-v5
nissan-note,10-14,40-70k,25903,7940,30.7,30.1,31.2,false,motriskindex-families-2024-v5
nissan-note,10-14,70-100k,21326,8836,41.4,40.8,42.1,false,motriskindex-families-2024-v5
nissan-note,10-14,100-140k,11191,5505,49.2,48.3,50.1,false,motriskindex-families-2024-v5
nissan-note,10-14,140k+,2608,1426,54.7,52.8,56.6,false,motriskindex-families-2024-v5
nissan-note,15+,<40k,1829,475,26.0,24.0,28.0,false,motriskindex-families-2024-v5
nissan-note,15+,40-70k,9615,3709,38.6,37.6,39.6,false,motriskindex-families-2024-v5
nissan-note,15+,70-100k,16474,7712,46.8,46.1,47.6,false,motriskindex-families-2024-v5
nissan-note,15+,100-140k,16219,8633,53.2,52.5,54.0,false,motriskindex-families-2024-v5
nissan-note,15+,140k+,5456,3073,56.3,55.0,57.6,false,motriskindex-families-2024-v5
nissan-nv200,3-5,<40k,593,100,16.9,14.1,20.1,false,motriskindex-families-2024-v5
nissan-nv200,3-5,40-70k,314,104,33.1,28.1,38.5,true,motriskindex-families-2024-v5
nissan-nv200,3-5,70-100k,183,86,47.0,39.9,54.2,true,motriskindex-families-2024-v5
nissan-nv200,3-5,100-140k,86,32,37.2,27.7,47.8,true,motriskindex-families-2024-v5
nissan-nv200,6-9,<40k,2401,546,22.7,21.1,24.5,false,motriskindex-families-2024-v5
nissan-nv200,6-9,40-70k,3111,1124,36.1,34.5,37.8,false,motriskindex-families-2024-v5
nissan-nv200,6-9,70-100k,2857,1362,47.7,45.8,49.5,false,motriskindex-families-2024-v5
nissan-nv200,6-9,100-140k,2048,1045,51.0,48.9,53.2,false,motriskindex-families-2024-v5
nissan-nv200,6-9,140k+,911,467,51.3,48.0,54.5,false,motriskindex-families-2024-v5
nissan-nv200,10-14,<40k,417,114,27.3,23.3,31.8,true,motriskindex-families-2024-v5
nissan-nv200,10-14,40-70k,1696,699,41.2,38.9,43.6,false,motriskindex-families-2024-v5
nissan-nv200,10-14,70-100k,3159,1544,48.9,47.1,50.6,false,motriskindex-families-2024-v5
nissan-nv200,10-14,100-140k,4317,2287,53.0,51.5,54.5,false,motriskindex-families-2024-v5
nissan-nv200,10-14,140k+,3272,1695,51.8,50.1,53.5,false,motriskindex-families-2024-v5
nissan-nv250,3-5,<40k,1030,256,24.9,22.3,27.6,false,motriskindex-families-2024-v5
nissan-nv250,3-5,40-70k,887,304,34.3,31.2,37.5,false,motriskindex-families-2024-v5
nissan-nv250,3-5,70-100k,287,102,35.5,30.2,41.2,true,motriskindex-families-2024-v5
nissan-nv250,3-5,100-140k,54,24,44.4,32.0,57.6,true,motriskindex-families-2024-v5
nissan-nv300,3-5,<40k,544,94,17.3,14.3,20.7,false,motriskindex-families-2024-v5
nissan-nv300,3-5,40-70k,502,113,22.5,19.1,26.4,false,motriskindex-families-2024-v5
nissan-nv300,3-5,70-100k,261,82,31.4,26.1,37.3,true,motriskindex-families-2024-v5
nissan-nv300,3-5,100-140k,101,34,33.7,25.2,43.3,true,motriskindex-families-2024-v5
nissan-nv300,6-9,<40k,116,15,12.9,8.0,20.2,true,motriskindex-families-2024-v5
nissan-nv300,6-9,40-70k,266,86,32.3,27.0,38.2,true,motriskindex-families-2024-v5
nissan-nv300,6-9,70-100k,268,86,32.1,26.8,37.9,true,motriskindex-families-2024-v5
nissan-nv300,6-9,100-140k,188,79,42.0,35.2,49.2,true,motriskindex-families-2024-v5
nissan-nv300,6-9,140k+,82,33,40.2,30.3,51.1,true,motriskindex-families-2024-v5
nissan-pathfinder,10-14,40-70k,222,66,29.7,24.1,36.0,true,motriskindex-families-2024-v5
nissan-pathfinder,10-14,70-100k,594,245,41.2,37.4,45.2,false,motriskindex-families-2024-v5
nissan-pathfinder,10-14,100-140k,945,429,45.4,42.2,48.6,false,motriskindex-families-2024-v5
nissan-pathfinder,10-14,140k+,438,220,50.2,45.6,54.9,true,motriskindex-families-2024-v5
nissan-pathfinder,15+,40-70k,114,32,28.1,20.6,36.9,true,motriskindex-families-2024-v5
nissan-pathfinder,15+,70-100k,389,182,46.8,41.9,51.8,true,motriskindex-families-2024-v5
nissan-pathfinder,15+,100-140k,1442,708,49.1,46.5,51.7,false,motriskindex-families-2024-v5
nissan-pathfinder,15+,140k+,1442,709,49.2,46.6,51.7,false,motriskindex-families-2024-v5
nissan-patrol,15+,40-70k,63,16,25.4,16.3,37.3,true,motriskindex-families-2024-v5
nissan-patrol,15+,70-100k,150,45,30.0,23.2,37.8,true,motriskindex-families-2024-v5
nissan-patrol,15+,100-140k,234,73,31.2,25.6,37.4,true,motriskindex-families-2024-v5
nissan-patrol,15+,140k+,265,94,35.5,30.0,41.4,true,motriskindex-families-2024-v5
nissan-pickup,15+,40-70k,161,65,40.4,33.1,48.1,true,motriskindex-families-2024-v5
nissan-pickup,15+,70-100k,288,127,44.1,38.5,49.9,true,motriskindex-families-2024-v5
nissan-pickup,15+,100-140k,415,198,47.7,42.9,52.5,true,motriskindex-families-2024-v5
nissan-pickup,15+,140k+,310,157,50.6,45.1,56.2,true,motriskindex-families-2024-v5
nissan-pixo,10-14,<40k,2084,467,22.4,20.7,24.2,false,motriskindex-families-2024-v5
nissan-pixo,10-14,40-70k,3204,1129,35.2,33.6,36.9,false,motriskindex-families-2024-v5
nissan-pixo,10-14,70-100k,2038,873,42.8,40.7,45.0,false,motriskindex-families-2024-v5
nissan-pixo,10-14,100-140k,733,362,49.4,45.8,53.0,false,motriskindex-families-2024-v5
nissan-pixo,10-14,140k+,101,63,62.4,52.6,71.2,true,motriskindex-families-2024-v5
nissan-pixo,15+,<40k,708,169,23.9,20.9,27.1,false,motriskindex-families-2024-v5
nissan-pixo,15+,40-70k,1274,479,37.6,35.0,40.3,false,motriskindex-families-2024-v5
nissan-pixo,15+,70-100k,926,401,43.3,40.1,46.5,false,motriskindex-families-2024-v5
nissan-pixo,15+,100-140k,390,205,52.6,47.6,57.5,true,motriskindex-families-2024-v5
nissan-primastar,10-14,40-70k,176,88,50.0,42.7,57.3,true,motriskindex-families-2024-v5
nissan-primastar,10-14,70-100k,471,242,51.4,46.9,55.9,true,motriskindex-families-2024-v5
nissan-primastar,10-14,100-140k,907,517,57.0,53.8,60.2,false,motriskindex-families-2024-v5
nissan-primastar,10-14,140k+,1089,601,55.2,52.2,58.1,false,motriskindex-families-2024-v5
nissan-primastar,15+,40-70k,183,91,49.7,42.6,56.9,true,motriskindex-families-2024-v5
nissan-primastar,15+,70-100k,648,310,47.8,44.0,51.7,false,motriskindex-families-2024-v5
nissan-primastar,15+,100-140k,1785,952,53.3,51.0,55.6,false,motriskindex-families-2024-v5
nissan-primastar,15+,140k+,3425,1842,53.8,52.1,55.4,false,motriskindex-families-2024-v5
nissan-primera,15+,<40k,112,33,29.5,21.8,38.5,true,motriskindex-families-2024-v5
nissan-primera,15+,40-70k,574,217,37.8,33.9,41.8,false,motriskindex-families-2024-v5
nissan-primera,15+,70-100k,897,436,48.6,45.3,51.9,false,motriskindex-families-2024-v5
nissan-primera,15+,100-140k,763,377,49.4,45.9,53.0,false,motriskindex-families-2024-v5
nissan-primera,15+,140k+,270,137,50.7,44.8,56.7,true,motriskindex-families-2024-v5
nissan-pulsar,6-9,<40k,5626,790,14.0,13.2,15.0,false,motriskindex-families-2024-v5
nissan-pulsar,6-9,40-70k,8779,2275,25.9,25.0,26.8,false,motriskindex-families-2024-v5
nissan-pulsar,6-9,70-100k,4028,1540,38.2,36.7,39.7,false,motriskindex-families-2024-v5
nissan-pulsar,6-9,100-140k,1125,524,46.6,43.7,49.5,false,motriskindex-families-2024-v5
nissan-pulsar,6-9,140k+,184,94,51.1,43.9,58.2,true,motriskindex-families-2024-v5
nissan-pulsar,10-14,<40k,150,21,14.0,9.3,20.5,true,motriskindex-families-2024-v5
nissan-pulsar,10-14,40-70k,510,185,36.3,32.2,40.5,false,motriskindex-families-2024-v5
nissan-pulsar,10-14,70-100k,438,186,42.5,37.9,47.1,true,motriskindex-families-2024-v5
nissan-pulsar,10-14,100-140k,182,81,44.5,37.5,51.8,true,motriskindex-families-2024-v5
nissan-qashqai,3-5,<40k,69232,7129,10.3,10.1,10.5,false,motriskindex-families-2024-v5
nissan-qashqai,3-5,40-70k,26369,4448,16.9,16.4,17.3,false,motriskindex-families-2024-v5
nissan-qashqai,3-5,70-100k,2684,579,21.6,20.1,23.2,false,motriskindex-families-2024-v5
nissan-qashqai,3-5,100-140k,354,85,24.0,19.9,28.7,true,motriskindex-families-2024-v5
nissan-qashqai,6-9,<40k,44229,6552,14.8,14.5,15.1,false,motriskindex-families-2024-v5
nissan-qashqai,6-9,40-70k,107088,22930,21.4,21.2,21.7,false,motriskindex-families-2024-v5
nissan-qashqai,6-9,70-100k,53619,15202,28.4,28.0,28.7,false,motriskindex-families-2024-v5
nissan-qashqai,6-9,100-140k,14034,4901,34.9,34.1,35.7,false,motriskindex-families-2024-v5
nissan-qashqai,6-9,140k+,1908,773,40.5,38.3,42.7,false,motriskindex-families-2024-v5
nissan-qashqai,10-14,<40k,5032,1019,20.3,19.2,21.4,false,motriskindex-families-2024-v5
nissan-qashqai,10-14,40-70k,36755,11916,32.4,31.9,32.9,false,motriskindex-families-2024-v5
nissan-qashqai,10-14,70-100k,71195,31878,44.8,44.4,45.1,false,motriskindex-families-2024-v5
nissan-qashqai,10-14,100-140k,62774,33374,53.2,52.8,53.6,false,motriskindex-families-2024-v5
nissan-qashqai,10-14,140k+,16456,9257,56.3,55.5,57.0,false,motriskindex-families-2024-v5
nissan-qashqai,15+,<40k,344,85,24.7,20.4,29.5,true,motriskindex-families-2024-v5
nissan-qashqai,15+,40-70k,2679,1150,42.9,41.1,44.8,false,motriskindex-families-2024-v5
nissan-qashqai,15+,70-100k,9904,5374,54.3,53.3,55.2,false,motriskindex-families-2024-v5
nissan-qashqai,15+,100-140k,20522,12136,59.1,58.5,59.8,false,motriskindex-families-2024-v5
nissan-qashqai,15+,140k+,10205,6135,60.1,59.2,61.1,false,motriskindex-families-2024-v5
nissan-serena,3-5,40-70k,54,14,25.9,16.1,38.9,true,motriskindex-families-2024-v5
nissan-serena,3-5,70-100k,114,30,26.3,19.1,35.1,true,motriskindex-families-2024-v5
nissan-serena,3-5,100-140k,77,25,32.5,23.1,43.5,true,motriskindex-families-2024-v5
nissan-serena,6-9,<40k,50,5,10.0,4.3,21.4,true,motriskindex-families-2024-v5
nissan-serena,6-9,40-70k,134,20,14.9,9.9,21.9,true,motriskindex-families-2024-v5
nissan-serena,6-9,70-100k,96,27,28.1,20.1,37.8,true,motriskindex-families-2024-v5
nissan-serena,6-9,100-140k,80,32,40.0,30.0,51.0,true,motriskindex-families-2024-v5
nissan-serena,6-9,140k+,56,28,50.0,37.3,62.7,true,motriskindex-families-2024-v5
nissan-serena,10-14,40-70k,500,62,12.4,9.8,15.6,false,motriskindex-families-2024-v5
nissan-serena,10-14,70-100k,442,121,27.4,23.4,31.7,true,motriskindex-families-2024-v5
nissan-serena,10-14,100-140k,143,38,26.6,20.0,34.4,true,motriskindex-families-2024-v5
nissan-serena,15+,40-70k,148,28,18.9,13.4,26.0,true,motriskindex-families-2024-v5
nissan-serena,15+,70-100k,171,49,28.7,22.4,35.8,true,motriskindex-families-2024-v5
nissan-serena,15+,100-140k,114,40,35.1,26.9,44.2,true,motriskindex-families-2024-v5
nissan-skyline,6-9,40-70k,98,10,10.2,5.6,17.8,true,motriskindex-families-2024-v5
nissan-skyline,6-9,70-100k,110,8,7.3,3.7,13.7,true,motriskindex-families-2024-v5
nissan-skyline,6-9,100-140k,77,14,18.2,11.2,28.2,true,motriskindex-families-2024-v5
nissan-skyline,15+,<40k,140,15,10.7,6.6,16.9,true,motriskindex-families-2024-v5
nissan-skyline,15+,40-70k,338,42,12.4,9.3,16.4,true,motriskindex-families-2024-v5
nissan-skyline,15+,70-100k,442,60,13.6,10.7,17.1,true,motriskindex-families-2024-v5
nissan-skyline,15+,100-140k,348,58,16.7,13.1,20.9,true,motriskindex-families-2024-v5
nissan-skyline,15+,140k+,114,19,16.7,10.9,24.6,true,motriskindex-families-2024-v5
nissan-terrano,15+,40-70k,151,53,35.1,27.9,43.0,true,motriskindex-families-2024-v5
nissan-terrano,15+,70-100k,306,122,39.9,34.5,45.4,true,motriskindex-families-2024-v5
nissan-terrano,15+,100-140k,496,239,48.2,43.8,52.6,true,motriskindex-families-2024-v5
nissan-terrano,15+,140k+,279,123,44.1,38.4,50.0,true,motriskindex-families-2024-v5
nissan-x-trail,3-5,<40k,8657,1090,12.6,11.9,13.3,false,motriskindex-families-2024-v5
nissan-x-trail,3-5,40-70k,3803,638,16.8,15.6,18.0,false,motriskindex-families-2024-v5
nissan-x-trail,3-5,70-100k,387,93,24.0,20.0,28.5,true,motriskindex-families-2024-v5
nissan-x-trail,3-5,100-140k,54,13,24.1,14.6,36.9,true,motriskindex-families-2024-v5
nissan-x-trail,6-9,<40k,6452,899,13.9,13.1,14.8,false,motriskindex-families-2024-v5
nissan-x-trail,6-9,40-70k,22827,4818,21.1,20.6,21.6,false,motriskindex-families-2024-v5
nissan-x-trail,6-9,70-100k,14906,4390,29.5,28.7,30.2,false,motriskindex-families-2024-v5
nissan-x-trail,6-9,100-140k,4295,1540,35.9,34.4,37.3,false,motriskindex-families-2024-v5
nissan-x-trail,6-9,140k+,627,250,39.9,36.1,43.8,false,motriskindex-families-2024-v5
nissan-x-trail,10-14,<40k,237,37,15.6,11.5,20.8,true,motriskindex-families-2024-v5
nissan-x-trail,10-14,40-70k,1784,487,27.3,25.3,29.4,false,motriskindex-families-2024-v5
nissan-x-trail,10-14,70-100k,3576,1363,38.1,36.5,39.7,false,motriskindex-families-2024-v5
nissan-x-trail,10-14,100-140k,3580,1655,46.2,44.6,47.9,false,motriskindex-families-2024-v5
nissan-x-trail,10-14,140k+,1314,679,51.7,49.0,54.4,false,motriskindex-families-2024-v5
nissan-x-trail,15+,<40k,173,32,18.5,13.4,24.9,true,motriskindex-families-2024-v5
nissan-x-trail,15+,40-70k,1126,350,31.1,28.4,33.8,false,motriskindex-families-2024-v5
nissan-x-trail,15+,70-100k,3444,1500,43.6,41.9,45.2,false,motriskindex-families-2024-v5
nissan-x-trail,15+,100-140k,8103,4042,49.9,48.8,51.0,false,motriskindex-families-2024-v5
nissan-x-trail,15+,140k+,6204,3370,54.3,53.1,55.6,false,motriskindex-families-2024-v5
perodua-myvi,10-14,<40k,300,60,20.0,15.9,24.9,true,motriskindex-families-2024-v5
perodua-myvi,10-14,40-70k,514,149,29.0,25.2,33.1,false,motriskindex-families-2024-v5
perodua-myvi,10-14,70-100k,271,97,35.8,30.3,41.7,true,motriskindex-families-2024-v5
perodua-myvi,10-14,100-140k,84,30,35.7,26.3,46.4,true,motriskindex-families-2024-v5
perodua-myvi,15+,<40k,94,19,20.2,13.3,29.4,true,motriskindex-families-2024-v5
perodua-myvi,15+,40-70k,312,100,32.1,27.1,37.4,true,motriskindex-families-2024-v5
perodua-myvi,15+,70-100k,216,88,40.7,34.4,47.4,true,motriskindex-families-2024-v5
perodua-myvi,15+,100-140k,123,62,50.4,41.7,59.1,true,motriskindex-families-2024-v5
peugeot-1007,15+,<40k,302,92,30.5,25.5,35.9,true,motriskindex-families-2024-v5
peugeot-1007,15+,40-70k,821,311,37.9,34.6,41.2,false,motriskindex-families-2024-v5
peugeot-1007,15+,70-100k,631,281,44.5,40.7,48.4,false,motriskindex-families-2024-v5
peugeot-1007,15+,100-140k,181,91,50.3,43.1,57.5,true,motriskindex-families-2024-v5
peugeot-106,15+,<40k,419,160,38.2,33.7,42.9,true,motriskindex-families-2024-v5
peugeot-106,15+,40-70k,1016,433,42.6,39.6,45.7,false,motriskindex-families-2024-v5
peugeot-106,15+,70-100k,977,488,49.9,46.8,53.1,false,motriskindex-families-2024-v5
peugeot-106,15+,100-140k,541,293,54.2,49.9,58.3,false,motriskindex-families-2024-v5
peugeot-106,15+,140k+,133,59,44.4,36.2,52.8,true,motriskindex-families-2024-v5
peugeot-107,10-14,<40k,13753,2848,20.7,20.0,21.4,false,motriskindex-families-2024-v5
peugeot-107,10-14,40-70k,27507,8237,29.9,29.4,30.5,false,motriskindex-families-2024-v5
peugeot-107,10-14,70-100k,19925,7996,40.1,39.5,40.8,false,motriskindex-families-2024-v5
peugeot-107,10-14,100-140k,6958,3218,46.2,45.1,47.4,false,motriskindex-families-2024-v5
peugeot-107,10-14,140k+,896,467,52.1,48.8,55.4,false,motriskindex-families-2024-v5
peugeot-107,15+,<40k,3959,1081,27.3,25.9,28.7,false,motriskindex-families-2024-v5
peugeot-107,15+,40-70k,11694,4597,39.3,38.4,40.2,false,motriskindex-families-2024-v5
peugeot-107,15+,70-100k,15937,7767,48.7,48.0,49.5,false,motriskindex-families-2024-v5
peugeot-107,15+,100-140k,10813,5640,52.2,51.2,53.1,false,motriskindex-families-2024-v5
peugeot-107,15+,140k+,1897,1049,55.3,53.1,57.5,false,motriskindex-families-2024-v5
peugeot-108,3-5,<40k,12930,1295,10.0,9.5,10.5,false,motriskindex-families-2024-v5
peugeot-108,3-5,40-70k,913,198,21.7,19.1,24.5,false,motriskindex-families-2024-v5
peugeot-108,3-5,70-100k,68,17,25.0,16.2,36.4,true,motriskindex-families-2024-v5
peugeot-108,6-9,<40k,28894,4114,14.2,13.8,14.6,false,motriskindex-families-2024-v5
peugeot-108,6-9,40-70k,21523,4674,21.7,21.2,22.3,false,motriskindex-families-2024-v5
peugeot-108,6-9,70-100k,4623,1440,31.1,29.8,32.5,false,motriskindex-families-2024-v5
peugeot-108,6-9,100-140k,610,236,38.7,34.9,42.6,false,motriskindex-families-2024-v5
peugeot-108,6-9,140k+,51,25,49.0,35.9,62.3,true,motriskindex-families-2024-v5
peugeot-108,10-14,<40k,2352,370,15.7,14.3,17.3,false,motriskindex-families-2024-v5
peugeot-108,10-14,40-70k,3344,854,25.5,24.1,27.0,false,motriskindex-families-2024-v5
peugeot-108,10-14,70-100k,1200,425,35.4,32.8,38.2,false,motriskindex-families-2024-v5
peugeot-108,10-14,100-140k,193,64,33.2,26.9,40.1,true,motriskindex-families-2024-v5
peugeot-2008,3-5,<40k,35338,4622,13.1,12.7,13.4,false,motriskindex-families-2024-v5
peugeot-2008,3-5,40-70k,8517,1966,23.1,22.2,24.0,false,motriskindex-families-2024-v5
peugeot-2008,3-5,70-100k,557,147,26.4,22.9,30.2,false,motriskindex-families-2024-v5
peugeot-2008,3-5,100-140k,58,22,37.9,26.6,50.8,true,motriskindex-families-2024-v5
peugeot-2008,6-9,<40k,19984,3742,18.7,18.2,19.3,false,motriskindex-families-2024-v5
peugeot-2008,6-9,40-70k,32322,10043,31.1,30.6,31.6,false,motriskindex-families-2024-v5
peugeot-2008,6-9,70-100k,12605,5085,40.3,39.5,41.2,false,motriskindex-families-2024-v5
peugeot-2008,6-9,100-140k,2678,1183,44.2,42.3,46.1,false,motriskindex-families-2024-v5
peugeot-2008,6-9,140k+,248,104,41.9,36.0,48.2,true,motriskindex-families-2024-v5
peugeot-2008,10-14,<40k,1564,352,22.5,20.5,24.6,false,motriskindex-families-2024-v5
peugeot-2008,10-14,40-70k,6831,2373,34.7,33.6,35.9,false,motriskindex-families-2024-v5
peugeot-2008,10-14,70-100k,7131,3097,43.4,42.3,44.6,false,motriskindex-families-2024-v5
peugeot-2008,10-14,100-140k,2977,1439,48.3,46.5,50.1,false,motriskindex-families-2024-v5
peugeot-2008,10-14,140k+,392,188,48.0,43.1,52.9,true,motriskindex-families-2024-v5
peugeot-206,15+,<40k,3752,1075,28.7,27.2,30.1,false,motriskindex-families-2024-v5
peugeot-206,15+,40-70k,12768,5519,43.2,42.4,44.1,false,motriskindex-families-2024-v5
peugeot-206,15+,70-100k,14863,7520,50.6,49.8,51.4,false,motriskindex-families-2024-v5
peugeot-206,15+,100-140k,9722,5278,54.3,53.3,55.3,false,motriskindex-families-2024-v5
peugeot-206,15+,140k+,2889,1598,55.3,53.5,57.1,false,motriskindex-families-2024-v5
peugeot-207,10-14,<40k,5600,1496,26.7,25.6,27.9,false,motriskindex-families-2024-v5
peugeot-207,10-14,40-70k,19245,8373,43.5,42.8,44.2,false,motriskindex-families-2024-v5
peugeot-207,10-14,70-100k,23299,12093,51.9,51.3,52.5,false,motriskindex-families-2024-v5
peugeot-207,10-14,100-140k,14089,7828,55.6,54.7,56.4,false,motriskindex-families-2024-v5
peugeot-207,10-14,140k+,3283,1865,56.8,55.1,58.5,false,motriskindex-families-2024-v5
peugeot-207,15+,<40k,3936,1234,31.4,29.9,32.8,false,motriskindex-families-2024-v5
peugeot-207,15+,40-70k,16941,7850,46.3,45.6,47.1,false,motriskindex-families-2024-v5
peugeot-207,15+,70-100k,24944,13295,53.3,52.7,53.9,false,motriskindex-families-2024-v5
peugeot-207,15+,100-140k,18344,10287,56.1,55.4,56.8,false,motriskindex-families-2024-v5
peugeot-207,15+,140k+,5537,3168,57.2,55.9,58.5,false,motriskindex-families-2024-v5
peugeot-208,3-5,<40k,37406,5506,14.7,14.4,15.1,false,motriskindex-families-2024-v5
peugeot-208,3-5,40-70k,6842,1731,25.3,24.3,26.3,false,motriskindex-families-2024-v5
peugeot-208,3-5,70-100k,644,193,30.0,26.6,33.6,false,motriskindex-families-2024-v5
peugeot-208,3-5,100-140k,77,20,26.0,17.5,36.7,true,motriskindex-families-2024-v5
peugeot-208,6-9,<40k,29814,5420,18.2,17.7,18.6,false,motriskindex-families-2024-v5
peugeot-208,6-9,40-70k,38835,11506,29.6,29.2,30.1,false,motriskindex-families-2024-v5
peugeot-208,6-9,70-100k,13831,5293,38.3,37.5,39.1,false,motriskindex-families-2024-v5
peugeot-208,6-9,100-140k,2982,1220,40.9,39.2,42.7,false,motriskindex-families-2024-v5
peugeot-208,6-9,140k+,364,155,42.6,37.6,47.7,true,motriskindex-families-2024-v5
peugeot-208,10-14,<40k,8971,1730,19.3,18.5,20.1,false,motriskindex-families-2024-v5
peugeot-208,10-14,40-70k,29643,10445,35.2,34.7,35.8,false,motriskindex-families-2024-v5
peugeot-208,10-14,70-100k,25930,11529,44.5,43.9,45.1,false,motriskindex-families-2024-v5
peugeot-208,10-14,100-140k,9365,4459,47.6,46.6,48.6,false,motriskindex-families-2024-v5
peugeot-208,10-14,140k+,1350,669,49.6,46.9,52.2,false,motriskindex-families-2024-v5
peugeot-3008,3-5,<40k,28647,3297,11.5,11.1,11.9,false,motriskindex-families-2024-v5
peugeot-3008,3-5,40-70k,12462,2138,17.2,16.5,17.8,false,motriskindex-families-2024-v5
peugeot-3008,3-5,70-100k,1612,333,20.7,18.8,22.7,false,motriskindex-families-2024-v5
peugeot-3008,3-5,100-140k,265,65,24.5,19.7,30.0,true,motriskindex-families-2024-v5
peugeot-3008,6-9,<40k,11956,1907,16.0,15.3,16.6,false,motriskindex-families-2024-v5
peugeot-3008,6-9,40-70k,25520,6568,25.7,25.2,26.3,false,motriskindex-families-2024-v5
peugeot-3008,6-9,70-100k,9782,3101,31.7,30.8,32.6,false,motriskindex-families-2024-v5
peugeot-3008,6-9,100-140k,2113,789,37.3,35.3,39.4,false,motriskindex-families-2024-v5
peugeot-3008,6-9,140k+,291,112,38.5,33.1,44.2,true,motriskindex-families-2024-v5
peugeot-3008,10-14,<40k,1259,331,26.3,23.9,28.8,false,motriskindex-families-2024-v5
peugeot-3008,10-14,40-70k,9539,3415,35.8,34.8,36.8,false,motriskindex-families-2024-v5
peugeot-3008,10-14,70-100k,18094,8557,47.3,46.6,48.0,false,motriskindex-families-2024-v5
peugeot-3008,10-14,100-140k,14751,7632,51.7,50.9,52.5,false,motriskindex-families-2024-v5
peugeot-3008,10-14,140k+,3258,1731,53.1,51.4,54.8,false,motriskindex-families-2024-v5
peugeot-3008,15+,40-70k,56,28,50.0,37.3,62.7,true,motriskindex-families-2024-v5
peugeot-3008,15+,70-100k,207,110,53.1,46.3,59.8,true,motriskindex-families-2024-v5
peugeot-3008,15+,100-140k,322,184,57.1,51.7,62.4,true,motriskindex-families-2024-v5
peugeot-3008,15+,140k+,103,65,63.1,53.5,71.8,true,motriskindex-families-2024-v5
peugeot-306,15+,<40k,86,19,22.1,14.6,31.9,true,motriskindex-families-2024-v5
peugeot-306,15+,40-70k,349,129,37.0,32.1,42.1,true,motriskindex-families-2024-v5
peugeot-306,15+,70-100k,594,240,40.4,36.5,44.4,false,motriskindex-families-2024-v5
peugeot-306,15+,100-140k,671,285,42.5,38.8,46.2,false,motriskindex-families-2024-v5
peugeot-306,15+,140k+,500,243,48.6,44.2,53.0,false,motriskindex-families-2024-v5
peugeot-307,15+,<40k,875,298,34.1,31.0,37.3,false,motriskindex-families-2024-v5
peugeot-307,15+,40-70k,5011,2142,42.7,41.4,44.1,false,motriskindex-families-2024-v5
peugeot-307,15+,70-100k,9151,4669,51.0,50.0,52.0,false,motriskindex-families-2024-v5
peugeot-307,15+,100-140k,9757,5327,54.6,53.6,55.6,false,motriskindex-families-2024-v5
peugeot-307,15+,140k+,4499,2555,56.8,55.3,58.2,false,motriskindex-families-2024-v5
peugeot-308,3-5,<40k,7580,827,10.9,10.2,11.6,false,motriskindex-families-2024-v5
peugeot-308,3-5,40-70k,3729,761,20.4,19.1,21.7,false,motriskindex-families-2024-v5
peugeot-308,3-5,70-100k,953,220,23.1,20.5,25.9,false,motriskindex-families-2024-v5
peugeot-308,3-5,100-140k,301,79,26.2,21.6,31.5,true,motriskindex-families-2024-v5
peugeot-308,3-5,140k+,63,13,20.6,12.5,32.2,true,motriskindex-families-2024-v5
peugeot-308,6-9,<40k,7481,1195,16.0,15.2,16.8,false,motriskindex-families-2024-v5
peugeot-308,6-9,40-70k,18971,4932,26.0,25.4,26.6,false,motriskindex-families-2024-v5
peugeot-308,6-9,70-100k,12758,4081,32.0,31.2,32.8,false,motriskindex-families-2024-v5
peugeot-308,6-9,100-140k,5707,2020,35.4,34.2,36.6,false,motriskindex-families-2024-v5
peugeot-308,6-9,140k+,1521,561,36.9,34.5,39.3,false,motriskindex-families-2024-v5
peugeot-308,10-14,<40k,2536,629,24.8,23.2,26.5,false,motriskindex-families-2024-v5
peugeot-308,10-14,40-70k,12056,4221,35.0,34.2,35.9,false,motriskindex-families-2024-v5
peugeot-308,10-14,70-100k,18915,8229,43.5,42.8,44.2,false,motriskindex-families-2024-v5
peugeot-308,10-14,100-140k,15201,7164,47.1,46.3,47.9,false,motriskindex-families-2024-v5
peugeot-308,10-14,140k+,5209,2645,50.8,49.4,52.1,false,motriskindex-families-2024-v5
peugeot-308,15+,<40k,468,131,28.0,24.1,32.2,true,motriskindex-families-2024-v5
peugeot-308,15+,40-70k,3115,1308,42.0,40.3,43.7,false,motriskindex-families-2024-v5
peugeot-308,15+,70-100k,6212,3203,51.6,50.3,52.8,false,motriskindex-families-2024-v5
peugeot-308,15+,100-140k,6726,3605,53.6,52.4,54.8,false,motriskindex-families-2024-v5
peugeot-308,15+,140k+,3197,1732,54.2,52.4,55.9,false,motriskindex-families-2024-v5
peugeot-4007,10-14,70-100k,93,47,50.5,40.6,60.5,true,motriskindex-families-2024-v5
peugeot-4007,10-14,100-140k,157,70,44.6,37.0,52.4,true,motriskindex-families-2024-v5
peugeot-4007,10-14,140k+,114,46,40.4,31.8,49.5,true,motriskindex-families-2024-v5
peugeot-4007,15+,70-100k,134,58,43.3,35.2,51.7,true,motriskindex-families-2024-v5
peugeot-4007,15+,100-140k,469,233,49.7,45.2,54.2,true,motriskindex-families-2024-v5
peugeot-4007,15+,140k+,317,158,49.8,44.4,55.3,true,motriskindex-families-2024-v5
peugeot-406,15+,40-70k,148,55,37.2,29.8,45.2,true,motriskindex-families-2024-v5
peugeot-406,15+,70-100k,399,163,40.9,36.1,45.7,true,motriskindex-families-2024-v5
peugeot-406,15+,100-140k,656,294,44.8,41.1,48.6,false,motriskindex-families-2024-v5
peugeot-406,15+,140k+,1197,574,48.0,45.1,50.8,false,motriskindex-families-2024-v5
peugeot-407,10-14,40-70k,125,33,26.4,19.5,34.7,true,motriskindex-families-2024-v5
peugeot-407,10-14,70-100k,329,142,43.2,37.9,48.6,true,motriskindex-families-2024-v5
peugeot-407,10-14,100-140k,488,268,54.9,50.5,59.3,true,motriskindex-families-2024-v5
peugeot-407,10-14,140k+,379,201,53.0,48.0,58.0,true,motriskindex-families-2024-v5
peugeot-407,15+,<40k,108,25,23.1,16.2,31.9,true,motriskindex-families-2024-v5
peugeot-407,15+,40-70k,616,200,32.5,28.9,36.3,false,motriskindex-families-2024-v5
peugeot-407,15+,70-100k,1492,617,41.4,38.9,43.9,false,motriskindex-families-2024-v5
peugeot-407,15+,100-140k,2844,1363,47.9,46.1,49.8,false,motriskindex-families-2024-v5
peugeot-407,15+,140k+,2395,1221,51.0,49.0,53.0,false,motriskindex-families-2024-v5
peugeot-5008,3-5,<40k,10124,1557,15.4,14.7,16.1,false,motriskindex-families-2024-v5
peugeot-5008,3-5,40-70k,5271,1142,21.7,20.6,22.8,false,motriskindex-families-2024-v5
peugeot-5008,3-5,70-100k,668,152,22.8,19.7,26.1,false,motriskindex-families-2024-v5
peugeot-5008,3-5,100-140k,93,22,23.7,16.2,33.2,true,motriskindex-families-2024-v5
peugeot-5008,6-9,<40k,1538,313,20.4,18.4,22.4,false,motriskindex-families-2024-v5
peugeot-5008,6-9,40-70k,4722,1364,28.9,27.6,30.2,false,motriskindex-families-2024-v5
peugeot-5008,6-9,70-100k,2096,784,37.4,35.4,39.5,false,motriskindex-families-2024-v5
peugeot-5008,6-9,100-140k,743,300,40.4,36.9,43.9,false,motriskindex-families-2024-v5
peugeot-5008,6-9,140k+,264,97,36.7,31.2,42.7,true,motriskindex-families-2024-v5
peugeot-5008,10-14,<40k,134,40,29.9,22.8,38.1,true,motriskindex-families-2024-v5
peugeot-5008,10-14,40-70k,1264,537,42.5,39.8,45.2,false,motriskindex-families-2024-v5
peugeot-5008,10-14,70-100k,3194,1547,48.4,46.7,50.2,false,motriskindex-families-2024-v5
peugeot-5008,10-14,100-140k,3733,1986,53.2,51.6,54.8,false,motriskindex-families-2024-v5
peugeot-5008,10-14,140k+,1440,791,54.9,52.4,57.5,false,motriskindex-families-2024-v5
peugeot-508,3-5,<40k,2578,421,16.3,15.0,17.8,false,motriskindex-families-2024-v5
peugeot-508,3-5,40-70k,2129,451,21.2,19.5,23.0,false,motriskindex-families-2024-v5
peugeot-508,3-5,70-100k,484,95,19.6,16.3,23.4,true,motriskindex-families-2024-v5
peugeot-508,3-5,100-140k,146,21,14.4,9.6,21.0,true,motriskindex-families-2024-v5
peugeot-508,6-9,<40k,385,49,12.7,9.8,16.4,true,motriskindex-families-2024-v5
peugeot-508,6-9,40-70k,894,198,22.1,19.5,25.0,false,motriskindex-families-2024-v5
peugeot-508,6-9,70-100k,753,211,28.0,24.9,31.3,false,motriskindex-families-2024-v5
peugeot-508,6-9,100-140k,558,171,30.6,27.0,34.6,false,motriskindex-families-2024-v5
peugeot-508,6-9,140k+,271,79,29.2,24.1,34.8,true,motriskindex-families-2024-v5
peugeot-508,10-14,<40k,160,23,14.4,9.8,20.6,true,motriskindex-families-2024-v5
peugeot-508,10-14,40-70k,1056,254,24.1,21.6,26.7,false,motriskindex-families-2024-v5
peugeot-508,10-14,70-100k,2510,794,31.6,29.8,33.5,false,motriskindex-families-2024-v5
peugeot-508,10-14,100-140k,3985,1454,36.5,35.0,38.0,false,motriskindex-families-2024-v5
peugeot-508,10-14,140k+,2874,1141,39.7,37.9,41.5,false,motriskindex-families-2024-v5
peugeot-bipper,6-9,<40k,473,121,25.6,21.9,29.7,true,motriskindex-families-2024-v5
peugeot-bipper,6-9,40-70k,1237,443,35.8,33.2,38.5,false,motriskindex-families-2024-v5
peugeot-bipper,6-9,70-100k,1381,559,40.5,37.9,43.1,false,motriskindex-families-2024-v5
peugeot-bipper,6-9,100-140k,1201,522,43.5,40.7,46.3,false,motriskindex-families-2024-v5
peugeot-bipper,6-9,140k+,860,371,43.1,39.9,46.5,false,motriskindex-families-2024-v5
peugeot-bipper,10-14,<40k,440,108,24.5,20.8,28.8,true,motriskindex-families-2024-v5
peugeot-bipper,10-14,40-70k,1852,650,35.1,33.0,37.3,false,motriskindex-families-2024-v5
peugeot-bipper,10-14,70-100k,3253,1388,42.7,41.0,44.4,false,motriskindex-families-2024-v5
peugeot-bipper,10-14,100-140k,3963,1857,46.9,45.3,48.4,false,motriskindex-families-2024-v5
peugeot-bipper,10-14,140k+,2913,1354,46.5,44.7,48.3,false,motriskindex-families-2024-v5
peugeot-bipper,15+,40-70k,116,42,36.2,28.0,45.3,true,motriskindex-families-2024-v5
peugeot-bipper,15+,70-100k,316,142,44.9,39.5,50.4,true,motriskindex-families-2024-v5
peugeot-bipper,15+,100-140k,539,261,48.4,44.2,52.6,false,motriskindex-families-2024-v5
peugeot-bipper,15+,140k+,575,282,49.0,45.0,53.1,false,motriskindex-families-2024-v5
peugeot-boxer,3-5,<40k,3257,420,12.9,11.8,14.1,false,motriskindex-families-2024-v5
peugeot-boxer,3-5,40-70k,782,151,19.3,16.7,22.2,false,motriskindex-families-2024-v5
peugeot-boxer,3-5,70-100k,413,88,21.3,17.6,25.5,true,motriskindex-families-2024-v5
peugeot-boxer,3-5,100-140k,268,61,22.8,18.1,28.1,true,motriskindex-families-2024-v5
peugeot-boxer,3-5,140k+,100,23,23.0,15.8,32.2,true,motriskindex-families-2024-v5
peugeot-boxer,6-9,<40k,5628,692,12.3,11.5,13.2,false,motriskindex-families-2024-v5
peugeot-boxer,6-9,40-70k,1644,345,21.0,19.1,23.0,false,motriskindex-families-2024-v5
peugeot-boxer,6-9,70-100k,1269,355,28.0,25.6,30.5,false,motriskindex-families-2024-v5
peugeot-boxer,6-9,100-140k,1191,324,27.2,24.8,29.8,false,motriskindex-families-2024-v5
peugeot-boxer,6-9,140k+,1065,367,34.5,31.7,37.4,false,motriskindex-families-2024-v5
peugeot-boxer,10-14,<40k,6022,875,14.5,13.7,15.4,false,motriskindex-families-2024-v5
peugeot-boxer,10-14,40-70k,2228,453,20.3,18.7,22.1,false,motriskindex-families-2024-v5
peugeot-boxer,10-14,70-100k,865,281,32.5,29.4,35.7,false,motriskindex-families-2024-v5
peugeot-boxer,10-14,100-140k,967,373,38.6,35.6,41.7,false,motriskindex-families-2024-v5
peugeot-boxer,10-14,140k+,1174,486,41.4,38.6,44.2,false,motriskindex-families-2024-v5
peugeot-boxer,15+,<40k,6380,1616,25.3,24.3,26.4,false,motriskindex-families-2024-v5
peugeot-boxer,15+,40-70k,9010,3063,34.0,33.0,35.0,false,motriskindex-families-2024-v5
peugeot-boxer,15+,70-100k,2552,1145,44.9,42.9,46.8,false,motriskindex-families-2024-v5
peugeot-boxer,15+,100-140k,1205,569,47.2,44.4,50.0,false,motriskindex-families-2024-v5
peugeot-boxer,15+,140k+,910,445,48.9,45.7,52.1,false,motriskindex-families-2024-v5
peugeot-expert,3-5,<40k,6357,682,10.7,10.0,11.5,false,motriskindex-families-2024-v5
peugeot-expert,3-5,40-70k,4959,945,19.1,18.0,20.2,false,motriskindex-families-2024-v5
peugeot-expert,3-5,70-100k,2386,574,24.1,22.4,25.8,false,motriskindex-families-2024-v5
peugeot-expert,3-5,100-140k,916,240,26.2,23.5,29.1,false,motriskindex-families-2024-v5
peugeot-expert,3-5,140k+,133,44,33.1,25.7,41.5,true,motriskindex-families-2024-v5
peugeot-expert,6-9,<40k,1708,283,16.6,14.9,18.4,false,motriskindex-families-2024-v5
peugeot-expert,6-9,40-70k,5192,1295,24.9,23.8,26.1,false,motriskindex-families-2024-v5
peugeot-expert,6-9,70-100k,5259,1810,34.4,33.1,35.7,false,motriskindex-families-2024-v5
peugeot-expert,6-9,100-140k,4110,1603,39.0,37.5,40.5,false,motriskindex-families-2024-v5
peugeot-expert,6-9,140k+,1701,736,43.3,40.9,45.6,false,motriskindex-families-2024-v5
peugeot-expert,10-14,<40k,387,87,22.5,18.6,26.9,true,motriskindex-families-2024-v5
peugeot-expert,10-14,40-70k,1675,533,31.8,29.6,34.1,false,motriskindex-families-2024-v5
peugeot-expert,10-14,70-100k,2389,994,41.6,39.6,43.6,false,motriskindex-families-2024-v5
peugeot-expert,10-14,100-140k,3318,1594,48.0,46.3,49.7,false,motriskindex-families-2024-v5
peugeot-expert,10-14,140k+,4296,2136,49.7,48.2,51.2,false,motriskindex-families-2024-v5
peugeot-expert,15+,<40k,104,29,27.9,20.2,37.2,true,motriskindex-families-2024-v5
peugeot-expert,15+,40-70k,503,202,40.2,36.0,44.5,false,motriskindex-families-2024-v5
peugeot-expert,15+,70-100k,1164,534,45.9,43.0,48.7,false,motriskindex-families-2024-v5
peugeot-expert,15+,100-140k,2420,1227,50.7,48.7,52.7,false,motriskindex-families-2024-v5
peugeot-expert,15+,140k+,3905,2015,51.6,50.0,53.2,false,motriskindex-families-2024-v5
peugeot-partner,3-5,<40k,10673,2128,19.9,19.2,20.7,false,motriskindex-families-2024-v5
peugeot-partner,3-5,40-70k,13662,3709,27.1,26.4,27.9,false,motriskindex-families-2024-v5
peugeot-partner,3-5,70-100k,7591,2180,28.7,27.7,29.7,false,motriskindex-families-2024-v5
peugeot-partner,3-5,100-140k,2549,805,31.6,29.8,33.4,false,motriskindex-families-2024-v5
peugeot-partner,3-5,140k+,558,204,36.6,32.7,40.6,false,motriskindex-families-2024-v5
peugeot-partner,6-9,<40k,5742,1284,22.4,21.3,23.5,false,motriskindex-families-2024-v5
peugeot-partner,6-9,40-70k,13756,4353,31.6,30.9,32.4,false,motriskindex-families-2024-v5
peugeot-partner,6-9,70-100k,15879,6179,38.9,38.2,39.7,false,motriskindex-families-2024-v5
peugeot-partner,6-9,100-140k,13175,5761,43.7,42.9,44.6,false,motriskindex-families-2024-v5
peugeot-partner,6-9,140k+,6197,2812,45.4,44.1,46.6,false,motriskindex-families-2024-v5
peugeot-partner,10-14,<40k,1813,466,25.7,23.7,27.8,false,motriskindex-families-2024-v5
peugeot-partner,10-14,40-70k,7125,2151,30.2,29.1,31.3,false,motriskindex-families-2024-v5
peugeot-partner,10-14,70-100k,10429,4313,41.4,40.4,42.3,false,motriskindex-families-2024-v5
peugeot-partner,10-14,100-140k,14408,6886,47.8,47.0,48.6,false,motriskindex-families-2024-v5
peugeot-partner,10-14,140k+,13404,6740,50.3,49.4,51.1,false,motriskindex-families-2024-v5
peugeot-partner,15+,<40k,442,135,30.5,26.4,35.0,true,motriskindex-families-2024-v5
peugeot-partner,15+,40-70k,1717,682,39.7,37.4,42.1,false,motriskindex-families-2024-v5
peugeot-partner,15+,70-100k,3196,1470,46.0,44.3,47.7,false,motriskindex-families-2024-v5
peugeot-partner,15+,100-140k,5596,2866,51.2,49.9,52.5,false,motriskindex-families-2024-v5
peugeot-partner,15+,140k+,5146,2749,53.4,52.1,54.8,false,motriskindex-families-2024-v5
peugeot-rcz,6-9,<40k,420,84,20.0,16.5,24.1,true,motriskindex-families-2024-v5
peugeot-rcz,6-9,40-70k,653,176,27.0,23.7,30.5,false,motriskindex-families-2024-v5
peugeot-rcz,6-9,70-100k,203,66,32.5,26.4,39.2,true,motriskindex-families-2024-v5
peugeot-rcz,10-14,<40k,988,202,20.4,18.0,23.1,false,motriskindex-families-2024-v5
peugeot-rcz,10-14,40-70k,3573,1200,33.6,32.1,35.2,false,motriskindex-families-2024-v5
peugeot-rcz,10-14,70-100k,3302,1291,39.1,37.4,40.8,false,motriskindex-families-2024-v5
peugeot-rcz,10-14,100-140k,1372,625,45.6,42.9,48.2,false,motriskindex-families-2024-v5
peugeot-rcz,10-14,140k+,246,101,41.1,35.1,47.3,true,motriskindex-families-2024-v5
peugeot-rifter,3-5,<40k,6183,1086,17.6,16.6,18.5,false,motriskindex-families-2024-v5
peugeot-rifter,3-5,40-70k,1219,334,27.4,25.0,30.0,false,motriskindex-families-2024-v5
peugeot-rifter,3-5,70-100k,183,41,22.4,17.0,29.0,true,motriskindex-families-2024-v5
peugeot-rifter,3-5,100-140k,73,21,28.8,19.7,40.0,true,motriskindex-families-2024-v5
peugeot-rifter,6-9,<40k,251,42,16.7,12.6,21.8,true,motriskindex-families-2024-v5
peugeot-rifter,6-9,40-70k,187,41,21.9,16.6,28.4,true,motriskindex-families-2024-v5
peugeot-traveller,3-5,<40k,441,98,22.2,18.6,26.3,true,motriskindex-families-2024-v5
peugeot-traveller,3-5,40-70k,160,39,24.4,18.4,31.6,true,motriskindex-families-2024-v5
peugeot-traveller,6-9,<40k,191,31,16.2,11.7,22.1,true,motriskindex-families-2024-v5
peugeot-traveller,6-9,40-70k,474,109,23.0,19.4,27.0,true,motriskindex-families-2024-v5
peugeot-traveller,6-9,70-100k,230,70,30.4,24.8,36.7,true,motriskindex-families-2024-v5
peugeot-traveller,6-9,100-140k,81,19,23.5,15.6,33.8,true,motriskindex-families-2024-v5
polestar-polestar,3-5,<40k,3333,342,10.3,9.3,11.3,false,motriskindex-families-2024-v5
polestar-polestar,3-5,40-70k,1349,219,16.2,14.4,18.3,false,motriskindex-families-2024-v5
polestar-polestar,3-5,70-100k,188,38,20.2,15.1,26.5,true,motriskindex-families-2024-v5
porsche-911,3-5,<40k,5334,275,5.2,4.6,5.8,false,motriskindex-families-2024-v5
porsche-911,3-5,40-70k,146,15,10.3,6.3,16.3,true,motriskindex-families-2024-v5
porsche-911,6-9,<40k,6193,306,4.9,4.4,5.5,false,motriskindex-families-2024-v5
porsche-911,6-9,40-70k,1167,105,9.0,7.5,10.8,false,motriskindex-families-2024-v5
porsche-911,6-9,70-100k,73,9,12.3,6.6,21.8,true,motriskindex-families-2024-v5
porsche-911,10-14,<40k,3396,187,5.5,4.8,6.3,false,motriskindex-families-2024-v5
porsche-911,10-14,40-70k,3000,282,9.4,8.4,10.5,false,motriskindex-families-2024-v5
porsche-911,10-14,70-100k,819,107,13.1,10.9,15.5,false,motriskindex-families-2024-v5
porsche-911,10-14,100-140k,102,18,17.6,11.5,26.2,true,motriskindex-families-2024-v5
porsche-911,15+,<40k,3277,247,7.5,6.7,8.5,false,motriskindex-families-2024-v5
porsche-911,15+,40-70k,7774,997,12.8,12.1,13.6,false,motriskindex-families-2024-v5
porsche-911,15+,70-100k,7432,1448,19.5,18.6,20.4,false,motriskindex-families-2024-v5
porsche-911,15+,100-140k,3343,749,22.4,21.0,23.8,false,motriskindex-families-2024-v5
porsche-911,15+,140k+,627,173,27.6,24.2,31.2,false,motriskindex-families-2024-v5
porsche-boxster,3-5,<40k,1525,62,4.1,3.2,5.2,false,motriskindex-families-2024-v5
porsche-boxster,3-5,40-70k,69,10,14.5,8.1,24.7,true,motriskindex-families-2024-v5
porsche-boxster,6-9,<40k,3281,187,5.7,5.0,6.5,false,motriskindex-families-2024-v5
porsche-boxster,6-9,40-70k,915,77,8.4,6.8,10.4,false,motriskindex-families-2024-v5
porsche-boxster,6-9,70-100k,106,18,17.0,11.0,25.3,true,motriskindex-families-2024-v5
porsche-boxster,10-14,<40k,2181,142,6.5,5.5,7.6,false,motriskindex-families-2024-v5
porsche-boxster,10-14,40-70k,2185,224,10.3,9.0,11.6,false,motriskindex-families-2024-v5
porsche-boxster,10-14,70-100k,671,100,14.9,12.4,17.8,false,motriskindex-families-2024-v5
porsche-boxster,10-14,100-140k,113,18,15.9,10.3,23.8,true,motriskindex-families-2024-v5
porsche-boxster,15+,<40k,1989,171,8.6,7.4,9.9,false,motriskindex-families-2024-v5
porsche-boxster,15+,40-70k,6026,1013,16.8,15.9,17.8,false,motriskindex-families-2024-v5
porsche-boxster,15+,70-100k,6919,1744,25.2,24.2,26.2,false,motriskindex-families-2024-v5
porsche-boxster,15+,100-140k,3785,1202,31.8,30.3,33.3,false,motriskindex-families-2024-v5
porsche-boxster,15+,140k+,578,187,32.4,28.7,36.3,false,motriskindex-families-2024-v5
porsche-cayenne,3-5,<40k,4864,306,6.3,5.6,7.0,false,motriskindex-families-2024-v5
porsche-cayenne,3-5,40-70k,2124,179,8.4,7.3,9.7,false,motriskindex-families-2024-v5
porsche-cayenne,3-5,70-100k,190,18,9.5,6.1,14.5,true,motriskindex-families-2024-v5
porsche-cayenne,6-9,<40k,1205,121,10.0,8.5,11.9,false,motriskindex-families-2024-v5
porsche-cayenne,6-9,40-70k,3930,518,13.2,12.2,14.3,false,motriskindex-families-2024-v5
porsche-cayenne,6-9,70-100k,2813,424,15.1,13.8,16.4,false,motriskindex-families-2024-v5
porsche-cayenne,6-9,100-140k,795,125,15.7,13.4,18.4,false,motriskindex-families-2024-v5
porsche-cayenne,6-9,140k+,105,22,21.0,14.3,29.7,true,motriskindex-families-2024-v5
porsche-cayenne,10-14,<40k,253,27,10.7,7.4,15.1,true,motriskindex-families-2024-v5
porsche-cayenne,10-14,40-70k,1308,186,14.2,12.4,16.2,false,motriskindex-families-2024-v5
porsche-cayenne,10-14,70-100k,2831,481,17.0,15.7,18.4,false,motriskindex-families-2024-v5
porsche-cayenne,10-14,100-140k,2861,533,18.6,17.2,20.1,false,motriskindex-families-2024-v5
porsche-cayenne,10-14,140k+,818,175,21.4,18.7,24.3,false,motriskindex-families-2024-v5
porsche-cayenne,15+,<40k,57,9,15.8,8.5,27.4,true,motriskindex-families-2024-v5
porsche-cayenne,15+,40-70k,406,85,20.9,17.3,25.2,true,motriskindex-families-2024-v5
porsche-cayenne,15+,70-100k,1273,300,23.6,21.3,26.0,false,motriskindex-families-2024-v5
porsche-cayenne,15+,100-140k,2592,724,27.9,26.2,29.7,false,motriskindex-families-2024-v5
porsche-cayenne,15+,140k+,1512,483,31.9,29.6,34.3,false,motriskindex-families-2024-v5
porsche-cayman,3-5,<40k,1785,105,5.9,4.9,7.1,false,motriskindex-families-2024-v5
porsche-cayman,3-5,40-70k,120,11,9.2,5.2,15.7,true,motriskindex-families-2024-v5
porsche-cayman,6-9,<40k,3073,177,5.8,5.0,6.6,false,motriskindex-families-2024-v5
porsche-cayman,6-9,40-70k,998,102,10.2,8.5,12.3,false,motriskindex-families-2024-v5
porsche-cayman,6-9,70-100k,93,18,19.4,12.6,28.5,true,motriskindex-families-2024-v5
porsche-cayman,10-14,<40k,1287,72,5.6,4.5,7.0,false,motriskindex-families-2024-v5
porsche-cayman,10-14,40-70k,1686,162,9.6,8.3,11.1,false,motriskindex-families-2024-v5
porsche-cayman,10-14,70-100k,580,88,15.2,12.5,18.3,false,motriskindex-families-2024-v5
porsche-cayman,10-14,100-140k,114,18,15.8,10.2,23.6,true,motriskindex-families-2024-v5
porsche-cayman,15+,<40k,482,49,10.2,7.8,13.2,true,motriskindex-families-2024-v5
porsche-cayman,15+,40-70k,1542,256,16.6,14.8,18.5,false,motriskindex-families-2024-v5
porsche-cayman,15+,70-100k,1717,362,21.1,19.2,23.1,false,motriskindex-families-2024-v5
porsche-cayman,15+,100-140k,679,183,27.0,23.8,30.4,false,motriskindex-families-2024-v5
porsche-cayman,15+,140k+,95,29,30.5,22.2,40.4,true,motriskindex-families-2024-v5
porsche-macan,3-5,<40k,9111,527,5.8,5.3,6.3,false,motriskindex-families-2024-v5
porsche-macan,3-5,40-70k,2333,218,9.3,8.2,10.6,false,motriskindex-families-2024-v5
porsche-macan,3-5,70-100k,160,22,13.8,9.3,19.9,true,motriskindex-families-2024-v5
porsche-macan,6-9,<40k,4298,290,6.7,6.0,7.5,false,motriskindex-families-2024-v5
porsche-macan,6-9,40-70k,8502,833,9.8,9.2,10.4,false,motriskindex-families-2024-v5
porsche-macan,6-9,70-100k,3514,502,14.3,13.2,15.5,false,motriskindex-families-2024-v5
porsche-macan,6-9,100-140k,711,144,20.3,17.5,23.4,false,motriskindex-families-2024-v5
porsche-macan,6-9,140k+,60,14,23.3,14.4,35.4,true,motriskindex-families-2024-v5
porsche-macan,10-14,<40k,96,15,15.6,9.7,24.2,true,motriskindex-families-2024-v5
porsche-macan,10-14,40-70k,440,54,12.3,9.5,15.7,true,motriskindex-families-2024-v5
porsche-macan,10-14,70-100k,489,89,18.2,15.0,21.9,true,motriskindex-families-2024-v5
porsche-macan,10-14,100-140k,155,29,18.7,13.4,25.6,true,motriskindex-families-2024-v5
porsche-panamera,3-5,<40k,1103,123,11.2,9.4,13.1,false,motriskindex-families-2024-v5
porsche-panamera,3-5,40-70k,383,54,14.1,11.0,17.9,true,motriskindex-families-2024-v5
porsche-panamera,6-9,<40k,721,66,9.2,7.3,11.5,false,motriskindex-families-2024-v5
porsche-panamera,6-9,40-70k,1288,127,9.9,8.3,11.6,false,motriskindex-families-2024-v5
porsche-panamera,6-9,70-100k,575,67,11.7,9.3,14.5,false,motriskindex-families-2024-v5
porsche-panamera,6-9,100-140k,120,19,15.8,10.4,23.4,true,motriskindex-families-2024-v5
porsche-panamera,10-14,<40k,174,18,10.3,6.6,15.8,true,motriskindex-families-2024-v5
porsche-panamera,10-14,40-70k,760,94,12.4,10.2,14.9,false,motriskindex-families-2024-v5
porsche-panamera,10-14,70-100k,1096,179,16.3,14.3,18.6,false,motriskindex-families-2024-v5
porsche-panamera,10-14,100-140k,605,113,18.7,15.8,22.0,false,motriskindex-families-2024-v5
porsche-panamera,10-14,140k+,132,27,20.5,14.5,28.1,true,motriskindex-families-2024-v5
porsche-taycan,3-5,<40k,5272,473,9.0,8.2,9.8,false,motriskindex-families-2024-v5
porsche-taycan,3-5,40-70k,771,84,10.9,8.9,13.3,false,motriskindex-families-2024-v5
renault-arkana,3-5,<40k,1353,135,10.0,8.5,11.7,false,motriskindex-families-2024-v5
renault-arkana,3-5,40-70k,108,19,17.6,11.6,25.8,true,motriskindex-families-2024-v5
renault-captur,3-5,<40k,35193,3741,10.6,10.3,11.0,false,motriskindex-families-2024-v5
renault-captur,3-5,40-70k,7626,1428,18.7,17.9,19.6,false,motriskindex-families-2024-v5
renault-captur,3-5,70-100k,446,132,29.6,25.5,34.0,true,motriskindex-families-2024-v5
renault-captur,6-9,<40k,31280,4418,14.1,13.7,14.5,false,motriskindex-families-2024-v5
renault-captur,6-9,40-70k,39934,10051,25.2,24.7,25.6,false,motriskindex-families-2024-v5
renault-captur,6-9,70-100k,12998,4582,35.3,34.4,36.1,false,motriskindex-families-2024-v5
renault-captur,6-9,100-140k,2503,1066,42.6,40.7,44.5,false,motriskindex-families-2024-v5
renault-captur,6-9,140k+,237,100,42.2,36.1,48.6,true,motriskindex-families-2024-v5
renault-captur,10-14,<40k,2262,488,21.6,19.9,23.3,false,motriskindex-families-2024-v5
renault-captur,10-14,40-70k,9774,3191,32.6,31.7,33.6,false,motriskindex-families-2024-v5
renault-captur,10-14,70-100k,8626,3441,39.9,38.9,40.9,false,motriskindex-families-2024-v5
renault-captur,10-14,100-140k,2913,1390,47.7,45.9,49.5,false,motriskindex-families-2024-v5
renault-captur,10-14,140k+,355,179,50.4,45.2,55.6,true,motriskindex-families-2024-v5
renault-clio,3-5,<40k,29223,4701,16.1,15.7,16.5,false,motriskindex-families-2024-v5
renault-clio,3-5,40-70k,7088,1832,25.8,24.8,26.9,false,motriskindex-families-2024-v5
renault-clio,3-5,70-100k,857,266,31.0,28.0,34.2,false,motriskindex-families-2024-v5
renault-clio,3-5,100-140k,132,52,39.4,31.5,47.9,true,motriskindex-families-2024-v5
renault-clio,6-9,<40k,28119,6845,24.3,23.8,24.8,false,motriskindex-families-2024-v5
renault-clio,6-9,40-70k,39576,14674,37.1,36.6,37.6,false,motriskindex-families-2024-v5
renault-clio,6-9,70-100k,14412,6805,47.2,46.4,48.0,false,motriskindex-families-2024-v5
renault-clio,6-9,100-140k,3278,1685,51.4,49.7,53.1,false,motriskindex-families-2024-v5
renault-clio,6-9,140k+,497,261,52.5,48.1,56.9,true,motriskindex-families-2024-v5
renault-clio,10-14,<40k,8860,2743,31.0,30.0,31.9,false,motriskindex-families-2024-v5
renault-clio,10-14,40-70k,34481,15500,45.0,44.4,45.5,false,motriskindex-families-2024-v5
renault-clio,10-14,70-100k,37622,19998,53.2,52.7,53.7,false,motriskindex-families-2024-v5
renault-clio,10-14,100-140k,18023,10255,56.9,56.2,57.6,false,motriskindex-families-2024-v5
renault-clio,10-14,140k+,3162,1764,55.8,54.1,57.5,false,motriskindex-families-2024-v5
renault-clio,15+,<40k,6080,2065,34.0,32.8,35.2,false,motriskindex-families-2024-v5
renault-clio,15+,40-70k,21605,10264,47.5,46.8,48.2,false,motriskindex-families-2024-v5
renault-clio,15+,70-100k,33735,18390,54.5,54.0,55.0,false,motriskindex-families-2024-v5
renault-clio,15+,100-140k,27428,15540,56.7,56.1,57.2,false,motriskindex-families-2024-v5
renault-clio,15+,140k+,6293,3465,55.1,53.8,56.3,false,motriskindex-families-2024-v5
renault-espace,10-14,100-140k,84,48,57.1,46.5,67.2,true,motriskindex-families-2024-v5
renault-espace,10-14,140k+,73,40,54.8,43.4,65.7,true,motriskindex-families-2024-v5
renault-espace,15+,40-70k,80,25,31.2,22.2,42.1,true,motriskindex-families-2024-v5
renault-espace,15+,70-100k,260,114,43.8,37.9,49.9,true,motriskindex-families-2024-v5
renault-espace,15+,100-140k,439,217,49.4,44.8,54.1,true,motriskindex-families-2024-v5
renault-espace,15+,140k+,310,185,59.7,54.1,65.0,true,motriskindex-families-2024-v5
renault-g,10-14,40-70k,284,122,43.0,37.3,48.8,true,motriskindex-families-2024-v5
renault-g,10-14,70-100k,682,339,49.7,46.0,53.5,false,motriskindex-families-2024-v5
renault-g,10-14,100-140k,605,314,51.9,47.9,55.9,false,motriskindex-families-2024-v5
renault-g,10-14,140k+,181,89,49.2,42.0,56.4,true,motriskindex-families-2024-v5
renault-grand-espace,10-14,40-70k,56,25,44.6,32.4,57.6,true,motriskindex-families-2024-v5
renault-grand-espace,10-14,70-100k,127,50,39.4,31.3,48.1,true,motriskindex-families-2024-v5
renault-grand-espace,10-14,100-140k,185,82,44.3,37.4,51.5,true,motriskindex-families-2024-v5
renault-grand-espace,10-14,140k+,124,57,46.0,37.4,54.7,true,motriskindex-families-2024-v5
renault-grand-espace,15+,40-70k,68,24,35.3,25.0,47.2,true,motriskindex-families-2024-v5
renault-grand-espace,15+,70-100k,189,102,54.0,46.9,60.9,true,motriskindex-families-2024-v5
renault-grand-espace,15+,100-140k,456,227,49.8,45.2,54.4,true,motriskindex-families-2024-v5
renault-grand-espace,15+,140k+,351,165,47.0,41.8,52.2,true,motriskindex-families-2024-v5
renault-grand-modus,10-14,<40k,186,58,31.2,25.0,38.2,true,motriskindex-families-2024-v5
renault-grand-modus,10-14,40-70k,619,266,43.0,39.1,46.9,false,motriskindex-families-2024-v5
renault-grand-modus,10-14,70-100k,534,276,51.7,47.5,55.9,false,motriskindex-families-2024-v5
renault-grand-modus,10-14,100-140k,301,178,59.1,53.5,64.5,true,motriskindex-families-2024-v5
renault-grand-modus,10-14,140k+,52,33,63.5,49.9,75.2,true,motriskindex-families-2024-v5
renault-grand-modus,15+,<40k,87,25,28.7,20.3,39.0,true,motriskindex-families-2024-v5
renault-grand-modus,15+,40-70k,460,222,48.3,43.7,52.8,true,motriskindex-families-2024-v5
renault-grand-modus,15+,70-100k,468,228,48.7,44.2,53.2,true,motriskindex-families-2024-v5
renault-grand-modus,15+,100-140k,277,150,54.2,48.3,59.9,true,motriskindex-families-2024-v5
renault-grand-scenic,3-5,<40k,715,135,18.9,16.2,21.9,false,motriskindex-families-2024-v5
renault-grand-scenic,3-5,40-70k,413,134,32.4,28.1,37.1,true,motriskindex-families-2024-v5
renault-grand-scenic,6-9,<40k,628,142,22.6,19.5,26.0,false,motriskindex-families-2024-v5
renault-grand-scenic,6-9,40-70k,1993,700,35.1,33.1,37.2,false,motriskindex-families-2024-v5
renault-grand-scenic,6-9,70-100k,1263,538,42.6,39.9,45.3,false,motriskindex-families-2024-v5
renault-grand-scenic,6-9,100-140k,471,198,42.0,37.7,46.5,true,motriskindex-families-2024-v5
renault-grand-scenic,6-9,140k+,137,46,33.6,26.2,41.8,true,motriskindex-families-2024-v5
renault-grand-scenic,10-14,<40k,116,35,30.2,22.6,39.1,true,motriskindex-families-2024-v5
renault-grand-scenic,10-14,40-70k,1137,494,43.4,40.6,46.3,false,motriskindex-families-2024-v5
renault-grand-scenic,10-14,70-100k,3548,1767,49.8,48.2,51.4,false,motriskindex-families-2024-v5
renault-grand-scenic,10-14,100-140k,4517,2381,52.7,51.3,54.2,false,motriskindex-families-2024-v5
renault-grand-scenic,10-14,140k+,1564,844,54.0,51.5,56.4,false,motriskindex-families-2024-v5
renault-grand-scenic,15+,<40k,122,42,34.4,26.6,43.2,true,motriskindex-families-2024-v5
renault-grand-scenic,15+,40-70k,569,275,48.3,44.2,52.4,false,motriskindex-families-2024-v5
renault-grand-scenic,15+,70-100k,1262,642,50.9,48.1,53.6,false,motriskindex-families-2024-v5
renault-grand-scenic,15+,100-140k,1748,947,54.2,51.8,56.5,false,motriskindex-families-2024-v5
renault-grand-scenic,15+,140k+,772,444,57.5,54.0,61.0,false,motriskindex-families-2024-v5
renault-kadjar,3-5,<40k,15455,2227,14.4,13.9,15.0,false,motriskindex-families-2024-v5
renault-kadjar,3-5,40-70k,5503,1186,21.6,20.5,22.7,false,motriskindex-families-2024-v5
renault-kadjar,3-5,70-100k,327,82,25.1,20.7,30.0,true,motriskindex-families-2024-v5
renault-kadjar,6-9,<40k,9837,1770,18.0,17.2,18.8,false,motriskindex-families-2024-v5
renault-kadjar,6-9,40-70k,24668,6179,25.0,24.5,25.6,false,motriskindex-families-2024-v5
renault-kadjar,6-9,70-100k,10666,3305,31.0,30.1,31.9,false,motriskindex-families-2024-v5
renault-kadjar,6-9,100-140k,2195,791,36.0,34.1,38.1,false,motriskindex-families-2024-v5
renault-kadjar,6-9,140k+,235,94,40.0,33.9,46.4,true,motriskindex-families-2024-v5
renault-kangoo,3-5,<40k,3817,842,22.1,20.8,23.4,false,motriskindex-families-2024-v5
renault-kangoo,3-5,40-70k,1738,629,36.2,34.0,38.5,false,motriskindex-families-2024-v5
renault-kangoo,3-5,70-100k,942,393,41.7,38.6,44.9,false,motriskindex-families-2024-v5
renault-kangoo,3-5,100-140k,528,195,36.9,32.9,41.1,false,motriskindex-families-2024-v5
renault-kangoo,3-5,140k+,150,48,32.0,25.1,39.8,true,motriskindex-families-2024-v5
renault-kangoo,6-9,<40k,1340,366,27.3,25.0,29.8,false,motriskindex-families-2024-v5
renault-kangoo,6-9,40-70k,2572,991,38.5,36.7,40.4,false,motriskindex-families-2024-v5
renault-kangoo,6-9,70-100k,3456,1500,43.4,41.8,45.1,false,motriskindex-families-2024-v5
renault-kangoo,6-9,100-140k,3093,1427,46.1,44.4,47.9,false,motriskindex-families-2024-v5
renault-kangoo,6-9,140k+,1855,905,48.8,46.5,51.1,false,motriskindex-families-2024-v5
renault-kangoo,10-14,<40k,1360,425,31.2,28.8,33.8,false,motriskindex-families-2024-v5
renault-kangoo,10-14,40-70k,2461,1065,43.3,41.3,45.2,false,motriskindex-families-2024-v5
renault-kangoo,10-14,70-100k,3713,1903,51.3,49.6,52.9,false,motriskindex-families-2024-v5
renault-kangoo,10-14,100-140k,5831,3271,56.1,54.8,57.4,false,motriskindex-families-2024-v5
renault-kangoo,10-14,140k+,5455,3025,55.5,54.1,56.8,false,motriskindex-families-2024-v5
renault-kangoo,15+,<40k,1453,543,37.4,34.9,39.9,false,motriskindex-families-2024-v5
renault-kangoo,15+,40-70k,4014,1758,43.8,42.3,45.3,false,motriskindex-families-2024-v5
renault-kangoo,15+,70-100k,4334,2185,50.4,48.9,51.9,false,motriskindex-families-2024-v5
renault-kangoo,15+,100-140k,4692,2480,52.9,51.4,54.3,false,motriskindex-families-2024-v5
renault-kangoo,15+,140k+,3236,1707,52.8,51.0,54.5,false,motriskindex-families-2024-v5
renault-koleos,3-5,<40k,853,91,10.7,8.8,12.9,false,motriskindex-families-2024-v5
renault-koleos,3-5,40-70k,556,107,19.2,16.2,22.7,false,motriskindex-families-2024-v5
renault-koleos,3-5,70-100k,63,14,22.2,13.7,33.9,true,motriskindex-families-2024-v5
renault-koleos,6-9,<40k,362,35,9.7,7.0,13.1,true,motriskindex-families-2024-v5
renault-koleos,6-9,40-70k,895,161,18.0,15.6,20.6,false,motriskindex-families-2024-v5
renault-koleos,6-9,70-100k,260,62,23.8,19.1,29.4,true,motriskindex-families-2024-v5
renault-koleos,15+,40-70k,71,27,38.0,27.6,49.7,true,motriskindex-families-2024-v5
renault-koleos,15+,70-100k,228,107,46.9,40.6,53.4,true,motriskindex-families-2024-v5
renault-koleos,15+,100-140k,504,261,51.8,47.4,56.1,false,motriskindex-families-2024-v5
renault-koleos,15+,140k+,196,113,57.7,50.7,64.4,true,motriskindex-families-2024-v5
renault-laguna,10-14,40-70k,252,87,34.5,28.9,40.6,true,motriskindex-families-2024-v5
renault-laguna,10-14,70-100k,739,312,42.2,38.7,45.8,false,motriskindex-families-2024-v5
renault-laguna,10-14,100-140k,1276,573,44.9,42.2,47.6,false,motriskindex-families-2024-v5
renault-laguna,10-14,140k+,1067,527,49.4,46.4,52.4,false,motriskindex-families-2024-v5
renault-laguna,15+,<40k,137,34,24.8,18.3,32.7,true,motriskindex-families-2024-v5
renault-laguna,15+,40-70k,694,284,40.9,37.3,44.6,false,motriskindex-families-2024-v5
renault-laguna,15+,70-100k,1396,617,44.2,41.6,46.8,false,motriskindex-families-2024-v5
renault-laguna,15+,100-140k,1960,939,47.9,45.7,50.1,false,motriskindex-families-2024-v5
renault-laguna,15+,140k+,1522,727,47.8,45.3,50.3,false,motriskindex-families-2024-v5
renault-master,3-5,<40k,715,124,17.3,14.7,20.3,false,motriskindex-families-2024-v5
renault-master,3-5,40-70k,295,64,21.7,17.4,26.7,true,motriskindex-families-2024-v5
renault-master,3-5,70-100k,268,73,27.2,22.3,32.9,true,motriskindex-families-2024-v5
renault-master,3-5,100-140k,291,88,30.2,25.2,35.7,true,motriskindex-families-2024-v5
renault-master,3-5,140k+,128,42,32.8,25.3,41.3,true,motriskindex-families-2024-v5
renault-master,6-9,<40k,614,104,16.9,14.2,20.1,false,motriskindex-families-2024-v5
renault-master,6-9,40-70k,472,101,21.4,17.9,25.3,true,motriskindex-families-2024-v5
renault-master,6-9,70-100k,367,92,25.1,20.9,29.7,true,motriskindex-families-2024-v5
renault-master,6-9,100-140k,486,142,29.2,25.4,33.4,true,motriskindex-families-2024-v5
renault-master,6-9,140k+,742,201,27.1,24.0,30.4,false,motriskindex-families-2024-v5
renault-master,10-14,<40k,423,105,24.8,20.9,29.2,true,motriskindex-families-2024-v5
renault-master,10-14,40-70k,700,202,28.9,25.6,32.3,false,motriskindex-families-2024-v5
renault-master,10-14,70-100k,592,192,32.4,28.8,36.3,false,motriskindex-families-2024-v5
renault-master,10-14,100-140k,543,191,35.2,31.3,39.3,false,motriskindex-families-2024-v5
renault-master,10-14,140k+,902,356,39.5,36.3,42.7,false,motriskindex-families-2024-v5
renault-master,15+,<40k,649,166,25.6,22.4,29.1,false,motriskindex-families-2024-v5
renault-master,15+,40-70k,1311,434,33.1,30.6,35.7,false,motriskindex-families-2024-v5
renault-master,15+,70-100k,1087,458,42.1,39.2,45.1,false,motriskindex-families-2024-v5
renault-master,15+,100-140k,1342,625,46.6,43.9,49.2,false,motriskindex-families-2024-v5
renault-master,15+,140k+,2227,1066,47.9,45.8,49.9,false,motriskindex-families-2024-v5
renault-megane,3-5,<40k,2740,438,16.0,14.7,17.4,false,motriskindex-families-2024-v5
renault-megane,3-5,40-70k,1118,289,25.8,23.4,28.5,false,motriskindex-families-2024-v5
renault-megane,3-5,70-100k,391,122,31.2,26.8,36.0,true,motriskindex-families-2024-v5
renault-megane,3-5,100-140k,127,40,31.5,24.1,40.0,true,motriskindex-families-2024-v5
renault-megane,6-9,<40k,3187,637,20.0,18.6,21.4,false,motriskindex-families-2024-v5
renault-megane,6-9,40-70k,7314,2228,30.5,29.4,31.5,false,motriskindex-families-2024-v5
renault-megane,6-9,70-100k,4737,1812,38.3,36.9,39.6,false,motriskindex-families-2024-v5
renault-megane,6-9,100-140k,2169,938,43.2,41.2,45.3,false,motriskindex-families-2024-v5
renault-megane,6-9,140k+,676,280,41.4,37.8,45.2,false,motriskindex-families-2024-v5
renault-megane,10-14,<40k,1657,504,30.4,28.2,32.7,false,motriskindex-families-2024-v5
renault-megane,10-14,40-70k,8970,3757,41.9,40.9,42.9,false,motriskindex-families-2024-v5
renault-megane,10-14,70-100k,17264,8693,50.4,49.6,51.1,false,motriskindex-families-2024-v5
renault-megane,10-14,100-140k,16707,8808,52.7,52.0,53.5,false,motriskindex-families-2024-v5
renault-megane,10-14,140k+,6386,3418,53.5,52.3,54.7,false,motriskindex-families-2024-v5
renault-megane,15+,<40k,1037,318,30.7,27.9,33.5,false,motriskindex-families-2024-v5
renault-megane,15+,40-70k,4957,2245,45.3,43.9,46.7,false,motriskindex-families-2024-v5
renault-megane,15+,70-100k,9440,4904,51.9,50.9,53.0,false,motriskindex-families-2024-v5
renault-megane,15+,100-140k,9666,5231,54.1,53.1,55.1,false,motriskindex-families-2024-v5
renault-megane,15+,140k+,3916,2120,54.1,52.6,55.7,false,motriskindex-families-2024-v5
renault-modus,10-14,<40k,538,166,30.9,27.1,34.9,false,motriskindex-families-2024-v5
renault-modus,10-14,40-70k,1129,529,46.9,44.0,49.8,false,motriskindex-families-2024-v5
renault-modus,10-14,70-100k,811,415,51.2,47.7,54.6,false,motriskindex-families-2024-v5
renault-modus,10-14,100-140k,370,233,63.0,57.9,67.7,true,motriskindex-families-2024-v5
renault-modus,10-14,140k+,65,40,61.5,49.4,72.4,true,motriskindex-families-2024-v5
renault-modus,15+,<40k,804,277,34.5,31.2,37.8,false,motriskindex-families-2024-v5
renault-modus,15+,40-70k,3004,1385,46.1,44.3,47.9,false,motriskindex-families-2024-v5
renault-modus,15+,70-100k,3047,1682,55.2,53.4,57.0,false,motriskindex-families-2024-v5
renault-modus,15+,100-140k,1733,971,56.0,53.7,58.4,false,motriskindex-families-2024-v5
renault-modus,15+,140k+,358,207,57.8,52.6,62.8,true,motriskindex-families-2024-v5
renault-scenic,3-5,<40k,237,33,13.9,10.1,18.9,true,motriskindex-families-2024-v5
renault-scenic,3-5,40-70k,62,20,32.3,22.0,44.6,true,motriskindex-families-2024-v5
renault-scenic,6-9,<40k,1633,304,18.6,16.8,20.6,false,motriskindex-families-2024-v5
renault-scenic,6-9,40-70k,3069,865,28.2,26.6,29.8,false,motriskindex-families-2024-v5
renault-scenic,6-9,70-100k,1467,564,38.4,36.0,41.0,false,motriskindex-families-2024-v5
renault-scenic,6-9,100-140k,394,150,38.1,33.4,43.0,true,motriskindex-families-2024-v5
renault-scenic,6-9,140k+,68,36,52.9,41.2,64.3,true,motriskindex-families-2024-v5
renault-scenic,10-14,<40k,869,260,29.9,27.0,33.0,false,motriskindex-families-2024-v5
renault-scenic,10-14,40-70k,4500,1702,37.8,36.4,39.2,false,motriskindex-families-2024-v5
renault-scenic,10-14,70-100k,6982,3314,47.5,46.3,48.6,false,motriskindex-families-2024-v5
renault-scenic,10-14,100-140k,5160,2603,50.4,49.1,51.8,false,motriskindex-families-2024-v5
renault-scenic,10-14,140k+,1203,628,52.2,49.4,55.0,false,motriskindex-families-2024-v5
renault-scenic,15+,<40k,737,293,39.8,36.3,43.3,false,motriskindex-families-2024-v5
renault-scenic,15+,40-70k,2930,1317,44.9,43.2,46.8,false,motriskindex-families-2024-v5
renault-scenic,15+,70-100k,4698,2338,49.8,48.3,51.2,false,motriskindex-families-2024-v5
renault-scenic,15+,100-140k,4324,2316,53.6,52.1,55.0,false,motriskindex-families-2024-v5
renault-scenic,15+,140k+,1462,785,53.7,51.1,56.2,false,motriskindex-families-2024-v5
renault-trafic,3-5,<40k,6163,1022,16.6,15.7,17.5,false,motriskindex-families-2024-v5
renault-trafic,3-5,40-70k,6768,1714,25.3,24.3,26.4,false,motriskindex-families-2024-v5
renault-trafic,3-5,70-100k,3733,1111,29.8,28.3,31.2,false,motriskindex-families-2024-v5
renault-trafic,3-5,100-140k,1696,557,32.8,30.6,35.1,false,motriskindex-families-2024-v5
renault-trafic,3-5,140k+,430,149,34.7,30.3,39.3,true,motriskindex-families-2024-v5
renault-trafic,6-9,<40k,2688,595,22.1,20.6,23.7,false,motriskindex-families-2024-v5
renault-trafic,6-9,40-70k,8712,2845,32.7,31.7,33.6,false,motriskindex-families-2024-v5
renault-trafic,6-9,70-100k,10917,4411,40.4,39.5,41.3,false,motriskindex-families-2024-v5
renault-trafic,6-9,100-140k,10176,4289,42.1,41.2,43.1,false,motriskindex-families-2024-v5
renault-trafic,6-9,140k+,6031,2501,41.5,40.2,42.7,false,motriskindex-families-2024-v5
renault-trafic,10-14,<40k,475,122,25.7,22.0,29.8,true,motriskindex-families-2024-v5
renault-trafic,10-14,40-70k,1965,802,40.8,38.7,43.0,false,motriskindex-families-2024-v5
renault-trafic,10-14,70-100k,4539,2227,49.1,47.6,50.5,false,motriskindex-families-2024-v5
renault-trafic,10-14,100-140k,8158,4390,53.8,52.7,54.9,false,motriskindex-families-2024-v5
renault-trafic,10-14,140k+,11113,5962,53.6,52.7,54.6,false,motriskindex-families-2024-v5
renault-trafic,15+,<40k,130,43,33.1,25.6,41.5,true,motriskindex-families-2024-v5
renault-trafic,15+,40-70k,712,296,41.6,38.0,45.2,false,motriskindex-families-2024-v5
renault-trafic,15+,70-100k,2068,1031,49.9,47.7,52.0,false,motriskindex-families-2024-v5
renault-trafic,15+,100-140k,6082,3217,52.9,51.6,54.1,false,motriskindex-families-2024-v5
renault-trafic,15+,140k+,12992,6875,52.9,52.1,53.8,false,motriskindex-families-2024-v5
renault-twingo,6-9,<40k,5209,1077,20.7,19.6,21.8,false,motriskindex-families-2024-v5
renault-twingo,6-9,40-70k,4107,1440,35.1,33.6,36.5,false,motriskindex-families-2024-v5
renault-twingo,6-9,70-100k,825,339,41.1,37.8,44.5,false,motriskindex-families-2024-v5
renault-twingo,6-9,100-140k,106,41,38.7,30.0,48.2,true,motriskindex-families-2024-v5
renault-twingo,10-14,<40k,1654,452,27.3,25.2,29.5,false,motriskindex-families-2024-v5
renault-twingo,10-14,40-70k,3682,1577,42.8,41.2,44.4,false,motriskindex-families-2024-v5
renault-twingo,10-14,70-100k,3065,1569,51.2,49.4,53.0,false,motriskindex-families-2024-v5
renault-twingo,10-14,100-140k,1141,651,57.1,54.2,59.9,false,motriskindex-families-2024-v5
renault-twingo,10-14,140k+,125,64,51.2,42.5,59.8,true,motriskindex-families-2024-v5
renault-twingo,15+,<40k,433,140,32.3,28.1,36.9,true,motriskindex-families-2024-v5
renault-twingo,15+,40-70k,1207,513,42.5,39.7,45.3,false,motriskindex-families-2024-v5
renault-twingo,15+,70-100k,1838,905,49.2,47.0,51.5,false,motriskindex-families-2024-v5
renault-twingo,15+,100-140k,1111,601,54.1,51.2,57.0,false,motriskindex-families-2024-v5
renault-twingo,15+,140k+,155,95,61.3,53.4,68.6,true,motriskindex-families-2024-v5
renault-wind,10-14,<40k,339,96,28.3,23.8,33.3,true,motriskindex-families-2024-v5
renault-wind,10-14,40-70k,920,360,39.1,36.0,42.3,false,motriskindex-families-2024-v5
renault-wind,10-14,70-100k,613,269,43.9,40.0,47.8,false,motriskindex-families-2024-v5
renault-wind,10-14,100-140k,156,81,51.9,44.1,59.6,true,motriskindex-families-2024-v5
renault-zoe,3-5,<40k,12737,1765,13.9,13.3,14.5,false,motriskindex-families-2024-v5
renault-zoe,3-5,40-70k,1651,404,24.5,22.5,26.6,false,motriskindex-families-2024-v5
renault-zoe,3-5,70-100k,170,58,34.1,27.4,41.5,true,motriskindex-families-2024-v5
renault-zoe,6-9,<40k,3108,966,31.1,29.5,32.7,false,motriskindex-families-2024-v5
renault-zoe,6-9,40-70k,2498,1026,41.1,39.2,43.0,false,motriskindex-families-2024-v5
renault-zoe,6-9,70-100k,424,213,50.2,45.5,55.0,true,motriskindex-families-2024-v5
renault-zoe,10-14,<40k,339,94,27.7,23.2,32.7,true,motriskindex-families-2024-v5
renault-zoe,10-14,40-70k,592,266,44.9,41.0,49.0,false,motriskindex-families-2024-v5
renault-zoe,10-14,70-100k,174,81,46.6,39.3,54.0,true,motriskindex-families-2024-v5
rolls-royce-silver,15+,<40k,167,19,11.4,7.4,17.1,true,motriskindex-families-2024-v5
rolls-royce-silver,15+,40-70k,165,20,12.1,8.0,18.0,true,motriskindex-families-2024-v5
rolls-royce-silver,15+,70-100k,149,21,14.1,9.4,20.6,true,motriskindex-families-2024-v5
rolls-royce-silver,15+,100-140k,52,13,25.0,15.2,38.2,true,motriskindex-families-2024-v5
rover-25,15+,<40k,686,197,28.7,25.5,32.2,false,motriskindex-families-2024-v5
rover-25,15+,40-70k,1239,484,39.1,36.4,41.8,false,motriskindex-families-2024-v5
rover-25,15+,70-100k,815,322,39.5,36.2,42.9,false,motriskindex-families-2024-v5
rover-25,15+,100-140k,356,163,45.8,40.7,51.0,true,motriskindex-families-2024-v5
rover-25,15+,140k+,114,46,40.4,31.8,49.5,true,motriskindex-families-2024-v5
rover-45,15+,<40k,228,72,31.6,25.9,37.9,true,motriskindex-families-2024-v5
rover-45,15+,40-70k,674,272,40.4,36.7,44.1,false,motriskindex-families-2024-v5
rover-45,15+,70-100k,627,307,49.0,45.1,52.9,false,motriskindex-families-2024-v5
rover-45,15+,100-140k,353,172,48.7,43.6,53.9,true,motriskindex-families-2024-v5
rover-45,15+,140k+,117,57,48.7,39.8,57.7,true,motriskindex-families-2024-v5
rover-75,15+,<40k,386,105,27.2,23.0,31.8,true,motriskindex-families-2024-v5
rover-75,15+,40-70k,1374,459,33.4,31.0,35.9,false,motriskindex-families-2024-v5
rover-75,15+,70-100k,2006,847,42.2,40.1,44.4,false,motriskindex-families-2024-v5
rover-75,15+,100-140k,2087,950,45.5,43.4,47.7,false,motriskindex-families-2024-v5
rover-75,15+,140k+,1509,707,46.9,44.3,49.4,false,motriskindex-families-2024-v5
rover-mini,15+,<40k,1064,231,21.7,19.3,24.3,false,motriskindex-families-2024-v5
rover-mini,15+,40-70k,1054,308,29.2,26.6,32.0,false,motriskindex-families-2024-v5
rover-mini,15+,70-100k,492,133,27.0,23.3,31.1,true,motriskindex-families-2024-v5
saab-9-3,10-14,<40k,220,34,15.5,11.3,20.8,true,motriskindex-families-2024-v5
saab-9-3,10-14,40-70k,913,221,24.2,21.5,27.1,false,motriskindex-families-2024-v5
saab-9-3,10-14,70-100k,1586,475,29.9,27.7,32.3,false,motriskindex-families-2024-v5
saab-9-3,10-14,100-140k,2003,703,35.1,33.0,37.2,false,motriskindex-families-2024-v5
saab-9-3,10-14,140k+,1421,555,39.1,36.6,41.6,false,motriskindex-families-2024-v5
saab-9-3,15+,<40k,559,109,19.5,16.4,23.0,false,motriskindex-families-2024-v5
saab-9-3,15+,40-70k,3145,923,29.3,27.8,31.0,false,motriskindex-families-2024-v5
saab-9-3,15+,70-100k,7546,2491,33.0,32.0,34.1,false,motriskindex-families-2024-v5
saab-9-3,15+,100-140k,11585,4591,39.6,38.7,40.5,false,motriskindex-families-2024-v5
saab-9-3,15+,140k+,8005,3493,43.6,42.6,44.7,false,motriskindex-families-2024-v5
saab-9-5,10-14,40-70k,106,12,11.3,6.6,18.8,true,motriskindex-families-2024-v5
saab-9-5,10-14,70-100k,260,65,25.0,20.1,30.6,true,motriskindex-families-2024-v5
saab-9-5,10-14,100-140k,348,102,29.3,24.8,34.3,true,motriskindex-families-2024-v5
saab-9-5,10-14,140k+,202,68,33.7,27.5,40.4,true,motriskindex-families-2024-v5
saab-9-5,15+,<40k,99,13,13.1,7.8,21.2,true,motriskindex-families-2024-v5
saab-9-5,15+,40-70k,514,139,27.0,23.4,31.0,false,motriskindex-families-2024-v5
saab-9-5,15+,70-100k,1273,427,33.5,31.0,36.2,false,motriskindex-families-2024-v5
saab-9-5,15+,100-140k,2512,955,38.0,36.1,39.9,false,motriskindex-families-2024-v5
saab-9-5,15+,140k+,2343,980,41.8,39.8,43.8,false,motriskindex-families-2024-v5
seat-alhambra,3-5,<40k,1675,237,14.1,12.6,15.9,false,motriskindex-families-2024-v5
seat-alhambra,3-5,40-70k,1233,234,19.0,16.9,21.3,false,motriskindex-families-2024-v5
seat-alhambra,3-5,70-100k,377,61,16.2,12.8,20.2,true,motriskindex-families-2024-v5
seat-alhambra,3-5,100-140k,203,36,17.7,13.1,23.6,true,motriskindex-families-2024-v5
seat-alhambra,3-5,140k+,92,19,20.7,13.6,30.0,true,motriskindex-families-2024-v5
seat-alhambra,6-9,<40k,1527,220,14.4,12.7,16.3,false,motriskindex-families-2024-v5
seat-alhambra,6-9,40-70k,4778,1002,21.0,19.8,22.1,false,motriskindex-families-2024-v5
seat-alhambra,6-9,70-100k,3618,824,22.8,21.4,24.2,false,motriskindex-families-2024-v5
seat-alhambra,6-9,100-140k,2312,514,22.2,20.6,24.0,false,motriskindex-families-2024-v5
seat-alhambra,6-9,140k+,2619,539,20.6,19.1,22.2,false,motriskindex-families-2024-v5
seat-alhambra,10-14,<40k,91,20,22.0,14.7,31.5,true,motriskindex-families-2024-v5
seat-alhambra,10-14,40-70k,635,160,25.2,22.0,28.7,false,motriskindex-families-2024-v5
seat-alhambra,10-14,70-100k,1851,575,31.1,29.0,33.2,false,motriskindex-families-2024-v5
seat-alhambra,10-14,100-140k,2251,777,34.5,32.6,36.5,false,motriskindex-families-2024-v5
seat-alhambra,10-14,140k+,1541,544,35.3,33.0,37.7,false,motriskindex-families-2024-v5
seat-alhambra,15+,40-70k,59,24,40.7,29.1,53.4,true,motriskindex-families-2024-v5
seat-alhambra,15+,70-100k,266,120,45.1,39.2,51.1,true,motriskindex-families-2024-v5
seat-alhambra,15+,100-140k,847,440,51.9,48.6,55.3,false,motriskindex-families-2024-v5
seat-alhambra,15+,140k+,1322,690,52.2,49.5,54.9,false,motriskindex-families-2024-v5
seat-altea,6-9,40-70k,179,48,26.8,20.9,33.7,true,motriskindex-families-2024-v5
seat-altea,6-9,70-100k,157,51,32.5,25.7,40.2,true,motriskindex-families-2024-v5
seat-altea,6-9,100-140k,58,18,31.0,20.6,43.8,true,motriskindex-families-2024-v5
seat-altea,10-14,<40k,180,35,19.4,14.3,25.8,true,motriskindex-families-2024-v5
seat-altea,10-14,40-70k,1196,342,28.6,26.1,31.2,false,motriskindex-families-2024-v5
seat-altea,10-14,70-100k,2288,801,35.0,33.1,37.0,false,motriskindex-families-2024-v5
seat-altea,10-14,100-140k,2115,859,40.6,38.5,42.7,false,motriskindex-families-2024-v5
seat-altea,10-14,140k+,729,347,47.6,44.0,51.2,false,motriskindex-families-2024-v5
seat-altea,15+,<40k,65,20,30.8,20.9,42.8,true,motriskindex-families-2024-v5
seat-altea,15+,40-70k,458,154,33.6,29.4,38.1,true,motriskindex-families-2024-v5
seat-altea,15+,70-100k,1606,692,43.1,40.7,45.5,false,motriskindex-families-2024-v5
seat-altea,15+,100-140k,3197,1527,47.8,46.0,49.5,false,motriskindex-families-2024-v5
seat-altea,15+,140k+,2200,1105,50.2,48.1,52.3,false,motriskindex-families-2024-v5
seat-arona,3-5,<40k,30354,3395,11.2,10.8,11.5,false,motriskindex-families-2024-v5
seat-arona,3-5,40-70k,6666,1207,18.1,17.2,19.0,false,motriskindex-families-2024-v5
seat-arona,3-5,70-100k,504,104,20.6,17.3,24.4,false,motriskindex-families-2024-v5
seat-arona,3-5,100-140k,50,8,16.0,8.3,28.5,true,motriskindex-families-2024-v5
seat-arona,6-9,<40k,6540,1194,18.3,17.3,19.2,false,motriskindex-families-2024-v5
seat-arona,6-9,40-70k,5426,1405,25.9,24.7,27.1,false,motriskindex-families-2024-v5
seat-arona,6-9,70-100k,698,205,29.4,26.1,32.9,false,motriskindex-families-2024-v5
seat-arona,6-9,100-140k,85,33,38.8,29.2,49.5,true,motriskindex-families-2024-v5
seat-arosa,15+,<40k,209,68,32.5,26.5,39.2,true,motriskindex-families-2024-v5
seat-arosa,15+,40-70k,586,215,36.7,32.9,40.7,false,motriskindex-families-2024-v5
seat-arosa,15+,70-100k,589,275,46.7,42.7,50.7,false,motriskindex-families-2024-v5
seat-arosa,15+,100-140k,347,161,46.4,41.2,51.7,true,motriskindex-families-2024-v5
seat-arosa,15+,140k+,100,45,45.0,35.6,54.8,true,motriskindex-families-2024-v5
seat-ateca,3-5,<40k,18753,1728,9.2,8.8,9.6,false,motriskindex-families-2024-v5
seat-ateca,3-5,40-70k,7023,930,13.2,12.5,14.1,false,motriskindex-families-2024-v5
seat-ateca,3-5,70-100k,651,96,14.7,12.2,17.7,false,motriskindex-families-2024-v5
seat-ateca,3-5,100-140k,100,12,12.0,7.0,19.8,true,motriskindex-families-2024-v5
seat-ateca,6-9,<40k,4572,430,9.4,8.6,10.3,false,motriskindex-families-2024-v5
seat-ateca,6-9,40-70k,11456,1623,14.2,13.5,14.8,false,motriskindex-families-2024-v5
seat-ateca,6-9,70-100k,3772,588,15.6,14.5,16.8,false,motriskindex-families-2024-v5
seat-ateca,6-9,100-140k,665,129,19.4,16.6,22.6,false,motriskindex-families-2024-v5
seat-ateca,6-9,140k+,72,13,18.1,10.9,28.5,true,motriskindex-families-2024-v5
seat-exeo,10-14,40-70k,178,46,25.8,20.0,32.7,true,motriskindex-families-2024-v5
seat-exeo,10-14,70-100k,658,195,29.6,26.3,33.2,false,motriskindex-families-2024-v5
seat-exeo,10-14,100-140k,1638,579,35.3,33.1,37.7,false,motriskindex-families-2024-v5
seat-exeo,10-14,140k+,1661,660,39.7,37.4,42.1,false,motriskindex-families-2024-v5
seat-exeo,15+,70-100k,78,26,33.3,23.9,44.4,true,motriskindex-families-2024-v5
seat-exeo,15+,100-140k,228,85,37.3,31.3,43.7,true,motriskindex-families-2024-v5
seat-exeo,15+,140k+,320,126,39.4,34.2,44.8,true,motriskindex-families-2024-v5
seat-ibiza,3-5,<40k,22743,2707,11.9,11.5,12.3,false,motriskindex-families-2024-v5
seat-ibiza,3-5,40-70k,6570,1225,18.6,17.7,19.6,false,motriskindex-families-2024-v5
seat-ibiza,3-5,70-100k,606,138,22.8,19.6,26.3,false,motriskindex-families-2024-v5
seat-ibiza,3-5,100-140k,96,15,15.6,9.7,24.2,true,motriskindex-families-2024-v5
seat-ibiza,6-9,<40k,16198,3478,21.5,20.8,22.1,false,motriskindex-families-2024-v5
seat-ibiza,6-9,40-70k,32773,10200,31.1,30.6,31.6,false,motriskindex-families-2024-v5
seat-ibiza,6-9,70-100k,13436,5222,38.9,38.0,39.7,false,motriskindex-families-2024-v5
seat-ibiza,6-9,100-140k,2510,1091,43.5,41.5,45.4,false,motriskindex-families-2024-v5
seat-ibiza,6-9,140k+,250,111,44.4,38.4,50.6,true,motriskindex-families-2024-v5
seat-ibiza,10-14,<40k,4185,860,20.5,19.4,21.8,false,motriskindex-families-2024-v5
seat-ibiza,10-14,40-70k,19353,6504,33.6,32.9,34.3,false,motriskindex-families-2024-v5
seat-ibiza,10-14,70-100k,28828,12291,42.6,42.1,43.2,false,motriskindex-families-2024-v5
seat-ibiza,10-14,100-140k,17920,8387,46.8,46.1,47.5,false,motriskindex-families-2024-v5
seat-ibiza,10-14,140k+,3309,1598,48.3,46.6,50.0,false,motriskindex-families-2024-v5
seat-ibiza,15+,<40k,836,243,29.1,26.1,32.2,false,motriskindex-families-2024-v5
seat-ibiza,15+,40-70k,3699,1521,41.1,39.5,42.7,false,motriskindex-families-2024-v5
seat-ibiza,15+,70-100k,8237,4108,49.9,48.8,51.0,false,motriskindex-families-2024-v5
seat-ibiza,15+,100-140k,9131,4856,53.2,52.2,54.2,false,motriskindex-families-2024-v5
seat-ibiza,15+,140k+,2896,1511,52.2,50.4,54.0,false,motriskindex-families-2024-v5
seat-leon,3-5,<40k,28089,3416,12.2,11.8,12.5,false,motriskindex-families-2024-v5
seat-leon,3-5,40-70k,13481,2546,18.9,18.2,19.6,false,motriskindex-families-2024-v5
seat-leon,3-5,70-100k,2191,519,23.7,22.0,25.5,false,motriskindex-families-2024-v5
seat-leon,3-5,100-140k,584,137,23.5,20.2,27.1,false,motriskindex-families-2024-v5
seat-leon,3-5,140k+,311,80,25.7,21.2,30.9,true,motriskindex-families-2024-v5
seat-leon,6-9,<40k,11285,1483,13.1,12.5,13.8,false,motriskindex-families-2024-v5
seat-leon,6-9,40-70k,33203,6224,18.7,18.3,19.2,false,motriskindex-families-2024-v5
seat-leon,6-9,70-100k,19233,4226,22.0,21.4,22.6,false,motriskindex-families-2024-v5
seat-leon,6-9,100-140k,6849,1706,24.9,23.9,25.9,false,motriskindex-families-2024-v5
seat-leon,6-9,140k+,1478,380,25.7,23.5,28.0,false,motriskindex-families-2024-v5
seat-leon,10-14,<40k,1211,145,12.0,10.3,13.9,false,motriskindex-families-2024-v5
seat-leon,10-14,40-70k,7640,1547,20.2,19.4,21.2,false,motriskindex-families-2024-v5
seat-leon,10-14,70-100k,17305,4711,27.2,26.6,27.9,false,motriskindex-families-2024-v5
seat-leon,10-14,100-140k,17879,5875,32.9,32.2,33.6,false,motriskindex-families-2024-v5
seat-leon,10-14,140k+,6720,2419,36.0,34.9,37.2,false,motriskindex-families-2024-v5
seat-leon,15+,<40k,209,41,19.6,14.8,25.5,true,motriskindex-families-2024-v5
seat-leon,15+,40-70k,1213,435,35.9,33.2,38.6,false,motriskindex-families-2024-v5
seat-leon,15+,70-100k,3953,1559,39.4,37.9,41.0,false,motriskindex-families-2024-v5
seat-leon,15+,100-140k,8582,3543,41.3,40.2,42.3,false,motriskindex-families-2024-v5
seat-leon,15+,140k+,6944,2948,42.5,41.3,43.6,false,motriskindex-families-2024-v5
seat-mii,3-5,<40k,2467,279,11.3,10.1,12.6,false,motriskindex-families-2024-v5
seat-mii,3-5,40-70k,256,56,21.9,17.2,27.3,true,motriskindex-families-2024-v5
seat-mii,6-9,<40k,3656,543,14.9,13.7,16.0,false,motriskindex-families-2024-v5
seat-mii,6-9,40-70k,3102,740,23.9,22.4,25.4,false,motriskindex-families-2024-v5
seat-mii,6-9,70-100k,779,269,34.5,31.3,37.9,false,motriskindex-families-2024-v5
seat-mii,6-9,100-140k,128,53,41.4,33.2,50.1,true,motriskindex-families-2024-v5
seat-mii,10-14,<40k,1724,269,15.6,14.0,17.4,false,motriskindex-families-2024-v5
seat-mii,10-14,40-70k,3678,908,24.7,23.3,26.1,false,motriskindex-families-2024-v5
seat-mii,10-14,70-100k,2259,750,33.2,31.3,35.2,false,motriskindex-families-2024-v5
seat-mii,10-14,100-140k,677,279,41.2,37.6,45.0,false,motriskindex-families-2024-v5
seat-mii,10-14,140k+,77,33,42.9,32.4,54.0,true,motriskindex-families-2024-v5
seat-taracco,3-5,<40k,1294,153,11.8,10.2,13.7,false,motriskindex-families-2024-v5
seat-taracco,3-5,40-70k,327,53,16.2,12.6,20.6,true,motriskindex-families-2024-v5
seat-tarraco,3-5,<40k,4030,519,12.9,11.9,13.9,false,motriskindex-families-2024-v5
seat-tarraco,3-5,40-70k,3002,502,16.7,15.4,18.1,false,motriskindex-families-2024-v5
seat-tarraco,3-5,70-100k,376,76,20.2,16.5,24.6,true,motriskindex-families-2024-v5
seat-toledo,6-9,<40k,736,129,17.5,15.0,20.4,false,motriskindex-families-2024-v5
seat-toledo,6-9,40-70k,936,216,23.1,20.5,25.9,false,motriskindex-families-2024-v5
seat-toledo,6-9,70-100k,445,141,31.7,27.5,36.1,true,motriskindex-families-2024-v5
seat-toledo,6-9,100-140k,352,98,27.8,23.4,32.7,true,motriskindex-families-2024-v5
seat-toledo,6-9,140k+,715,245,34.3,30.9,37.8,false,motriskindex-families-2024-v5
seat-toledo,10-14,<40k,89,12,13.5,7.9,22.1,true,motriskindex-families-2024-v5
seat-toledo,10-14,40-70k,356,99,27.8,23.4,32.7,true,motriskindex-families-2024-v5
seat-toledo,10-14,70-100k,467,155,33.2,29.1,37.6,true,motriskindex-families-2024-v5
seat-toledo,10-14,100-140k,443,145,32.7,28.5,37.2,true,motriskindex-families-2024-v5
seat-toledo,10-14,140k+,527,225,42.7,38.5,47.0,false,motriskindex-families-2024-v5
seat-toledo,15+,70-100k,146,65,44.5,36.7,52.6,true,motriskindex-families-2024-v5
seat-toledo,15+,100-140k,275,128,46.5,40.7,52.4,true,motriskindex-families-2024-v5
seat-toledo,15+,140k+,312,150,48.1,42.6,53.6,true,motriskindex-families-2024-v5
skoda-citigo,3-5,<40k,4043,361,8.9,8.1,9.8,false,motriskindex-families-2024-v5
skoda-citigo,3-5,40-70k,747,124,16.6,14.1,19.4,false,motriskindex-families-2024-v5
skoda-citigo,3-5,70-100k,72,20,27.8,18.8,39.0,true,motriskindex-families-2024-v5
skoda-citigo,6-9,<40k,14396,2080,14.4,13.9,15.0,false,motriskindex-families-2024-v5
skoda-citigo,6-9,40-70k,10132,2496,24.6,23.8,25.5,false,motriskindex-families-2024-v5
skoda-citigo,6-9,70-100k,2489,854,34.3,32.5,36.2,false,motriskindex-families-2024-v5
skoda-citigo,6-9,100-140k,447,208,46.5,42.0,51.2,true,motriskindex-families-2024-v5
skoda-citigo,6-9,140k+,53,27,50.9,37.9,63.9,true,motriskindex-families-2024-v5
skoda-citigo,10-14,<40k,4692,644,13.7,12.8,14.7,false,motriskindex-families-2024-v5
skoda-citigo,10-14,40-70k,8326,1732,20.8,19.9,21.7,false,motriskindex-families-2024-v5
skoda-citigo,10-14,70-100k,5001,1510,30.2,28.9,31.5,false,motriskindex-families-2024-v5
skoda-citigo,10-14,100-140k,1675,608,36.3,34.0,38.6,false,motriskindex-families-2024-v5
skoda-citigo,10-14,140k+,252,97,38.5,32.7,44.6,true,motriskindex-families-2024-v5
skoda-enyaq,3-5,<40k,2267,305,13.5,12.1,14.9,false,motriskindex-families-2024-v5
skoda-enyaq,3-5,40-70k,782,129,16.5,14.1,19.3,false,motriskindex-families-2024-v5
skoda-enyaq,3-5,70-100k,113,14,12.4,7.5,19.7,true,motriskindex-families-2024-v5
skoda-fabia,3-5,<40k,26885,3422,12.7,12.3,13.1,false,motriskindex-families-2024-v5
skoda-fabia,3-5,40-70k,5452,1188,21.8,20.7,22.9,false,motriskindex-families-2024-v5
skoda-fabia,3-5,70-100k,482,145,30.1,26.2,34.3,true,motriskindex-families-2024-v5
skoda-fabia,3-5,100-140k,99,28,28.3,20.4,37.8,true,motriskindex-families-2024-v5
skoda-fabia,6-9,<40k,26675,4255,16.0,15.5,16.4,false,motriskindex-families-2024-v5
skoda-fabia,6-9,40-70k,31518,7631,24.2,23.7,24.7,false,motriskindex-families-2024-v5
skoda-fabia,6-9,70-100k,11024,3279,29.7,28.9,30.6,false,motriskindex-families-2024-v5
skoda-fabia,6-9,100-140k,2545,863,33.9,32.1,35.8,false,motriskindex-families-2024-v5
skoda-fabia,6-9,140k+,373,126,33.8,29.2,38.7,true,motriskindex-families-2024-v5
skoda-fabia,10-14,<40k,9090,1399,15.4,14.7,16.1,false,motriskindex-families-2024-v5
skoda-fabia,10-14,40-70k,21853,5393,24.7,24.1,25.3,false,motriskindex-families-2024-v5
skoda-fabia,10-14,70-100k,21808,7478,34.3,33.7,34.9,false,motriskindex-families-2024-v5
skoda-fabia,10-14,100-140k,14029,5871,41.8,41.0,42.7,false,motriskindex-families-2024-v5
skoda-fabia,10-14,140k+,3744,1680,44.9,43.3,46.5,false,motriskindex-families-2024-v5
skoda-fabia,15+,<40k,3111,841,27.0,25.5,28.6,false,motriskindex-families-2024-v5
skoda-fabia,15+,40-70k,11508,4398,38.2,37.3,39.1,false,motriskindex-families-2024-v5
skoda-fabia,15+,70-100k,16233,7653,47.1,46.4,47.9,false,motriskindex-families-2024-v5
skoda-fabia,15+,100-140k,16482,8541,51.8,51.1,52.6,false,motriskindex-families-2024-v5
skoda-fabia,15+,140k+,10102,5151,51.0,50.0,52.0,false,motriskindex-families-2024-v5
skoda-kamiq,3-5,<40k,14097,1488,10.6,10.1,11.1,false,motriskindex-families-2024-v5
skoda-kamiq,3-5,40-70k,1804,242,13.4,11.9,15.1,false,motriskindex-families-2024-v5
skoda-kamiq,3-5,70-100k,105,20,19.0,12.7,27.6,true,motriskindex-families-2024-v5
skoda-karoq,3-5,<40k,27767,2535,9.1,8.8,9.5,false,motriskindex-families-2024-v5
skoda-karoq,3-5,40-70k,9424,1252,13.3,12.6,14.0,false,motriskindex-families-2024-v5
skoda-karoq,3-5,70-100k,1037,169,16.3,14.2,18.7,false,motriskindex-families-2024-v5
skoda-karoq,3-5,100-140k,200,37,18.5,13.7,24.5,true,motriskindex-families-2024-v5
skoda-karoq,6-9,<40k,5843,509,8.7,8.0,9.5,false,motriskindex-families-2024-v5
skoda-karoq,6-9,40-70k,6699,821,12.3,11.5,13.1,false,motriskindex-families-2024-v5
skoda-karoq,6-9,70-100k,1280,193,15.1,13.2,17.1,false,motriskindex-families-2024-v5
skoda-karoq,6-9,100-140k,206,42,20.4,15.5,26.4,true,motriskindex-families-2024-v5
skoda-kodiaq,3-5,<40k,13769,1295,9.4,8.9,9.9,false,motriskindex-families-2024-v5
skoda-kodiaq,3-5,40-70k,8116,1134,14.0,13.2,14.7,false,motriskindex-families-2024-v5
skoda-kodiaq,3-5,70-100k,1043,190,18.2,16.0,20.7,false,motriskindex-families-2024-v5
skoda-kodiaq,3-5,100-140k,197,29,14.7,10.4,20.3,true,motriskindex-families-2024-v5
skoda-kodiaq,6-9,<40k,2324,210,9.0,7.9,10.3,false,motriskindex-families-2024-v5
skoda-kodiaq,6-9,40-70k,7520,942,12.5,11.8,13.3,false,motriskindex-families-2024-v5
skoda-kodiaq,6-9,70-100k,3108,503,16.2,14.9,17.5,false,motriskindex-families-2024-v5
skoda-kodiaq,6-9,100-140k,683,108,15.8,13.3,18.7,false,motriskindex-families-2024-v5
skoda-kodiaq,6-9,140k+,118,16,13.6,8.5,20.9,true,motriskindex-families-2024-v5
skoda-octavia,3-5,<40k,19347,1707,8.8,8.4,9.2,false,motriskindex-families-2024-v5
skoda-octavia,3-5,40-70k,13877,1979,14.3,13.7,14.9,false,motriskindex-families-2024-v5
skoda-octavia,3-5,70-100k,4540,863,19.0,17.9,20.2,false,motriskindex-families-2024-v5
skoda-octavia,3-5,100-140k,2490,474,19.0,17.5,20.6,false,motriskindex-families-2024-v5
skoda-octavia,3-5,140k+,1279,295,23.1,20.8,25.5,false,motriskindex-families-2024-v5
skoda-octavia,6-9,<40k,8288,716,8.6,8.1,9.3,false,motriskindex-families-2024-v5
skoda-octavia,6-9,40-70k,24233,3520,14.5,14.1,15.0,false,motriskindex-families-2024-v5
skoda-octavia,6-9,70-100k,19522,3762,19.3,18.7,19.8,false,motriskindex-families-2024-v5
skoda-octavia,6-9,100-140k,11757,2760,23.5,22.7,24.3,false,motriskindex-families-2024-v5
skoda-octavia,6-9,140k+,10287,2602,25.3,24.5,26.1,false,motriskindex-families-2024-v5
skoda-octavia,10-14,<40k,1345,196,14.6,12.8,16.6,false,motriskindex-families-2024-v5
skoda-octavia,10-14,40-70k,7121,1527,21.4,20.5,22.4,false,motriskindex-families-2024-v5
skoda-octavia,10-14,70-100k,15009,4165,27.8,27.0,28.5,false,motriskindex-families-2024-v5
skoda-octavia,10-14,100-140k,18943,6331,33.4,32.8,34.1,false,motriskindex-families-2024-v5
skoda-octavia,10-14,140k+,15787,5722,36.2,35.5,37.0,false,motriskindex-families-2024-v5
skoda-octavia,15+,<40k,320,75,23.4,19.1,28.4,true,motriskindex-families-2024-v5
skoda-octavia,15+,40-70k,1751,551,31.5,29.3,33.7,false,motriskindex-families-2024-v5
skoda-octavia,15+,70-100k,4305,1634,38.0,36.5,39.4,false,motriskindex-families-2024-v5
skoda-octavia,15+,100-140k,9583,4077,42.5,41.6,43.5,false,motriskindex-families-2024-v5
skoda-octavia,15+,140k+,14154,6526,46.1,45.3,46.9,false,motriskindex-families-2024-v5
skoda-rapid,3-5,<40k,242,23,9.5,6.4,13.9,true,motriskindex-families-2024-v5
skoda-rapid,3-5,40-70k,213,29,13.6,9.6,18.9,true,motriskindex-families-2024-v5
skoda-rapid,6-9,<40k,2585,431,16.7,15.3,18.2,false,motriskindex-families-2024-v5
skoda-rapid,6-9,40-70k,5498,1296,23.6,22.5,24.7,false,motriskindex-families-2024-v5
skoda-rapid,6-9,70-100k,3122,866,27.7,26.2,29.3,false,motriskindex-families-2024-v5
skoda-rapid,6-9,100-140k,1207,410,34.0,31.4,36.7,false,motriskindex-families-2024-v5
skoda-rapid,6-9,140k+,978,343,35.1,32.1,38.1,false,motriskindex-families-2024-v5
skoda-rapid,10-14,<40k,681,95,14.0,11.5,16.8,false,motriskindex-families-2024-v5
skoda-rapid,10-14,40-70k,2409,541,22.5,20.8,24.2,false,motriskindex-families-2024-v5
skoda-rapid,10-14,70-100k,2796,876,31.3,29.6,33.1,false,motriskindex-families-2024-v5
skoda-rapid,10-14,100-140k,1608,583,36.3,33.9,38.6,false,motriskindex-families-2024-v5
skoda-rapid,10-14,140k+,919,342,37.2,34.1,40.4,false,motriskindex-families-2024-v5
skoda-roomster,6-9,<40k,443,62,14.0,11.1,17.5,true,motriskindex-families-2024-v5
skoda-roomster,6-9,40-70k,732,130,17.8,15.2,20.7,false,motriskindex-families-2024-v5
skoda-roomster,6-9,70-100k,373,105,28.2,23.8,32.9,true,motriskindex-families-2024-v5
skoda-roomster,6-9,100-140k,142,49,34.5,27.2,42.6,true,motriskindex-families-2024-v5
skoda-roomster,10-14,<40k,1443,241,16.7,14.9,18.7,false,motriskindex-families-2024-v5
skoda-roomster,10-14,40-70k,3559,841,23.6,22.3,25.1,false,motriskindex-families-2024-v5
skoda-roomster,10-14,70-100k,3231,1082,33.5,31.9,35.1,false,motriskindex-families-2024-v5
skoda-roomster,10-14,100-140k,1918,782,40.8,38.6,43.0,false,motriskindex-families-2024-v5
skoda-roomster,10-14,140k+,493,234,47.5,43.1,51.9,true,motriskindex-families-2024-v5
skoda-roomster,15+,<40k,185,43,23.2,17.7,29.8,true,motriskindex-families-2024-v5
skoda-roomster,15+,40-70k,863,302,35.0,31.9,38.2,false,motriskindex-families-2024-v5
skoda-roomster,15+,70-100k,1606,744,46.3,43.9,48.8,false,motriskindex-families-2024-v5
skoda-roomster,15+,100-140k,2104,1120,53.2,51.1,55.4,false,motriskindex-families-2024-v5
skoda-roomster,15+,140k+,1218,689,56.6,53.8,59.3,false,motriskindex-families-2024-v5
skoda-scala,3-5,<40k,6213,708,11.4,10.6,12.2,false,motriskindex-families-2024-v5
skoda-scala,3-5,40-70k,1363,190,13.9,12.2,15.9,false,motriskindex-families-2024-v5
skoda-scala,3-5,70-100k,119,23,19.3,13.2,27.3,true,motriskindex-families-2024-v5
skoda-superb,3-5,<40k,6461,745,11.5,10.8,12.3,false,motriskindex-families-2024-v5
skoda-superb,3-5,40-70k,5621,931,16.6,15.6,17.6,false,motriskindex-families-2024-v5
skoda-superb,3-5,70-100k,2385,500,21.0,19.4,22.6,false,motriskindex-families-2024-v5
skoda-superb,3-5,100-140k,1038,205,19.7,17.4,22.3,false,motriskindex-families-2024-v5
skoda-superb,3-5,140k+,520,105,20.2,17.0,23.9,false,motriskindex-families-2024-v5
skoda-superb,6-9,<40k,2854,303,10.6,9.5,11.8,false,motriskindex-families-2024-v5
skoda-superb,6-9,40-70k,8956,1467,16.4,15.6,17.2,false,motriskindex-families-2024-v5
skoda-superb,6-9,70-100k,8187,1785,21.8,20.9,22.7,false,motriskindex-families-2024-v5
skoda-superb,6-9,100-140k,5353,1193,22.3,21.2,23.4,false,motriskindex-families-2024-v5
skoda-superb,6-9,140k+,4475,1042,23.3,22.1,24.5,false,motriskindex-families-2024-v5
skoda-superb,10-14,<40k,327,45,13.8,10.4,17.9,true,motriskindex-families-2024-v5
skoda-superb,10-14,40-70k,1820,443,24.3,22.4,26.4,false,motriskindex-families-2024-v5
skoda-superb,10-14,70-100k,3730,1094,29.3,27.9,30.8,false,motriskindex-families-2024-v5
skoda-superb,10-14,100-140k,5064,1732,34.2,32.9,35.5,false,motriskindex-families-2024-v5
skoda-superb,10-14,140k+,5484,2018,36.8,35.5,38.1,false,motriskindex-families-2024-v5
skoda-superb,15+,40-70k,120,35,29.2,21.8,37.8,true,motriskindex-families-2024-v5
skoda-superb,15+,70-100k,308,109,35.4,30.3,40.9,true,motriskindex-families-2024-v5
skoda-superb,15+,100-140k,660,253,38.3,34.7,42.1,false,motriskindex-families-2024-v5
skoda-superb,15+,140k+,877,377,43.0,39.7,46.3,false,motriskindex-families-2024-v5
skoda-yeti,6-9,<40k,10221,1222,12.0,11.3,12.6,false,motriskindex-families-2024-v5
skoda-yeti,6-9,40-70k,16735,3013,18.0,17.4,18.6,false,motriskindex-families-2024-v5
skoda-yeti,6-9,70-100k,7598,1840,24.2,23.3,25.2,false,motriskindex-families-2024-v5
skoda-yeti,6-9,100-140k,2149,678,31.5,29.6,33.5,false,motriskindex-families-2024-v5
skoda-yeti,6-9,140k+,362,126,34.8,30.1,39.9,true,motriskindex-families-2024-v5
skoda-yeti,10-14,<40k,2798,426,15.2,13.9,16.6,false,motriskindex-families-2024-v5
skoda-yeti,10-14,40-70k,10173,2104,20.7,19.9,21.5,false,motriskindex-families-2024-v5
skoda-yeti,10-14,70-100k,12473,3510,28.1,27.4,28.9,false,motriskindex-families-2024-v5
skoda-yeti,10-14,100-140k,9467,3281,34.7,33.7,35.6,false,motriskindex-families-2024-v5
skoda-yeti,10-14,140k+,3109,1280,41.2,39.5,42.9,false,motriskindex-families-2024-v5
skoda-yeti,15+,40-70k,59,11,18.6,10.7,30.4,true,motriskindex-families-2024-v5
skoda-yeti,15+,70-100k,137,46,33.6,26.2,41.8,true,motriskindex-families-2024-v5
skoda-yeti,15+,100-140k,208,85,40.9,34.4,47.7,true,motriskindex-families-2024-v5
skoda-yeti,15+,140k+,128,60,46.9,38.4,55.5,true,motriskindex-families-2024-v5
smart-city-review-c3a2a143,10-14,40-70k,84,31,36.9,27.4,47.6,true,motriskindex-families-2024-v5
smart-city-review-c3a2a143,10-14,70-100k,54,19,35.2,23.8,48.5,true,motriskindex-families-2024-v5
smart-city-review-c3a2a143,15+,<40k,638,212,33.2,29.7,37.0,false,motriskindex-families-2024-v5
smart-city-review-c3a2a143,15+,40-70k,1962,832,42.4,40.2,44.6,false,motriskindex-families-2024-v5
smart-city-review-c3a2a143,15+,70-100k,1477,641,43.4,40.9,45.9,false,motriskindex-families-2024-v5
smart-city-review-c3a2a143,15+,100-140k,466,199,42.7,38.3,47.2,true,motriskindex-families-2024-v5
smart-city-review-c3a2a143,15+,140k+,58,26,44.8,32.7,57.5,true,motriskindex-families-2024-v5
smart-forfour,3-5,<40k,1635,274,16.8,15.0,18.6,false,motriskindex-families-2024-v5
smart-forfour,3-5,40-70k,294,78,26.5,21.8,31.9,true,motriskindex-families-2024-v5
smart-forfour,6-9,<40k,9865,1869,18.9,18.2,19.7,false,motriskindex-families-2024-v5
smart-forfour,6-9,40-70k,7635,2427,31.8,30.8,32.8,false,motriskindex-families-2024-v5
smart-forfour,6-9,70-100k,1637,688,42.0,39.7,44.4,false,motriskindex-families-2024-v5
smart-forfour,6-9,100-140k,256,109,42.6,36.7,48.7,true,motriskindex-families-2024-v5
smart-forfour,15+,<40k,103,27,26.2,18.7,35.5,true,motriskindex-families-2024-v5
smart-forfour,15+,40-70k,450,158,35.1,30.8,39.6,true,motriskindex-families-2024-v5
smart-forfour,15+,70-100k,812,381,46.9,43.5,50.4,false,motriskindex-families-2024-v5
smart-forfour,15+,100-140k,848,391,46.1,42.8,49.5,false,motriskindex-families-2024-v5
smart-forfour,15+,140k+,293,144,49.1,43.5,54.8,true,motriskindex-families-2024-v5
smart-fortwo,3-5,<40k,1688,184,10.9,9.5,12.5,false,motriskindex-families-2024-v5
smart-fortwo,3-5,40-70k,199,50,25.1,19.6,31.6,true,motriskindex-families-2024-v5
smart-fortwo,6-9,<40k,10529,1639,15.6,14.9,16.3,false,motriskindex-families-2024-v5
smart-fortwo,6-9,40-70k,4579,1210,26.4,25.2,27.7,false,motriskindex-families-2024-v5
smart-fortwo,6-9,70-100k,836,292,34.9,31.8,38.2,false,motriskindex-families-2024-v5
smart-fortwo,6-9,100-140k,128,51,39.8,31.8,48.5,true,motriskindex-families-2024-v5
smart-fortwo,10-14,<40k,5254,1136,21.6,20.5,22.8,false,motriskindex-families-2024-v5
smart-fortwo,10-14,40-70k,8377,2536,30.3,29.3,31.3,false,motriskindex-families-2024-v5
smart-fortwo,10-14,70-100k,3982,1445,36.3,34.8,37.8,false,motriskindex-families-2024-v5
smart-fortwo,10-14,100-140k,1048,419,40.0,37.1,43.0,false,motriskindex-families-2024-v5
smart-fortwo,10-14,140k+,130,58,44.6,36.3,53.2,true,motriskindex-families-2024-v5
smart-fortwo,15+,<40k,2030,618,30.4,28.5,32.5,false,motriskindex-families-2024-v5
smart-fortwo,15+,40-70k,6241,2365,37.9,36.7,39.1,false,motriskindex-families-2024-v5
smart-fortwo,15+,70-100k,4819,1978,41.0,39.7,42.4,false,motriskindex-families-2024-v5
smart-fortwo,15+,100-140k,1596,640,40.1,37.7,42.5,false,motriskindex-families-2024-v5
smart-fortwo,15+,140k+,178,82,46.1,38.9,53.4,true,motriskindex-families-2024-v5
smart-roadster-review-389672ba,15+,<40k,172,32,18.6,13.5,25.1,true,motriskindex-families-2024-v5
smart-roadster-review-389672ba,15+,40-70k,463,134,28.9,25.0,33.2,true,motriskindex-families-2024-v5
smart-roadster-review-389672ba,15+,70-100k,539,181,33.6,29.7,37.7,false,motriskindex-families-2024-v5
smart-roadster-review-389672ba,15+,100-140k,326,106,32.5,27.7,37.8,true,motriskindex-families-2024-v5
smart-roadster-review-389672ba,15+,140k+,71,25,35.2,25.1,46.8,true,motriskindex-families-2024-v5
ssangyong-korando,3-5,<40k,1639,315,19.2,17.4,21.2,false,motriskindex-families-2024-v5
ssangyong-korando,3-5,40-70k,309,94,30.4,25.6,35.8,true,motriskindex-families-2024-v5
ssangyong-korando,6-9,<40k,928,182,19.6,17.2,22.3,false,motriskindex-families-2024-v5
ssangyong-korando,6-9,40-70k,1996,656,32.9,30.8,35.0,false,motriskindex-families-2024-v5
ssangyong-korando,6-9,70-100k,1072,474,44.2,41.3,47.2,false,motriskindex-families-2024-v5
ssangyong-korando,6-9,100-140k,229,112,48.9,42.5,55.3,true,motriskindex-families-2024-v5
ssangyong-korando,10-14,<40k,87,21,24.1,16.4,34.1,true,motriskindex-families-2024-v5
ssangyong-korando,10-14,40-70k,598,224,37.5,33.7,41.4,false,motriskindex-families-2024-v5
ssangyong-korando,10-14,70-100k,782,376,48.1,44.6,51.6,false,motriskindex-families-2024-v5
ssangyong-korando,10-14,100-140k,407,204,50.1,45.3,55.0,true,motriskindex-families-2024-v5
ssangyong-korando,10-14,140k+,62,26,41.9,30.5,54.3,true,motriskindex-families-2024-v5
ssangyong-musso,3-5,<40k,693,185,26.7,23.5,30.1,false,motriskindex-families-2024-v5
ssangyong-musso,3-5,40-70k,453,172,38.0,33.6,42.5,true,motriskindex-families-2024-v5
ssangyong-musso,3-5,70-100k,183,85,46.4,39.4,53.7,true,motriskindex-families-2024-v5
ssangyong-musso,3-5,100-140k,93,48,51.6,41.6,61.5,true,motriskindex-families-2024-v5
ssangyong-musso,6-9,<40k,186,59,31.7,25.5,38.7,true,motriskindex-families-2024-v5
ssangyong-musso,6-9,40-70k,337,138,40.9,35.8,46.3,true,motriskindex-families-2024-v5
ssangyong-musso,6-9,70-100k,202,85,42.1,35.5,49.0,true,motriskindex-families-2024-v5
ssangyong-musso,6-9,100-140k,81,33,40.7,30.7,51.6,true,motriskindex-families-2024-v5
ssangyong-rexton,3-5,<40k,621,102,16.4,13.7,19.5,false,motriskindex-families-2024-v5
ssangyong-rexton,3-5,40-70k,225,49,21.8,16.9,27.6,true,motriskindex-families-2024-v5
ssangyong-rexton,6-9,<40k,312,74,23.7,19.3,28.7,true,motriskindex-families-2024-v5
ssangyong-rexton,6-9,40-70k,731,250,34.2,30.9,37.7,false,motriskindex-families-2024-v5
ssangyong-rexton,6-9,70-100k,407,170,41.8,37.1,46.6,true,motriskindex-families-2024-v5
ssangyong-rexton,6-9,100-140k,137,59,43.1,35.1,51.4,true,motriskindex-families-2024-v5
ssangyong-rexton,10-14,40-70k,135,51,37.8,30.0,46.2,true,motriskindex-families-2024-v5
ssangyong-rexton,10-14,70-100k,199,100,50.3,43.4,57.1,true,motriskindex-families-2024-v5
ssangyong-rexton,10-14,100-140k,150,78,52.0,44.1,59.8,true,motriskindex-families-2024-v5
ssangyong-rexton,15+,70-100k,163,76,46.6,39.1,54.3,true,motriskindex-families-2024-v5
ssangyong-rexton,15+,100-140k,214,104,48.6,42.0,55.3,true,motriskindex-families-2024-v5
ssangyong-rexton,15+,140k+,51,26,51.0,37.7,64.1,true,motriskindex-families-2024-v5
ssangyong-rodius,6-9,<40k,371,77,20.8,16.9,25.2,true,motriskindex-families-2024-v5
ssangyong-rodius,6-9,40-70k,943,378,40.1,37.0,43.2,false,motriskindex-families-2024-v5
ssangyong-rodius,6-9,70-100k,588,260,44.2,40.3,48.3,false,motriskindex-families-2024-v5
ssangyong-rodius,6-9,100-140k,182,78,42.9,35.9,50.1,true,motriskindex-families-2024-v5
ssangyong-rodius,6-9,140k+,86,33,38.4,28.8,48.9,true,motriskindex-families-2024-v5
ssangyong-rodius,10-14,40-70k,116,53,45.7,36.9,54.7,true,motriskindex-families-2024-v5
ssangyong-rodius,10-14,70-100k,172,84,48.8,41.5,56.3,true,motriskindex-families-2024-v5
ssangyong-rodius,10-14,100-140k,96,47,49.0,39.2,58.8,true,motriskindex-families-2024-v5
ssangyong-tivoli,3-5,<40k,1482,276,18.6,16.7,20.7,false,motriskindex-families-2024-v5
ssangyong-tivoli,3-5,40-70k,292,95,32.5,27.4,38.1,true,motriskindex-families-2024-v5
ssangyong-tivoli,6-9,<40k,1714,374,21.8,19.9,23.8,false,motriskindex-families-2024-v5
ssangyong-tivoli,6-9,40-70k,2550,866,34.0,32.1,35.8,false,motriskindex-families-2024-v5
ssangyong-tivoli,6-9,70-100k,882,359,40.7,37.5,44.0,false,motriskindex-families-2024-v5
ssangyong-tivoli,6-9,100-140k,171,74,43.3,36.1,50.8,true,motriskindex-families-2024-v5
subaru-forester,3-5,<40k,1520,131,8.6,7.3,10.1,false,motriskindex-families-2024-v5
subaru-forester,3-5,40-70k,471,55,11.7,9.1,14.9,true,motriskindex-families-2024-v5
subaru-forester,3-5,70-100k,92,11,12.0,6.8,20.2,true,motriskindex-families-2024-v5
subaru-forester,6-9,<40k,993,123,12.4,10.5,14.6,false,motriskindex-families-2024-v5
subaru-forester,6-9,40-70k,1680,327,19.5,17.6,21.4,false,motriskindex-families-2024-v5
subaru-forester,6-9,70-100k,927,248,26.8,24.0,29.7,false,motriskindex-families-2024-v5
subaru-forester,6-9,100-140k,401,115,28.7,24.5,33.3,true,motriskindex-families-2024-v5
subaru-forester,6-9,140k+,56,15,26.8,17.0,39.6,true,motriskindex-families-2024-v5
subaru-forester,10-14,<40k,171,22,12.9,8.7,18.7,true,motriskindex-families-2024-v5
subaru-forester,10-14,40-70k,777,191,24.6,21.7,27.7,false,motriskindex-families-2024-v5
subaru-forester,10-14,70-100k,1248,404,32.4,29.8,35.0,false,motriskindex-families-2024-v5
subaru-forester,10-14,100-140k,1361,558,41.0,38.4,43.6,false,motriskindex-families-2024-v5
subaru-forester,10-14,140k+,531,244,46.0,41.8,50.2,false,motriskindex-families-2024-v5
subaru-forester,15+,<40k,72,15,20.8,13.1,31.6,true,motriskindex-families-2024-v5
subaru-forester,15+,40-70k,525,139,26.5,22.9,30.4,false,motriskindex-families-2024-v5
subaru-forester,15+,70-100k,1271,448,35.2,32.7,37.9,false,motriskindex-families-2024-v5
subaru-forester,15+,100-140k,2219,907,40.9,38.8,42.9,false,motriskindex-families-2024-v5
subaru-forester,15+,140k+,1613,709,44.0,41.6,46.4,false,motriskindex-families-2024-v5
subaru-impreza,3-5,<40k,118,13,11.0,6.6,17.9,true,motriskindex-families-2024-v5
subaru-impreza,3-5,40-70k,80,14,17.5,10.7,27.3,true,motriskindex-families-2024-v5
subaru-impreza,3-5,70-100k,55,9,16.4,8.9,28.3,true,motriskindex-families-2024-v5
subaru-impreza,6-9,<40k,266,35,13.2,9.6,17.7,true,motriskindex-families-2024-v5
subaru-impreza,6-9,40-70k,264,47,17.8,13.7,22.9,true,motriskindex-families-2024-v5
subaru-impreza,6-9,70-100k,157,28,17.8,12.6,24.6,true,motriskindex-families-2024-v5
subaru-impreza,10-14,<40k,103,7,6.8,3.3,13.4,true,motriskindex-families-2024-v5
subaru-impreza,10-14,40-70k,346,85,24.6,20.3,29.4,true,motriskindex-families-2024-v5
subaru-impreza,10-14,70-100k,439,113,25.7,21.9,30.0,true,motriskindex-families-2024-v5
subaru-impreza,10-14,100-140k,286,81,28.3,23.4,33.8,true,motriskindex-families-2024-v5
subaru-impreza,10-14,140k+,55,14,25.5,15.8,38.3,true,motriskindex-families-2024-v5
subaru-impreza,15+,<40k,533,63,11.8,9.3,14.8,false,motriskindex-families-2024-v5
subaru-impreza,15+,40-70k,2129,407,19.1,17.5,20.8,false,motriskindex-families-2024-v5
subaru-impreza,15+,70-100k,4469,1095,24.5,23.3,25.8,false,motriskindex-families-2024-v5
subaru-impreza,15+,100-140k,5213,1527,29.3,28.1,30.5,false,motriskindex-families-2024-v5
subaru-impreza,15+,140k+,2032,693,34.1,32.1,36.2,false,motriskindex-families-2024-v5
subaru-legacy,6-9,70-100k,56,13,23.2,14.1,35.8,true,motriskindex-families-2024-v5
subaru-legacy,6-9,100-140k,83,21,25.3,17.2,35.6,true,motriskindex-families-2024-v5
subaru-legacy,10-14,40-70k,213,52,24.4,19.1,30.6,true,motriskindex-families-2024-v5
subaru-legacy,10-14,70-100k,423,138,32.6,28.3,37.2,true,motriskindex-families-2024-v5
subaru-legacy,10-14,100-140k,492,189,38.4,34.2,42.8,true,motriskindex-families-2024-v5
subaru-legacy,10-14,140k+,192,80,41.7,34.9,48.7,true,motriskindex-families-2024-v5
subaru-legacy,15+,<40k,62,16,25.8,16.6,37.9,true,motriskindex-families-2024-v5
subaru-legacy,15+,40-70k,339,93,27.4,23.0,32.4,true,motriskindex-families-2024-v5
subaru-legacy,15+,70-100k,812,278,34.2,31.1,37.6,false,motriskindex-families-2024-v5
subaru-legacy,15+,100-140k,1207,511,42.3,39.6,45.1,false,motriskindex-families-2024-v5
subaru-legacy,15+,140k+,898,414,46.1,42.9,49.4,false,motriskindex-families-2024-v5
subaru-outback,3-5,<40k,1002,81,8.1,6.6,9.9,false,motriskindex-families-2024-v5
subaru-outback,3-5,40-70k,410,59,14.4,11.3,18.1,true,motriskindex-families-2024-v5
subaru-outback,6-9,<40k,417,35,8.4,6.1,11.4,true,motriskindex-families-2024-v5
subaru-outback,6-9,40-70k,1010,137,13.6,11.6,15.8,false,motriskindex-families-2024-v5
subaru-outback,6-9,70-100k,771,148,19.2,16.6,22.1,false,motriskindex-families-2024-v5
subaru-outback,6-9,100-140k,364,85,23.4,19.3,28.0,true,motriskindex-families-2024-v5
subaru-outback,6-9,140k+,67,22,32.8,22.8,44.7,true,motriskindex-families-2024-v5
subaru-outback,10-14,40-70k,169,36,21.3,15.8,28.1,true,motriskindex-families-2024-v5
subaru-outback,10-14,70-100k,469,151,32.2,28.1,36.6,true,motriskindex-families-2024-v5
subaru-outback,10-14,100-140k,691,245,35.5,32.0,39.1,false,motriskindex-families-2024-v5
subaru-outback,10-14,140k+,353,140,39.7,34.7,44.8,true,motriskindex-families-2024-v5
subaru-outback,15+,40-70k,118,40,33.9,26.0,42.8,true,motriskindex-families-2024-v5
subaru-outback,15+,70-100k,314,106,33.8,28.8,39.2,true,motriskindex-families-2024-v5
subaru-outback,15+,100-140k,690,295,42.8,39.1,46.5,false,motriskindex-families-2024-v5
subaru-outback,15+,140k+,584,274,46.9,42.9,51.0,false,motriskindex-families-2024-v5
subaru-wrx,6-9,<40k,509,39,7.7,5.7,10.3,false,motriskindex-families-2024-v5
subaru-wrx,6-9,40-70k,383,37,9.7,7.1,13.0,true,motriskindex-families-2024-v5
subaru-wrx,6-9,70-100k,95,9,9.5,5.1,17.0,true,motriskindex-families-2024-v5
subaru-wrx,10-14,<40k,130,9,6.9,3.7,12.6,true,motriskindex-families-2024-v5
subaru-wrx,10-14,40-70k,318,41,12.9,9.6,17.0,true,motriskindex-families-2024-v5
subaru-wrx,10-14,70-100k,203,40,19.7,14.8,25.7,true,motriskindex-families-2024-v5
subaru-wrx,10-14,100-140k,83,15,18.1,11.3,27.7,true,motriskindex-families-2024-v5
subaru-xv,3-5,<40k,1484,90,6.1,5.0,7.4,false,motriskindex-families-2024-v5
subaru-xv,3-5,40-70k,355,56,15.8,12.4,19.9,true,motriskindex-families-2024-v5
subaru-xv,6-9,<40k,1038,102,9.8,8.2,11.8,false,motriskindex-families-2024-v5
subaru-xv,6-9,40-70k,1313,217,16.5,14.6,18.6,false,motriskindex-families-2024-v5
subaru-xv,6-9,70-100k,576,157,27.3,23.8,31.0,false,motriskindex-families-2024-v5
subaru-xv,6-9,100-140k,123,42,34.1,26.4,42.9,true,motriskindex-families-2024-v5
subaru-xv,10-14,<40k,128,14,10.9,6.6,17.5,true,motriskindex-families-2024-v5
subaru-xv,10-14,40-70k,460,115,25.0,21.3,29.2,true,motriskindex-families-2024-v5
subaru-xv,10-14,70-100k,636,212,33.3,29.8,37.1,false,motriskindex-families-2024-v5
subaru-xv,10-14,100-140k,413,174,42.1,37.5,46.9,true,motriskindex-families-2024-v5
subaru-xv,10-14,140k+,83,42,50.6,40.1,61.1,true,motriskindex-families-2024-v5
suzuki-alto,6-9,<40k,750,140,18.7,16.0,21.6,false,motriskindex-families-2024-v5
suzuki-alto,6-9,40-70k,767,260,33.9,30.6,37.3,false,motriskindex-families-2024-v5
suzuki-alto,6-9,70-100k,241,90,37.3,31.5,43.6,true,motriskindex-families-2024-v5
suzuki-alto,6-9,100-140k,62,28,45.2,33.4,57.5,true,motriskindex-families-2024-v5
suzuki-alto,10-14,<40k,10712,2293,21.4,20.6,22.2,false,motriskindex-families-2024-v5
suzuki-alto,10-14,40-70k,15528,5087,32.8,32.0,33.5,false,motriskindex-families-2024-v5
suzuki-alto,10-14,70-100k,8600,3647,42.4,41.4,43.5,false,motriskindex-families-2024-v5
suzuki-alto,10-14,100-140k,2759,1300,47.1,45.3,49.0,false,motriskindex-families-2024-v5
suzuki-alto,10-14,140k+,332,162,48.8,43.5,54.2,true,motriskindex-families-2024-v5
suzuki-alto,15+,<40k,1684,579,34.4,32.2,36.7,false,motriskindex-families-2024-v5
suzuki-alto,15+,40-70k,3175,1369,43.1,41.4,44.8,false,motriskindex-families-2024-v5
suzuki-alto,15+,70-100k,2308,1105,47.9,45.8,49.9,false,motriskindex-families-2024-v5
suzuki-alto,15+,100-140k,893,462,51.7,48.5,55.0,false,motriskindex-families-2024-v5
suzuki-alto,15+,140k+,120,61,50.8,42.0,59.6,true,motriskindex-families-2024-v5
suzuki-baleno,3-5,<40k,796,110,13.8,11.6,16.4,false,motriskindex-families-2024-v5
suzuki-baleno,3-5,40-70k,235,52,22.1,17.3,27.9,true,motriskindex-families-2024-v5
suzuki-baleno,6-9,<40k,2325,480,20.6,19.0,22.3,false,motriskindex-families-2024-v5
suzuki-baleno,6-9,40-70k,2421,734,30.3,28.5,32.2,false,motriskindex-families-2024-v5
suzuki-baleno,6-9,70-100k,704,245,34.8,31.4,38.4,false,motriskindex-families-2024-v5
suzuki-baleno,6-9,100-140k,118,48,40.7,32.2,49.7,true,motriskindex-families-2024-v5
suzuki-carry,15+,<40k,318,87,27.4,22.8,32.5,true,motriskindex-families-2024-v5
suzuki-carry,15+,40-70k,915,344,37.6,34.5,40.8,false,motriskindex-families-2024-v5
suzuki-carry,15+,70-100k,1199,556,46.4,43.6,49.2,false,motriskindex-families-2024-v5
suzuki-carry,15+,100-140k,879,472,53.7,50.4,57.0,false,motriskindex-families-2024-v5
suzuki-carry,15+,140k+,316,158,50.0,44.5,55.5,true,motriskindex-families-2024-v5
suzuki-celerio,3-5,<40k,1820,196,10.8,9.4,12.3,false,motriskindex-families-2024-v5
suzuki-celerio,3-5,40-70k,247,43,17.4,13.2,22.6,true,motriskindex-families-2024-v5
suzuki-celerio,6-9,<40k,14545,1734,11.9,11.4,12.5,false,motriskindex-families-2024-v5
suzuki-celerio,6-9,40-70k,8181,1534,18.8,17.9,19.6,false,motriskindex-families-2024-v5
suzuki-celerio,6-9,70-100k,2098,530,25.3,23.4,27.2,false,motriskindex-families-2024-v5
suzuki-celerio,6-9,100-140k,505,148,29.3,25.5,33.4,false,motriskindex-families-2024-v5
suzuki-celerio,6-9,140k+,72,26,36.1,26.0,47.6,true,motriskindex-families-2024-v5
suzuki-grand-vitara,10-14,<40k,699,102,14.6,12.2,17.4,false,motriskindex-families-2024-v5
suzuki-grand-vitara,10-14,40-70k,1949,459,23.6,21.7,25.5,false,motriskindex-families-2024-v5
suzuki-grand-vitara,10-14,70-100k,2023,672,33.2,31.2,35.3,false,motriskindex-families-2024-v5
suzuki-grand-vitara,10-14,100-140k,1034,421,40.7,37.8,43.7,false,motriskindex-families-2024-v5
suzuki-grand-vitara,10-14,140k+,180,82,45.6,38.4,52.8,true,motriskindex-families-2024-v5
suzuki-grand-vitara,15+,<40k,423,93,22.0,18.3,26.2,true,motriskindex-families-2024-v5
suzuki-grand-vitara,15+,40-70k,2498,828,33.1,31.3,35.0,false,motriskindex-families-2024-v5
suzuki-grand-vitara,15+,70-100k,5297,2119,40.0,38.7,41.3,false,motriskindex-families-2024-v5
suzuki-grand-vitara,15+,100-140k,5213,2382,45.7,44.3,47.0,false,motriskindex-families-2024-v5
suzuki-grand-vitara,15+,140k+,1369,696,50.8,48.2,53.5,false,motriskindex-families-2024-v5
suzuki-ignis,3-5,<40k,10694,917,8.6,8.1,9.1,false,motriskindex-families-2024-v5
suzuki-ignis,3-5,40-70k,896,147,16.4,14.1,19.0,false,motriskindex-families-2024-v5
suzuki-ignis,3-5,70-100k,56,7,12.5,6.2,23.6,true,motriskindex-families-2024-v5
suzuki-ignis,6-9,<40k,8275,1191,14.4,13.7,15.2,false,motriskindex-families-2024-v5
suzuki-ignis,6-9,40-70k,3403,763,22.4,21.1,23.9,false,motriskindex-families-2024-v5
suzuki-ignis,6-9,70-100k,484,132,27.3,23.5,31.4,true,motriskindex-families-2024-v5
suzuki-ignis,6-9,100-140k,59,26,44.1,32.2,56.7,true,motriskindex-families-2024-v5
suzuki-ignis,15+,<40k,415,126,30.4,26.1,34.9,true,motriskindex-families-2024-v5
suzuki-ignis,15+,40-70k,1708,656,38.4,36.1,40.7,false,motriskindex-families-2024-v5
suzuki-ignis,15+,70-100k,2096,976,46.6,44.4,48.7,false,motriskindex-families-2024-v5
suzuki-ignis,15+,100-140k,1645,855,52.0,49.6,54.4,false,motriskindex-families-2024-v5
suzuki-ignis,15+,140k+,344,181,52.6,47.3,57.8,true,motriskindex-families-2024-v5
suzuki-jimny,3-5,<40k,2189,151,6.9,5.9,8.0,false,motriskindex-families-2024-v5
suzuki-jimny,3-5,40-70k,265,28,10.6,7.4,14.8,true,motriskindex-families-2024-v5
suzuki-jimny,6-9,<40k,2256,374,16.6,15.1,18.2,false,motriskindex-families-2024-v5
suzuki-jimny,6-9,40-70k,967,265,27.4,24.7,30.3,false,motriskindex-families-2024-v5
suzuki-jimny,6-9,70-100k,209,78,37.3,31.0,44.1,true,motriskindex-families-2024-v5
suzuki-jimny,10-14,<40k,1244,229,18.4,16.4,20.7,false,motriskindex-families-2024-v5
suzuki-jimny,10-14,40-70k,1682,430,25.6,23.5,27.7,false,motriskindex-families-2024-v5
suzuki-jimny,10-14,70-100k,870,324,37.2,34.1,40.5,false,motriskindex-families-2024-v5
suzuki-jimny,10-14,100-140k,295,124,42.0,36.5,47.7,true,motriskindex-families-2024-v5
suzuki-jimny,15+,<40k,894,193,21.6,19.0,24.4,false,motriskindex-families-2024-v5
suzuki-jimny,15+,40-70k,3703,1269,34.3,32.8,35.8,false,motriskindex-families-2024-v5
suzuki-jimny,15+,70-100k,5118,2076,40.6,39.2,41.9,false,motriskindex-families-2024-v5
suzuki-jimny,15+,100-140k,3296,1431,43.4,41.7,45.1,false,motriskindex-families-2024-v5
suzuki-jimny,15+,140k+,529,242,45.7,41.5,50.0,false,motriskindex-families-2024-v5
suzuki-liana,15+,<40k,95,39,41.1,31.7,51.1,true,motriskindex-families-2024-v5
suzuki-liana,15+,40-70k,306,133,43.5,38.0,49.1,true,motriskindex-families-2024-v5
suzuki-liana,15+,70-100k,438,222,50.7,46.0,55.3,true,motriskindex-families-2024-v5
suzuki-liana,15+,100-140k,321,170,53.0,47.5,58.4,true,motriskindex-families-2024-v5
suzuki-liana,15+,140k+,58,30,51.7,39.2,64.1,true,motriskindex-families-2024-v5
suzuki-splash,10-14,<40k,3944,848,21.5,20.2,22.8,false,motriskindex-families-2024-v5
suzuki-splash,10-14,40-70k,5552,1924,34.7,33.4,35.9,false,motriskindex-families-2024-v5
suzuki-splash,10-14,70-100k,2691,1258,46.7,44.9,48.6,false,motriskindex-families-2024-v5
suzuki-splash,10-14,100-140k,864,432,50.0,46.7,53.3,false,motriskindex-families-2024-v5
suzuki-splash,10-14,140k+,112,61,54.5,45.2,63.4,true,motriskindex-families-2024-v5
suzuki-splash,15+,<40k,601,210,34.9,31.2,38.8,false,motriskindex-families-2024-v5
suzuki-splash,15+,40-70k,1574,687,43.6,41.2,46.1,false,motriskindex-families-2024-v5
suzuki-splash,15+,70-100k,1417,720,50.8,48.2,53.4,false,motriskindex-families-2024-v5
suzuki-splash,15+,100-140k,674,374,55.5,51.7,59.2,false,motriskindex-families-2024-v5
suzuki-splash,15+,140k+,106,57,53.8,44.3,63.0,true,motriskindex-families-2024-v5
suzuki-swace,3-5,<40k,997,94,9.4,7.8,11.4,false,motriskindex-families-2024-v5
suzuki-swace,3-5,40-70k,292,51,17.5,13.5,22.2,true,motriskindex-families-2024-v5
suzuki-swace,3-5,70-100k,59,3,5.1,1.7,13.9,true,motriskindex-families-2024-v5
suzuki-swift,3-5,<40k,22495,2249,10.0,9.6,10.4,false,motriskindex-families-2024-v5
suzuki-swift,3-5,40-70k,3780,589,15.6,14.5,16.8,false,motriskindex-families-2024-v5
suzuki-swift,3-5,70-100k,356,54,15.2,11.8,19.3,true,motriskindex-families-2024-v5
suzuki-swift,6-9,<40k,16387,2063,12.6,12.1,13.1,false,motriskindex-families-2024-v5
suzuki-swift,6-9,40-70k,17888,3760,21.0,20.4,21.6,false,motriskindex-families-2024-v5
suzuki-swift,6-9,70-100k,5620,1729,30.8,29.6,32.0,false,motriskindex-families-2024-v5
suzuki-swift,6-9,100-140k,1126,437,38.8,36.0,41.7,false,motriskindex-families-2024-v5
suzuki-swift,6-9,140k+,143,59,41.3,33.5,49.5,true,motriskindex-families-2024-v5
suzuki-swift,10-14,<40k,5182,909,17.5,16.5,18.6,false,motriskindex-families-2024-v5
suzuki-swift,10-14,40-70k,14057,3952,28.1,27.4,28.9,false,motriskindex-families-2024-v5
suzuki-swift,10-14,70-100k,13562,5240,38.6,37.8,39.5,false,motriskindex-families-2024-v5
suzuki-swift,10-14,100-140k,6439,2871,44.6,43.4,45.8,false,motriskindex-families-2024-v5
suzuki-swift,10-14,140k+,987,464,47.0,43.9,50.1,false,motriskindex-families-2024-v5
suzuki-swift,15+,<40k,1491,412,27.6,25.4,30.0,false,motriskindex-families-2024-v5
suzuki-swift,15+,40-70k,5574,2357,42.3,41.0,43.6,false,motriskindex-families-2024-v5
suzuki-swift,15+,70-100k,9835,4863,49.4,48.5,50.4,false,motriskindex-families-2024-v5
suzuki-swift,15+,100-140k,8880,4730,53.3,52.2,54.3,false,motriskindex-families-2024-v5
suzuki-swift,15+,140k+,1625,901,55.4,53.0,57.8,false,motriskindex-families-2024-v5
suzuki-sx4,3-5,<40k,1835,176,9.6,8.3,11.0,false,motriskindex-families-2024-v5
suzuki-sx4,3-5,40-70k,516,74,14.3,11.6,17.6,false,motriskindex-families-2024-v5
suzuki-sx4,6-9,<40k,4199,477,11.4,10.4,12.4,false,motriskindex-families-2024-v5
suzuki-sx4,6-9,40-70k,5954,1028,17.3,16.3,18.2,false,motriskindex-families-2024-v5
suzuki-sx4,6-9,70-100k,2385,636,26.7,24.9,28.5,false,motriskindex-families-2024-v5
suzuki-sx4,6-9,100-140k,527,171,32.4,28.6,36.6,false,motriskindex-families-2024-v5
suzuki-sx4,6-9,140k+,73,31,42.5,31.8,53.9,true,motriskindex-families-2024-v5
suzuki-sx4,10-14,<40k,1775,381,21.5,19.6,23.4,false,motriskindex-families-2024-v5
suzuki-sx4,10-14,40-70k,5680,1654,29.1,28.0,30.3,false,motriskindex-families-2024-v5
suzuki-sx4,10-14,70-100k,5529,2111,38.2,36.9,39.5,false,motriskindex-families-2024-v5
suzuki-sx4,10-14,100-140k,2670,1215,45.5,43.6,47.4,false,motriskindex-families-2024-v5
suzuki-sx4,10-14,140k+,421,220,52.3,47.5,57.0,true,motriskindex-families-2024-v5
suzuki-sx4,15+,<40k,244,57,23.4,18.5,29.1,true,motriskindex-families-2024-v5
suzuki-sx4,15+,40-70k,1472,577,39.2,36.7,41.7,false,motriskindex-families-2024-v5
suzuki-sx4,15+,70-100k,2760,1259,45.6,43.8,47.5,false,motriskindex-families-2024-v5
suzuki-sx4,15+,100-140k,2543,1352,53.2,51.2,55.1,false,motriskindex-families-2024-v5
suzuki-sx4,15+,140k+,575,331,57.6,53.5,61.5,false,motriskindex-families-2024-v5
suzuki-sx4-s-cross,3-5,<40k,2024,169,8.3,7.2,9.6,false,motriskindex-families-2024-v5
suzuki-sx4-s-cross,3-5,40-70k,249,35,14.1,10.3,18.9,true,motriskindex-families-2024-v5
suzuki-vitara,3-5,<40k,19047,1477,7.8,7.4,8.1,false,motriskindex-families-2024-v5
suzuki-vitara,3-5,40-70k,5092,770,15.1,14.2,16.1,false,motriskindex-families-2024-v5
suzuki-vitara,3-5,70-100k,441,79,17.9,14.6,21.8,true,motriskindex-families-2024-v5
suzuki-vitara,6-9,<40k,12640,1270,10.0,9.5,10.6,false,motriskindex-families-2024-v5
suzuki-vitara,6-9,40-70k,19260,3449,17.9,17.4,18.5,false,motriskindex-families-2024-v5
suzuki-vitara,6-9,70-100k,6763,1768,26.1,25.1,27.2,false,motriskindex-families-2024-v5
suzuki-vitara,6-9,100-140k,1340,449,33.5,31.0,36.1,false,motriskindex-families-2024-v5
suzuki-vitara,6-9,140k+,130,53,40.8,32.7,49.4,true,motriskindex-families-2024-v5
suzuki-vitara,15+,40-70k,128,55,43.0,34.7,51.6,true,motriskindex-families-2024-v5
suzuki-vitara,15+,70-100k,240,114,47.5,41.3,53.8,true,motriskindex-families-2024-v5
suzuki-vitara,15+,100-140k,239,104,43.5,37.4,49.9,true,motriskindex-families-2024-v5
suzuki-vitara,15+,140k+,58,28,48.3,35.9,60.8,true,motriskindex-families-2024-v5
suzuki-wagon-r,15+,<40k,798,244,30.6,27.5,33.9,false,motriskindex-families-2024-v5
suzuki-wagon-r,15+,40-70k,2714,1141,42.0,40.2,43.9,false,motriskindex-families-2024-v5
suzuki-wagon-r,15+,70-100k,2613,1279,48.9,47.0,50.9,false,motriskindex-families-2024-v5
suzuki-wagon-r,15+,100-140k,1254,680,54.2,51.5,57.0,false,motriskindex-families-2024-v5
suzuki-wagon-r,15+,140k+,166,100,60.2,52.6,67.4,true,motriskindex-families-2024-v5
talbot-express,15+,40-70k,123,55,44.7,36.2,53.5,true,motriskindex-families-2024-v5
talbot-express,15+,70-100k,173,80,46.2,39.0,53.7,true,motriskindex-families-2024-v5
talbot-express,15+,100-140k,95,46,48.4,38.6,58.3,true,motriskindex-families-2024-v5
tesla-model-3,3-5,<40k,34922,4782,13.7,13.3,14.1,false,motriskindex-families-2024-v5
tesla-model-3,3-5,40-70k,23710,4495,19.0,18.5,19.5,false,motriskindex-families-2024-v5
tesla-model-3,3-5,70-100k,5197,1088,20.9,19.9,22.1,false,motriskindex-families-2024-v5
tesla-model-3,3-5,100-140k,1086,211,19.4,17.2,21.9,false,motriskindex-families-2024-v5
tesla-model-3,3-5,140k+,227,38,16.7,12.4,22.1,true,motriskindex-families-2024-v5
tesla-model-s,3-5,<40k,764,120,15.7,13.3,18.5,false,motriskindex-families-2024-v5
tesla-model-s,3-5,40-70k,959,169,17.6,15.3,20.2,false,motriskindex-families-2024-v5
tesla-model-s,3-5,70-100k,316,64,20.3,16.2,25.0,true,motriskindex-families-2024-v5
tesla-model-s,3-5,100-140k,96,19,19.8,13.1,28.9,true,motriskindex-families-2024-v5
tesla-model-s,6-9,<40k,903,134,14.8,12.7,17.3,false,motriskindex-families-2024-v5
tesla-model-s,6-9,40-70k,2559,433,16.9,15.5,18.4,false,motriskindex-families-2024-v5
tesla-model-s,6-9,70-100k,2433,506,20.8,19.2,22.5,false,motriskindex-families-2024-v5
tesla-model-s,6-9,100-140k,1414,373,26.4,24.1,28.7,false,motriskindex-families-2024-v5
tesla-model-s,6-9,140k+,679,161,23.7,20.7,27.1,false,motriskindex-families-2024-v5
tesla-model-s,10-14,40-70k,89,22,24.7,16.9,34.6,true,motriskindex-families-2024-v5
tesla-model-s,10-14,70-100k,167,44,26.3,20.3,33.5,true,motriskindex-families-2024-v5
tesla-model-s,10-14,100-140k,181,52,28.7,22.6,35.7,true,motriskindex-families-2024-v5
tesla-model-s,10-14,140k+,134,44,32.8,25.5,41.2,true,motriskindex-families-2024-v5
tesla-model-x,3-5,<40k,1179,206,17.5,15.4,19.7,false,motriskindex-families-2024-v5
tesla-model-x,3-5,40-70k,1138,222,19.5,17.3,21.9,false,motriskindex-families-2024-v5
tesla-model-x,3-5,70-100k,264,58,22.0,17.4,27.3,true,motriskindex-families-2024-v5
tesla-model-x,3-5,100-140k,57,8,14.0,7.3,25.3,true,motriskindex-families-2024-v5
tesla-model-x,6-9,<40k,697,119,17.1,14.5,20.0,false,motriskindex-families-2024-v5
tesla-model-x,6-9,40-70k,1505,295,19.6,17.7,21.7,false,motriskindex-families-2024-v5
tesla-model-x,6-9,70-100k,843,189,22.4,19.7,25.4,false,motriskindex-families-2024-v5
tesla-model-x,6-9,100-140k,294,69,23.5,19.0,28.6,true,motriskindex-families-2024-v5
tesla-model-x,6-9,140k+,106,27,25.5,18.1,34.5,true,motriskindex-families-2024-v5
toyota-alphard,3-5,<40k,90,8,8.9,4.6,16.6,true,motriskindex-families-2024-v5
toyota-alphard,3-5,40-70k,350,103,29.4,24.9,34.4,true,motriskindex-families-2024-v5
toyota-alphard,3-5,70-100k,592,183,30.9,27.3,34.7,false,motriskindex-families-2024-v5
toyota-alphard,3-5,100-140k,306,107,35.0,29.8,40.5,true,motriskindex-families-2024-v5
toyota-alphard,3-5,140k+,82,35,42.7,32.5,53.5,true,motriskindex-families-2024-v5
toyota-alphard,6-9,<40k,80,6,7.5,3.5,15.4,true,motriskindex-families-2024-v5
toyota-alphard,6-9,40-70k,265,59,22.3,17.7,27.6,true,motriskindex-families-2024-v5
toyota-alphard,6-9,70-100k,579,184,31.8,28.1,35.7,false,motriskindex-families-2024-v5
toyota-alphard,6-9,100-140k,580,188,32.4,28.7,36.3,false,motriskindex-families-2024-v5
toyota-alphard,6-9,140k+,321,140,43.6,38.3,49.1,true,motriskindex-families-2024-v5
toyota-alphard,10-14,<40k,95,8,8.4,4.3,15.7,true,motriskindex-families-2024-v5
toyota-alphard,10-14,40-70k,497,83,16.7,13.7,20.2,true,motriskindex-families-2024-v5
toyota-alphard,10-14,70-100k,418,90,21.5,17.9,25.7,true,motriskindex-families-2024-v5
toyota-alphard,10-14,100-140k,135,37,27.4,20.6,35.5,true,motriskindex-families-2024-v5
toyota-alphard,10-14,140k+,53,17,32.1,21.1,45.5,true,motriskindex-families-2024-v5
toyota-alphard,15+,<40k,343,59,17.2,13.6,21.6,true,motriskindex-families-2024-v5
toyota-alphard,15+,40-70k,2286,483,21.1,19.5,22.8,false,motriskindex-families-2024-v5
toyota-alphard,15+,70-100k,2057,565,27.5,25.6,29.4,false,motriskindex-families-2024-v5
toyota-alphard,15+,100-140k,824,292,35.4,32.2,38.8,false,motriskindex-families-2024-v5
toyota-alphard,15+,140k+,208,94,45.2,38.6,52.0,true,motriskindex-families-2024-v5
toyota-auris,3-5,<40k,364,62,17.0,13.5,21.2,true,motriskindex-families-2024-v5
toyota-auris,3-5,40-70k,386,74,19.2,15.6,23.4,true,motriskindex-families-2024-v5
toyota-auris,3-5,70-100k,223,53,23.8,18.7,29.8,true,motriskindex-families-2024-v5
toyota-auris,3-5,100-140k,138,35,25.4,18.8,33.2,true,motriskindex-families-2024-v5
toyota-auris,3-5,140k+,121,27,22.3,15.8,30.5,true,motriskindex-families-2024-v5
toyota-auris,6-9,<40k,14334,1792,12.5,12.0,13.1,false,motriskindex-families-2024-v5
toyota-auris,6-9,40-70k,19951,3836,19.2,18.7,19.8,false,motriskindex-families-2024-v5
toyota-auris,6-9,70-100k,10510,2482,23.6,22.8,24.4,false,motriskindex-families-2024-v5
toyota-auris,6-9,100-140k,6864,1717,25.0,24.0,26.1,false,motriskindex-families-2024-v5
toyota-auris,6-9,140k+,9670,2444,25.3,24.4,26.1,false,motriskindex-families-2024-v5
toyota-auris,10-14,<40k,4962,754,15.2,14.2,16.2,false,motriskindex-families-2024-v5
toyota-auris,10-14,40-70k,16646,3815,22.9,22.3,23.6,false,motriskindex-families-2024-v5
toyota-auris,10-14,70-100k,17984,5575,31.0,30.3,31.7,false,motriskindex-families-2024-v5
toyota-auris,10-14,100-140k,11122,3990,35.9,35.0,36.8,false,motriskindex-families-2024-v5
toyota-auris,10-14,140k+,7547,2502,33.2,32.1,34.2,false,motriskindex-families-2024-v5
toyota-auris,15+,<40k,1213,234,19.3,17.2,21.6,false,motriskindex-families-2024-v5
toyota-auris,15+,40-70k,5759,1643,28.5,27.4,29.7,false,motriskindex-families-2024-v5
toyota-auris,15+,70-100k,10904,4161,38.2,37.3,39.1,false,motriskindex-families-2024-v5
toyota-auris,15+,100-140k,11066,5101,46.1,45.2,47.0,false,motriskindex-families-2024-v5
toyota-auris,15+,140k+,3782,1904,50.3,48.8,51.9,false,motriskindex-families-2024-v5
toyota-avensis,6-9,<40k,1192,111,9.3,7.8,11.1,false,motriskindex-families-2024-v5
toyota-avensis,6-9,40-70k,2797,438,15.7,14.4,17.1,false,motriskindex-families-2024-v5
toyota-avensis,6-9,70-100k,2612,502,19.2,17.8,20.8,false,motriskindex-families-2024-v5
toyota-avensis,6-9,100-140k,1831,428,23.4,21.5,25.4,false,motriskindex-families-2024-v5
toyota-avensis,6-9,140k+,2091,608,29.1,27.2,31.1,false,motriskindex-families-2024-v5
toyota-avensis,10-14,<40k,488,71,14.5,11.7,18.0,true,motriskindex-families-2024-v5
toyota-avensis,10-14,40-70k,2619,536,20.5,19.0,22.1,false,motriskindex-families-2024-v5
toyota-avensis,10-14,70-100k,4904,1322,27.0,25.7,28.2,false,motriskindex-families-2024-v5
toyota-avensis,10-14,100-140k,6273,2044,32.6,31.4,33.8,false,motriskindex-families-2024-v5
toyota-avensis,10-14,140k+,6952,2548,36.7,35.5,37.8,false,motriskindex-families-2024-v5
toyota-avensis,15+,<40k,458,66,14.4,11.5,17.9,true,motriskindex-families-2024-v5
toyota-avensis,15+,40-70k,2885,784,27.2,25.6,28.8,false,motriskindex-families-2024-v5
toyota-avensis,15+,70-100k,6625,2423,36.6,35.4,37.7,false,motriskindex-families-2024-v5
toyota-avensis,15+,100-140k,10715,4622,43.1,42.2,44.1,false,motriskindex-families-2024-v5
toyota-avensis,15+,140k+,9955,4617,46.4,45.4,47.4,false,motriskindex-families-2024-v5
toyota-aygo,3-5,<40k,50392,4864,9.7,9.4,9.9,false,motriskindex-families-2024-v5
toyota-aygo,3-5,40-70k,5117,950,18.6,17.5,19.7,false,motriskindex-families-2024-v5
toyota-aygo,3-5,70-100k,357,99,27.7,23.3,32.6,true,motriskindex-families-2024-v5
toyota-aygo,3-5,100-140k,60,25,41.7,30.1,54.3,true,motriskindex-families-2024-v5
toyota-aygo,6-9,<40k,47457,5992,12.6,12.3,12.9,false,motriskindex-families-2024-v5
toyota-aygo,6-9,40-70k,32483,6125,18.9,18.4,19.3,false,motriskindex-families-2024-v5
toyota-aygo,6-9,70-100k,7385,1906,25.8,24.8,26.8,false,motriskindex-families-2024-v5
toyota-aygo,6-9,100-140k,1289,421,32.7,30.2,35.3,false,motriskindex-families-2024-v5
toyota-aygo,6-9,140k+,168,66,39.3,32.2,46.8,true,motriskindex-families-2024-v5
toyota-aygo,10-14,<40k,14279,2719,19.0,18.4,19.7,false,motriskindex-families-2024-v5
toyota-aygo,10-14,40-70k,30690,8993,29.3,28.8,29.8,false,motriskindex-families-2024-v5
toyota-aygo,10-14,70-100k,20882,8259,39.6,38.9,40.2,false,motriskindex-families-2024-v5
toyota-aygo,10-14,100-140k,7236,3350,46.3,45.1,47.4,false,motriskindex-families-2024-v5
toyota-aygo,10-14,140k+,1003,496,49.5,46.4,52.5,false,motriskindex-families-2024-v5
toyota-aygo,15+,<40k,3767,1001,26.6,25.2,28.0,false,motriskindex-families-2024-v5
toyota-aygo,15+,40-70k,11035,4329,39.2,38.3,40.1,false,motriskindex-families-2024-v5
toyota-aygo,15+,70-100k,14800,7104,48.0,47.2,48.8,false,motriskindex-families-2024-v5
toyota-aygo,15+,100-140k,10428,5530,53.0,52.1,54.0,false,motriskindex-families-2024-v5
toyota-aygo,15+,140k+,2179,1180,54.2,52.1,56.2,false,motriskindex-families-2024-v5
toyota-c-hr,3-5,<40k,37038,3644,9.8,9.5,10.1,false,motriskindex-families-2024-v5
toyota-c-hr,3-5,40-70k,12573,2054,16.3,15.7,17.0,false,motriskindex-families-2024-v5
toyota-c-hr,3-5,70-100k,1912,338,17.7,16.0,19.5,false,motriskindex-families-2024-v5
toyota-c-hr,3-5,100-140k,433,67,15.5,12.4,19.2,true,motriskindex-families-2024-v5
toyota-c-hr,3-5,140k+,53,14,26.4,16.4,39.6,true,motriskindex-families-2024-v5
toyota-c-hr,6-9,<40k,10872,1643,15.1,14.5,15.8,false,motriskindex-families-2024-v5
toyota-c-hr,6-9,40-70k,15965,3006,18.8,18.2,19.4,false,motriskindex-families-2024-v5
toyota-c-hr,6-9,70-100k,4728,979,20.7,19.6,21.9,false,motriskindex-families-2024-v5
toyota-c-hr,6-9,100-140k,1199,227,18.9,16.8,21.2,false,motriskindex-families-2024-v5
toyota-c-hr,6-9,140k+,306,57,18.6,14.7,23.4,true,motriskindex-families-2024-v5
toyota-camry,3-5,<40k,537,26,4.8,3.3,7.0,false,motriskindex-families-2024-v5
toyota-camry,3-5,40-70k,296,32,10.8,7.8,14.9,true,motriskindex-families-2024-v5
toyota-camry,3-5,70-100k,132,6,4.5,2.1,9.6,true,motriskindex-families-2024-v5
toyota-camry,3-5,100-140k,101,5,5.0,2.1,11.1,true,motriskindex-families-2024-v5
toyota-camry,15+,70-100k,61,16,26.2,16.8,38.4,true,motriskindex-families-2024-v5
toyota-camry,15+,100-140k,96,34,35.4,26.6,45.4,true,motriskindex-families-2024-v5
toyota-camry,15+,140k+,54,13,24.1,14.6,36.9,true,motriskindex-families-2024-v5
toyota-celica,15+,<40k,173,25,14.5,10.0,20.5,true,motriskindex-families-2024-v5
toyota-celica,15+,40-70k,804,203,25.2,22.4,28.4,false,motriskindex-families-2024-v5
toyota-celica,15+,70-100k,1853,664,35.8,33.7,38.0,false,motriskindex-families-2024-v5
toyota-celica,15+,100-140k,3028,1267,41.8,40.1,43.6,false,motriskindex-families-2024-v5
toyota-celica,15+,140k+,1951,873,44.7,42.6,47.0,false,motriskindex-families-2024-v5
toyota-corolla,3-5,<40k,31808,3006,9.5,9.1,9.8,false,motriskindex-families-2024-v5
toyota-corolla,3-5,40-70k,13851,1824,13.2,12.6,13.7,false,motriskindex-families-2024-v5
toyota-corolla,3-5,70-100k,5130,649,12.7,11.8,13.6,false,motriskindex-families-2024-v5
toyota-corolla,3-5,100-140k,2580,347,13.4,12.2,14.8,false,motriskindex-families-2024-v5
toyota-corolla,3-5,140k+,1569,216,13.8,12.2,15.6,false,motriskindex-families-2024-v5
toyota-corolla,15+,<40k,1606,347,21.6,19.7,23.7,false,motriskindex-families-2024-v5
toyota-corolla,15+,40-70k,8053,2391,29.7,28.7,30.7,false,motriskindex-families-2024-v5
toyota-corolla,15+,70-100k,14752,5743,38.9,38.1,39.7,false,motriskindex-families-2024-v5
toyota-corolla,15+,100-140k,18553,8252,44.5,43.8,45.2,false,motriskindex-families-2024-v5
toyota-corolla,15+,140k+,9909,4799,48.4,47.4,49.4,false,motriskindex-families-2024-v5
toyota-estima,3-5,<40k,62,5,8.1,3.5,17.5,true,motriskindex-families-2024-v5
toyota-estima,3-5,40-70k,186,39,21.0,15.7,27.4,true,motriskindex-families-2024-v5
toyota-estima,3-5,70-100k,684,180,26.3,23.2,29.7,false,motriskindex-families-2024-v5
toyota-estima,3-5,100-140k,598,170,28.4,25.0,32.2,false,motriskindex-families-2024-v5
toyota-estima,3-5,140k+,359,112,31.2,26.6,36.2,true,motriskindex-families-2024-v5
toyota-estima,6-9,<40k,470,33,7.0,5.0,9.7,true,motriskindex-families-2024-v5
toyota-estima,6-9,40-70k,908,89,9.8,8.0,11.9,false,motriskindex-families-2024-v5
toyota-estima,6-9,70-100k,729,154,21.1,18.3,24.2,false,motriskindex-families-2024-v5
toyota-estima,6-9,100-140k,882,276,31.3,28.3,34.4,false,motriskindex-families-2024-v5
toyota-estima,6-9,140k+,690,251,36.4,32.9,40.0,false,motriskindex-families-2024-v5
toyota-estima,10-14,<40k,172,16,9.3,5.8,14.6,true,motriskindex-families-2024-v5
toyota-estima,10-14,40-70k,2012,254,12.6,11.2,14.1,false,motriskindex-families-2024-v5
toyota-estima,10-14,70-100k,2755,546,19.8,18.4,21.3,false,motriskindex-families-2024-v5
toyota-estima,10-14,100-140k,1247,344,27.6,25.2,30.1,false,motriskindex-families-2024-v5
toyota-estima,10-14,140k+,637,209,32.8,29.3,36.5,false,motriskindex-families-2024-v5
toyota-estima,15+,<40k,69,5,7.2,3.1,15.9,true,motriskindex-families-2024-v5
toyota-estima,15+,40-70k,779,165,21.2,18.5,24.2,false,motriskindex-families-2024-v5
toyota-estima,15+,70-100k,1860,479,25.8,23.8,27.8,false,motriskindex-families-2024-v5
toyota-estima,15+,100-140k,1228,364,29.6,27.2,32.3,false,motriskindex-families-2024-v5
toyota-estima,15+,140k+,559,216,38.6,34.7,42.7,false,motriskindex-families-2024-v5
toyota-gr,3-5,<40k,3110,208,6.7,5.9,7.6,false,motriskindex-families-2024-v5
toyota-gr,3-5,40-70k,58,8,13.8,7.2,24.9,true,motriskindex-families-2024-v5
toyota-granvia,10-14,70-100k,75,23,30.7,21.4,41.8,true,motriskindex-families-2024-v5
toyota-granvia,10-14,100-140k,120,53,44.2,35.6,53.1,true,motriskindex-families-2024-v5
toyota-granvia,10-14,140k+,131,51,38.9,31.0,47.5,true,motriskindex-families-2024-v5
toyota-granvia,15+,70-100k,74,22,29.7,20.5,40.9,true,motriskindex-families-2024-v5
toyota-granvia,15+,100-140k,179,69,38.5,31.7,45.8,true,motriskindex-families-2024-v5
toyota-granvia,15+,140k+,319,122,38.2,33.1,43.7,true,motriskindex-families-2024-v5
toyota-gt86,3-5,<40k,521,35,6.7,4.9,9.2,false,motriskindex-families-2024-v5
toyota-gt86,3-5,40-70k,68,7,10.3,5.1,19.8,true,motriskindex-families-2024-v5
toyota-gt86,6-9,<40k,1040,91,8.8,7.2,10.6,false,motriskindex-families-2024-v5
toyota-gt86,6-9,40-70k,1041,163,15.7,13.6,18.0,false,motriskindex-families-2024-v5
toyota-gt86,6-9,70-100k,280,50,17.9,13.8,22.8,true,motriskindex-families-2024-v5
toyota-gt86,10-14,<40k,474,44,9.3,7.0,12.2,true,motriskindex-families-2024-v5
toyota-gt86,10-14,40-70k,1474,243,16.5,14.7,18.5,false,motriskindex-families-2024-v5
toyota-gt86,10-14,70-100k,1239,318,25.7,23.3,28.2,false,motriskindex-families-2024-v5
toyota-gt86,10-14,100-140k,395,106,26.8,22.7,31.4,true,motriskindex-families-2024-v5
toyota-hiace,6-9,40-70k,50,10,20.0,11.2,33.0,true,motriskindex-families-2024-v5
toyota-hiace,6-9,70-100k,77,21,27.3,18.6,38.1,true,motriskindex-families-2024-v5
toyota-hiace,6-9,100-140k,80,20,25.0,16.8,35.5,true,motriskindex-families-2024-v5
toyota-hiace,6-9,140k+,55,21,38.2,26.5,51.4,true,motriskindex-families-2024-v5
toyota-hiace,10-14,<40k,64,10,15.6,8.7,26.4,true,motriskindex-families-2024-v5
toyota-hiace,10-14,40-70k,194,44,22.7,17.4,29.1,true,motriskindex-families-2024-v5
toyota-hiace,10-14,70-100k,296,80,27.0,22.3,32.4,true,motriskindex-families-2024-v5
toyota-hiace,10-14,100-140k,453,150,33.1,28.9,37.6,true,motriskindex-families-2024-v5
toyota-hiace,10-14,140k+,689,261,37.9,34.3,41.6,false,motriskindex-families-2024-v5
toyota-hiace,15+,<40k,154,23,14.9,10.2,21.4,true,motriskindex-families-2024-v5
toyota-hiace,15+,40-70k,687,131,19.1,16.3,22.2,false,motriskindex-families-2024-v5
toyota-hiace,15+,70-100k,1505,461,30.6,28.4,33.0,false,motriskindex-families-2024-v5
toyota-hiace,15+,100-140k,2955,1038,35.1,33.4,36.9,false,motriskindex-families-2024-v5
toyota-hiace,15+,140k+,5886,2406,40.9,39.6,42.1,false,motriskindex-families-2024-v5
toyota-hilux,3-5,<40k,7981,1204,15.1,14.3,15.9,false,motriskindex-families-2024-v5
toyota-hilux,3-5,40-70k,6442,1221,19.0,18.0,19.9,false,motriskindex-families-2024-v5
toyota-hilux,3-5,70-100k,2527,590,23.3,21.7,25.0,false,motriskindex-families-2024-v5
toyota-hilux,3-5,100-140k,878,229,26.1,23.3,29.1,false,motriskindex-families-2024-v5
toyota-hilux,3-5,140k+,157,49,31.2,24.5,38.8,true,motriskindex-families-2024-v5
toyota-hilux,6-9,<40k,2236,392,17.5,16.0,19.2,false,motriskindex-families-2024-v5
toyota-hilux,6-9,40-70k,6220,1316,21.2,20.2,22.2,false,motriskindex-families-2024-v5
toyota-hilux,6-9,70-100k,5901,1665,28.2,27.1,29.4,false,motriskindex-families-2024-v5
toyota-hilux,6-9,100-140k,3948,1320,33.4,32.0,34.9,false,motriskindex-families-2024-v5
toyota-hilux,6-9,140k+,1798,662,36.8,34.6,39.1,false,motriskindex-families-2024-v5
toyota-hilux,10-14,<40k,668,160,24.0,20.9,27.3,false,motriskindex-families-2024-v5
toyota-hilux,10-14,40-70k,2611,815,31.2,29.5,33.0,false,motriskindex-families-2024-v5
toyota-hilux,10-14,70-100k,5004,1847,36.9,35.6,38.3,false,motriskindex-families-2024-v5
toyota-hilux,10-14,100-140k,6026,2492,41.4,40.1,42.6,false,motriskindex-families-2024-v5
toyota-hilux,10-14,140k+,4516,2018,44.7,43.2,46.1,false,motriskindex-families-2024-v5
toyota-hilux,15+,<40k,153,28,18.3,13.0,25.2,true,motriskindex-families-2024-v5
toyota-hilux,15+,40-70k,653,216,33.1,29.6,36.8,false,motriskindex-families-2024-v5
toyota-hilux,15+,70-100k,1619,646,39.9,37.5,42.3,false,motriskindex-families-2024-v5
toyota-hilux,15+,100-140k,3541,1521,43.0,41.3,44.6,false,motriskindex-families-2024-v5
toyota-hilux,15+,140k+,6371,2818,44.2,43.0,45.5,false,motriskindex-families-2024-v5
toyota-iq,10-14,<40k,2488,339,13.6,12.3,15.0,false,motriskindex-families-2024-v5
toyota-iq,10-14,40-70k,4042,839,20.8,19.5,22.0,false,motriskindex-families-2024-v5
toyota-iq,10-14,70-100k,2728,802,29.4,27.7,31.1,false,motriskindex-families-2024-v5
toyota-iq,10-14,100-140k,1146,408,35.6,32.9,38.4,false,motriskindex-families-2024-v5
toyota-iq,10-14,140k+,260,118,45.4,39.4,51.5,true,motriskindex-families-2024-v5
toyota-iq,15+,<40k,789,125,15.8,13.5,18.6,false,motriskindex-families-2024-v5
toyota-iq,15+,40-70k,2011,456,22.7,20.9,24.6,false,motriskindex-families-2024-v5
toyota-iq,15+,70-100k,1953,595,30.5,28.5,32.5,false,motriskindex-families-2024-v5
toyota-iq,15+,100-140k,1154,395,34.2,31.5,37.0,false,motriskindex-families-2024-v5
toyota-iq,15+,140k+,284,104,36.6,31.2,42.4,true,motriskindex-families-2024-v5
toyota-land-cruiser,3-5,<40k,844,85,10.1,8.2,12.3,false,motriskindex-families-2024-v5
toyota-land-cruiser,3-5,40-70k,479,71,14.8,11.9,18.3,true,motriskindex-families-2024-v5
toyota-land-cruiser,3-5,70-100k,115,23,20.0,13.7,28.2,true,motriskindex-families-2024-v5
toyota-land-cruiser,6-9,<40k,439,37,8.4,6.2,11.4,true,motriskindex-families-2024-v5
toyota-land-cruiser,6-9,40-70k,919,115,12.5,10.5,14.8,false,motriskindex-families-2024-v5
toyota-land-cruiser,6-9,70-100k,580,89,15.3,12.6,18.5,false,motriskindex-families-2024-v5
toyota-land-cruiser,6-9,100-140k,312,60,19.2,15.2,24.0,true,motriskindex-families-2024-v5
toyota-land-cruiser,6-9,140k+,84,19,22.6,15.0,32.6,true,motriskindex-families-2024-v5
toyota-land-cruiser,10-14,<40k,150,16,10.7,6.7,16.6,true,motriskindex-families-2024-v5
toyota-land-cruiser,10-14,40-70k,458,59,12.9,10.1,16.3,true,motriskindex-families-2024-v5
toyota-land-cruiser,10-14,70-100k,676,114,16.9,14.2,19.9,false,motriskindex-families-2024-v5
toyota-land-cruiser,10-14,100-140k,799,168,21.0,18.3,24.0,false,motriskindex-families-2024-v5
toyota-land-cruiser,10-14,140k+,516,142,27.5,23.8,31.5,false,motriskindex-families-2024-v5
toyota-land-cruiser,15+,<40k,104,15,14.4,8.9,22.4,true,motriskindex-families-2024-v5
toyota-land-cruiser,15+,40-70k,391,74,18.9,15.4,23.1,true,motriskindex-families-2024-v5
toyota-land-cruiser,15+,70-100k,1094,280,25.6,23.1,28.3,false,motriskindex-families-2024-v5
toyota-land-cruiser,15+,100-140k,3043,1069,35.1,33.5,36.8,false,motriskindex-families-2024-v5
toyota-land-cruiser,15+,140k+,6947,2681,38.6,37.5,39.7,false,motriskindex-families-2024-v5
toyota-mr2,15+,<40k,553,72,13.0,10.5,16.1,false,motriskindex-families-2024-v5
toyota-mr2,15+,40-70k,1639,455,27.8,25.6,30.0,false,motriskindex-families-2024-v5
toyota-mr2,15+,70-100k,2609,925,35.5,33.6,37.3,false,motriskindex-families-2024-v5
toyota-mr2,15+,100-140k,2153,842,39.1,37.1,41.2,false,motriskindex-families-2024-v5
toyota-mr2,15+,140k+,610,237,38.9,35.1,42.8,false,motriskindex-families-2024-v5
toyota-previa,10-14,40-70k,61,15,24.6,15.5,36.7,true,motriskindex-families-2024-v5
toyota-previa,10-14,140k+,61,35,57.4,44.9,69.0,true,motriskindex-families-2024-v5
toyota-previa,15+,40-70k,127,36,28.3,21.2,36.7,true,motriskindex-families-2024-v5
toyota-previa,15+,70-100k,448,198,44.2,39.7,48.8,true,motriskindex-families-2024-v5
toyota-previa,15+,100-140k,1169,526,45.0,42.2,47.9,false,motriskindex-families-2024-v5
toyota-previa,15+,140k+,1860,937,50.4,48.1,52.6,false,motriskindex-families-2024-v5
toyota-prius,3-5,<40k,8241,737,8.9,8.3,9.6,false,motriskindex-families-2024-v5
toyota-prius,3-5,40-70k,6787,705,10.4,9.7,11.1,false,motriskindex-families-2024-v5
toyota-prius,3-5,70-100k,4109,533,13.0,12.0,14.0,false,motriskindex-families-2024-v5
toyota-prius,3-5,100-140k,4229,663,15.7,14.6,16.8,false,motriskindex-families-2024-v5
toyota-prius,3-5,140k+,4707,1051,22.3,21.2,23.5,false,motriskindex-families-2024-v5
toyota-prius,6-9,<40k,6115,591,9.7,8.9,10.4,false,motriskindex-families-2024-v5
toyota-prius,6-9,40-70k,11193,1419,12.7,12.1,13.3,false,motriskindex-families-2024-v5
toyota-prius,6-9,70-100k,9477,1358,14.3,13.6,15.0,false,motriskindex-families-2024-v5
toyota-prius,6-9,100-140k,9730,1426,14.7,14.0,15.4,false,motriskindex-families-2024-v5
toyota-prius,6-9,140k+,20972,4265,20.3,19.8,20.9,false,motriskindex-families-2024-v5
toyota-prius,10-14,<40k,1070,162,15.1,13.1,17.4,false,motriskindex-families-2024-v5
toyota-prius,10-14,40-70k,4536,879,19.4,18.3,20.6,false,motriskindex-families-2024-v5
toyota-prius,10-14,70-100k,5759,1458,25.3,24.2,26.5,false,motriskindex-families-2024-v5
toyota-prius,10-14,100-140k,6412,1752,27.3,26.2,28.4,false,motriskindex-families-2024-v5
toyota-prius,10-14,140k+,23083,7040,30.5,29.9,31.1,false,motriskindex-families-2024-v5
toyota-prius,15+,<40k,288,58,20.1,15.9,25.1,true,motriskindex-families-2024-v5
toyota-prius,15+,40-70k,1574,377,24.0,21.9,26.1,false,motriskindex-families-2024-v5
toyota-prius,15+,70-100k,3558,1028,28.9,27.4,30.4,false,motriskindex-families-2024-v5
toyota-prius,15+,100-140k,6593,2368,35.9,34.8,37.1,false,motriskindex-families-2024-v5
toyota-prius,15+,140k+,14335,5778,40.3,39.5,41.1,false,motriskindex-families-2024-v5
toyota-proace,3-5,<40k,2502,439,17.5,16.1,19.1,false,motriskindex-families-2024-v5
toyota-proace,3-5,40-70k,2497,676,27.1,25.4,28.8,false,motriskindex-families-2024-v5
toyota-proace,3-5,70-100k,972,299,30.8,27.9,33.7,false,motriskindex-families-2024-v5
toyota-proace,3-5,100-140k,355,115,32.4,27.7,37.4,true,motriskindex-families-2024-v5
toyota-proace,3-5,140k+,67,29,43.3,32.1,55.2,true,motriskindex-families-2024-v5
toyota-proace,6-9,<40k,466,78,16.7,13.6,20.4,true,motriskindex-families-2024-v5
toyota-proace,6-9,40-70k,1594,464,29.1,26.9,31.4,false,motriskindex-families-2024-v5
toyota-proace,6-9,70-100k,1599,593,37.1,34.8,39.5,false,motriskindex-families-2024-v5
toyota-proace,6-9,100-140k,1231,481,39.1,36.4,41.8,false,motriskindex-families-2024-v5
toyota-proace,6-9,140k+,396,157,39.6,35.0,44.5,true,motriskindex-families-2024-v5
toyota-proace,10-14,40-70k,138,58,42.0,34.1,50.4,true,motriskindex-families-2024-v5
toyota-proace,10-14,70-100k,285,148,51.9,46.1,57.7,true,motriskindex-families-2024-v5
toyota-proace,10-14,100-140k,352,181,51.4,46.2,56.6,true,motriskindex-families-2024-v5
toyota-proace,10-14,140k+,196,89,45.4,38.6,52.4,true,motriskindex-families-2024-v5
toyota-rav4,3-5,<40k,23197,1653,7.1,6.8,7.5,false,motriskindex-families-2024-v5
toyota-rav4,3-5,40-70k,8749,997,11.4,10.7,12.1,false,motriskindex-families-2024-v5
toyota-rav4,3-5,70-100k,1672,191,11.4,10.0,13.0,false,motriskindex-families-2024-v5
toyota-rav4,3-5,100-140k,338,39,11.5,8.6,15.4,true,motriskindex-families-2024-v5
toyota-rav4,6-9,<40k,6478,705,10.9,10.1,11.7,false,motriskindex-families-2024-v5
toyota-rav4,6-9,40-70k,12919,1984,15.4,14.7,16.0,false,motriskindex-families-2024-v5
toyota-rav4,6-9,70-100k,6656,1229,18.5,17.6,19.4,false,motriskindex-families-2024-v5
toyota-rav4,6-9,100-140k,1969,481,24.4,22.6,26.4,false,motriskindex-families-2024-v5
toyota-rav4,6-9,140k+,456,119,26.1,22.3,30.3,true,motriskindex-families-2024-v5
toyota-rav4,10-14,<40k,925,101,10.9,9.1,13.1,false,motriskindex-families-2024-v5
toyota-rav4,10-14,40-70k,4969,829,16.7,15.7,17.7,false,motriskindex-families-2024-v5
toyota-rav4,10-14,70-100k,8279,1948,23.5,22.6,24.5,false,motriskindex-families-2024-v5
toyota-rav4,10-14,100-140k,6826,2067,30.3,29.2,31.4,false,motriskindex-families-2024-v5
toyota-rav4,10-14,140k+,2029,782,38.5,36.4,40.7,false,motriskindex-families-2024-v5
toyota-rav4,15+,<40k,528,87,16.5,13.6,19.9,false,motriskindex-families-2024-v5
toyota-rav4,15+,40-70k,3660,953,26.0,24.6,27.5,false,motriskindex-families-2024-v5
toyota-rav4,15+,70-100k,9887,3291,33.3,32.4,34.2,false,motriskindex-families-2024-v5
toyota-rav4,15+,100-140k,17370,7012,40.4,39.6,41.1,false,motriskindex-families-2024-v5
toyota-rav4,15+,140k+,10468,4785,45.7,44.8,46.7,false,motriskindex-families-2024-v5
toyota-starlet,15+,70-100k,96,14,14.6,8.9,23.0,true,motriskindex-families-2024-v5
toyota-starlet,15+,100-140k,101,18,17.8,11.6,26.4,true,motriskindex-families-2024-v5
toyota-starlet,15+,140k+,90,31,34.4,25.4,44.7,true,motriskindex-families-2024-v5
toyota-supra,15+,40-70k,148,15,10.1,6.2,16.0,true,motriskindex-families-2024-v5
toyota-supra,15+,70-100k,316,39,12.3,9.2,16.4,true,motriskindex-families-2024-v5
toyota-supra,15+,100-140k,268,33,12.3,8.9,16.8,true,motriskindex-families-2024-v5
toyota-supra,15+,140k+,141,28,19.9,14.1,27.2,true,motriskindex-families-2024-v5
toyota-urban-cruiser,10-14,<40k,153,21,13.7,9.2,20.1,true,motriskindex-families-2024-v5
toyota-urban-cruiser,10-14,40-70k,666,140,21.0,18.1,24.3,false,motriskindex-families-2024-v5
toyota-urban-cruiser,10-14,70-100k,944,280,29.7,26.8,32.7,false,motriskindex-families-2024-v5
toyota-urban-cruiser,10-14,100-140k,724,260,35.9,32.5,39.5,false,motriskindex-families-2024-v5
toyota-urban-cruiser,10-14,140k+,163,58,35.6,28.6,43.2,true,motriskindex-families-2024-v5
toyota-urban-cruiser,15+,40-70k,208,47,22.6,17.4,28.7,true,motriskindex-families-2024-v5
toyota-urban-cruiser,15+,70-100k,462,163,35.3,31.1,39.7,true,motriskindex-families-2024-v5
toyota-urban-cruiser,15+,100-140k,410,147,35.9,31.4,40.6,true,motriskindex-families-2024-v5
toyota-urban-cruiser,15+,140k+,75,36,48.0,37.1,59.1,true,motriskindex-families-2024-v5
toyota-vellfire,10-14,<40k,160,15,9.4,5.8,14.9,true,motriskindex-families-2024-v5
toyota-vellfire,10-14,40-70k,648,89,13.7,11.3,16.6,false,motriskindex-families-2024-v5
toyota-vellfire,10-14,70-100k,503,79,15.7,12.8,19.1,false,motriskindex-families-2024-v5
toyota-vellfire,10-14,100-140k,91,26,28.6,20.3,38.6,true,motriskindex-families-2024-v5
toyota-vellfire,15+,40-70k,307,48,15.6,12.0,20.1,true,motriskindex-families-2024-v5
toyota-vellfire,15+,70-100k,254,39,15.4,11.4,20.3,true,motriskindex-families-2024-v5
toyota-vellfire,15+,100-140k,85,19,22.4,14.8,32.3,true,motriskindex-families-2024-v5
toyota-verso,6-9,<40k,1842,228,12.4,11.0,14.0,false,motriskindex-families-2024-v5
toyota-verso,6-9,40-70k,4027,784,19.5,18.3,20.7,false,motriskindex-families-2024-v5
toyota-verso,6-9,70-100k,2360,552,23.4,21.7,25.1,false,motriskindex-families-2024-v5
toyota-verso,6-9,100-140k,946,297,31.4,28.5,34.4,false,motriskindex-families-2024-v5
toyota-verso,6-9,140k+,643,198,30.8,27.3,34.5,false,motriskindex-families-2024-v5
toyota-verso,10-14,<40k,754,107,14.2,11.9,16.9,false,motriskindex-families-2024-v5
toyota-verso,10-14,40-70k,3351,805,24.0,22.6,25.5,false,motriskindex-families-2024-v5
toyota-verso,10-14,70-100k,5115,1588,31.0,29.8,32.3,false,motriskindex-families-2024-v5
toyota-verso,10-14,100-140k,4282,1644,38.4,36.9,39.9,false,motriskindex-families-2024-v5
toyota-verso,10-14,140k+,2467,1015,41.1,39.2,43.1,false,motriskindex-families-2024-v5
toyota-verso,15+,40-70k,209,60,28.7,23.0,35.2,true,motriskindex-families-2024-v5
toyota-verso,15+,70-100k,504,180,35.7,31.7,40.0,false,motriskindex-families-2024-v5
toyota-verso,15+,100-140k,818,316,38.6,35.4,42.0,false,motriskindex-families-2024-v5
toyota-verso,15+,140k+,519,222,42.8,38.6,47.1,false,motriskindex-families-2024-v5
toyota-vitz,6-9,<40k,92,7,7.6,3.7,14.9,true,motriskindex-families-2024-v5
toyota-vitz,6-9,40-70k,115,9,7.8,4.2,14.2,true,motriskindex-families-2024-v5
toyota-vitz,10-14,<40k,488,64,13.1,10.4,16.4,true,motriskindex-families-2024-v5
toyota-vitz,10-14,40-70k,601,112,18.6,15.7,21.9,false,motriskindex-families-2024-v5
toyota-vitz,10-14,70-100k,130,30,23.1,16.7,31.0,true,motriskindex-families-2024-v5
toyota-voxy,3-5,<40k,122,3,2.5,0.8,7.0,true,motriskindex-families-2024-v5
toyota-voxy,3-5,40-70k,91,7,7.7,3.8,15.0,true,motriskindex-families-2024-v5
toyota-voxy,6-9,<40k,160,9,5.6,3.0,10.3,true,motriskindex-families-2024-v5
toyota-voxy,6-9,40-70k,338,23,6.8,4.6,10.0,true,motriskindex-families-2024-v5
toyota-voxy,6-9,70-100k,201,21,10.4,6.9,15.4,true,motriskindex-families-2024-v5
toyota-voxy,6-9,100-140k,117,26,22.2,15.6,30.6,true,motriskindex-families-2024-v5
toyota-voxy,6-9,140k+,54,13,24.1,14.6,36.9,true,motriskindex-families-2024-v5
toyota-voxy,10-14,40-70k,139,21,15.1,10.1,22.0,true,motriskindex-families-2024-v5
toyota-voxy,10-14,70-100k,142,34,23.9,17.7,31.6,true,motriskindex-families-2024-v5
toyota-voxy,15+,40-70k,51,14,27.5,17.1,40.9,true,motriskindex-families-2024-v5
toyota-voxy,15+,70-100k,56,21,37.5,26.0,50.6,true,motriskindex-families-2024-v5
toyota-yaris,3-5,<40k,66038,6044,9.2,8.9,9.4,false,motriskindex-families-2024-v5
toyota-yaris,3-5,40-70k,8385,1480,17.7,16.8,18.5,false,motriskindex-families-2024-v5
toyota-yaris,3-5,70-100k,901,192,21.3,18.8,24.1,false,motriskindex-families-2024-v5
toyota-yaris,3-5,100-140k,165,41,24.8,18.9,32.0,true,motriskindex-families-2024-v5
toyota-yaris,6-9,<40k,55495,6844,12.3,12.1,12.6,false,motriskindex-families-2024-v5
toyota-yaris,6-9,40-70k,43010,8645,20.1,19.7,20.5,false,motriskindex-families-2024-v5
toyota-yaris,6-9,70-100k,12120,3146,26.0,25.2,26.7,false,motriskindex-families-2024-v5
toyota-yaris,6-9,100-140k,2951,798,27.0,25.5,28.7,false,motriskindex-families-2024-v5
toyota-yaris,6-9,140k+,679,206,30.3,27.0,33.9,false,motriskindex-families-2024-v5
toyota-yaris,10-14,<40k,20990,3622,17.3,16.8,17.8,false,motriskindex-families-2024-v5
toyota-yaris,10-14,40-70k,46450,11989,25.8,25.4,26.2,false,motriskindex-families-2024-v5
toyota-yaris,10-14,70-100k,34369,11677,34.0,33.5,34.5,false,motriskindex-families-2024-v5
toyota-yaris,10-14,100-140k,15305,5876,38.4,37.6,39.2,false,motriskindex-families-2024-v5
toyota-yaris,10-14,140k+,3364,1383,41.1,39.5,42.8,false,motriskindex-families-2024-v5
toyota-yaris,15+,<40k,9343,2339,25.0,24.2,25.9,false,motriskindex-families-2024-v5
toyota-yaris,15+,40-70k,33179,11955,36.0,35.5,36.6,false,motriskindex-families-2024-v5
toyota-yaris,15+,70-100k,46709,20327,43.5,43.1,44.0,false,motriskindex-families-2024-v5
toyota-yaris,15+,100-140k,41625,20335,48.9,48.4,49.3,false,motriskindex-families-2024-v5
toyota-yaris,15+,140k+,15487,7962,51.4,50.6,52.2,false,motriskindex-families-2024-v5
triumph-stag,15+,<40k,475,99,20.8,17.4,24.7,true,motriskindex-families-2024-v5
triumph-stag,15+,40-70k,318,54,17.0,13.3,21.5,true,motriskindex-families-2024-v5
triumph-stag,15+,70-100k,443,83,18.7,15.4,22.6,true,motriskindex-families-2024-v5
tvr-chimaera,15+,<40k,107,8,7.5,3.8,14.1,true,motriskindex-families-2024-v5
tvr-chimaera,15+,40-70k,176,29,16.5,11.7,22.7,true,motriskindex-families-2024-v5
tvr-chimaera,15+,70-100k,54,6,11.1,5.2,22.2,true,motriskindex-families-2024-v5
vauxhall-adam,3-5,<40k,4084,744,18.2,17.1,19.4,false,motriskindex-families-2024-v5
vauxhall-adam,3-5,40-70k,686,176,25.7,22.5,29.1,false,motriskindex-families-2024-v5
vauxhall-adam,6-9,<40k,13340,2877,21.6,20.9,22.3,false,motriskindex-families-2024-v5
vauxhall-adam,6-9,40-70k,15773,5094,32.3,31.6,33.0,false,motriskindex-families-2024-v5
vauxhall-adam,6-9,70-100k,3732,1421,38.1,36.5,39.6,false,motriskindex-families-2024-v5
vauxhall-adam,6-9,100-140k,398,150,37.7,33.1,42.5,true,motriskindex-families-2024-v5
vauxhall-adam,10-14,<40k,3164,785,24.8,23.3,26.3,false,motriskindex-families-2024-v5
vauxhall-adam,10-14,40-70k,10251,3420,33.4,32.5,34.3,false,motriskindex-families-2024-v5
vauxhall-adam,10-14,70-100k,6113,2407,39.4,38.2,40.6,false,motriskindex-families-2024-v5
vauxhall-adam,10-14,100-140k,1321,567,42.9,40.3,45.6,false,motriskindex-families-2024-v5
vauxhall-adam,10-14,140k+,91,41,45.1,35.2,55.3,true,motriskindex-families-2024-v5
vauxhall-agila,6-9,<40k,108,23,21.3,14.6,29.9,true,motriskindex-families-2024-v5
vauxhall-agila,6-9,40-70k,82,11,13.4,7.7,22.4,true,motriskindex-families-2024-v5
vauxhall-agila,10-14,<40k,5996,1292,21.5,20.5,22.6,false,motriskindex-families-2024-v5
vauxhall-agila,10-14,40-70k,7631,2674,35.0,34.0,36.1,false,motriskindex-families-2024-v5
vauxhall-agila,10-14,70-100k,3894,1778,45.7,44.1,47.2,false,motriskindex-families-2024-v5
vauxhall-agila,10-14,100-140k,1371,712,51.9,49.3,54.6,false,motriskindex-families-2024-v5
vauxhall-agila,10-14,140k+,205,120,58.5,51.7,65.1,true,motriskindex-families-2024-v5
vauxhall-agila,15+,<40k,2241,668,29.8,28.0,31.7,false,motriskindex-families-2024-v5
vauxhall-agila,15+,40-70k,5949,2425,40.8,39.5,42.0,false,motriskindex-families-2024-v5
vauxhall-agila,15+,70-100k,5036,2427,48.2,46.8,49.6,false,motriskindex-families-2024-v5
vauxhall-agila,15+,100-140k,2317,1224,52.8,50.8,54.9,false,motriskindex-families-2024-v5
vauxhall-agila,15+,140k+,336,182,54.2,48.8,59.4,true,motriskindex-families-2024-v5
vauxhall-ampera,10-14,<40k,55,9,16.4,8.9,28.3,true,motriskindex-families-2024-v5
vauxhall-ampera,10-14,40-70k,214,50,23.4,18.2,29.5,true,motriskindex-families-2024-v5
vauxhall-ampera,10-14,70-100k,355,105,29.6,25.1,34.5,true,motriskindex-families-2024-v5
vauxhall-ampera,10-14,100-140k,315,111,35.2,30.2,40.7,true,motriskindex-families-2024-v5
vauxhall-ampera,10-14,140k+,136,48,35.3,27.8,43.6,true,motriskindex-families-2024-v5
vauxhall-antara,6-9,<40k,246,66,26.8,21.7,32.7,true,motriskindex-families-2024-v5
vauxhall-antara,6-9,40-70k,1281,468,36.5,33.9,39.2,false,motriskindex-families-2024-v5
vauxhall-antara,6-9,70-100k,1009,476,47.2,44.1,50.3,false,motriskindex-families-2024-v5
vauxhall-antara,6-9,100-140k,312,160,51.3,45.8,56.8,true,motriskindex-families-2024-v5
vauxhall-antara,10-14,<40k,439,126,28.7,24.7,33.1,true,motriskindex-families-2024-v5
vauxhall-antara,10-14,40-70k,3802,1490,39.2,37.6,40.8,false,motriskindex-families-2024-v5
vauxhall-antara,10-14,70-100k,7347,3399,46.3,45.1,47.4,false,motriskindex-families-2024-v5
vauxhall-antara,10-14,100-140k,4058,2043,50.3,48.8,51.9,false,motriskindex-families-2024-v5
vauxhall-antara,10-14,140k+,535,270,50.5,46.2,54.7,false,motriskindex-families-2024-v5
vauxhall-antara,15+,40-70k,108,45,41.7,32.8,51.1,true,motriskindex-families-2024-v5
vauxhall-antara,15+,70-100k,477,239,50.1,45.6,54.6,true,motriskindex-families-2024-v5
vauxhall-antara,15+,100-140k,677,345,51.0,47.2,54.7,false,motriskindex-families-2024-v5
vauxhall-antara,15+,140k+,169,87,51.5,44.0,58.9,true,motriskindex-families-2024-v5
vauxhall-astra,3-5,<40k,14969,1787,11.9,11.4,12.5,false,motriskindex-families-2024-v5
vauxhall-astra,3-5,40-70k,8227,1586,19.3,18.4,20.1,false,motriskindex-families-2024-v5
vauxhall-astra,3-5,70-100k,1455,355,24.4,22.3,26.7,false,motriskindex-families-2024-v5
vauxhall-astra,3-5,100-140k,394,114,28.9,24.7,33.6,true,motriskindex-families-2024-v5
vauxhall-astra,3-5,140k+,72,20,27.8,18.8,39.0,true,motriskindex-families-2024-v5
vauxhall-astra,6-9,<40k,35476,5038,14.2,13.8,14.6,false,motriskindex-families-2024-v5
vauxhall-astra,6-9,40-70k,79667,17640,22.1,21.9,22.4,false,motriskindex-families-2024-v5
vauxhall-astra,6-9,70-100k,45497,13516,29.7,29.3,30.1,false,motriskindex-families-2024-v5
vauxhall-astra,6-9,100-140k,15637,5296,33.9,33.1,34.6,false,motriskindex-families-2024-v5
vauxhall-astra,6-9,140k+,3548,1246,35.1,33.6,36.7,false,motriskindex-families-2024-v5
vauxhall-astra,10-14,<40k,10350,2060,19.9,19.1,20.7,false,motriskindex-families-2024-v5
vauxhall-astra,10-14,40-70k,52842,14982,28.4,28.0,28.7,false,motriskindex-families-2024-v5
vauxhall-astra,10-14,70-100k,91367,32748,35.8,35.5,36.2,false,motriskindex-families-2024-v5
vauxhall-astra,10-14,100-140k,74246,29981,40.4,40.0,40.7,false,motriskindex-families-2024-v5
vauxhall-astra,10-14,140k+,24075,10155,42.2,41.6,42.8,false,motriskindex-families-2024-v5
vauxhall-astra,15+,<40k,4165,1063,25.5,24.2,26.9,false,motriskindex-families-2024-v5
vauxhall-astra,15+,40-70k,23608,8512,36.1,35.4,36.7,false,motriskindex-families-2024-v5
vauxhall-astra,15+,70-100k,50781,22429,44.2,43.7,44.6,false,motriskindex-families-2024-v5
vauxhall-astra,15+,100-140k,63759,31480,49.4,49.0,49.8,false,motriskindex-families-2024-v5
vauxhall-astra,15+,140k+,29451,15214,51.7,51.1,52.2,false,motriskindex-families-2024-v5
vauxhall-astravan,10-14,40-70k,63,24,38.1,27.1,50.4,true,motriskindex-families-2024-v5
vauxhall-astravan,10-14,70-100k,205,68,33.2,27.1,39.9,true,motriskindex-families-2024-v5
vauxhall-astravan,10-14,100-140k,520,206,39.6,35.5,43.9,false,motriskindex-families-2024-v5
vauxhall-astravan,10-14,140k+,1004,427,42.5,39.5,45.6,false,motriskindex-families-2024-v5
vauxhall-astravan,15+,40-70k,196,74,37.8,31.3,44.7,true,motriskindex-families-2024-v5
vauxhall-astravan,15+,70-100k,575,251,43.7,39.7,47.7,false,motriskindex-families-2024-v5
vauxhall-astravan,15+,100-140k,1772,831,46.9,44.6,49.2,false,motriskindex-families-2024-v5
vauxhall-astravan,15+,140k+,3245,1545,47.6,45.9,49.3,false,motriskindex-families-2024-v5
vauxhall-cascada,6-9,<40k,511,81,15.9,12.9,19.3,false,motriskindex-families-2024-v5
vauxhall-cascada,6-9,40-70k,584,127,21.7,18.6,25.3,false,motriskindex-families-2024-v5
vauxhall-cascada,6-9,70-100k,185,56,30.3,24.1,37.2,true,motriskindex-families-2024-v5
vauxhall-cascada,10-14,<40k,222,48,21.6,16.7,27.5,true,motriskindex-families-2024-v5
vauxhall-cascada,10-14,40-70k,604,146,24.2,20.9,27.7,false,motriskindex-families-2024-v5
vauxhall-cascada,10-14,70-100k,443,123,27.8,23.8,32.1,true,motriskindex-families-2024-v5
vauxhall-cascada,10-14,100-140k,182,62,34.1,27.6,41.2,true,motriskindex-families-2024-v5
vauxhall-combo,3-5,<40k,13392,3150,23.5,22.8,24.2,false,motriskindex-families-2024-v5
vauxhall-combo,3-5,40-70k,17305,5546,32.0,31.4,32.7,false,motriskindex-families-2024-v5
vauxhall-combo,3-5,70-100k,6208,2101,33.8,32.7,35.0,false,motriskindex-families-2024-v5
vauxhall-combo,3-5,100-140k,1442,476,33.0,30.6,35.5,false,motriskindex-families-2024-v5
vauxhall-combo,3-5,140k+,198,64,32.3,26.2,39.1,true,motriskindex-families-2024-v5
vauxhall-combo,6-9,<40k,1591,404,25.4,23.3,27.6,false,motriskindex-families-2024-v5
vauxhall-combo,6-9,40-70k,3941,1364,34.6,33.1,36.1,false,motriskindex-families-2024-v5
vauxhall-combo,6-9,70-100k,5351,2201,41.1,39.8,42.5,false,motriskindex-families-2024-v5
vauxhall-combo,6-9,100-140k,4488,1916,42.7,41.3,44.1,false,motriskindex-families-2024-v5
vauxhall-combo,6-9,140k+,1664,708,42.5,40.2,44.9,false,motriskindex-families-2024-v5
vauxhall-combo,10-14,<40k,785,228,29.0,26.0,32.3,false,motriskindex-families-2024-v5
vauxhall-combo,10-14,40-70k,4467,1388,31.1,29.7,32.4,false,motriskindex-families-2024-v5
vauxhall-combo,10-14,70-100k,6264,2607,41.6,40.4,42.8,false,motriskindex-families-2024-v5
vauxhall-combo,10-14,100-140k,7788,3761,48.3,47.2,49.4,false,motriskindex-families-2024-v5
vauxhall-combo,10-14,140k+,5650,2896,51.3,50.0,52.6,false,motriskindex-families-2024-v5
vauxhall-combo,15+,<40k,172,63,36.6,29.8,44.0,true,motriskindex-families-2024-v5
vauxhall-combo,15+,40-70k,1238,514,41.5,38.8,44.3,false,motriskindex-families-2024-v5
vauxhall-combo,15+,70-100k,4181,2061,49.3,47.8,50.8,false,motriskindex-families-2024-v5
vauxhall-combo,15+,100-140k,8606,4571,53.1,52.1,54.2,false,motriskindex-families-2024-v5
vauxhall-combo,15+,140k+,8521,4564,53.6,52.5,54.6,false,motriskindex-families-2024-v5
vauxhall-corsa,3-5,<40k,30921,5394,17.4,17.0,17.9,false,motriskindex-families-2024-v5
vauxhall-corsa,3-5,40-70k,10299,2321,22.5,21.7,23.4,false,motriskindex-families-2024-v5
vauxhall-corsa,3-5,70-100k,996,302,30.3,27.5,33.2,false,motriskindex-families-2024-v5
vauxhall-corsa,3-5,100-140k,134,44,32.8,25.5,41.2,true,motriskindex-families-2024-v5
vauxhall-corsa,6-9,<40k,88677,18975,21.4,21.1,21.7,false,motriskindex-families-2024-v5
vauxhall-corsa,6-9,40-70k,120784,35993,29.8,29.5,30.1,false,motriskindex-families-2024-v5
vauxhall-corsa,6-9,70-100k,46406,17191,37.0,36.6,37.5,false,motriskindex-families-2024-v5
vauxhall-corsa,6-9,100-140k,10647,4268,40.1,39.2,41.0,false,motriskindex-families-2024-v5
vauxhall-corsa,6-9,140k+,1695,644,38.0,35.7,40.3,false,motriskindex-families-2024-v5
vauxhall-corsa,10-14,<40k,32689,9163,28.0,27.5,28.5,false,motriskindex-families-2024-v5
vauxhall-corsa,10-14,40-70k,114121,44071,38.6,38.3,38.9,false,motriskindex-families-2024-v5
vauxhall-corsa,10-14,70-100k,121423,54080,44.5,44.3,44.8,false,motriskindex-families-2024-v5
vauxhall-corsa,10-14,100-140k,55742,26589,47.7,47.3,48.1,false,motriskindex-families-2024-v5
vauxhall-corsa,10-14,140k+,7780,3783,48.6,47.5,49.7,false,motriskindex-families-2024-v5
vauxhall-corsa,15+,<40k,10990,3598,32.7,31.9,33.6,false,motriskindex-families-2024-v5
vauxhall-corsa,15+,40-70k,43299,18459,42.6,42.2,43.1,false,motriskindex-families-2024-v5
vauxhall-corsa,15+,70-100k,65815,32269,49.0,48.6,49.4,false,motriskindex-families-2024-v5
vauxhall-corsa,15+,100-140k,47605,24856,52.2,51.8,52.7,false,motriskindex-families-2024-v5
vauxhall-corsa,15+,140k+,9294,4922,53.0,51.9,54.0,false,motriskindex-families-2024-v5
vauxhall-corsavan,10-14,40-70k,84,28,33.3,24.2,43.9,true,motriskindex-families-2024-v5
vauxhall-corsavan,10-14,70-100k,266,118,44.4,38.5,50.4,true,motriskindex-families-2024-v5
vauxhall-corsavan,10-14,100-140k,531,256,48.2,44.0,52.5,false,motriskindex-families-2024-v5
vauxhall-corsavan,10-14,140k+,445,226,50.8,46.2,55.4,true,motriskindex-families-2024-v5
vauxhall-corsavan,15+,40-70k,120,39,32.5,24.8,41.3,true,motriskindex-families-2024-v5
vauxhall-corsavan,15+,70-100k,443,214,48.3,43.7,53.0,true,motriskindex-families-2024-v5
vauxhall-corsavan,15+,100-140k,874,428,49.0,45.7,52.3,false,motriskindex-families-2024-v5
vauxhall-corsavan,15+,140k+,712,371,52.1,48.4,55.8,false,motriskindex-families-2024-v5
vauxhall-crossland,3-5,<40k,39666,4611,11.6,11.3,11.9,false,motriskindex-families-2024-v5
vauxhall-crossland,3-5,40-70k,11334,1850,16.3,15.7,17.0,false,motriskindex-families-2024-v5
vauxhall-crossland,3-5,70-100k,449,117,26.1,22.2,30.3,true,motriskindex-families-2024-v5
vauxhall-crossland,6-9,<40k,7203,1322,18.4,17.5,19.3,false,motriskindex-families-2024-v5
vauxhall-crossland,6-9,40-70k,6944,1747,25.2,24.2,26.2,false,motriskindex-families-2024-v5
vauxhall-crossland,6-9,70-100k,998,310,31.1,28.3,34.0,false,motriskindex-families-2024-v5
vauxhall-crossland,6-9,100-140k,96,32,33.3,24.7,43.2,true,motriskindex-families-2024-v5
vauxhall-grandland,3-5,<40k,36433,3863,10.6,10.3,10.9,false,motriskindex-families-2024-v5
vauxhall-grandland,3-5,40-70k,14726,2436,16.5,16.0,17.2,false,motriskindex-families-2024-v5
vauxhall-grandland,3-5,70-100k,1271,263,20.7,18.6,23.0,false,motriskindex-families-2024-v5
vauxhall-grandland,3-5,100-140k,147,35,23.8,17.6,31.3,true,motriskindex-families-2024-v5
vauxhall-grandland,6-9,<40k,5683,838,14.7,13.8,15.7,false,motriskindex-families-2024-v5
vauxhall-grandland,6-9,40-70k,8650,1917,22.2,21.3,23.0,false,motriskindex-families-2024-v5
vauxhall-grandland,6-9,70-100k,1634,462,28.3,26.1,30.5,false,motriskindex-families-2024-v5
vauxhall-grandland,6-9,100-140k,215,69,32.1,26.2,38.6,true,motriskindex-families-2024-v5
vauxhall-insignia,3-5,<40k,2813,404,14.4,13.1,15.7,false,motriskindex-families-2024-v5
vauxhall-insignia,3-5,40-70k,5064,951,18.8,17.7,19.9,false,motriskindex-families-2024-v5
vauxhall-insignia,3-5,70-100k,1959,454,23.2,21.4,25.1,false,motriskindex-families-2024-v5
vauxhall-insignia,3-5,100-140k,391,79,20.2,16.5,24.5,true,motriskindex-families-2024-v5
vauxhall-insignia,3-5,140k+,60,18,30.0,19.9,42.5,true,motriskindex-families-2024-v5
vauxhall-insignia,6-9,<40k,6098,961,15.8,14.9,16.7,false,motriskindex-families-2024-v5
vauxhall-insignia,6-9,40-70k,24016,5560,23.2,22.6,23.7,false,motriskindex-families-2024-v5
vauxhall-insignia,6-9,70-100k,26170,7616,29.1,28.6,29.7,false,motriskindex-families-2024-v5
vauxhall-insignia,6-9,100-140k,16732,5380,32.2,31.5,32.9,false,motriskindex-families-2024-v5
vauxhall-insignia,6-9,140k+,6105,2086,34.2,33.0,35.4,false,motriskindex-families-2024-v5
vauxhall-insignia,10-14,<40k,1274,240,18.8,16.8,21.1,false,motriskindex-families-2024-v5
vauxhall-insignia,10-14,40-70k,9576,2558,26.7,25.8,27.6,false,motriskindex-families-2024-v5
vauxhall-insignia,10-14,70-100k,27257,9112,33.4,32.9,34.0,false,motriskindex-families-2024-v5
vauxhall-insignia,10-14,100-140k,40361,15225,37.7,37.3,38.2,false,motriskindex-families-2024-v5
vauxhall-insignia,10-14,140k+,21835,8746,40.1,39.4,40.7,false,motriskindex-families-2024-v5
vauxhall-insignia,15+,<40k,118,21,17.8,11.9,25.7,true,motriskindex-families-2024-v5
vauxhall-insignia,15+,40-70k,723,222,30.7,27.5,34.2,false,motriskindex-families-2024-v5
vauxhall-insignia,15+,70-100k,2348,932,39.7,37.7,41.7,false,motriskindex-families-2024-v5
vauxhall-insignia,15+,100-140k,3882,1704,43.9,42.3,45.5,false,motriskindex-families-2024-v5
vauxhall-insignia,15+,140k+,2111,955,45.2,43.1,47.4,false,motriskindex-families-2024-v5
vauxhall-meriva,6-9,<40k,7352,1319,17.9,17.1,18.8,false,motriskindex-families-2024-v5
vauxhall-meriva,6-9,40-70k,8512,2352,27.6,26.7,28.6,false,motriskindex-families-2024-v5
vauxhall-meriva,6-9,70-100k,2755,937,34.0,32.3,35.8,false,motriskindex-families-2024-v5
vauxhall-meriva,6-9,100-140k,555,214,38.6,34.6,42.7,false,motriskindex-families-2024-v5
vauxhall-meriva,6-9,140k+,67,26,38.8,28.0,50.8,true,motriskindex-families-2024-v5
vauxhall-meriva,10-14,<40k,4604,986,21.4,20.3,22.6,false,motriskindex-families-2024-v5
vauxhall-meriva,10-14,40-70k,16202,4778,29.5,28.8,30.2,false,motriskindex-families-2024-v5
vauxhall-meriva,10-14,70-100k,17775,6629,37.3,36.6,38.0,false,motriskindex-families-2024-v5
vauxhall-meriva,10-14,100-140k,8570,3765,43.9,42.9,45.0,false,motriskindex-families-2024-v5
vauxhall-meriva,10-14,140k+,1254,589,47.0,44.2,49.7,false,motriskindex-families-2024-v5
vauxhall-meriva,15+,<40k,1127,380,33.7,31.0,36.5,false,motriskindex-families-2024-v5
vauxhall-meriva,15+,40-70k,5685,2540,44.7,43.4,46.0,false,motriskindex-families-2024-v5
vauxhall-meriva,15+,70-100k,8869,4711,53.1,52.1,54.2,false,motriskindex-families-2024-v5
vauxhall-meriva,15+,100-140k,6118,3434,56.1,54.9,57.4,false,motriskindex-families-2024-v5
vauxhall-meriva,15+,140k+,1077,646,60.0,57.0,62.9,false,motriskindex-families-2024-v5
vauxhall-mokka,3-5,<40k,27735,3654,13.2,12.8,13.6,false,motriskindex-families-2024-v5
vauxhall-mokka,3-5,40-70k,7166,1704,23.8,22.8,24.8,false,motriskindex-families-2024-v5
vauxhall-mokka,3-5,70-100k,482,147,30.5,26.6,34.7,true,motriskindex-families-2024-v5
vauxhall-mokka,6-9,<40k,45889,8515,18.6,18.2,18.9,false,motriskindex-families-2024-v5
vauxhall-mokka,6-9,40-70k,72850,22832,31.3,31.0,31.7,false,motriskindex-families-2024-v5
vauxhall-mokka,6-9,70-100k,26881,11003,40.9,40.3,41.5,false,motriskindex-families-2024-v5
vauxhall-mokka,6-9,100-140k,5237,2419,46.2,44.8,47.5,false,motriskindex-families-2024-v5
vauxhall-mokka,6-9,140k+,555,278,50.1,45.9,54.2,false,motriskindex-families-2024-v5
vauxhall-mokka,10-14,<40k,3447,622,18.0,16.8,19.4,false,motriskindex-families-2024-v5
vauxhall-mokka,10-14,40-70k,15842,4914,31.0,30.3,31.7,false,motriskindex-families-2024-v5
vauxhall-mokka,10-14,70-100k,16899,6548,38.7,38.0,39.5,false,motriskindex-families-2024-v5
vauxhall-mokka,10-14,100-140k,7482,3295,44.0,42.9,45.2,false,motriskindex-families-2024-v5
vauxhall-mokka,10-14,140k+,1246,585,47.0,44.2,49.7,false,motriskindex-families-2024-v5
vauxhall-movano,3-5,<40k,302,69,22.8,18.5,27.9,true,motriskindex-families-2024-v5
vauxhall-movano,3-5,40-70k,245,78,31.8,26.3,37.9,true,motriskindex-families-2024-v5
vauxhall-movano,3-5,70-100k,82,31,37.8,28.1,48.6,true,motriskindex-families-2024-v5
vauxhall-movano,6-9,<40k,168,33,19.6,14.3,26.3,true,motriskindex-families-2024-v5
vauxhall-movano,6-9,40-70k,269,77,28.6,23.6,34.3,true,motriskindex-families-2024-v5
vauxhall-movano,6-9,70-100k,227,73,32.2,26.4,38.5,true,motriskindex-families-2024-v5
vauxhall-movano,6-9,100-140k,257,107,41.6,35.8,47.7,true,motriskindex-families-2024-v5
vauxhall-movano,6-9,140k+,234,91,38.9,32.9,45.3,true,motriskindex-families-2024-v5
vauxhall-movano,10-14,<40k,50,15,30.0,19.1,43.8,true,motriskindex-families-2024-v5
vauxhall-movano,10-14,40-70k,103,31,30.1,22.1,39.5,true,motriskindex-families-2024-v5
vauxhall-movano,10-14,70-100k,154,49,31.8,25.0,39.5,true,motriskindex-families-2024-v5
vauxhall-movano,10-14,100-140k,223,95,42.6,36.3,49.2,true,motriskindex-families-2024-v5
vauxhall-movano,10-14,140k+,287,122,42.5,36.9,48.3,true,motriskindex-families-2024-v5
vauxhall-movano,15+,40-70k,119,43,36.1,28.1,45.1,true,motriskindex-families-2024-v5
vauxhall-movano,15+,70-100k,245,107,43.7,37.6,49.9,true,motriskindex-families-2024-v5
vauxhall-movano,15+,100-140k,465,223,48.0,43.5,52.5,true,motriskindex-families-2024-v5
vauxhall-movano,15+,140k+,802,380,47.4,43.9,50.8,false,motriskindex-families-2024-v5
vauxhall-omega,15+,40-70k,185,47,25.4,19.7,32.1,true,motriskindex-families-2024-v5
vauxhall-omega,15+,70-100k,290,93,32.1,27.0,37.6,true,motriskindex-families-2024-v5
vauxhall-omega,15+,100-140k,283,116,41.0,35.4,46.8,true,motriskindex-families-2024-v5
vauxhall-omega,15+,140k+,155,67,43.2,35.7,51.1,true,motriskindex-families-2024-v5
vauxhall-signum,15+,40-70k,95,31,32.6,24.0,42.6,true,motriskindex-families-2024-v5
vauxhall-signum,15+,70-100k,249,96,38.6,32.7,44.7,true,motriskindex-families-2024-v5
vauxhall-signum,15+,100-140k,419,207,49.4,44.6,54.2,true,motriskindex-families-2024-v5
vauxhall-signum,15+,140k+,359,155,43.2,38.2,48.3,true,motriskindex-families-2024-v5
vauxhall-tigra,15+,<40k,606,209,34.5,30.8,38.4,false,motriskindex-families-2024-v5
vauxhall-tigra,15+,40-70k,2124,925,43.5,41.5,45.7,false,motriskindex-families-2024-v5
vauxhall-tigra,15+,70-100k,2520,1295,51.4,49.4,53.3,false,motriskindex-families-2024-v5
vauxhall-tigra,15+,100-140k,1074,592,55.1,52.1,58.1,false,motriskindex-families-2024-v5
vauxhall-tigra,15+,140k+,112,54,48.2,39.2,57.4,true,motriskindex-families-2024-v5
vauxhall-vectra,15+,<40k,452,127,28.1,24.2,32.4,true,motriskindex-families-2024-v5
vauxhall-vectra,15+,40-70k,2801,1055,37.7,35.9,39.5,false,motriskindex-families-2024-v5
vauxhall-vectra,15+,70-100k,6894,3029,43.9,42.8,45.1,false,motriskindex-families-2024-v5
vauxhall-vectra,15+,100-140k,10899,5130,47.1,46.1,48.0,false,motriskindex-families-2024-v5
vauxhall-vectra,15+,140k+,7718,3708,48.0,46.9,49.2,false,motriskindex-families-2024-v5
vauxhall-viva,3-5,<40k,3497,446,12.8,11.7,13.9,false,motriskindex-families-2024-v5
vauxhall-viva,3-5,40-70k,539,115,21.3,18.1,25.0,false,motriskindex-families-2024-v5
vauxhall-viva,6-9,<40k,20101,2650,13.2,12.7,13.7,false,motriskindex-families-2024-v5
vauxhall-viva,6-9,40-70k,11285,2651,23.5,22.7,24.3,false,motriskindex-families-2024-v5
vauxhall-viva,6-9,70-100k,2383,761,31.9,30.1,33.8,false,motriskindex-families-2024-v5
vauxhall-viva,6-9,100-140k,353,146,41.4,36.3,46.6,true,motriskindex-families-2024-v5
vauxhall-viva,6-9,140k+,51,16,31.4,20.3,45.0,true,motriskindex-families-2024-v5
vauxhall-vivaro,3-5,<40k,9416,1936,20.6,19.8,21.4,false,motriskindex-families-2024-v5
vauxhall-vivaro,3-5,40-70k,13624,3744,27.5,26.7,28.2,false,motriskindex-families-2024-v5
vauxhall-vivaro,3-5,70-100k,6068,1809,29.8,28.7,31.0,false,motriskindex-families-2024-v5
vauxhall-vivaro,3-5,100-140k,2027,623,30.7,28.8,32.8,false,motriskindex-families-2024-v5
vauxhall-vivaro,3-5,140k+,415,148,35.7,31.2,40.4,true,motriskindex-families-2024-v5
vauxhall-vivaro,6-9,<40k,3801,969,25.5,24.1,26.9,false,motriskindex-families-2024-v5
vauxhall-vivaro,6-9,40-70k,14838,5275,35.6,34.8,36.3,false,motriskindex-families-2024-v5
vauxhall-vivaro,6-9,70-100k,18445,7511,40.7,40.0,41.4,false,motriskindex-families-2024-v5
vauxhall-vivaro,6-9,100-140k,16749,7099,42.4,41.6,43.1,false,motriskindex-families-2024-v5
vauxhall-vivaro,6-9,140k+,10012,4336,43.3,42.3,44.3,false,motriskindex-families-2024-v5
vauxhall-vivaro,10-14,<40k,572,166,29.0,25.5,32.9,false,motriskindex-families-2024-v5
vauxhall-vivaro,10-14,40-70k,3187,1295,40.6,38.9,42.3,false,motriskindex-families-2024-v5
vauxhall-vivaro,10-14,70-100k,8136,4090,50.3,49.2,51.4,false,motriskindex-families-2024-v5
vauxhall-vivaro,10-14,100-140k,15028,8099,53.9,53.1,54.7,false,motriskindex-families-2024-v5
vauxhall-vivaro,10-14,140k+,20124,10884,54.1,53.4,54.8,false,motriskindex-families-2024-v5
vauxhall-vivaro,15+,<40k,141,41,29.1,22.2,37.0,true,motriskindex-families-2024-v5
vauxhall-vivaro,15+,40-70k,772,321,41.6,38.2,45.1,false,motriskindex-families-2024-v5
vauxhall-vivaro,15+,70-100k,3340,1742,52.2,50.5,53.8,false,motriskindex-families-2024-v5
vauxhall-vivaro,15+,100-140k,11394,6135,53.8,52.9,54.8,false,motriskindex-families-2024-v5
vauxhall-vivaro,15+,140k+,23785,12786,53.8,53.1,54.4,false,motriskindex-families-2024-v5
vauxhall-zafira,6-9,<40k,7751,1289,16.6,15.8,17.5,false,motriskindex-families-2024-v5
vauxhall-zafira,6-9,40-70k,19600,4846,24.7,24.1,25.3,false,motriskindex-families-2024-v5
vauxhall-zafira,6-9,70-100k,10732,3445,32.1,31.2,33.0,false,motriskindex-families-2024-v5
vauxhall-zafira,6-9,100-140k,3672,1225,33.4,31.9,34.9,false,motriskindex-families-2024-v5
vauxhall-zafira,6-9,140k+,1364,416,30.5,28.1,33.0,false,motriskindex-families-2024-v5
vauxhall-zafira,10-14,<40k,3539,632,17.9,16.6,19.2,false,motriskindex-families-2024-v5
vauxhall-zafira,10-14,40-70k,20512,6049,29.5,28.9,30.1,false,motriskindex-families-2024-v5
vauxhall-zafira,10-14,70-100k,37525,14297,38.1,37.6,38.6,false,motriskindex-families-2024-v5
vauxhall-zafira,10-14,100-140k,30076,13329,44.3,43.8,44.9,false,motriskindex-families-2024-v5
vauxhall-zafira,10-14,140k+,8668,4021,46.4,45.3,47.4,false,motriskindex-families-2024-v5
vauxhall-zafira,15+,<40k,486,121,24.9,21.3,28.9,true,motriskindex-families-2024-v5
vauxhall-zafira,15+,40-70k,4356,1600,36.7,35.3,38.2,false,motriskindex-families-2024-v5
vauxhall-zafira,15+,70-100k,15228,6912,45.4,44.6,46.2,false,motriskindex-families-2024-v5
vauxhall-zafira,15+,100-140k,24964,12792,51.2,50.6,51.9,false,motriskindex-families-2024-v5
vauxhall-zafira,15+,140k+,10162,5306,52.2,51.2,53.2,false,motriskindex-families-2024-v5
volkswagen-amarok,3-5,<40k,1181,114,9.7,8.1,11.5,false,motriskindex-families-2024-v5
volkswagen-amarok,3-5,40-70k,2063,323,15.7,14.2,17.3,false,motriskindex-families-2024-v5
volkswagen-amarok,3-5,70-100k,1024,189,18.5,16.2,20.9,false,motriskindex-families-2024-v5
volkswagen-amarok,3-5,100-140k,397,89,22.4,18.6,26.8,true,motriskindex-families-2024-v5
volkswagen-amarok,3-5,140k+,82,19,23.2,15.4,33.4,true,motriskindex-families-2024-v5
volkswagen-amarok,6-9,<40k,504,53,10.5,8.1,13.5,false,motriskindex-families-2024-v5
volkswagen-amarok,6-9,40-70k,2645,472,17.8,16.4,19.4,false,motriskindex-families-2024-v5
volkswagen-amarok,6-9,70-100k,3293,792,24.1,22.6,25.5,false,motriskindex-families-2024-v5
volkswagen-amarok,6-9,100-140k,2366,676,28.6,26.8,30.4,false,motriskindex-families-2024-v5
volkswagen-amarok,6-9,140k+,1029,316,30.7,28.0,33.6,false,motriskindex-families-2024-v5
volkswagen-amarok,10-14,<40k,60,8,13.3,6.9,24.2,true,motriskindex-families-2024-v5
volkswagen-amarok,10-14,40-70k,466,108,23.2,19.6,27.2,true,motriskindex-families-2024-v5
volkswagen-amarok,10-14,70-100k,1335,362,27.1,24.8,29.6,false,motriskindex-families-2024-v5
volkswagen-amarok,10-14,100-140k,2164,706,32.6,30.7,34.6,false,motriskindex-families-2024-v5
volkswagen-amarok,10-14,140k+,1704,653,38.3,36.0,40.7,false,motriskindex-families-2024-v5
volkswagen-arteon,3-5,<40k,2917,336,11.5,10.4,12.7,false,motriskindex-families-2024-v5
volkswagen-arteon,3-5,40-70k,1871,282,15.1,13.5,16.8,false,motriskindex-families-2024-v5
volkswagen-arteon,3-5,70-100k,384,55,14.3,11.2,18.2,true,motriskindex-families-2024-v5
volkswagen-arteon,3-5,100-140k,87,19,21.8,14.5,31.6,true,motriskindex-families-2024-v5
volkswagen-arteon,6-9,<40k,480,56,11.7,9.1,14.8,true,motriskindex-families-2024-v5
volkswagen-arteon,6-9,40-70k,1395,183,13.1,11.4,15.0,false,motriskindex-families-2024-v5
volkswagen-arteon,6-9,70-100k,528,89,16.9,13.9,20.3,false,motriskindex-families-2024-v5
volkswagen-arteon,6-9,100-140k,156,34,21.8,16.0,28.9,true,motriskindex-families-2024-v5
volkswagen-beetle,6-9,<40k,2975,618,20.8,19.4,22.3,false,motriskindex-families-2024-v5
volkswagen-beetle,6-9,40-70k,3468,1084,31.3,29.7,32.8,false,motriskindex-families-2024-v5
volkswagen-beetle,6-9,70-100k,1205,425,35.3,32.6,38.0,false,motriskindex-families-2024-v5
volkswagen-beetle,6-9,100-140k,233,92,39.5,33.4,45.9,true,motriskindex-families-2024-v5
volkswagen-beetle,10-14,<40k,1541,334,21.7,19.7,23.8,false,motriskindex-families-2024-v5
volkswagen-beetle,10-14,40-70k,4946,1631,33.0,31.7,34.3,false,motriskindex-families-2024-v5
volkswagen-beetle,10-14,70-100k,4494,1830,40.7,39.3,42.2,false,motriskindex-families-2024-v5
volkswagen-beetle,10-14,100-140k,1742,765,43.9,41.6,46.3,false,motriskindex-families-2024-v5
volkswagen-beetle,10-14,140k+,276,128,46.4,40.6,52.3,true,motriskindex-families-2024-v5
volkswagen-beetle,15+,<40k,1254,329,26.2,23.9,28.7,false,motriskindex-families-2024-v5
volkswagen-beetle,15+,40-70k,3795,1539,40.6,39.0,42.1,false,motriskindex-families-2024-v5
volkswagen-beetle,15+,70-100k,7534,3737,49.6,48.5,50.7,false,motriskindex-families-2024-v5
volkswagen-beetle,15+,100-140k,7841,4418,56.3,55.2,57.4,false,motriskindex-families-2024-v5
volkswagen-beetle,15+,140k+,2540,1453,57.2,55.3,59.1,false,motriskindex-families-2024-v5
volkswagen-bora,15+,<40k,60,10,16.7,9.3,28.0,true,motriskindex-families-2024-v5
volkswagen-bora,15+,40-70k,356,130,36.5,31.7,41.6,true,motriskindex-families-2024-v5
volkswagen-bora,15+,70-100k,782,299,38.2,34.9,41.7,false,motriskindex-families-2024-v5
volkswagen-bora,15+,100-140k,1524,661,43.4,40.9,45.9,false,motriskindex-families-2024-v5
volkswagen-bora,15+,140k+,2504,1070,42.7,40.8,44.7,false,motriskindex-families-2024-v5
volkswagen-caddy,3-5,<40k,8684,1311,15.1,14.4,15.9,false,motriskindex-families-2024-v5
volkswagen-caddy,3-5,40-70k,7533,1545,20.5,19.6,21.4,false,motriskindex-families-2024-v5
volkswagen-caddy,3-5,70-100k,3635,891,24.5,23.1,25.9,false,motriskindex-families-2024-v5
volkswagen-caddy,3-5,100-140k,1744,485,27.8,25.8,30.0,false,motriskindex-families-2024-v5
volkswagen-caddy,3-5,140k+,519,145,27.9,24.3,31.9,false,motriskindex-families-2024-v5
volkswagen-caddy,6-9,<40k,5320,914,17.2,16.2,18.2,false,motriskindex-families-2024-v5
volkswagen-caddy,6-9,40-70k,13647,3370,24.7,24.0,25.4,false,motriskindex-families-2024-v5
volkswagen-caddy,6-9,70-100k,13431,3839,28.6,27.8,29.4,false,motriskindex-families-2024-v5
volkswagen-caddy,6-9,100-140k,9895,3064,31.0,30.1,31.9,false,motriskindex-families-2024-v5
volkswagen-caddy,6-9,140k+,5227,1710,32.7,31.5,34.0,false,motriskindex-families-2024-v5
volkswagen-caddy,10-14,<40k,1081,231,21.4,19.0,23.9,false,motriskindex-families-2024-v5
volkswagen-caddy,10-14,40-70k,4276,1225,28.6,27.3,30.0,false,motriskindex-families-2024-v5
volkswagen-caddy,10-14,70-100k,10501,3547,33.8,32.9,34.7,false,motriskindex-families-2024-v5
volkswagen-caddy,10-14,100-140k,18455,6800,36.8,36.2,37.5,false,motriskindex-families-2024-v5
volkswagen-caddy,10-14,140k+,20337,7845,38.6,37.9,39.2,false,motriskindex-families-2024-v5
volkswagen-caddy,15+,<40k,133,27,20.3,14.3,27.9,true,motriskindex-families-2024-v5
volkswagen-caddy,15+,40-70k,646,222,34.4,30.8,38.1,false,motriskindex-families-2024-v5
volkswagen-caddy,15+,70-100k,2019,759,37.6,35.5,39.7,false,motriskindex-families-2024-v5
volkswagen-caddy,15+,100-140k,6057,2514,41.5,40.3,42.8,false,motriskindex-families-2024-v5
volkswagen-caddy,15+,140k+,14443,6100,42.2,41.4,43.0,false,motriskindex-families-2024-v5
volkswagen-california,3-5,<40k,2400,223,9.3,8.2,10.5,false,motriskindex-families-2024-v5
volkswagen-california,3-5,40-70k,476,87,18.3,15.1,22.0,true,motriskindex-families-2024-v5
volkswagen-california,6-9,<40k,1673,206,12.3,10.8,14.0,false,motriskindex-families-2024-v5
volkswagen-california,6-9,40-70k,1855,348,18.8,17.0,20.6,false,motriskindex-families-2024-v5
volkswagen-california,6-9,70-100k,579,135,23.3,20.1,26.9,false,motriskindex-families-2024-v5
volkswagen-california,6-9,100-140k,98,24,24.5,17.0,33.9,true,motriskindex-families-2024-v5
volkswagen-california,10-14,<40k,303,51,16.8,13.0,21.5,true,motriskindex-families-2024-v5
volkswagen-california,10-14,40-70k,1063,219,20.6,18.3,23.1,false,motriskindex-families-2024-v5
volkswagen-california,10-14,70-100k,869,241,27.7,24.9,30.8,false,motriskindex-families-2024-v5
volkswagen-california,10-14,100-140k,336,105,31.2,26.5,36.4,true,motriskindex-families-2024-v5
volkswagen-california,10-14,140k+,59,21,35.6,24.6,48.3,true,motriskindex-families-2024-v5
volkswagen-california,15+,70-100k,72,22,30.6,21.1,42.0,true,motriskindex-families-2024-v5
volkswagen-california,15+,100-140k,74,26,35.1,25.2,46.5,true,motriskindex-families-2024-v5
volkswagen-california,15+,140k+,74,40,54.1,42.8,64.9,true,motriskindex-families-2024-v5
volkswagen-caravelle,3-5,<40k,1197,162,13.5,11.7,15.6,false,motriskindex-families-2024-v5
volkswagen-caravelle,3-5,40-70k,654,138,21.1,18.1,24.4,false,motriskindex-families-2024-v5
volkswagen-caravelle,3-5,70-100k,103,20,19.4,12.9,28.1,true,motriskindex-families-2024-v5
volkswagen-caravelle,6-9,<40k,508,78,15.4,12.5,18.7,false,motriskindex-families-2024-v5
volkswagen-caravelle,6-9,40-70k,1335,307,23.0,20.8,25.3,false,motriskindex-families-2024-v5
volkswagen-caravelle,6-9,70-100k,963,278,28.9,26.1,31.8,false,motriskindex-families-2024-v5
volkswagen-caravelle,6-9,100-140k,304,90,29.6,24.8,35.0,true,motriskindex-families-2024-v5
volkswagen-caravelle,6-9,140k+,245,61,24.9,19.9,30.7,true,motriskindex-families-2024-v5
volkswagen-caravelle,10-14,<40k,189,25,13.2,9.1,18.8,true,motriskindex-families-2024-v5
volkswagen-caravelle,10-14,40-70k,608,143,23.5,20.3,27.1,false,motriskindex-families-2024-v5
volkswagen-caravelle,10-14,70-100k,1014,297,29.3,26.6,32.2,false,motriskindex-families-2024-v5
volkswagen-caravelle,10-14,100-140k,983,340,34.6,31.7,37.6,false,motriskindex-families-2024-v5
volkswagen-caravelle,10-14,140k+,582,232,39.9,36.0,43.9,false,motriskindex-families-2024-v5
volkswagen-caravelle,15+,<40k,112,33,29.5,21.8,38.5,true,motriskindex-families-2024-v5
volkswagen-caravelle,15+,40-70k,271,94,34.7,29.3,40.5,true,motriskindex-families-2024-v5
volkswagen-caravelle,15+,70-100k,559,209,37.4,33.5,41.5,false,motriskindex-families-2024-v5
volkswagen-caravelle,15+,100-140k,1351,579,42.9,40.2,45.5,false,motriskindex-families-2024-v5
volkswagen-caravelle,15+,140k+,4299,2005,46.6,45.2,48.1,false,motriskindex-families-2024-v5
volkswagen-cc,6-9,<40k,340,39,11.5,8.5,15.3,true,motriskindex-families-2024-v5
volkswagen-cc,6-9,40-70k,1403,277,19.7,17.7,21.9,false,motriskindex-families-2024-v5
volkswagen-cc,6-9,70-100k,1590,400,25.2,23.1,27.3,false,motriskindex-families-2024-v5
volkswagen-cc,6-9,100-140k,924,249,26.9,24.2,29.9,false,motriskindex-families-2024-v5
volkswagen-cc,6-9,140k+,455,120,26.4,22.5,30.6,true,motriskindex-families-2024-v5
volkswagen-cc,10-14,<40k,127,29,22.8,16.4,30.9,true,motriskindex-families-2024-v5
volkswagen-cc,10-14,40-70k,1137,290,25.5,23.1,28.1,false,motriskindex-families-2024-v5
volkswagen-cc,10-14,70-100k,2593,717,27.7,26.0,29.4,false,motriskindex-families-2024-v5
volkswagen-cc,10-14,100-140k,3237,987,30.5,28.9,32.1,false,motriskindex-families-2024-v5
volkswagen-cc,10-14,140k+,2086,663,31.8,29.8,33.8,false,motriskindex-families-2024-v5
volkswagen-crafter,3-5,<40k,458,33,7.2,5.2,9.9,true,motriskindex-families-2024-v5
volkswagen-crafter,3-5,40-70k,197,40,20.3,15.3,26.5,true,motriskindex-families-2024-v5
volkswagen-crafter,3-5,70-100k,83,23,27.7,19.2,38.2,true,motriskindex-families-2024-v5
volkswagen-crafter,3-5,100-140k,68,16,23.5,15.0,34.9,true,motriskindex-families-2024-v5
volkswagen-crafter,6-9,<40k,179,13,7.3,4.3,12.0,true,motriskindex-families-2024-v5
volkswagen-crafter,6-9,40-70k,313,43,13.7,10.4,18.0,true,motriskindex-families-2024-v5
volkswagen-crafter,6-9,70-100k,346,88,25.4,21.1,30.3,true,motriskindex-families-2024-v5
volkswagen-crafter,6-9,100-140k,303,77,25.4,20.8,30.6,true,motriskindex-families-2024-v5
volkswagen-crafter,6-9,140k+,249,60,24.1,19.2,29.8,true,motriskindex-families-2024-v5
volkswagen-crafter,10-14,<40k,63,13,20.6,12.5,32.2,true,motriskindex-families-2024-v5
volkswagen-crafter,10-14,40-70k,190,47,24.7,19.1,31.3,true,motriskindex-families-2024-v5
volkswagen-crafter,10-14,70-100k,341,107,31.4,26.7,36.5,true,motriskindex-families-2024-v5
volkswagen-crafter,10-14,100-140k,624,230,36.9,33.2,40.7,false,motriskindex-families-2024-v5
volkswagen-crafter,10-14,140k+,858,332,38.7,35.5,42.0,false,motriskindex-families-2024-v5
volkswagen-crafter,15+,40-70k,54,16,29.6,19.1,42.8,true,motriskindex-families-2024-v5
volkswagen-crafter,15+,70-100k,121,38,31.4,23.8,40.1,true,motriskindex-families-2024-v5
volkswagen-crafter,15+,100-140k,264,98,37.1,31.5,43.1,true,motriskindex-families-2024-v5
volkswagen-crafter,15+,140k+,602,240,39.9,36.0,43.8,false,motriskindex-families-2024-v5
volkswagen-e-golf,3-5,<40k,4397,553,12.6,11.6,13.6,false,motriskindex-families-2024-v5
volkswagen-e-golf,3-5,40-70k,1640,266,16.2,14.5,18.1,false,motriskindex-families-2024-v5
volkswagen-e-golf,3-5,70-100k,154,31,20.1,14.6,27.2,true,motriskindex-families-2024-v5
volkswagen-e-golf,6-9,<40k,158,22,13.9,9.4,20.2,true,motriskindex-families-2024-v5
volkswagen-e-golf,6-9,40-70k,143,15,10.5,6.5,16.6,true,motriskindex-families-2024-v5
volkswagen-eos,6-9,40-70k,76,12,15.8,9.3,25.6,true,motriskindex-families-2024-v5
volkswagen-eos,6-9,70-100k,57,11,19.3,11.1,31.3,true,motriskindex-families-2024-v5
volkswagen-eos,10-14,<40k,352,47,13.4,10.2,17.3,true,motriskindex-families-2024-v5
volkswagen-eos,10-14,40-70k,1258,340,27.0,24.6,29.5,false,motriskindex-families-2024-v5
volkswagen-eos,10-14,70-100k,1498,483,32.2,29.9,34.7,false,motriskindex-families-2024-v5
volkswagen-eos,10-14,100-140k,1065,401,37.7,34.8,40.6,false,motriskindex-families-2024-v5
volkswagen-eos,10-14,140k+,271,119,43.9,38.1,49.9,true,motriskindex-families-2024-v5
volkswagen-eos,15+,<40k,232,43,18.5,14.1,24.0,true,motriskindex-families-2024-v5
volkswagen-eos,15+,40-70k,1172,351,29.9,27.4,32.6,false,motriskindex-families-2024-v5
volkswagen-eos,15+,70-100k,2532,967,38.2,36.3,40.1,false,motriskindex-families-2024-v5
volkswagen-eos,15+,100-140k,2613,1129,43.2,41.3,45.1,false,motriskindex-families-2024-v5
volkswagen-eos,15+,140k+,946,441,46.6,43.5,49.8,false,motriskindex-families-2024-v5
volkswagen-fox,10-14,<40k,1365,427,31.3,28.9,33.8,false,motriskindex-families-2024-v5
volkswagen-fox,10-14,40-70k,3311,1435,43.3,41.7,45.0,false,motriskindex-families-2024-v5
volkswagen-fox,10-14,70-100k,3351,1773,52.9,51.2,54.6,false,motriskindex-families-2024-v5
volkswagen-fox,10-14,100-140k,1667,919,55.1,52.7,57.5,false,motriskindex-families-2024-v5
volkswagen-fox,10-14,140k+,243,131,53.9,47.6,60.1,true,motriskindex-families-2024-v5
volkswagen-fox,15+,<40k,1425,470,33.0,30.6,35.5,false,motriskindex-families-2024-v5
volkswagen-fox,15+,40-70k,3775,1603,42.5,40.9,44.0,false,motriskindex-families-2024-v5
volkswagen-fox,15+,70-100k,4889,2495,51.0,49.6,52.4,false,motriskindex-families-2024-v5
volkswagen-fox,15+,100-140k,3305,1853,56.1,54.4,57.8,false,motriskindex-families-2024-v5
volkswagen-fox,15+,140k+,574,352,61.3,57.3,65.2,false,motriskindex-families-2024-v5
volkswagen-golf,3-5,<40k,30963,2574,8.3,8.0,8.6,false,motriskindex-families-2024-v5
volkswagen-golf,3-5,40-70k,20291,2778,13.7,13.2,14.2,false,motriskindex-families-2024-v5
volkswagen-golf,3-5,70-100k,3454,651,18.8,17.6,20.2,false,motriskindex-families-2024-v5
volkswagen-golf,3-5,100-140k,653,132,20.2,17.3,23.5,false,motriskindex-families-2024-v5
volkswagen-golf,3-5,140k+,64,6,9.4,4.4,19.0,true,motriskindex-families-2024-v5
volkswagen-golf,6-9,<40k,55025,5026,9.1,8.9,9.4,false,motriskindex-families-2024-v5
volkswagen-golf,6-9,40-70k,117611,16164,13.7,13.5,13.9,false,motriskindex-families-2024-v5
volkswagen-golf,6-9,70-100k,65896,12475,18.9,18.6,19.2,false,motriskindex-families-2024-v5
volkswagen-golf,6-9,100-140k,22010,4876,22.2,21.6,22.7,false,motriskindex-families-2024-v5
volkswagen-golf,6-9,140k+,4053,930,22.9,21.7,24.3,false,motriskindex-families-2024-v5
volkswagen-golf,10-14,<40k,11963,1593,13.3,12.7,13.9,false,motriskindex-families-2024-v5
volkswagen-golf,10-14,40-70k,49838,10232,20.5,20.2,20.9,false,motriskindex-families-2024-v5
volkswagen-golf,10-14,70-100k,81675,22589,27.7,27.4,28.0,false,motriskindex-families-2024-v5
volkswagen-golf,10-14,100-140k,83561,28034,33.5,33.2,33.9,false,motriskindex-families-2024-v5
volkswagen-golf,10-14,140k+,39395,14949,37.9,37.5,38.4,false,motriskindex-families-2024-v5
volkswagen-golf,15+,<40k,3720,739,19.9,18.6,21.2,false,motriskindex-families-2024-v5
volkswagen-golf,15+,40-70k,18341,5618,30.6,30.0,31.3,false,motriskindex-families-2024-v5
volkswagen-golf,15+,70-100k,44068,17126,38.9,38.4,39.3,false,motriskindex-families-2024-v5
volkswagen-golf,15+,100-140k,83173,36196,43.5,43.2,43.9,false,motriskindex-families-2024-v5
volkswagen-golf,15+,140k+,78965,36690,46.5,46.1,46.8,false,motriskindex-families-2024-v5
volkswagen-id-3,3-5,<40k,12874,1237,9.6,9.1,10.1,false,motriskindex-families-2024-v5
volkswagen-id-3,3-5,40-70k,2268,266,11.7,10.5,13.1,false,motriskindex-families-2024-v5
volkswagen-id-3,3-5,70-100k,222,31,14.0,10.0,19.1,true,motriskindex-families-2024-v5
volkswagen-id-4,3-5,<40k,3079,390,12.7,11.5,13.9,false,motriskindex-families-2024-v5
volkswagen-id-4,3-5,40-70k,1625,201,12.4,10.9,14.1,false,motriskindex-families-2024-v5
volkswagen-id-4,3-5,70-100k,336,39,11.6,8.6,15.5,true,motriskindex-families-2024-v5
volkswagen-jetta,6-9,<40k,370,74,20.0,16.2,24.4,true,motriskindex-families-2024-v5
volkswagen-jetta,6-9,40-70k,859,194,22.6,19.9,25.5,false,motriskindex-families-2024-v5
volkswagen-jetta,6-9,70-100k,596,195,32.7,29.1,36.6,false,motriskindex-families-2024-v5
volkswagen-jetta,6-9,100-140k,273,99,36.3,30.8,42.1,true,motriskindex-families-2024-v5
volkswagen-jetta,6-9,140k+,173,53,30.6,24.2,37.9,true,motriskindex-families-2024-v5
volkswagen-jetta,10-14,<40k,180,47,26.1,20.2,33.0,true,motriskindex-families-2024-v5
volkswagen-jetta,10-14,40-70k,815,230,28.2,25.2,31.4,false,motriskindex-families-2024-v5
volkswagen-jetta,10-14,70-100k,1405,483,34.4,31.9,36.9,false,motriskindex-families-2024-v5
volkswagen-jetta,10-14,100-140k,1400,517,36.9,34.4,39.5,false,motriskindex-families-2024-v5
volkswagen-jetta,10-14,140k+,931,328,35.2,32.2,38.4,false,motriskindex-families-2024-v5
volkswagen-jetta,15+,<40k,66,19,28.8,19.3,40.6,true,motriskindex-families-2024-v5
volkswagen-jetta,15+,40-70k,443,139,31.4,27.2,35.8,true,motriskindex-families-2024-v5
volkswagen-jetta,15+,70-100k,1036,367,35.4,32.6,38.4,false,motriskindex-families-2024-v5
volkswagen-jetta,15+,100-140k,2164,880,40.7,38.6,42.7,false,motriskindex-families-2024-v5
volkswagen-jetta,15+,140k+,2341,1029,44.0,42.0,46.0,false,motriskindex-families-2024-v5
volkswagen-lt,15+,40-70k,109,50,45.9,36.8,55.2,true,motriskindex-families-2024-v5
volkswagen-lt,15+,70-100k,207,90,43.5,36.9,50.3,true,motriskindex-families-2024-v5
volkswagen-lt,15+,100-140k,445,179,40.2,35.8,44.8,true,motriskindex-families-2024-v5
volkswagen-lt,15+,140k+,991,456,46.0,42.9,49.1,false,motriskindex-families-2024-v5
volkswagen-lupo,15+,<40k,504,119,23.6,20.1,27.5,false,motriskindex-families-2024-v5
volkswagen-lupo,15+,40-70k,1524,544,35.7,33.3,38.1,false,motriskindex-families-2024-v5
volkswagen-lupo,15+,70-100k,1727,735,42.6,40.2,44.9,false,motriskindex-families-2024-v5
volkswagen-lupo,15+,100-140k,1356,633,46.7,44.0,49.3,false,motriskindex-families-2024-v5
volkswagen-lupo,15+,140k+,568,250,44.0,40.0,48.1,false,motriskindex-families-2024-v5
volkswagen-passat,3-5,<40k,5775,552,9.6,8.8,10.3,false,motriskindex-families-2024-v5
volkswagen-passat,3-5,40-70k,7242,897,12.4,11.6,13.2,false,motriskindex-families-2024-v5
volkswagen-passat,3-5,70-100k,2796,461,16.5,15.2,17.9,false,motriskindex-families-2024-v5
volkswagen-passat,3-5,100-140k,1143,216,18.9,16.7,21.3,false,motriskindex-families-2024-v5
volkswagen-passat,3-5,140k+,298,46,15.4,11.8,20.0,true,motriskindex-families-2024-v5
volkswagen-passat,6-9,<40k,3077,324,10.5,9.5,11.7,false,motriskindex-families-2024-v5
volkswagen-passat,6-9,40-70k,13147,1844,14.0,13.4,14.6,false,motriskindex-families-2024-v5
volkswagen-passat,6-9,70-100k,16845,3328,19.8,19.2,20.4,false,motriskindex-families-2024-v5
volkswagen-passat,6-9,100-140k,14027,3210,22.9,22.2,23.6,false,motriskindex-families-2024-v5
volkswagen-passat,6-9,140k+,8997,1956,21.7,20.9,22.6,false,motriskindex-families-2024-v5
volkswagen-passat,10-14,<40k,745,107,14.4,12.0,17.1,false,motriskindex-families-2024-v5
volkswagen-passat,10-14,40-70k,4653,1099,23.6,22.4,24.9,false,motriskindex-families-2024-v5
volkswagen-passat,10-14,70-100k,12503,3653,29.2,28.4,30.0,false,motriskindex-families-2024-v5
volkswagen-passat,10-14,100-140k,23471,8019,34.2,33.6,34.8,false,motriskindex-families-2024-v5
volkswagen-passat,10-14,140k+,27556,10103,36.7,36.1,37.2,false,motriskindex-families-2024-v5
volkswagen-passat,15+,<40k,208,41,19.7,14.9,25.6,true,motriskindex-families-2024-v5
volkswagen-passat,15+,40-70k,1575,462,29.3,27.1,31.6,false,motriskindex-families-2024-v5
volkswagen-passat,15+,70-100k,4705,1649,35.0,33.7,36.4,false,motriskindex-families-2024-v5
volkswagen-passat,15+,100-140k,13552,5331,39.3,38.5,40.2,false,motriskindex-families-2024-v5
volkswagen-passat,15+,140k+,26701,11231,42.1,41.5,42.7,false,motriskindex-families-2024-v5
volkswagen-polo,3-5,<40k,42383,5713,13.5,13.2,13.8,false,motriskindex-families-2024-v5
volkswagen-polo,3-5,40-70k,12988,2591,19.9,19.3,20.6,false,motriskindex-families-2024-v5
volkswagen-polo,3-5,70-100k,1046,258,24.7,22.1,27.4,false,motriskindex-families-2024-v5
volkswagen-polo,3-5,100-140k,104,29,27.9,20.2,37.2,true,motriskindex-families-2024-v5
volkswagen-polo,6-9,<40k,67973,11937,17.6,17.3,17.8,false,motriskindex-families-2024-v5
volkswagen-polo,6-9,40-70k,87833,22899,26.1,25.8,26.4,false,motriskindex-families-2024-v5
volkswagen-polo,6-9,70-100k,30740,10319,33.6,33.0,34.1,false,motriskindex-families-2024-v5
volkswagen-polo,6-9,100-140k,5721,2134,37.3,36.1,38.6,false,motriskindex-families-2024-v5
volkswagen-polo,6-9,140k+,507,190,37.5,33.4,41.8,false,motriskindex-families-2024-v5
volkswagen-polo,10-14,<40k,22329,4528,20.3,19.8,20.8,false,motriskindex-families-2024-v5
volkswagen-polo,10-14,40-70k,62946,20645,32.8,32.4,33.2,false,motriskindex-families-2024-v5
volkswagen-polo,10-14,70-100k,68233,28977,42.5,42.1,42.8,false,motriskindex-families-2024-v5
volkswagen-polo,10-14,100-140k,37897,18184,48.0,47.5,48.5,false,motriskindex-families-2024-v5
volkswagen-polo,10-14,140k+,6212,3044,49.0,47.8,50.2,false,motriskindex-families-2024-v5
volkswagen-polo,15+,<40k,8372,2337,27.9,27.0,28.9,false,motriskindex-families-2024-v5
volkswagen-polo,15+,40-70k,30475,12444,40.8,40.3,41.4,false,motriskindex-families-2024-v5
volkswagen-polo,15+,70-100k,46332,23518,50.8,50.3,51.2,false,motriskindex-families-2024-v5
volkswagen-polo,15+,100-140k,43813,24529,56.0,55.5,56.4,false,motriskindex-families-2024-v5
volkswagen-polo,15+,140k+,14602,8274,56.7,55.9,57.5,false,motriskindex-families-2024-v5
volkswagen-scirocco,6-9,<40k,2661,390,14.7,13.4,16.1,false,motriskindex-families-2024-v5
volkswagen-scirocco,6-9,40-70k,7765,1550,20.0,19.1,20.9,false,motriskindex-families-2024-v5
volkswagen-scirocco,6-9,70-100k,4282,1084,25.3,24.0,26.6,false,motriskindex-families-2024-v5
volkswagen-scirocco,6-9,100-140k,1188,347,29.2,26.7,31.9,false,motriskindex-families-2024-v5
volkswagen-scirocco,6-9,140k+,124,41,33.1,25.4,41.7,true,motriskindex-families-2024-v5
volkswagen-scirocco,10-14,<40k,506,85,16.8,13.8,20.3,false,motriskindex-families-2024-v5
volkswagen-scirocco,10-14,40-70k,3333,882,26.5,25.0,28.0,false,motriskindex-families-2024-v5
volkswagen-scirocco,10-14,70-100k,8070,2694,33.4,32.4,34.4,false,motriskindex-families-2024-v5
volkswagen-scirocco,10-14,100-140k,9228,3621,39.2,38.2,40.2,false,motriskindex-families-2024-v5
volkswagen-scirocco,10-14,140k+,3405,1438,42.2,40.6,43.9,false,motriskindex-families-2024-v5
volkswagen-scirocco,15+,<40k,70,9,12.9,6.9,22.7,true,motriskindex-families-2024-v5
volkswagen-scirocco,15+,40-70k,424,133,31.4,27.1,35.9,true,motriskindex-families-2024-v5
volkswagen-scirocco,15+,70-100k,1456,534,36.7,34.2,39.2,false,motriskindex-families-2024-v5
volkswagen-scirocco,15+,100-140k,2856,1117,39.1,37.3,40.9,false,motriskindex-families-2024-v5
volkswagen-scirocco,15+,140k+,1392,595,42.7,40.2,45.4,false,motriskindex-families-2024-v5
volkswagen-sharan,3-5,<40k,3401,436,12.8,11.7,14.0,false,motriskindex-families-2024-v5
volkswagen-sharan,3-5,40-70k,2099,395,18.8,17.2,20.5,false,motriskindex-families-2024-v5
volkswagen-sharan,3-5,70-100k,889,122,13.7,11.6,16.1,false,motriskindex-families-2024-v5
volkswagen-sharan,3-5,100-140k,1644,201,12.2,10.7,13.9,false,motriskindex-families-2024-v5
volkswagen-sharan,3-5,140k+,1432,164,11.5,9.9,13.2,false,motriskindex-families-2024-v5
volkswagen-sharan,6-9,<40k,1338,167,12.5,10.8,14.4,false,motriskindex-families-2024-v5
volkswagen-sharan,6-9,40-70k,3708,701,18.9,17.7,20.2,false,motriskindex-families-2024-v5
volkswagen-sharan,6-9,70-100k,2920,652,22.3,20.9,23.9,false,motriskindex-families-2024-v5
volkswagen-sharan,6-9,100-140k,2230,478,21.4,19.8,23.2,false,motriskindex-families-2024-v5
volkswagen-sharan,6-9,140k+,3185,691,21.7,20.3,23.2,false,motriskindex-families-2024-v5
volkswagen-sharan,10-14,<40k,200,31,15.5,11.1,21.2,true,motriskindex-families-2024-v5
volkswagen-sharan,10-14,40-70k,1514,299,19.7,17.8,21.8,false,motriskindex-families-2024-v5
volkswagen-sharan,10-14,70-100k,2474,736,29.7,28.0,31.6,false,motriskindex-families-2024-v5
volkswagen-sharan,10-14,100-140k,2870,980,34.1,32.4,35.9,false,motriskindex-families-2024-v5
volkswagen-sharan,10-14,140k+,2773,948,34.2,32.4,36.0,false,motriskindex-families-2024-v5
volkswagen-sharan,15+,40-70k,192,78,40.6,33.9,47.7,true,motriskindex-families-2024-v5
volkswagen-sharan,15+,70-100k,508,242,47.6,43.3,52.0,false,motriskindex-families-2024-v5
volkswagen-sharan,15+,100-140k,1384,723,52.2,49.6,54.9,false,motriskindex-families-2024-v5
volkswagen-sharan,15+,140k+,1873,964,51.5,49.2,53.7,false,motriskindex-families-2024-v5
volkswagen-t-cross,3-5,<40k,20131,1902,9.4,9.1,9.9,false,motriskindex-families-2024-v5
volkswagen-t-cross,3-5,40-70k,3070,531,17.3,16.0,18.7,false,motriskindex-families-2024-v5
volkswagen-t-cross,3-5,70-100k,186,40,21.5,16.2,28.0,true,motriskindex-families-2024-v5
volkswagen-t-roc,3-5,<40k,45496,3326,7.3,7.1,7.6,false,motriskindex-families-2024-v5
volkswagen-t-roc,3-5,40-70k,12652,1522,12.0,11.5,12.6,false,motriskindex-families-2024-v5
volkswagen-t-roc,3-5,70-100k,1300,201,15.5,13.6,17.5,false,motriskindex-families-2024-v5
volkswagen-t-roc,3-5,100-140k,202,32,15.8,11.5,21.5,true,motriskindex-families-2024-v5
volkswagen-t-roc,6-9,<40k,6930,552,8.0,7.4,8.6,false,motriskindex-families-2024-v5
volkswagen-t-roc,6-9,40-70k,7740,965,12.5,11.8,13.2,false,motriskindex-families-2024-v5
volkswagen-t-roc,6-9,70-100k,1044,161,15.4,13.4,17.7,false,motriskindex-families-2024-v5
volkswagen-t-roc,6-9,100-140k,112,26,23.2,16.4,31.8,true,motriskindex-families-2024-v5
volkswagen-tiguan,3-5,<40k,56359,5540,9.8,9.6,10.1,false,motriskindex-families-2024-v5
volkswagen-tiguan,3-5,40-70k,25237,3554,14.1,13.7,14.5,false,motriskindex-families-2024-v5
volkswagen-tiguan,3-5,70-100k,3086,520,16.9,15.6,18.2,false,motriskindex-families-2024-v5
volkswagen-tiguan,3-5,100-140k,457,75,16.4,13.3,20.1,true,motriskindex-families-2024-v5
volkswagen-tiguan,6-9,<40k,14419,1495,10.4,9.9,10.9,false,motriskindex-families-2024-v5
volkswagen-tiguan,6-9,40-70k,47188,6770,14.3,14.0,14.7,false,motriskindex-families-2024-v5
volkswagen-tiguan,6-9,70-100k,25662,4860,18.9,18.5,19.4,false,motriskindex-families-2024-v5
volkswagen-tiguan,6-9,100-140k,6465,1529,23.7,22.6,24.7,false,motriskindex-families-2024-v5
volkswagen-tiguan,6-9,140k+,858,212,24.7,21.9,27.7,false,motriskindex-families-2024-v5
volkswagen-tiguan,10-14,<40k,1334,222,16.6,14.7,18.7,false,motriskindex-families-2024-v5
volkswagen-tiguan,10-14,40-70k,8998,1957,21.7,20.9,22.6,false,motriskindex-families-2024-v5
volkswagen-tiguan,10-14,70-100k,17953,5032,28.0,27.4,28.7,false,motriskindex-families-2024-v5
volkswagen-tiguan,10-14,100-140k,16373,5518,33.7,33.0,34.4,false,motriskindex-families-2024-v5
volkswagen-tiguan,10-14,140k+,5404,1979,36.6,35.3,37.9,false,motriskindex-families-2024-v5
volkswagen-tiguan,15+,<40k,62,12,19.4,11.4,30.9,true,motriskindex-families-2024-v5
volkswagen-tiguan,15+,40-70k,443,122,27.5,23.6,31.9,true,motriskindex-families-2024-v5
volkswagen-tiguan,15+,70-100k,1867,611,32.7,30.6,34.9,false,motriskindex-families-2024-v5
volkswagen-tiguan,15+,100-140k,4698,1780,37.9,36.5,39.3,false,motriskindex-families-2024-v5
volkswagen-tiguan,15+,140k+,3169,1289,40.7,39.0,42.4,false,motriskindex-families-2024-v5
volkswagen-touareg,3-5,<40k,3724,374,10.0,9.1,11.0,false,motriskindex-families-2024-v5
volkswagen-touareg,3-5,40-70k,2790,370,13.3,12.1,14.6,false,motriskindex-families-2024-v5
volkswagen-touareg,3-5,70-100k,460,81,17.6,14.4,21.4,true,motriskindex-families-2024-v5
volkswagen-touareg,3-5,100-140k,72,10,13.9,7.7,23.7,true,motriskindex-families-2024-v5
volkswagen-touareg,6-9,<40k,928,144,15.5,13.3,18.0,false,motriskindex-families-2024-v5
volkswagen-touareg,6-9,40-70k,5308,1089,20.5,19.5,21.6,false,motriskindex-families-2024-v5
volkswagen-touareg,6-9,70-100k,4880,1183,24.2,23.1,25.5,false,motriskindex-families-2024-v5
volkswagen-touareg,6-9,100-140k,1556,391,25.1,23.0,27.3,false,motriskindex-families-2024-v5
volkswagen-touareg,6-9,140k+,203,54,26.6,21.0,33.1,true,motriskindex-families-2024-v5
volkswagen-touareg,10-14,<40k,135,17,12.6,8.0,19.2,true,motriskindex-families-2024-v5
volkswagen-touareg,10-14,40-70k,1034,209,20.2,17.9,22.8,false,motriskindex-families-2024-v5
volkswagen-touareg,10-14,70-100k,3077,649,21.1,19.7,22.6,false,motriskindex-families-2024-v5
volkswagen-touareg,10-14,100-140k,3940,976,24.8,23.4,26.1,false,motriskindex-families-2024-v5
volkswagen-touareg,10-14,140k+,1541,436,28.3,26.1,30.6,false,motriskindex-families-2024-v5
volkswagen-touareg,15+,40-70k,157,35,22.3,16.5,29.4,true,motriskindex-families-2024-v5
volkswagen-touareg,15+,70-100k,856,250,29.2,26.3,32.3,false,motriskindex-families-2024-v5
volkswagen-touareg,15+,100-140k,3101,1134,36.6,34.9,38.3,false,motriskindex-families-2024-v5
volkswagen-touareg,15+,140k+,3837,1468,38.3,36.7,39.8,false,motriskindex-families-2024-v5
volkswagen-touran,3-5,<40k,3937,440,11.2,10.2,12.2,false,motriskindex-families-2024-v5
volkswagen-touran,3-5,40-70k,1765,287,16.3,14.6,18.1,false,motriskindex-families-2024-v5
volkswagen-touran,3-5,70-100k,297,53,17.8,13.9,22.6,true,motriskindex-families-2024-v5
volkswagen-touran,3-5,100-140k,93,15,16.1,10.0,24.9,true,motriskindex-families-2024-v5
volkswagen-touran,6-9,<40k,2418,381,15.8,14.4,17.3,false,motriskindex-families-2024-v5
volkswagen-touran,6-9,40-70k,6455,1206,18.7,17.8,19.7,false,motriskindex-families-2024-v5
volkswagen-touran,6-9,70-100k,4033,930,23.1,21.8,24.4,false,motriskindex-families-2024-v5
volkswagen-touran,6-9,100-140k,1680,420,25.0,23.0,27.1,false,motriskindex-families-2024-v5
volkswagen-touran,6-9,140k+,895,220,24.6,21.9,27.5,false,motriskindex-families-2024-v5
volkswagen-touran,10-14,<40k,631,95,15.1,12.5,18.1,false,motriskindex-families-2024-v5
volkswagen-touran,10-14,40-70k,3844,858,22.3,21.0,23.7,false,motriskindex-families-2024-v5
volkswagen-touran,10-14,70-100k,7449,2253,30.2,29.2,31.3,false,motriskindex-families-2024-v5
volkswagen-touran,10-14,100-140k,9074,3216,35.4,34.5,36.4,false,motriskindex-families-2024-v5
volkswagen-touran,10-14,140k+,5820,2227,38.3,37.0,39.5,false,motriskindex-families-2024-v5
volkswagen-touran,15+,<40k,102,22,21.6,14.7,30.5,true,motriskindex-families-2024-v5
volkswagen-touran,15+,40-70k,736,222,30.2,27.0,33.6,false,motriskindex-families-2024-v5
volkswagen-touran,15+,70-100k,2769,1099,39.7,37.9,41.5,false,motriskindex-families-2024-v5
volkswagen-touran,15+,100-140k,8956,4033,45.0,44.0,46.1,false,motriskindex-families-2024-v5
volkswagen-touran,15+,140k+,12076,5581,46.2,45.3,47.1,false,motriskindex-families-2024-v5
volkswagen-transporter,3-5,<40k,25068,3356,13.4,13.0,13.8,false,motriskindex-families-2024-v5
volkswagen-transporter,3-5,40-70k,16328,3539,21.7,21.0,22.3,false,motriskindex-families-2024-v5
volkswagen-transporter,3-5,70-100k,6077,1535,25.3,24.2,26.4,false,motriskindex-families-2024-v5
volkswagen-transporter,3-5,100-140k,2284,625,27.4,25.6,29.2,false,motriskindex-families-2024-v5
volkswagen-transporter,3-5,140k+,517,147,28.4,24.7,32.5,false,motriskindex-families-2024-v5
volkswagen-transporter,6-9,<40k,11274,1758,15.6,14.9,16.3,false,motriskindex-families-2024-v5
volkswagen-transporter,6-9,40-70k,25410,5653,22.2,21.7,22.8,false,motriskindex-families-2024-v5
volkswagen-transporter,6-9,70-100k,20057,5205,26.0,25.3,26.6,false,motriskindex-families-2024-v5
volkswagen-transporter,6-9,100-140k,12882,3716,28.8,28.1,29.6,false,motriskindex-families-2024-v5
volkswagen-transporter,6-9,140k+,5900,1785,30.3,29.1,31.4,false,motriskindex-families-2024-v5
volkswagen-transporter,10-14,<40k,1944,331,17.0,15.4,18.8,false,motriskindex-families-2024-v5
volkswagen-transporter,10-14,40-70k,8233,1895,23.0,22.1,23.9,false,motriskindex-families-2024-v5
volkswagen-transporter,10-14,70-100k,15077,4337,28.8,28.0,29.5,false,motriskindex-families-2024-v5
volkswagen-transporter,10-14,100-140k,19899,6709,33.7,33.1,34.4,false,motriskindex-families-2024-v5
volkswagen-transporter,10-14,140k+,19591,7332,37.4,36.8,38.1,false,motriskindex-families-2024-v5
volkswagen-transporter,15+,<40k,1272,336,26.4,24.1,28.9,false,motriskindex-families-2024-v5
volkswagen-transporter,15+,40-70k,4284,1146,26.8,25.4,28.1,false,motriskindex-families-2024-v5
volkswagen-transporter,15+,70-100k,9270,3193,34.4,33.5,35.4,false,motriskindex-families-2024-v5
volkswagen-transporter,15+,100-140k,20666,8665,41.9,41.3,42.6,false,motriskindex-families-2024-v5
volkswagen-transporter,15+,140k+,60140,28576,47.5,47.1,47.9,false,motriskindex-families-2024-v5
volkswagen-up,3-5,<40k,13164,1149,8.7,8.3,9.2,false,motriskindex-families-2024-v5
volkswagen-up,3-5,40-70k,1324,234,17.7,15.7,19.8,false,motriskindex-families-2024-v5
volkswagen-up,3-5,70-100k,120,33,27.5,20.3,36.1,true,motriskindex-families-2024-v5
volkswagen-up,6-9,<40k,30752,4417,14.4,14.0,14.8,false,motriskindex-families-2024-v5
volkswagen-up,6-9,40-70k,18956,4628,24.4,23.8,25.0,false,motriskindex-families-2024-v5
volkswagen-up,6-9,70-100k,4496,1405,31.2,29.9,32.6,false,motriskindex-families-2024-v5
volkswagen-up,6-9,100-140k,739,301,40.7,37.2,44.3,false,motriskindex-families-2024-v5
volkswagen-up,6-9,140k+,96,42,43.8,34.3,53.7,true,motriskindex-families-2024-v5
volkswagen-up,10-14,<40k,13859,1823,13.2,12.6,13.7,false,motriskindex-families-2024-v5
volkswagen-up,10-14,40-70k,22924,5135,22.4,21.9,22.9,false,motriskindex-families-2024-v5
volkswagen-up,10-14,70-100k,13261,4164,31.4,30.6,32.2,false,motriskindex-families-2024-v5
volkswagen-up,10-14,100-140k,4179,1623,38.8,37.4,40.3,false,motriskindex-families-2024-v5
volkswagen-up,10-14,140k+,576,238,41.3,37.4,45.4,false,motriskindex-families-2024-v5
volvo-240,15+,100-140k,50,13,26.0,15.9,39.6,true,motriskindex-families-2024-v5
volvo-240,15+,140k+,60,21,35.0,24.2,47.6,true,motriskindex-families-2024-v5
volvo-c30,10-14,<40k,594,122,20.5,17.5,24.0,false,motriskindex-families-2024-v5
volvo-c30,10-14,40-70k,2120,658,31.0,29.1,33.0,false,motriskindex-families-2024-v5
volvo-c30,10-14,70-100k,3739,1421,38.0,36.5,39.6,false,motriskindex-families-2024-v5
volvo-c30,10-14,100-140k,4138,1875,45.3,43.8,46.8,false,motriskindex-families-2024-v5
volvo-c30,10-14,140k+,1505,709,47.1,44.6,49.6,false,motriskindex-families-2024-v5
volvo-c30,15+,<40k,416,82,19.7,16.2,23.8,true,motriskindex-families-2024-v5
volvo-c30,15+,40-70k,1363,452,33.2,30.7,35.7,false,motriskindex-families-2024-v5
volvo-c30,15+,70-100k,2720,1130,41.5,39.7,43.4,false,motriskindex-families-2024-v5
volvo-c30,15+,100-140k,4109,1974,48.0,46.5,49.6,false,motriskindex-families-2024-v5
volvo-c30,15+,140k+,1881,928,49.3,47.1,51.6,false,motriskindex-families-2024-v5
volvo-c70,10-14,<40k,144,33,22.9,16.8,30.4,true,motriskindex-families-2024-v5
volvo-c70,10-14,40-70k,491,153,31.2,27.2,35.4,true,motriskindex-families-2024-v5
volvo-c70,10-14,70-100k,561,245,43.7,39.6,47.8,false,motriskindex-families-2024-v5
volvo-c70,10-14,100-140k,409,187,45.7,41.0,50.6,true,motriskindex-families-2024-v5
volvo-c70,10-14,140k+,109,55,50.5,41.2,59.7,true,motriskindex-families-2024-v5
volvo-c70,15+,<40k,231,45,19.5,14.9,25.1,true,motriskindex-families-2024-v5
volvo-c70,15+,40-70k,1022,341,33.4,30.5,36.3,false,motriskindex-families-2024-v5
volvo-c70,15+,70-100k,1905,832,43.7,41.5,45.9,false,motriskindex-families-2024-v5
volvo-c70,15+,100-140k,1934,865,44.7,42.5,47.0,false,motriskindex-families-2024-v5
volvo-c70,15+,140k+,777,365,47.0,43.5,50.5,false,motriskindex-families-2024-v5
volvo-s40,10-14,<40k,190,36,18.9,14.0,25.1,true,motriskindex-families-2024-v5
volvo-s40,10-14,40-70k,713,219,30.7,27.4,34.2,false,motriskindex-families-2024-v5
volvo-s40,10-14,70-100k,1291,476,36.9,34.3,39.5,false,motriskindex-families-2024-v5
volvo-s40,10-14,100-140k,1690,799,47.3,44.9,49.7,false,motriskindex-families-2024-v5
volvo-s40,10-14,140k+,860,418,48.6,45.3,51.9,false,motriskindex-families-2024-v5
volvo-s40,15+,<40k,386,109,28.2,24.0,32.9,true,motriskindex-families-2024-v5
volvo-s40,15+,40-70k,1722,625,36.3,34.1,38.6,false,motriskindex-families-2024-v5
volvo-s40,15+,70-100k,3337,1418,42.5,40.8,44.2,false,motriskindex-families-2024-v5
volvo-s40,15+,100-140k,4519,2096,46.4,44.9,47.8,false,motriskindex-families-2024-v5
volvo-s40,15+,140k+,2989,1430,47.8,46.1,49.6,false,motriskindex-families-2024-v5
volvo-s60,3-5,<40k,1839,181,9.8,8.6,11.3,false,motriskindex-families-2024-v5
volvo-s60,3-5,40-70k,669,132,19.7,16.9,22.9,false,motriskindex-families-2024-v5
volvo-s60,3-5,70-100k,108,23,21.3,14.6,29.9,true,motriskindex-families-2024-v5
volvo-s60,6-9,<40k,690,92,13.3,11.0,16.1,false,motriskindex-families-2024-v5
volvo-s60,6-9,40-70k,1397,256,18.3,16.4,20.4,false,motriskindex-families-2024-v5
volvo-s60,6-9,70-100k,1182,282,23.9,21.5,26.4,false,motriskindex-families-2024-v5
volvo-s60,6-9,100-140k,758,222,29.3,26.2,32.6,false,motriskindex-families-2024-v5
volvo-s60,6-9,140k+,327,104,31.8,27.0,37.0,true,motriskindex-families-2024-v5
volvo-s60,10-14,<40k,161,22,13.7,9.2,19.8,true,motriskindex-families-2024-v5
volvo-s60,10-14,40-70k,855,178,20.8,18.2,23.7,false,motriskindex-families-2024-v5
volvo-s60,10-14,70-100k,1786,486,27.2,25.2,29.3,false,motriskindex-families-2024-v5
volvo-s60,10-14,100-140k,2490,757,30.4,28.6,32.2,false,motriskindex-families-2024-v5
volvo-s60,10-14,140k+,1712,569,33.2,31.0,35.5,false,motriskindex-families-2024-v5
volvo-s60,15+,<40k,62,15,24.2,15.2,36.2,true,motriskindex-families-2024-v5
volvo-s60,15+,40-70k,451,130,28.8,24.8,33.2,true,motriskindex-families-2024-v5
volvo-s60,15+,70-100k,1103,405,36.7,33.9,39.6,false,motriskindex-families-2024-v5
volvo-s60,15+,100-140k,2069,852,41.2,39.1,43.3,false,motriskindex-families-2024-v5
volvo-s60,15+,140k+,2503,1087,43.4,41.5,45.4,false,motriskindex-families-2024-v5
volvo-s80,6-9,<40k,57,3,5.3,1.8,14.4,true,motriskindex-families-2024-v5
volvo-s80,6-9,40-70k,176,24,13.6,9.3,19.5,true,motriskindex-families-2024-v5
volvo-s80,6-9,70-100k,177,39,22.0,16.6,28.7,true,motriskindex-families-2024-v5
volvo-s80,6-9,100-140k,105,26,24.8,17.5,33.8,true,motriskindex-families-2024-v5
volvo-s80,6-9,140k+,64,11,17.2,9.9,28.2,true,motriskindex-families-2024-v5
volvo-s80,10-14,<40k,88,14,15.9,9.7,25.0,true,motriskindex-families-2024-v5
volvo-s80,10-14,40-70k,354,75,21.2,17.3,25.7,true,motriskindex-families-2024-v5
volvo-s80,10-14,70-100k,495,121,24.4,20.9,28.4,true,motriskindex-families-2024-v5
volvo-s80,10-14,100-140k,620,161,26.0,22.7,29.6,false,motriskindex-families-2024-v5
volvo-s80,10-14,140k+,601,200,33.3,29.6,37.1,false,motriskindex-families-2024-v5
volvo-s80,15+,<40k,60,19,31.7,21.3,44.2,true,motriskindex-families-2024-v5
volvo-s80,15+,40-70k,309,86,27.8,23.1,33.1,true,motriskindex-families-2024-v5
volvo-s80,15+,70-100k,719,227,31.6,28.3,35.1,false,motriskindex-families-2024-v5
volvo-s80,15+,100-140k,1372,516,37.6,35.1,40.2,false,motriskindex-families-2024-v5
volvo-s80,15+,140k+,1758,708,40.3,38.0,42.6,false,motriskindex-families-2024-v5
volvo-s90,3-5,<40k,1594,157,9.8,8.5,11.4,false,motriskindex-families-2024-v5
volvo-s90,3-5,40-70k,1268,166,13.1,11.3,15.1,false,motriskindex-families-2024-v5
volvo-s90,3-5,70-100k,365,52,14.2,11.0,18.2,true,motriskindex-families-2024-v5
volvo-s90,3-5,100-140k,117,15,12.8,7.9,20.1,true,motriskindex-families-2024-v5
volvo-s90,6-9,<40k,591,64,10.8,8.6,13.6,false,motriskindex-families-2024-v5
volvo-s90,6-9,40-70k,1893,256,13.5,12.1,15.1,false,motriskindex-families-2024-v5
volvo-s90,6-9,70-100k,1083,172,15.9,13.8,18.2,false,motriskindex-families-2024-v5
volvo-s90,6-9,100-140k,422,77,18.2,14.9,22.2,true,motriskindex-families-2024-v5
volvo-s90,6-9,140k+,166,27,16.3,11.4,22.6,true,motriskindex-families-2024-v5
volvo-v40,3-5,<40k,5237,812,15.5,14.6,16.5,false,motriskindex-families-2024-v5
volvo-v40,3-5,40-70k,2522,499,19.8,18.3,21.4,false,motriskindex-families-2024-v5
volvo-v40,3-5,70-100k,392,93,23.7,19.8,28.2,true,motriskindex-families-2024-v5
volvo-v40,3-5,100-140k,54,10,18.5,10.4,30.8,true,motriskindex-families-2024-v5
volvo-v40,6-9,<40k,13063,2276,17.4,16.8,18.1,false,motriskindex-families-2024-v5
volvo-v40,6-9,40-70k,24087,5708,23.7,23.2,24.2,false,motriskindex-families-2024-v5
volvo-v40,6-9,70-100k,14043,4067,29.0,28.2,29.7,false,motriskindex-families-2024-v5
volvo-v40,6-9,100-140k,5253,1773,33.8,32.5,35.0,false,motriskindex-families-2024-v5
volvo-v40,6-9,140k+,935,315,33.7,30.7,36.8,false,motriskindex-families-2024-v5
volvo-v40,10-14,<40k,1464,289,19.7,17.8,21.9,false,motriskindex-families-2024-v5
volvo-v40,10-14,40-70k,6122,1571,25.7,24.6,26.8,false,motriskindex-families-2024-v5
volvo-v40,10-14,70-100k,10353,3271,31.6,30.7,32.5,false,motriskindex-families-2024-v5
volvo-v40,10-14,100-140k,8622,3102,36.0,35.0,37.0,false,motriskindex-families-2024-v5
volvo-v40,10-14,140k+,3009,1182,39.3,37.6,41.0,false,motriskindex-families-2024-v5
volvo-v40,15+,<40k,67,22,32.8,22.8,44.7,true,motriskindex-families-2024-v5
volvo-v40,15+,40-70k,325,131,40.3,35.1,45.7,true,motriskindex-families-2024-v5
volvo-v40,15+,70-100k,710,327,46.1,42.4,49.7,false,motriskindex-families-2024-v5
volvo-v40,15+,100-140k,1099,566,51.5,48.5,54.4,false,motriskindex-families-2024-v5
volvo-v40,15+,140k+,996,546,54.8,51.7,57.9,false,motriskindex-families-2024-v5
volvo-v50,10-14,<40k,215,40,18.6,14.0,24.3,true,motriskindex-families-2024-v5
volvo-v50,10-14,40-70k,971,278,28.6,25.9,31.6,false,motriskindex-families-2024-v5
volvo-v50,10-14,70-100k,2224,893,40.2,38.1,42.2,false,motriskindex-families-2024-v5
volvo-v50,10-14,100-140k,4513,2030,45.0,43.5,46.4,false,motriskindex-families-2024-v5
volvo-v50,10-14,140k+,3969,1918,48.3,46.8,49.9,false,motriskindex-families-2024-v5
volvo-v50,15+,<40k,188,39,20.7,15.6,27.1,true,motriskindex-families-2024-v5
volvo-v50,15+,40-70k,969,321,33.1,30.2,36.2,false,motriskindex-families-2024-v5
volvo-v50,15+,70-100k,2613,1065,40.8,38.9,42.7,false,motriskindex-families-2024-v5
volvo-v50,15+,100-140k,6258,2948,47.1,45.9,48.3,false,motriskindex-families-2024-v5
volvo-v50,15+,140k+,7843,3933,50.1,49.0,51.3,false,motriskindex-families-2024-v5
volvo-v60,3-5,<40k,6310,726,11.5,10.7,12.3,false,motriskindex-families-2024-v5
volvo-v60,3-5,40-70k,3903,636,16.3,15.2,17.5,false,motriskindex-families-2024-v5
volvo-v60,3-5,70-100k,1010,157,15.5,13.4,17.9,false,motriskindex-families-2024-v5
volvo-v60,3-5,100-140k,277,64,23.1,18.5,28.4,true,motriskindex-families-2024-v5
volvo-v60,6-9,<40k,1792,231,12.9,11.4,14.5,false,motriskindex-families-2024-v5
volvo-v60,6-9,40-70k,4819,856,17.8,16.7,18.9,false,motriskindex-families-2024-v5
volvo-v60,6-9,70-100k,4139,861,20.8,19.6,22.1,false,motriskindex-families-2024-v5
volvo-v60,6-9,100-140k,2509,707,28.2,26.5,30.0,false,motriskindex-families-2024-v5
volvo-v60,6-9,140k+,838,235,28.0,25.1,31.2,false,motriskindex-families-2024-v5
volvo-v60,10-14,<40k,236,35,14.8,10.9,19.9,true,motriskindex-families-2024-v5
volvo-v60,10-14,40-70k,1477,334,22.6,20.6,24.8,false,motriskindex-families-2024-v5
volvo-v60,10-14,70-100k,3532,966,27.3,25.9,28.8,false,motriskindex-families-2024-v5
volvo-v60,10-14,100-140k,5505,1741,31.6,30.4,32.9,false,motriskindex-families-2024-v5
volvo-v60,10-14,140k+,3619,1268,35.0,33.5,36.6,false,motriskindex-families-2024-v5
volvo-v70,6-9,<40k,232,23,9.9,6.7,14.4,true,motriskindex-families-2024-v5
volvo-v70,6-9,40-70k,834,141,16.9,14.5,19.6,false,motriskindex-families-2024-v5
volvo-v70,6-9,70-100k,874,182,20.8,18.3,23.6,false,motriskindex-families-2024-v5
volvo-v70,6-9,100-140k,607,156,25.7,22.4,29.3,false,motriskindex-families-2024-v5
volvo-v70,6-9,140k+,232,51,22.0,17.1,27.7,true,motriskindex-families-2024-v5
volvo-v70,10-14,<40k,223,26,11.7,8.1,16.5,true,motriskindex-families-2024-v5
volvo-v70,10-14,40-70k,1107,204,18.4,16.3,20.8,false,motriskindex-families-2024-v5
volvo-v70,10-14,70-100k,2156,556,25.8,24.0,27.7,false,motriskindex-families-2024-v5
volvo-v70,10-14,100-140k,3303,938,28.4,26.9,30.0,false,motriskindex-families-2024-v5
volvo-v70,10-14,140k+,3338,1229,36.8,35.2,38.5,false,motriskindex-families-2024-v5
volvo-v70,15+,<40k,164,32,19.5,14.2,26.2,true,motriskindex-families-2024-v5
volvo-v70,15+,40-70k,992,256,25.8,23.2,28.6,false,motriskindex-families-2024-v5
volvo-v70,15+,70-100k,2841,1006,35.4,33.7,37.2,false,motriskindex-families-2024-v5
volvo-v70,15+,100-140k,7537,3052,40.5,39.4,41.6,false,motriskindex-families-2024-v5
volvo-v70,15+,140k+,14871,6759,45.5,44.7,46.3,false,motriskindex-families-2024-v5
volvo-v90,3-5,<40k,3329,399,12.0,10.9,13.1,false,motriskindex-families-2024-v5
volvo-v90,3-5,40-70k,2964,503,17.0,15.7,18.4,false,motriskindex-families-2024-v5
volvo-v90,3-5,70-100k,686,129,18.8,16.1,21.9,false,motriskindex-families-2024-v5
volvo-v90,3-5,100-140k,167,28,16.8,11.9,23.2,true,motriskindex-families-2024-v5
volvo-v90,3-5,140k+,51,14,27.5,17.1,40.9,true,motriskindex-families-2024-v5
volvo-v90,6-9,<40k,867,105,12.1,10.1,14.5,false,motriskindex-families-2024-v5
volvo-v90,6-9,40-70k,3365,529,15.7,14.5,17.0,false,motriskindex-families-2024-v5
volvo-v90,6-9,70-100k,2090,411,19.7,18.0,21.4,false,motriskindex-families-2024-v5
volvo-v90,6-9,100-140k,777,147,18.9,16.3,21.8,false,motriskindex-families-2024-v5
volvo-v90,6-9,140k+,228,56,24.6,19.4,30.5,true,motriskindex-families-2024-v5
volvo-xc40,3-5,<40k,48105,3996,8.3,8.1,8.6,false,motriskindex-families-2024-v5
volvo-xc40,3-5,40-70k,14661,1865,12.7,12.2,13.3,false,motriskindex-families-2024-v5
volvo-xc40,3-5,70-100k,1936,286,14.8,13.3,16.4,false,motriskindex-families-2024-v5
volvo-xc40,3-5,100-140k,352,63,17.9,14.2,22.2,true,motriskindex-families-2024-v5
volvo-xc40,6-9,<40k,2597,252,9.7,8.6,10.9,false,motriskindex-families-2024-v5
volvo-xc40,6-9,40-70k,3284,438,13.3,12.2,14.5,false,motriskindex-families-2024-v5
volvo-xc40,6-9,70-100k,661,108,16.3,13.7,19.4,false,motriskindex-families-2024-v5
volvo-xc40,6-9,100-140k,97,22,22.7,15.5,32.0,true,motriskindex-families-2024-v5
volvo-xc60,3-5,<40k,17665,1554,8.8,8.4,9.2,false,motriskindex-families-2024-v5
volvo-xc60,3-5,40-70k,9806,1216,12.4,11.8,13.1,false,motriskindex-families-2024-v5
volvo-xc60,3-5,70-100k,1433,178,12.4,10.8,14.2,false,motriskindex-families-2024-v5
volvo-xc60,3-5,100-140k,254,49,19.3,14.9,24.6,true,motriskindex-families-2024-v5
volvo-xc60,6-9,<40k,5766,631,10.9,10.2,11.8,false,motriskindex-families-2024-v5
volvo-xc60,6-9,40-70k,21894,3666,16.7,16.3,17.2,false,motriskindex-families-2024-v5
volvo-xc60,6-9,70-100k,16957,3821,22.5,21.9,23.2,false,motriskindex-families-2024-v5
volvo-xc60,6-9,100-140k,6791,1756,25.9,24.8,26.9,false,motriskindex-families-2024-v5
volvo-xc60,6-9,140k+,1368,396,28.9,26.6,31.4,false,motriskindex-families-2024-v5
volvo-xc60,10-14,<40k,332,45,13.6,10.3,17.7,true,motriskindex-families-2024-v5
volvo-xc60,10-14,40-70k,2842,590,20.8,19.3,22.3,false,motriskindex-families-2024-v5
volvo-xc60,10-14,70-100k,7705,1943,25.2,24.3,26.2,false,motriskindex-families-2024-v5
volvo-xc60,10-14,100-140k,10854,3198,29.5,28.6,30.3,false,motriskindex-families-2024-v5
volvo-xc60,10-14,140k+,5617,1944,34.6,33.4,35.9,false,motriskindex-families-2024-v5
volvo-xc60,15+,40-70k,117,21,17.9,12.0,25.9,true,motriskindex-families-2024-v5
volvo-xc60,15+,70-100k,459,110,24.0,20.3,28.1,true,motriskindex-families-2024-v5
volvo-xc60,15+,100-140k,1313,438,33.4,30.9,36.0,false,motriskindex-families-2024-v5
volvo-xc60,15+,140k+,1285,432,33.6,31.1,36.2,false,motriskindex-families-2024-v5
volvo-xc70,6-9,<40k,173,27,15.6,11.0,21.8,true,motriskindex-families-2024-v5
volvo-xc70,6-9,40-70k,813,145,17.8,15.4,20.6,false,motriskindex-families-2024-v5
volvo-xc70,6-9,70-100k,937,226,24.1,21.5,27.0,false,motriskindex-families-2024-v5
volvo-xc70,6-9,100-140k,542,148,27.3,23.7,31.2,false,motriskindex-families-2024-v5
volvo-xc70,6-9,140k+,179,57,31.8,25.5,39.0,true,motriskindex-families-2024-v5
volvo-xc70,10-14,<40k,152,25,16.4,11.4,23.2,true,motriskindex-families-2024-v5
volvo-xc70,10-14,40-70k,913,165,18.1,15.7,20.7,false,motriskindex-families-2024-v5
volvo-xc70,10-14,70-100k,2004,499,24.9,23.1,26.8,false,motriskindex-families-2024-v5
volvo-xc70,10-14,100-140k,2700,746,27.6,26.0,29.3,false,motriskindex-families-2024-v5
volvo-xc70,10-14,140k+,2066,700,33.9,31.9,36.0,false,motriskindex-families-2024-v5
volvo-xc70,15+,40-70k,227,59,26.0,20.7,32.1,true,motriskindex-families-2024-v5
volvo-xc70,15+,70-100k,669,210,31.4,28.0,35.0,false,motriskindex-families-2024-v5
volvo-xc70,15+,100-140k,1860,667,35.9,33.7,38.1,false,motriskindex-families-2024-v5
volvo-xc70,15+,140k+,3995,1696,42.5,40.9,44.0,false,motriskindex-families-2024-v5
volvo-xc90,3-5,<40k,10031,1199,12.0,11.3,12.6,false,motriskindex-families-2024-v5
volvo-xc90,3-5,40-70k,7466,1068,14.3,13.5,15.1,false,motriskindex-families-2024-v5
volvo-xc90,3-5,70-100k,1181,178,15.1,13.1,17.2,false,motriskindex-families-2024-v5
volvo-xc90,3-5,100-140k,212,34,16.0,11.7,21.6,true,motriskindex-families-2024-v5
volvo-xc90,6-9,<40k,1790,262,14.6,13.1,16.4,false,motriskindex-families-2024-v5
volvo-xc90,6-9,40-70k,8075,1276,15.8,15.0,16.6,false,motriskindex-families-2024-v5
volvo-xc90,6-9,70-100k,6653,1370,20.6,19.6,21.6,false,motriskindex-families-2024-v5
volvo-xc90,6-9,100-140k,2667,608,22.8,21.2,24.4,false,motriskindex-families-2024-v5
volvo-xc90,6-9,140k+,444,101,22.7,19.1,26.9,true,motriskindex-families-2024-v5
volvo-xc90,10-14,<40k,148,22,14.9,10.0,21.5,true,motriskindex-families-2024-v5
volvo-xc90,10-14,40-70k,1213,285,23.5,21.2,26.0,false,motriskindex-families-2024-v5
volvo-xc90,10-14,70-100k,4140,1256,30.3,29.0,31.8,false,motriskindex-families-2024-v5
volvo-xc90,10-14,100-140k,7516,2758,36.7,35.6,37.8,false,motriskindex-families-2024-v5
volvo-xc90,10-14,140k+,4660,1849,39.7,38.3,41.1,false,motriskindex-families-2024-v5
volvo-xc90,15+,40-70k,276,66,23.9,19.3,29.3,true,motriskindex-families-2024-v5
volvo-xc90,15+,70-100k,1211,440,36.3,33.7,39.1,false,motriskindex-families-2024-v5
volvo-xc90,15+,100-140k,4765,1959,41.1,39.7,42.5,false,motriskindex-families-2024-v5
volvo-xc90,15+,140k+,8856,3998,45.1,44.1,46.2,false,motriskindex-families-2024-v5
