family,model_year,n,fail_pct,vs_own_age_norm,ci95_low,ci95_high,verdict,rough_estimate,dataset_release_id
abarth-124,2016,897,8.58,86.7,67.3,106.0,no different,true,motriskindex-families-2024-v5
abarth-124,2017,2468,10.37,107.6,94.4,120.8,no different,true,motriskindex-families-2024-v5
abarth-124,2018,3765,8.84,98.6,88.0,109.2,no different,true,motriskindex-families-2024-v5
abarth-124,2019,768,8.85,101.2,77.2,125.3,no different,true,motriskindex-families-2024-v5
abarth-500,2009,4750,35.03,100.3,95.5,105.2,no different,false,motriskindex-families-2024-v5
abarth-500,2010,5860,34.91,102.9,98.4,107.3,no different,false,motriskindex-families-2024-v5
abarth-500,2011,5478,34.05,103.1,98.5,107.8,no different,false,motriskindex-families-2024-v5
abarth-500,2012,4665,32.48,102.4,97.2,107.6,no different,false,motriskindex-families-2024-v5
abarth-500,2013,3334,29.66,97.4,91.4,103.5,no different,true,motriskindex-families-2024-v5
abarth-500,2014,4759,28.01,97.1,91.9,102.3,no different,false,motriskindex-families-2024-v5
abarth-500,2015,4451,24.42,93.5,88.0,99.1,better,false,motriskindex-families-2024-v5
abarth-500,2016,326,23.01,93.0,71.9,114.0,no different,true,motriskindex-families-2024-v5
abarth-595,2012,888,28.6,102.4,89.8,115.0,no different,true,motriskindex-families-2024-v5
abarth-595,2013,3028,28.63,107.9,100.7,115.1,worse,true,motriskindex-families-2024-v5
abarth-595,2014,3362,24.3,101.8,94.8,108.7,no different,true,motriskindex-families-2024-v5
abarth-595,2015,10131,23.91,109.6,105.2,113.9,worse,false,motriskindex-families-2024-v5
abarth-595,2016,19877,20.26,106.5,103.2,109.8,worse,false,motriskindex-families-2024-v5
abarth-595,2017,18373,17.25,99.4,96.0,102.9,no different,false,motriskindex-families-2024-v5
abarth-595,2018,16220,15.72,96.2,92.5,100.0,no different,false,motriskindex-families-2024-v5
abarth-595,2019,8665,13.58,91.7,86.5,96.9,better,false,motriskindex-families-2024-v5
abarth-595,2020,4305,11.75,87.8,80.1,95.4,better,false,motriskindex-families-2024-v5
alfa-romeo-147,2002,1070,52.52,99.8,91.5,108.0,no different,true,motriskindex-families-2024-v5
alfa-romeo-147,2003,1917,48.04,92.3,86.3,98.2,better,true,motriskindex-families-2024-v5
alfa-romeo-147,2004,1931,48.63,95.6,89.5,101.7,no different,true,motriskindex-families-2024-v5
alfa-romeo-147,2005,2443,48.06,96.1,90.6,101.6,no different,true,motriskindex-families-2024-v5
alfa-romeo-147,2006,2729,49.76,100.4,95.0,105.7,no different,true,motriskindex-families-2024-v5
alfa-romeo-147,2007,3488,48.19,98.5,93.8,103.2,no different,true,motriskindex-families-2024-v5
alfa-romeo-147,2008,3924,45.8,94.1,89.8,98.5,better,true,motriskindex-families-2024-v5
alfa-romeo-147,2009,1234,42.38,89.9,82.2,97.6,better,true,motriskindex-families-2024-v5
alfa-romeo-156,2002,848,49.17,95.3,86.2,104.5,no different,true,motriskindex-families-2024-v5
alfa-romeo-156,2003,1442,48.06,94.6,87.5,101.6,no different,true,motriskindex-families-2024-v5
alfa-romeo-156,2004,1831,48.88,93.1,87.0,99.2,better,true,motriskindex-families-2024-v5
alfa-romeo-156,2005,1699,51.8,98.9,92.4,105.5,no different,true,motriskindex-families-2024-v5
alfa-romeo-159,2006,2719,46.67,101.6,96.0,107.2,no different,true,motriskindex-families-2024-v5
alfa-romeo-159,2007,7359,45.63,100.3,96.9,103.7,no different,false,motriskindex-families-2024-v5
alfa-romeo-159,2008,6437,44.87,100.2,96.5,103.8,no different,false,motriskindex-families-2024-v5
alfa-romeo-159,2009,6192,44.07,99.9,96.2,103.7,no different,false,motriskindex-families-2024-v5
alfa-romeo-159,2010,4758,40.63,95.6,91.3,99.9,better,false,motriskindex-families-2024-v5
alfa-romeo-159,2011,3067,38.8,95.3,89.9,100.7,no different,true,motriskindex-families-2024-v5
alfa-romeo-159,2012,489,34.36,87.4,74.2,100.6,no different,true,motriskindex-families-2024-v5
alfa-romeo-brera,2006,2602,40.85,106.1,99.7,112.5,no different,true,motriskindex-families-2024-v5
alfa-romeo-brera,2007,2986,40.92,106.8,100.9,112.8,worse,true,motriskindex-families-2024-v5
alfa-romeo-brera,2008,3420,36.9,98.2,92.8,103.6,no different,true,motriskindex-families-2024-v5
alfa-romeo-brera,2009,2789,31.48,86.3,80.6,92.0,better,true,motriskindex-families-2024-v5
alfa-romeo-brera,2010,523,27.53,77.4,64.8,90.0,better,true,motriskindex-families-2024-v5
alfa-romeo-giulia,2016,783,17.24,112.6,93.6,131.6,no different,true,motriskindex-families-2024-v5
alfa-romeo-giulia,2017,10518,16.84,113.0,107.7,118.2,worse,false,motriskindex-families-2024-v5
alfa-romeo-giulia,2018,6480,13.67,94.7,88.5,101.0,no different,false,motriskindex-families-2024-v5
alfa-romeo-giulia,2019,4496,12.19,88.0,80.6,95.3,better,false,motriskindex-families-2024-v5
alfa-romeo-giulia,2020,1632,12.75,95.7,82.7,108.7,no different,true,motriskindex-families-2024-v5
alfa-romeo-giulietta,2010,11957,37.58,100.7,97.8,103.7,no different,false,motriskindex-families-2024-v5
alfa-romeo-giulietta,2011,35021,37.77,106.9,105.1,108.7,worse,false,motriskindex-families-2024-v5
alfa-romeo-giulietta,2012,21908,33.38,102.6,100.2,104.9,worse,false,motriskindex-families-2024-v5
alfa-romeo-giulietta,2013,19178,30.47,103.2,100.5,105.8,worse,false,motriskindex-families-2024-v5
alfa-romeo-giulietta,2014,19073,24.44,93.0,90.4,95.7,better,false,motriskindex-families-2024-v5
alfa-romeo-giulietta,2015,18314,21.84,95.1,92.1,98.0,better,false,motriskindex-families-2024-v5
alfa-romeo-giulietta,2016,16969,18.53,93.8,90.5,97.1,better,false,motriskindex-families-2024-v5
alfa-romeo-giulietta,2017,8029,15.17,86.9,82.0,91.8,better,false,motriskindex-families-2024-v5
alfa-romeo-giulietta,2018,3362,14.93,93.4,85.3,101.6,no different,true,motriskindex-families-2024-v5
alfa-romeo-giulietta,2019,1543,13.29,92.4,79.8,105.1,no different,true,motriskindex-families-2024-v5
alfa-romeo-giulietta,2020,1026,14.33,110.1,92.3,127.9,no different,true,motriskindex-families-2024-v5
alfa-romeo-gt,2004,745,47.79,91.7,82.2,101.3,no different,true,motriskindex-families-2024-v5
alfa-romeo-gt,2005,1767,51.16,98.1,91.7,104.4,no different,true,motriskindex-families-2024-v5
alfa-romeo-gt,2006,2051,50.02,97.6,91.6,103.6,no different,true,motriskindex-families-2024-v5
alfa-romeo-gt,2007,4067,49.4,98.1,93.8,102.4,no different,false,motriskindex-families-2024-v5
alfa-romeo-gt,2008,4156,48.32,97.3,93.1,101.6,no different,false,motriskindex-families-2024-v5
alfa-romeo-gt,2009,804,42.66,88.1,78.8,97.5,better,true,motriskindex-families-2024-v5
alfa-romeo-gt,2010,433,45.03,93.7,80.6,106.9,no different,true,motriskindex-families-2024-v5
alfa-romeo-mito,2009,26912,42.55,103.9,102.0,105.8,worse,false,motriskindex-families-2024-v5
alfa-romeo-mito,2010,22873,40.05,100.8,98.8,102.9,no different,false,motriskindex-families-2024-v5
alfa-romeo-mito,2011,18585,36.98,96.3,94.0,98.5,better,false,motriskindex-families-2024-v5
alfa-romeo-mito,2012,14869,36.31,97.9,95.3,100.5,no different,false,motriskindex-families-2024-v5
alfa-romeo-mito,2013,10746,35.6,100.9,97.7,104.1,no different,false,motriskindex-families-2024-v5
alfa-romeo-mito,2014,10510,34.48,104.9,101.5,108.3,worse,false,motriskindex-families-2024-v5
alfa-romeo-mito,2015,9555,30.21,103.3,99.5,107.1,no different,false,motriskindex-families-2024-v5
alfa-romeo-mito,2016,9040,21.71,87.0,83.2,90.9,better,false,motriskindex-families-2024-v5
alfa-romeo-mito,2017,3880,20.98,93.7,87.3,100.2,no different,true,motriskindex-families-2024-v5
alfa-romeo-mito,2018,1647,19.67,96.3,85.8,106.8,no different,true,motriskindex-families-2024-v5
alfa-romeo-spider,2004,233,35.62,115.6,90.7,140.4,no different,true,motriskindex-families-2024-v5
alfa-romeo-spider,2005,256,33.2,110.9,87.3,134.5,no different,true,motriskindex-families-2024-v5
alfa-romeo-spider,2007,3494,31.2,105.2,99.0,111.5,no different,true,motriskindex-families-2024-v5
alfa-romeo-spider,2008,3538,26.79,94.2,88.2,100.2,no different,true,motriskindex-families-2024-v5
alfa-romeo-spider,2009,639,25.67,90.7,76.8,104.5,no different,true,motriskindex-families-2024-v5
alfa-romeo-spider,2010,418,21.05,75.5,59.7,91.2,better,true,motriskindex-families-2024-v5
alfa-romeo-stelvio,2017,819,11.6,100.4,80.2,120.6,no different,true,motriskindex-families-2024-v5
alfa-romeo-stelvio,2018,4278,12.62,110.5,101.1,119.8,worse,false,motriskindex-families-2024-v5
alfa-romeo-stelvio,2019,3634,10.7,101.7,91.6,111.8,no different,true,motriskindex-families-2024-v5
alfa-romeo-stelvio,2020,1318,9.26,88.1,72.4,103.7,no different,true,motriskindex-families-2024-v5
aston-martin-db11,2016,523,5.93,110.7,71.7,149.6,no different,true,motriskindex-families-2024-v5
aston-martin-db11,2017,3890,5.76,110.0,95.6,124.4,no different,true,motriskindex-families-2024-v5
aston-martin-db11,2018,2609,4.41,86.4,70.6,102.2,no different,true,motriskindex-families-2024-v5
aston-martin-db11,2019,1533,5.48,109.3,85.9,132.6,no different,true,motriskindex-families-2024-v5
aston-martin-db11,2020,517,3.48,68.2,36.7,99.8,better,true,motriskindex-families-2024-v5
aston-martin-db9,2004,1361,14.77,127.8,110.2,145.5,worse,true,motriskindex-families-2024-v5
aston-martin-db9,2005,6327,12.0,103.9,96.5,111.3,no different,false,motriskindex-families-2024-v5
aston-martin-db9,2006,3630,12.29,105.5,95.7,115.3,no different,true,motriskindex-families-2024-v5
aston-martin-db9,2007,4018,11.62,99.1,90.1,108.1,no different,false,motriskindex-families-2024-v5
aston-martin-db9,2008,2778,10.08,84.5,74.6,94.4,better,true,motriskindex-families-2024-v5
aston-martin-db9,2009,1146,8.64,73.6,59.1,88.1,better,true,motriskindex-families-2024-v5
aston-martin-db9,2010,780,10.9,94.2,74.2,114.2,no different,true,motriskindex-families-2024-v5
aston-martin-db9,2011,254,11.02,96.8,60.9,132.6,no different,true,motriskindex-families-2024-v5
aston-martin-v8,2005,342,12.87,120.8,85.1,156.5,no different,true,motriskindex-families-2024-v5
aston-martin-v8,2006,5628,11.39,107.6,99.3,116.0,no different,false,motriskindex-families-2024-v5
aston-martin-v8,2007,4484,9.97,93.7,85.1,102.4,no different,false,motriskindex-families-2024-v5
aston-martin-v8,2008,2994,10.32,94.7,84.1,105.3,no different,true,motriskindex-families-2024-v5
aston-martin-v8,2009,2259,8.06,74.2,63.4,85.0,better,true,motriskindex-families-2024-v5
aston-martin-v8,2010,1047,8.88,83.4,66.5,100.4,no different,true,motriskindex-families-2024-v5
aston-martin-v8,2011,702,10.68,101.8,78.7,124.8,no different,true,motriskindex-families-2024-v5
aston-martin-v8,2012,382,11.78,112.7,79.7,145.6,no different,true,motriskindex-families-2024-v5
aston-martin-vantage,2014,739,11.1,161.3,126.4,196.2,worse,true,motriskindex-families-2024-v5
aston-martin-vantage,2015,1101,8.17,129.2,102.5,155.9,worse,true,motriskindex-families-2024-v5
aston-martin-vantage,2016,1563,8.38,136.1,112.8,159.4,worse,true,motriskindex-families-2024-v5
aston-martin-vantage,2017,1324,5.74,96.2,74.6,117.9,no different,true,motriskindex-families-2024-v5
aston-martin-vantage,2018,1899,6.21,104.9,86.0,123.8,no different,true,motriskindex-families-2024-v5
aston-martin-vantage,2019,2143,5.65,101.0,83.0,119.0,no different,true,motriskindex-families-2024-v5
aston-martin-vantage,2020,404,5.45,101.0,58.8,143.2,no different,true,motriskindex-families-2024-v5
audi-a1,2010,8762,33.12,104.8,101.0,108.7,worse,false,motriskindex-families-2024-v5
audi-a1,2011,99987,30.7,104.9,103.7,106.0,worse,false,motriskindex-families-2024-v5
audi-a1,2012,112223,27.3,101.8,100.7,103.0,worse,false,motriskindex-families-2024-v5
audi-a1,2013,134681,24.68,102.3,101.2,103.4,worse,false,motriskindex-families-2024-v5
audi-a1,2014,138950,20.57,97.0,95.9,98.2,better,false,motriskindex-families-2024-v5
audi-a1,2015,144041,17.25,94.0,92.8,95.2,better,false,motriskindex-families-2024-v5
audi-a1,2016,155112,16.17,103.0,101.7,104.2,worse,false,motriskindex-families-2024-v5
audi-a1,2017,121964,14.49,104.0,102.4,105.5,worse,false,motriskindex-families-2024-v5
audi-a1,2018,80567,13.33,105.4,103.4,107.3,worse,false,motriskindex-families-2024-v5
audi-a1,2019,62006,10.88,97.2,94.9,99.6,better,false,motriskindex-families-2024-v5
audi-a1,2020,26895,10.15,100.1,96.4,103.9,no different,false,motriskindex-families-2024-v5
audi-a2,2000,643,46.97,101.0,89.6,112.4,no different,true,motriskindex-families-2024-v5
audi-a2,2001,9160,46.38,100.4,97.3,103.4,no different,false,motriskindex-families-2024-v5
audi-a2,2002,12811,47.16,102.3,99.7,104.9,no different,false,motriskindex-families-2024-v5
audi-a2,2003,10130,45.95,100.4,97.5,103.3,no different,false,motriskindex-families-2024-v5
audi-a2,2004,11282,43.59,95.5,92.8,98.2,better,false,motriskindex-families-2024-v5
audi-a2,2005,6579,43.24,95.5,92.0,99.0,better,false,motriskindex-families-2024-v5
audi-a3,1998,1416,45.55,97.7,90.1,105.2,no different,true,motriskindex-families-2024-v5
audi-a3,1999,2697,45.16,96.6,91.2,102.1,no different,true,motriskindex-families-2024-v5
audi-a3,2000,5398,45.05,96.5,92.7,100.4,no different,false,motriskindex-families-2024-v5
audi-a3,2001,8875,46.13,99.1,96.1,102.2,no different,false,motriskindex-families-2024-v5
audi-a3,2002,13914,47.97,104.2,101.7,106.7,worse,false,motriskindex-families-2024-v5
audi-a3,2003,19985,48.19,105.1,103.0,107.2,worse,false,motriskindex-families-2024-v5
audi-a3,2004,42199,47.77,106.1,104.6,107.5,worse,false,motriskindex-families-2024-v5
audi-a3,2005,80264,45.27,103.2,102.2,104.3,worse,false,motriskindex-families-2024-v5
audi-a3,2006,105468,44.09,103.9,102.9,104.8,worse,false,motriskindex-families-2024-v5
audi-a3,2007,118614,41.17,101.2,100.3,102.1,worse,false,motriskindex-families-2024-v5
audi-a3,2008,140269,38.83,100.7,99.8,101.5,no different,false,motriskindex-families-2024-v5
audi-a3,2009,154135,35.49,98.7,97.9,99.5,better,false,motriskindex-families-2024-v5
audi-a3,2010,164090,34.41,104.6,103.7,105.5,worse,false,motriskindex-families-2024-v5
audi-a3,2011,137844,31.05,105.1,104.1,106.1,worse,false,motriskindex-families-2024-v5
audi-a3,2012,160644,28.03,107.3,106.4,108.3,worse,false,motriskindex-families-2024-v5
audi-a3,2013,169298,22.49,99.3,98.3,100.3,no different,false,motriskindex-families-2024-v5
audi-a3,2014,239634,18.62,95.9,95.0,96.8,better,false,motriskindex-families-2024-v5
audi-a3,2015,257227,15.72,94.2,93.3,95.2,better,false,motriskindex-families-2024-v5
audi-a3,2016,242368,13.33,91.3,90.3,92.3,better,false,motriskindex-families-2024-v5
audi-a3,2017,183484,11.94,90.2,89.0,91.4,better,false,motriskindex-families-2024-v5
audi-a3,2018,111087,11.87,96.2,94.5,97.8,better,false,motriskindex-families-2024-v5
audi-a3,2019,63694,11.68,101.1,98.8,103.4,no different,false,motriskindex-families-2024-v5
audi-a3,2020,9252,11.29,100.9,94.8,107.0,no different,false,motriskindex-families-2024-v5
audi-a4,1998,2493,44.28,99.5,93.6,105.3,no different,true,motriskindex-families-2024-v5
audi-a4,1999,4943,46.25,105.1,100.8,109.4,worse,false,motriskindex-families-2024-v5
audi-a4,2000,8098,44.68,103.1,99.7,106.5,no different,false,motriskindex-families-2024-v5
audi-a4,2001,11044,44.73,104.2,101.3,107.1,worse,false,motriskindex-families-2024-v5
audi-a4,2002,27690,44.08,104.3,102.4,106.1,worse,false,motriskindex-families-2024-v5
audi-a4,2003,48297,42.75,102.9,101.5,104.3,worse,false,motriskindex-families-2024-v5
audi-a4,2004,70384,41.92,103.2,102.1,104.4,worse,false,motriskindex-families-2024-v5
audi-a4,2005,79465,39.65,100.6,99.5,101.7,no different,false,motriskindex-families-2024-v5
audi-a4,2006,111125,37.56,98.8,97.9,99.8,better,false,motriskindex-families-2024-v5
audi-a4,2007,121675,36.22,99.5,98.5,100.4,no different,false,motriskindex-families-2024-v5
audi-a4,2008,114742,35.16,101.8,100.8,102.8,worse,false,motriskindex-families-2024-v5
audi-a4,2009,89019,31.75,97.8,96.7,99.0,better,false,motriskindex-families-2024-v5
audi-a4,2010,85387,29.26,96.7,95.5,97.9,better,false,motriskindex-families-2024-v5
audi-a4,2011,88056,27.12,97.0,95.8,98.3,better,false,motriskindex-families-2024-v5
audi-a4,2012,85563,24.84,96.8,95.5,98.1,better,false,motriskindex-families-2024-v5
audi-a4,2013,100139,22.94,98.5,97.3,99.8,better,false,motriskindex-families-2024-v5
audi-a4,2014,104990,21.34,102.6,101.2,103.9,worse,false,motriskindex-families-2024-v5
audi-a4,2015,102641,19.49,105.7,104.2,107.2,worse,false,motriskindex-families-2024-v5
audi-a4,2016,139053,16.08,99.2,97.9,100.5,no different,false,motriskindex-families-2024-v5
audi-a4,2017,116667,13.62,92.7,91.3,94.2,better,false,motriskindex-families-2024-v5
audi-a4,2018,56650,13.57,99.7,97.5,102.0,no different,false,motriskindex-families-2024-v5
audi-a4,2019,39761,12.89,104.0,101.1,106.8,worse,false,motriskindex-families-2024-v5
audi-a4,2020,12131,11.76,101.9,96.7,107.2,no different,false,motriskindex-families-2024-v5
audi-a5,2007,9994,27.02,92.0,88.5,95.5,better,false,motriskindex-families-2024-v5
audi-a5,2008,29193,30.64,106.2,104.0,108.4,worse,false,motriskindex-families-2024-v5
audi-a5,2009,40056,28.48,102.1,100.2,104.0,worse,false,motriskindex-families-2024-v5
audi-a5,2010,65904,27.28,102.7,101.2,104.2,worse,false,motriskindex-families-2024-v5
audi-a5,2011,61416,25.22,100.7,99.1,102.3,no different,false,motriskindex-families-2024-v5
audi-a5,2012,58657,23.1,99.1,97.5,100.8,no different,false,motriskindex-families-2024-v5
audi-a5,2013,66297,21.8,101.3,99.7,103.0,no different,false,motriskindex-families-2024-v5
audi-a5,2014,65894,19.58,100.4,98.7,102.2,no different,false,motriskindex-families-2024-v5
audi-a5,2015,64121,17.85,102.1,100.2,104.0,worse,false,motriskindex-families-2024-v5
audi-a5,2016,51920,16.14,104.2,102.0,106.4,worse,false,motriskindex-families-2024-v5
audi-a5,2017,77277,12.91,91.2,89.4,93.0,better,false,motriskindex-families-2024-v5
audi-a5,2018,47329,12.7,95.7,93.2,98.1,better,false,motriskindex-families-2024-v5
audi-a5,2019,30320,12.38,101.7,98.4,104.9,no different,false,motriskindex-families-2024-v5
audi-a5,2020,9896,12.83,113.5,107.3,119.7,worse,false,motriskindex-families-2024-v5
audi-a6,1998,535,48.6,108.6,95.4,121.8,no different,true,motriskindex-families-2024-v5
audi-a6,1999,1365,47.25,106.1,97.9,114.3,no different,true,motriskindex-families-2024-v5
audi-a6,2000,2180,45.6,106.6,100.0,113.2,no different,true,motriskindex-families-2024-v5
audi-a6,2001,2766,43.75,105.1,99.2,111.0,no different,true,motriskindex-families-2024-v5
audi-a6,2002,5881,43.48,107.7,103.5,111.9,worse,false,motriskindex-families-2024-v5
audi-a6,2003,8717,41.18,105.2,101.8,108.7,worse,false,motriskindex-families-2024-v5
audi-a6,2004,12433,40.15,106.5,103.6,109.5,worse,false,motriskindex-families-2024-v5
audi-a6,2005,19936,36.37,100.8,98.5,103.1,no different,false,motriskindex-families-2024-v5
audi-a6,2006,30937,33.78,97.5,95.6,99.4,better,false,motriskindex-families-2024-v5
audi-a6,2007,48503,33.61,101.8,100.2,103.3,worse,false,motriskindex-families-2024-v5
audi-a6,2008,45260,32.71,105.1,103.5,106.8,worse,false,motriskindex-families-2024-v5
audi-a6,2009,30208,30.09,103.9,101.8,106.0,worse,false,motriskindex-families-2024-v5
audi-a6,2010,44486,28.0,105.1,103.3,107.0,worse,false,motriskindex-families-2024-v5
audi-a6,2011,45852,24.82,103.0,101.1,104.9,worse,false,motriskindex-families-2024-v5
audi-a6,2012,52516,19.79,92.0,90.3,93.8,better,false,motriskindex-families-2024-v5
audi-a6,2013,65564,17.94,94.4,92.7,96.1,better,false,motriskindex-families-2024-v5
audi-a6,2014,67246,16.79,100.7,98.9,102.6,no different,false,motriskindex-families-2024-v5
audi-a6,2015,71208,13.89,94.5,92.6,96.4,better,false,motriskindex-families-2024-v5
audi-a6,2016,84662,13.06,99.8,98.0,101.7,no different,false,motriskindex-families-2024-v5
audi-a6,2017,52435,11.41,95.2,92.8,97.6,better,false,motriskindex-families-2024-v5
audi-a6,2018,34408,11.24,99.2,96.1,102.3,no different,false,motriskindex-families-2024-v5
audi-a6,2019,27962,10.47,98.3,94.7,101.8,no different,false,motriskindex-families-2024-v5
audi-a6,2020,7498,9.1,88.4,81.8,95.1,better,false,motriskindex-families-2024-v5
audi-a7,2010,732,17.62,94.8,78.4,111.2,no different,true,motriskindex-families-2024-v5
audi-a7,2011,10523,18.26,101.2,96.6,105.7,no different,false,motriskindex-families-2024-v5
audi-a7,2012,8449,17.61,101.3,96.1,106.4,no different,false,motriskindex-families-2024-v5
audi-a7,2013,11942,17.95,107.9,103.3,112.5,worse,false,motriskindex-families-2024-v5
audi-a7,2014,11976,15.92,101.7,97.1,106.3,no different,false,motriskindex-families-2024-v5
audi-a7,2015,12651,14.37,97.7,93.2,102.2,no different,false,motriskindex-families-2024-v5
audi-a7,2016,14755,14.71,105.1,100.7,109.5,worse,false,motriskindex-families-2024-v5
audi-a7,2017,8974,12.29,92.2,86.8,97.7,better,false,motriskindex-families-2024-v5
audi-a7,2018,5680,11.46,89.6,82.7,96.5,better,false,motriskindex-families-2024-v5
audi-a7,2019,4531,11.41,93.1,85.1,101.1,no different,false,motriskindex-families-2024-v5
audi-a7,2020,1324,12.16,99.5,84.1,114.8,no different,true,motriskindex-families-2024-v5
audi-a8,2002,358,37.99,142.5,118.5,166.4,worse,true,motriskindex-families-2024-v5
audi-a8,2003,645,29.92,116.3,99.9,132.8,no different,true,motriskindex-families-2024-v5
audi-a8,2004,1590,28.36,112.2,101.9,122.6,worse,true,motriskindex-families-2024-v5
audi-a8,2005,2815,27.28,110.7,102.9,118.6,worse,true,motriskindex-families-2024-v5
audi-a8,2006,3272,24.21,102.9,95.7,110.0,no different,true,motriskindex-families-2024-v5
audi-a8,2007,4538,23.82,107.0,100.6,113.3,worse,false,motriskindex-families-2024-v5
audi-a8,2008,5138,21.23,102.8,96.7,108.9,no different,false,motriskindex-families-2024-v5
audi-a8,2009,2795,19.39,104.5,95.7,113.3,no different,true,motriskindex-families-2024-v5
audi-a8,2010,3366,15.6,95.2,87.0,103.3,no different,true,motriskindex-families-2024-v5
audi-a8,2011,5110,12.66,88.0,81.2,94.8,better,false,motriskindex-families-2024-v5
audi-a8,2012,4852,11.58,90.6,83.1,98.1,better,false,motriskindex-families-2024-v5
audi-a8,2013,4797,10.49,94.0,85.8,102.2,no different,false,motriskindex-families-2024-v5
audi-a8,2014,5595,8.63,86.6,78.9,94.4,better,false,motriskindex-families-2024-v5
audi-a8,2015,6190,9.73,106.4,97.9,114.9,no different,false,motriskindex-families-2024-v5
audi-a8,2016,5655,8.33,96.3,87.6,105.0,no different,false,motriskindex-families-2024-v5
audi-a8,2017,3631,8.15,100.2,88.8,111.6,no different,true,motriskindex-families-2024-v5
audi-a8,2018,3991,7.54,96.7,85.8,107.6,no different,true,motriskindex-families-2024-v5
audi-a8,2019,2275,6.59,85.0,71.4,98.6,better,true,motriskindex-families-2024-v5
audi-a8,2020,805,8.2,109.4,83.0,135.7,no different,true,motriskindex-families-2024-v5
audi-e-tron,2019,3007,9.94,101.2,89.7,112.7,no different,true,motriskindex-families-2024-v5
audi-e-tron,2020,10578,9.27,99.6,93.4,105.9,no different,false,motriskindex-families-2024-v5
audi-q2,2016,4077,9.2,92.0,82.7,101.3,no different,false,motriskindex-families-2024-v5
audi-q2,2017,63557,9.04,96.1,93.6,98.6,better,false,motriskindex-families-2024-v5
audi-q2,2018,58515,9.11,102.5,99.8,105.3,no different,false,motriskindex-families-2024-v5
audi-q2,2019,49873,8.67,106.4,103.2,109.6,worse,false,motriskindex-families-2024-v5
audi-q2,2020,29799,8.88,115.6,111.2,120.1,worse,false,motriskindex-families-2024-v5
audi-q3,2011,2957,22.79,91.9,85.0,98.9,better,true,motriskindex-families-2024-v5
audi-q3,2012,40441,23.91,105.4,103.3,107.5,worse,false,motriskindex-families-2024-v5
audi-q3,2013,70534,21.14,104.8,103.1,106.5,worse,false,motriskindex-families-2024-v5
audi-q3,2014,83140,17.95,102.5,100.8,104.1,worse,false,motriskindex-families-2024-v5
audi-q3,2015,86007,15.09,101.1,99.4,102.8,no different,false,motriskindex-families-2024-v5
audi-q3,2016,101230,13.13,103.6,101.9,105.4,worse,false,motriskindex-families-2024-v5
audi-q3,2017,85511,10.59,94.2,92.3,96.1,better,false,motriskindex-families-2024-v5
audi-q3,2018,51278,10.41,102.0,99.3,104.7,no different,false,motriskindex-families-2024-v5
audi-q3,2019,42602,8.26,90.4,87.4,93.4,better,false,motriskindex-families-2024-v5
audi-q3,2020,25662,7.45,88.4,84.4,92.3,better,false,motriskindex-families-2024-v5
audi-q5,2008,1062,30.51,105.9,94.4,117.5,no different,true,motriskindex-families-2024-v5
audi-q5,2009,24221,29.83,109.2,106.7,111.7,worse,false,motriskindex-families-2024-v5
audi-q5,2010,22973,26.16,104.9,102.3,107.6,worse,false,motriskindex-families-2024-v5
audi-q5,2011,33708,23.66,104.6,102.3,106.9,worse,false,motriskindex-families-2024-v5
audi-q5,2012,28238,20.24,98.4,95.9,101.0,no different,false,motriskindex-families-2024-v5
audi-q5,2013,37657,17.82,96.9,94.6,99.2,better,false,motriskindex-families-2024-v5
audi-q5,2014,52781,16.14,99.3,97.2,101.4,no different,false,motriskindex-families-2024-v5
audi-q5,2015,64429,13.79,95.6,93.6,97.6,better,false,motriskindex-families-2024-v5
audi-q5,2016,69291,11.71,91.7,89.7,93.7,better,false,motriskindex-families-2024-v5
audi-q5,2017,54319,14.83,127.1,124.4,129.9,worse,false,motriskindex-families-2024-v5
audi-q5,2018,54211,10.64,98.6,96.1,101.2,no different,false,motriskindex-families-2024-v5
audi-q5,2019,37379,8.89,90.2,87.2,93.3,better,false,motriskindex-families-2024-v5
audi-q5,2020,18367,8.3,89.7,85.2,94.2,better,false,motriskindex-families-2024-v5
audi-q7,2006,9794,26.95,99.0,95.2,102.8,no different,false,motriskindex-families-2024-v5
audi-q7,2007,22795,26.86,101.4,98.8,103.9,no different,false,motriskindex-families-2024-v5
audi-q7,2008,15592,28.08,111.6,108.3,114.9,worse,false,motriskindex-families-2024-v5
audi-q7,2009,8219,26.24,111.5,106.8,116.2,worse,false,motriskindex-families-2024-v5
audi-q7,2010,9557,21.85,99.2,94.9,103.4,no different,false,motriskindex-families-2024-v5
audi-q7,2011,11319,18.53,90.6,86.7,94.4,better,false,motriskindex-families-2024-v5
audi-q7,2012,14340,17.27,90.3,86.7,93.8,better,false,motriskindex-families-2024-v5
audi-q7,2013,19749,16.47,92.5,89.3,95.7,better,false,motriskindex-families-2024-v5
audi-q7,2014,19649,15.41,92.9,89.6,96.2,better,false,motriskindex-families-2024-v5
audi-q7,2015,19592,15.13,97.6,94.1,101.1,no different,false,motriskindex-families-2024-v5
audi-q7,2016,29958,15.69,108.6,105.4,111.7,worse,false,motriskindex-families-2024-v5
audi-q7,2017,28589,14.26,104.4,101.2,107.6,worse,false,motriskindex-families-2024-v5
audi-q7,2018,19595,14.2,109.2,105.2,113.3,worse,false,motriskindex-families-2024-v5
audi-q7,2019,13789,10.94,90.4,85.9,95.0,better,false,motriskindex-families-2024-v5
audi-q7,2020,7547,11.33,100.2,93.4,106.9,no different,false,motriskindex-families-2024-v5
audi-q8,2018,2416,8.77,101.9,88.2,115.6,no different,true,motriskindex-families-2024-v5
audi-q8,2019,5268,9.28,104.4,95.2,113.7,no different,false,motriskindex-families-2024-v5
audi-q8,2020,1762,8.4,98.3,82.5,114.2,no different,true,motriskindex-families-2024-v5
audi-r8,2007,1524,16.54,116.6,102.2,131.0,worse,true,motriskindex-families-2024-v5
audi-r8,2008,3371,14.0,99.8,90.8,108.8,no different,true,motriskindex-families-2024-v5
audi-r8,2009,1460,13.63,99.4,85.6,113.2,no different,true,motriskindex-families-2024-v5
audi-r8,2010,1378,13.28,96.8,82.7,110.8,no different,true,motriskindex-families-2024-v5
audi-r8,2011,914,11.82,86.4,70.1,102.7,no different,true,motriskindex-families-2024-v5
audi-r8,2012,353,13.31,94.9,67.8,122.0,no different,true,motriskindex-families-2024-v5
audi-rs4,2006,2033,18.54,97.3,87.5,107.1,no different,true,motriskindex-families-2024-v5
audi-rs4,2007,2741,19.55,101.5,92.9,110.1,no different,true,motriskindex-families-2024-v5
audi-s3,2009,555,26.31,112.0,93.8,130.2,no different,true,motriskindex-families-2024-v5
audi-s3,2010,1099,26.39,131.3,116.2,146.4,worse,true,motriskindex-families-2024-v5
audi-s3,2011,1151,21.2,116.9,102.3,131.6,worse,true,motriskindex-families-2024-v5
audi-s3,2012,878,19.13,115.6,98.1,133.1,no different,true,motriskindex-families-2024-v5
audi-s3,2013,1118,13.51,106.5,89.5,123.5,no different,true,motriskindex-families-2024-v5
audi-s3,2014,4131,12.35,100.5,91.8,109.3,no different,false,motriskindex-families-2024-v5
audi-s3,2015,756,10.71,94.8,74.1,115.4,no different,true,motriskindex-families-2024-v5
audi-s3,2016,368,10.33,101.0,68.9,133.2,no different,true,motriskindex-families-2024-v5
audi-s3,2020,1211,8.18,100.5,80.7,120.2,no different,true,motriskindex-families-2024-v5
audi-s4,2019,404,8.91,109.3,73.6,145.0,no different,true,motriskindex-families-2024-v5
audi-s4,2020,1390,8.42,103.2,84.5,121.9,no different,true,motriskindex-families-2024-v5
audi-sq7,2019,296,11.15,100.1,65.9,134.3,no different,true,motriskindex-families-2024-v5
audi-sq7,2020,1104,11.59,103.1,85.3,121.0,no different,true,motriskindex-families-2024-v5
audi-tt,1999,2032,44.34,99.2,92.7,105.6,no different,true,motriskindex-families-2024-v5
audi-tt,2000,11369,44.9,101.6,98.8,104.4,no different,false,motriskindex-families-2024-v5
audi-tt,2001,21209,45.41,103.5,101.4,105.5,worse,false,motriskindex-families-2024-v5
audi-tt,2002,32957,45.4,105.2,103.5,106.9,worse,false,motriskindex-families-2024-v5
audi-tt,2003,35630,43.42,102.9,101.2,104.5,worse,false,motriskindex-families-2024-v5
audi-tt,2004,33409,41.59,102.5,100.8,104.2,worse,false,motriskindex-families-2024-v5
audi-tt,2005,24875,40.95,105.9,103.8,107.9,worse,false,motriskindex-families-2024-v5
audi-tt,2006,19594,38.41,106.1,103.7,108.5,worse,false,motriskindex-families-2024-v5
audi-tt,2007,50548,32.42,97.0,95.5,98.5,better,false,motriskindex-families-2024-v5
audi-tt,2008,45179,29.81,98.6,96.9,100.3,no different,false,motriskindex-families-2024-v5
audi-tt,2009,37413,27.14,100.1,98.1,102.0,no different,false,motriskindex-families-2024-v5
audi-tt,2010,39522,24.22,100.9,98.9,103.0,no different,false,motriskindex-families-2024-v5
audi-tt,2011,39174,19.69,94.2,92.1,96.3,better,false,motriskindex-families-2024-v5
audi-tt,2012,34042,16.07,88.9,86.5,91.2,better,false,motriskindex-families-2024-v5
audi-tt,2013,38273,14.32,91.9,89.4,94.3,better,false,motriskindex-families-2024-v5
audi-tt,2014,23948,13.45,99.9,96.5,103.4,no different,false,motriskindex-families-2024-v5
audi-tt,2015,52216,11.76,100.6,98.1,103.2,no different,false,motriskindex-families-2024-v5
audi-tt,2016,56257,10.31,98.4,95.9,101.0,no different,false,motriskindex-families-2024-v5
audi-tt,2017,39461,8.94,92.5,89.5,95.6,better,false,motriskindex-families-2024-v5
audi-tt,2018,16957,8.87,97.2,92.3,102.1,no different,false,motriskindex-families-2024-v5
audi-tt,2019,14061,8.21,95.4,89.9,100.9,no different,false,motriskindex-families-2024-v5
audi-tt,2020,6211,8.97,106.9,98.1,115.8,no different,false,motriskindex-families-2024-v5
bentley-bentayga,2016,2036,5.89,109.4,89.8,128.9,no different,true,motriskindex-families-2024-v5
bentley-bentayga,2017,3034,5.04,96.2,81.0,111.5,no different,true,motriskindex-families-2024-v5
bentley-bentayga,2018,2202,5.63,108.3,89.3,127.4,no different,true,motriskindex-families-2024-v5
bentley-bentayga,2019,1191,5.21,100.1,75.2,125.0,no different,true,motriskindex-families-2024-v5
bentley-bentayga,2020,797,3.39,66.6,41.5,91.7,better,true,motriskindex-families-2024-v5
bentley-continental,2004,7217,14.67,113.1,106.3,119.9,worse,false,motriskindex-families-2024-v5
bentley-continental,2005,7612,13.14,104.6,98.1,111.1,no different,false,motriskindex-families-2024-v5
bentley-continental,2006,7038,12.32,101.6,94.8,108.3,no different,false,motriskindex-families-2024-v5
bentley-continental,2007,8512,10.6,90.9,84.9,96.8,better,false,motriskindex-families-2024-v5
bentley-continental,2008,5557,10.98,98.7,90.9,106.5,no different,false,motriskindex-families-2024-v5
bentley-continental,2009,2652,9.35,91.5,80.1,102.9,no different,true,motriskindex-families-2024-v5
bentley-continental,2010,3358,9.86,104.4,93.2,115.7,no different,true,motriskindex-families-2024-v5
bentley-continental,2011,3437,8.82,101.9,90.4,113.4,no different,true,motriskindex-families-2024-v5
bentley-continental,2012,4504,8.73,107.4,96.8,118.0,no different,false,motriskindex-families-2024-v5
bentley-continental,2013,4412,7.5,100.8,89.9,111.7,no different,false,motriskindex-families-2024-v5
bentley-continental,2014,4669,6.79,99.2,88.3,110.2,no different,false,motriskindex-families-2024-v5
bentley-continental,2015,4966,5.78,89.5,79.2,99.9,better,false,motriskindex-families-2024-v5
bentley-continental,2016,5171,5.67,94.0,83.3,104.8,no different,false,motriskindex-families-2024-v5
bentley-continental,2017,3513,5.15,89.7,76.6,102.8,no different,true,motriskindex-families-2024-v5
bentley-continental,2018,2491,5.38,97.6,81.1,114.1,no different,true,motriskindex-families-2024-v5
bentley-continental,2019,2461,5.28,99.0,82.0,116.0,no different,true,motriskindex-families-2024-v5
bentley-continental,2020,1272,4.56,90.1,66.9,113.3,no different,true,motriskindex-families-2024-v5
bmw-3-series,1998,7363,40.59,103.6,99.9,107.3,no different,false,motriskindex-families-2024-v5
bmw-3-series,1999,16191,42.38,107.9,105.4,110.5,worse,false,motriskindex-families-2024-v5
bmw-3-series,2000,23772,41.32,105.6,103.5,107.7,worse,false,motriskindex-families-2024-v5
bmw-3-series,2001,46509,41.18,105.9,104.4,107.4,worse,false,motriskindex-families-2024-v5
bmw-3-series,2002,76299,39.39,102.6,101.4,103.7,worse,false,motriskindex-families-2024-v5
bmw-3-series,2003,98778,39.01,102.7,101.7,103.7,worse,false,motriskindex-families-2024-v5
bmw-3-series,2004,94649,39.56,105.8,104.7,106.8,worse,false,motriskindex-families-2024-v5
bmw-3-series,2005,112280,36.66,100.7,99.7,101.7,no different,false,motriskindex-families-2024-v5
bmw-3-series,2006,161180,33.36,94.7,93.9,95.5,better,false,motriskindex-families-2024-v5
bmw-3-series,2007,208408,32.04,94.2,93.4,94.9,better,false,motriskindex-families-2024-v5
bmw-3-series,2008,174203,32.1,98.1,97.3,98.9,better,false,motriskindex-families-2024-v5
bmw-3-series,2009,162273,32.13,102.8,102.0,103.7,worse,false,motriskindex-families-2024-v5
bmw-3-series,2010,181892,30.47,103.6,102.8,104.5,worse,false,motriskindex-families-2024-v5
bmw-3-series,2011,191518,28.28,103.5,102.7,104.4,worse,false,motriskindex-families-2024-v5
bmw-3-series,2012,212613,27.52,109.5,108.6,110.4,worse,false,motriskindex-families-2024-v5
bmw-3-series,2013,216834,22.77,100.7,99.8,101.6,no different,false,motriskindex-families-2024-v5
bmw-3-series,2014,200145,20.0,100.2,99.2,101.1,no different,false,motriskindex-families-2024-v5
bmw-3-series,2015,195919,15.87,90.6,89.6,91.6,better,false,motriskindex-families-2024-v5
bmw-3-series,2016,197463,13.52,87.0,86.0,88.1,better,false,motriskindex-families-2024-v5
bmw-3-series,2017,168528,12.08,85.5,84.3,86.7,better,false,motriskindex-families-2024-v5
bmw-3-series,2018,102875,12.17,92.5,90.9,94.1,better,false,motriskindex-families-2024-v5
bmw-3-series,2019,79084,13.13,106.6,104.5,108.6,worse,false,motriskindex-families-2024-v5
bmw-3-series,2020,45081,14.59,122.4,119.5,125.4,worse,false,motriskindex-families-2024-v5
bmw-i3,2013,632,13.13,86.7,68.1,105.4,no different,true,motriskindex-families-2024-v5
bmw-i3,2014,7298,14.39,100.5,94.4,106.5,no different,false,motriskindex-families-2024-v5
bmw-i3,2015,11734,13.47,103.5,98.4,108.6,no different,false,motriskindex-families-2024-v5
bmw-i3,2016,13083,11.7,97.8,92.9,102.7,no different,false,motriskindex-families-2024-v5
bmw-i3,2017,16664,10.74,95.3,90.9,99.8,better,false,motriskindex-families-2024-v5
bmw-i3,2018,12424,10.68,100.0,94.6,105.4,no different,false,motriskindex-families-2024-v5
bmw-i3,2019,12456,10.65,105.2,99.5,110.8,no different,false,motriskindex-families-2024-v5
bmw-i3,2020,8368,10.92,110.1,103.0,117.2,worse,false,motriskindex-families-2024-v5
bmw-i8,2014,1024,11.13,97.6,79.7,115.6,no different,true,motriskindex-families-2024-v5
bmw-i8,2015,3977,11.14,103.1,93.5,112.7,no different,true,motriskindex-families-2024-v5
bmw-i8,2016,2855,10.37,97.3,86.2,108.4,no different,true,motriskindex-families-2024-v5
bmw-i8,2017,1277,9.24,89.2,73.1,105.3,no different,true,motriskindex-families-2024-v5
bmw-i8,2018,1577,9.45,91.3,76.6,105.9,no different,true,motriskindex-families-2024-v5
bmw-i8,2019,766,8.62,87.8,66.6,109.0,no different,true,motriskindex-families-2024-v5
bmw-m2,2016,4328,11.48,107.6,98.1,117.1,no different,false,motriskindex-families-2024-v5
bmw-m2,2017,6452,9.24,91.7,84.3,99.0,better,false,motriskindex-families-2024-v5
bmw-m2,2018,5868,10.53,108.4,99.9,117.0,no different,false,motriskindex-families-2024-v5
bmw-m2,2019,743,10.23,112.8,87.5,138.2,no different,true,motriskindex-families-2024-v5
bmw-m2,2020,378,7.14,85.4,53.2,117.6,no different,true,motriskindex-families-2024-v5
bmw-m3,1998,526,25.86,139.3,115.9,162.7,worse,true,motriskindex-families-2024-v5
bmw-m3,1999,455,27.91,146.7,121.2,172.2,worse,true,motriskindex-families-2024-v5
bmw-m3,2001,1809,23.71,120.9,109.5,132.4,worse,true,motriskindex-families-2024-v5
bmw-m3,2002,8167,22.8,113.9,108.8,119.1,worse,false,motriskindex-families-2024-v5
bmw-m3,2003,12835,21.12,104.0,100.0,107.9,no different,false,motriskindex-families-2024-v5
bmw-m3,2004,9148,19.97,98.1,93.6,102.6,no different,false,motriskindex-families-2024-v5
bmw-m3,2005,6348,19.64,99.3,93.8,104.9,no different,false,motriskindex-families-2024-v5
bmw-m3,2006,2190,17.53,92.1,82.9,101.3,no different,true,motriskindex-families-2024-v5
bmw-m3,2007,2830,14.88,84.1,76.0,92.1,better,true,motriskindex-families-2024-v5
bmw-m3,2008,7203,15.08,92.2,86.7,97.6,better,false,motriskindex-families-2024-v5
bmw-m3,2009,4420,13.73,90.7,83.5,97.9,better,false,motriskindex-families-2024-v5
bmw-m3,2010,3963,13.45,95.9,87.8,104.0,no different,true,motriskindex-families-2024-v5
bmw-m3,2011,4300,13.05,97.5,89.4,105.6,no different,false,motriskindex-families-2024-v5
bmw-m3,2012,3711,11.51,90.1,81.5,98.6,better,true,motriskindex-families-2024-v5
bmw-m3,2013,2902,10.92,88.5,78.7,98.2,better,true,motriskindex-families-2024-v5
bmw-m3,2014,1430,12.94,107.7,92.2,123.3,no different,true,motriskindex-families-2024-v5
bmw-m3,2015,3541,12.03,105.7,95.7,115.8,no different,true,motriskindex-families-2024-v5
bmw-m3,2016,4816,11.46,102.5,94.0,111.1,no different,false,motriskindex-families-2024-v5
bmw-m3,2017,5262,11.59,107.8,99.2,116.3,no different,false,motriskindex-families-2024-v5
bmw-m3,2018,3716,9.66,91.9,82.4,101.4,no different,true,motriskindex-families-2024-v5
bmw-m4,2014,5980,13.34,99.7,92.8,106.6,no different,false,motriskindex-families-2024-v5
bmw-m4,2015,11936,13.66,105.2,100.1,110.3,worse,false,motriskindex-families-2024-v5
bmw-m4,2016,11020,13.1,100.8,95.6,106.0,no different,false,motriskindex-families-2024-v5
bmw-m4,2017,10614,12.21,97.0,91.8,102.3,no different,false,motriskindex-families-2024-v5
bmw-m4,2018,8372,12.69,104.1,97.8,110.4,no different,false,motriskindex-families-2024-v5
bmw-m4,2019,5454,11.9,101.5,93.7,109.3,no different,false,motriskindex-families-2024-v5
bmw-m4,2020,2377,11.95,103.5,91.4,115.5,no different,true,motriskindex-families-2024-v5
bmw-m5,2011,356,12.36,98.3,69.3,127.4,no different,true,motriskindex-families-2024-v5
bmw-m5,2012,1752,12.79,101.6,88.3,114.9,no different,true,motriskindex-families-2024-v5
bmw-m5,2013,3263,13.09,106.4,96.3,116.5,no different,true,motriskindex-families-2024-v5
bmw-m5,2014,2925,11.01,93.7,83.5,103.9,no different,true,motriskindex-families-2024-v5
bmw-m5,2015,2415,10.68,100.4,88.1,112.6,no different,true,motriskindex-families-2024-v5
bmw-m5,2016,2471,9.23,92.5,80.5,104.5,no different,true,motriskindex-families-2024-v5
bmw-x1,2009,2779,29.61,104.1,97.0,111.2,no different,true,motriskindex-families-2024-v5
bmw-x1,2010,30478,26.52,97.8,95.7,99.9,better,false,motriskindex-families-2024-v5
bmw-x1,2011,37533,25.6,101.4,99.4,103.4,no different,false,motriskindex-families-2024-v5
bmw-x1,2012,33603,24.78,107.7,105.4,110.0,worse,false,motriskindex-families-2024-v5
bmw-x1,2013,43849,21.76,105.7,103.6,107.8,worse,false,motriskindex-families-2024-v5
bmw-x1,2014,47509,20.97,115.9,113.6,118.2,worse,false,motriskindex-families-2024-v5
bmw-x1,2015,28149,16.1,102.4,99.4,105.4,no different,false,motriskindex-families-2024-v5
bmw-x1,2016,76187,11.91,87.4,85.6,89.2,better,false,motriskindex-families-2024-v5
bmw-x1,2017,73315,11.46,93.5,91.5,95.4,better,false,motriskindex-families-2024-v5
bmw-x1,2018,60484,11.72,103.7,101.3,106.2,worse,false,motriskindex-families-2024-v5
bmw-x1,2019,41897,10.44,99.8,96.8,102.7,no different,false,motriskindex-families-2024-v5
bmw-x1,2020,15853,9.65,96.0,91.2,100.8,no different,false,motriskindex-families-2024-v5
bmw-x2,2018,19931,15.95,104.8,101.2,108.5,worse,false,motriskindex-families-2024-v5
bmw-x2,2019,21325,15.47,105.5,101.9,109.1,worse,false,motriskindex-families-2024-v5
bmw-x2,2020,7297,13.76,93.7,87.9,99.5,better,false,motriskindex-families-2024-v5
bmw-x3,2004,19720,37.28,101.0,98.7,103.3,no different,false,motriskindex-families-2024-v5
bmw-x3,2005,22383,37.5,103.4,101.2,105.7,worse,false,motriskindex-families-2024-v5
bmw-x3,2006,26172,34.59,99.8,97.7,101.8,no different,false,motriskindex-families-2024-v5
bmw-x3,2007,18454,33.98,102.7,100.1,105.2,worse,false,motriskindex-families-2024-v5
bmw-x3,2008,11719,30.26,96.3,93.1,99.4,better,false,motriskindex-families-2024-v5
bmw-x3,2009,9583,28.99,96.8,93.2,100.4,no different,false,motriskindex-families-2024-v5
bmw-x3,2010,5972,25.17,88.9,84.4,93.3,better,false,motriskindex-families-2024-v5
bmw-x3,2011,25503,24.48,92.2,89.9,94.5,better,false,motriskindex-families-2024-v5
bmw-x3,2012,42021,26.61,107.1,105.2,109.1,worse,false,motriskindex-families-2024-v5
bmw-x3,2013,43616,24.18,106.2,104.1,108.2,worse,false,motriskindex-families-2024-v5
bmw-x3,2014,37128,22.4,109.6,107.2,111.9,worse,false,motriskindex-families-2024-v5
bmw-x3,2015,42481,18.47,103.2,100.9,105.5,worse,false,motriskindex-families-2024-v5
bmw-x3,2016,55126,15.64,101.1,98.9,103.2,no different,false,motriskindex-families-2024-v5
bmw-x3,2017,43016,12.73,92.5,90.1,95.0,better,false,motriskindex-families-2024-v5
bmw-x3,2018,33119,10.78,86.9,84.1,89.8,better,false,motriskindex-families-2024-v5
bmw-x3,2019,48161,9.95,89.7,87.1,92.2,better,false,motriskindex-families-2024-v5
bmw-x3,2020,15487,10.63,105.2,100.1,110.3,worse,false,motriskindex-families-2024-v5
bmw-x4,2014,4510,18.69,105.5,98.4,112.6,no different,false,motriskindex-families-2024-v5
bmw-x4,2015,12618,18.09,108.5,104.1,113.0,worse,false,motriskindex-families-2024-v5
bmw-x4,2016,16606,16.17,107.2,103.1,111.2,worse,false,motriskindex-families-2024-v5
bmw-x4,2017,11340,13.29,95.7,90.9,100.6,no different,false,motriskindex-families-2024-v5
bmw-x4,2018,8486,11.62,90.9,85.2,96.5,better,false,motriskindex-families-2024-v5
bmw-x4,2019,12332,10.91,92.8,87.9,97.8,better,false,motriskindex-families-2024-v5
bmw-x4,2020,3848,11.9,107.7,97.8,117.6,no different,true,motriskindex-families-2024-v5
bmw-x5,2000,226,44.25,106.3,85.4,127.1,no different,true,motriskindex-families-2024-v5
bmw-x5,2001,5955,43.64,105.1,101.0,109.1,worse,false,motriskindex-families-2024-v5
bmw-x5,2002,12435,42.57,103.1,100.4,105.9,worse,false,motriskindex-families-2024-v5
bmw-x5,2003,20331,43.13,105.2,103.0,107.4,worse,false,motriskindex-families-2024-v5
bmw-x5,2004,24647,41.22,102.8,100.8,104.8,worse,false,motriskindex-families-2024-v5
bmw-x5,2005,40178,41.77,107.0,105.4,108.7,worse,false,motriskindex-families-2024-v5
bmw-x5,2006,24172,40.8,110.4,108.2,112.5,worse,false,motriskindex-families-2024-v5
bmw-x5,2007,25184,31.55,92.0,90.0,94.1,better,false,motriskindex-families-2024-v5
bmw-x5,2008,22394,28.85,91.2,89.0,93.4,better,false,motriskindex-families-2024-v5
bmw-x5,2009,25807,27.57,96.1,93.9,98.3,better,false,motriskindex-families-2024-v5
bmw-x5,2010,24142,24.15,94.1,91.7,96.5,better,false,motriskindex-families-2024-v5
bmw-x5,2011,25494,22.46,99.1,96.5,101.6,no different,false,motriskindex-families-2024-v5
bmw-x5,2012,25263,21.97,108.6,105.7,111.4,worse,false,motriskindex-families-2024-v5
bmw-x5,2013,21041,20.0,109.4,106.1,112.7,worse,false,motriskindex-families-2024-v5
bmw-x5,2014,33046,14.69,88.9,86.4,91.4,better,false,motriskindex-families-2024-v5
bmw-x5,2015,42664,14.04,91.9,89.6,94.3,better,false,motriskindex-families-2024-v5
bmw-x5,2016,39942,12.78,89.0,86.6,91.5,better,false,motriskindex-families-2024-v5
bmw-x5,2017,33264,12.73,93.0,90.2,95.8,better,false,motriskindex-families-2024-v5
bmw-x5,2018,29518,14.36,108.0,104.8,111.3,worse,false,motriskindex-families-2024-v5
bmw-x5,2019,26490,12.97,100.0,96.7,103.4,no different,false,motriskindex-families-2024-v5
bmw-x5,2020,10118,12.73,98.0,92.7,103.4,no different,false,motriskindex-families-2024-v5
bmw-x6,2008,3100,25.03,101.0,93.9,108.1,no different,true,motriskindex-families-2024-v5
bmw-x6,2009,6011,24.87,104.8,99.4,110.1,no different,false,motriskindex-families-2024-v5
bmw-x6,2010,4936,22.93,100.8,94.9,106.7,no different,false,motriskindex-families-2024-v5
bmw-x6,2011,4894,22.91,106.9,100.6,113.1,worse,false,motriskindex-families-2024-v5
bmw-x6,2012,6807,21.74,108.9,103.4,114.5,worse,false,motriskindex-families-2024-v5
bmw-x6,2013,7617,19.38,105.8,100.4,111.2,worse,false,motriskindex-families-2024-v5
bmw-x6,2014,8550,18.21,108.9,103.5,114.3,worse,false,motriskindex-families-2024-v5
bmw-x6,2015,7923,13.4,87.6,82.4,92.9,better,false,motriskindex-families-2024-v5
bmw-x6,2016,11275,12.49,87.3,82.8,91.9,better,false,motriskindex-families-2024-v5
bmw-x6,2017,7525,11.51,85.1,79.4,90.8,better,false,motriskindex-families-2024-v5
bmw-x6,2018,8788,12.88,99.4,93.6,105.2,no different,false,motriskindex-families-2024-v5
bmw-x6,2019,2041,14.7,116.6,103.4,129.8,worse,true,motriskindex-families-2024-v5
bmw-x6,2020,2153,14.03,110.9,98.4,123.5,no different,true,motriskindex-families-2024-v5
bmw-x7,2019,1616,16.46,106.2,93.5,119.0,no different,true,motriskindex-families-2024-v5
bmw-x7,2020,1325,16.23,107.8,93.4,122.2,no different,true,motriskindex-families-2024-v5
bmw-z3,1998,6082,37.31,103.5,99.3,107.8,no different,false,motriskindex-families-2024-v5
bmw-z3,1999,9850,35.88,100.9,97.5,104.2,no different,false,motriskindex-families-2024-v5
bmw-z3,2000,9017,35.29,100.6,97.1,104.1,no different,false,motriskindex-families-2024-v5
bmw-z3,2001,10182,32.56,93.9,90.7,97.1,better,false,motriskindex-families-2024-v5
bmw-z3,2002,7132,30.52,90.0,86.3,93.8,better,false,motriskindex-families-2024-v5
bmw-z3,2003,473,26.85,80.2,66.3,94.2,better,true,motriskindex-families-2024-v5
bmw-z4,2003,17174,34.03,104.7,102.0,107.4,worse,false,motriskindex-families-2024-v5
bmw-z4,2004,20618,32.74,102.4,100.0,104.9,no different,false,motriskindex-families-2024-v5
bmw-z4,2005,14139,36.06,115.7,112.6,118.9,worse,false,motriskindex-families-2024-v5
bmw-z4,2006,19975,30.62,102.2,99.6,104.8,no different,false,motriskindex-families-2024-v5
bmw-z4,2007,20289,28.05,99.4,96.8,102.0,no different,false,motriskindex-families-2024-v5
bmw-z4,2008,11670,28.94,109.8,106.1,113.5,worse,false,motriskindex-families-2024-v5
bmw-z4,2009,15365,19.62,81.4,78.5,84.3,better,false,motriskindex-families-2024-v5
bmw-z4,2010,12152,19.52,88.6,85.0,92.1,better,false,motriskindex-families-2024-v5
bmw-z4,2011,12046,18.29,90.6,86.8,94.4,better,false,motriskindex-families-2024-v5
bmw-z4,2012,11689,18.01,96.8,92.6,100.9,no different,false,motriskindex-families-2024-v5
bmw-z4,2013,9760,17.83,102.5,97.7,107.3,no different,false,motriskindex-families-2024-v5
bmw-z4,2014,11831,15.65,96.8,92.4,101.2,no different,false,motriskindex-families-2024-v5
bmw-z4,2015,9794,14.3,96.3,91.2,101.3,no different,false,motriskindex-families-2024-v5
bmw-z4,2016,7536,14.29,104.8,98.6,111.1,no different,false,motriskindex-families-2024-v5
bmw-z4,2017,751,14.38,112.5,91.2,133.7,no different,true,motriskindex-families-2024-v5
bmw-z4,2019,6201,10.43,94.9,87.6,102.2,no different,false,motriskindex-families-2024-v5
bmw-z4,2020,3108,8.91,88.7,78.2,99.1,better,true,motriskindex-families-2024-v5
chevrolet-aveo,2008,6725,55.23,102.6,99.3,105.9,no different,false,motriskindex-families-2024-v5
chevrolet-aveo,2009,24427,54.7,103.5,101.8,105.3,worse,false,motriskindex-families-2024-v5
chevrolet-aveo,2010,10442,51.32,100.7,98.0,103.4,no different,false,motriskindex-families-2024-v5
chevrolet-aveo,2011,8352,47.09,97.1,94.1,100.1,no different,false,motriskindex-families-2024-v5
chevrolet-aveo,2012,9643,41.97,91.9,89.0,94.7,better,false,motriskindex-families-2024-v5
chevrolet-aveo,2013,8347,39.81,94.0,90.8,97.1,better,false,motriskindex-families-2024-v5
chevrolet-aveo,2014,648,37.04,92.5,80.8,104.2,no different,true,motriskindex-families-2024-v5
chevrolet-captiva,2007,2091,50.36,97.1,91.2,102.9,no different,true,motriskindex-families-2024-v5
chevrolet-captiva,2008,6589,50.78,99.5,96.1,102.9,no different,false,motriskindex-families-2024-v5
chevrolet-captiva,2009,5739,50.98,102.1,98.4,105.8,no different,false,motriskindex-families-2024-v5
chevrolet-captiva,2010,12268,51.3,105.1,102.5,107.7,worse,false,motriskindex-families-2024-v5
chevrolet-captiva,2011,8076,47.39,101.4,98.2,104.6,no different,false,motriskindex-families-2024-v5
chevrolet-captiva,2012,6918,41.04,93.2,89.8,96.6,better,false,motriskindex-families-2024-v5
chevrolet-captiva,2013,6685,37.2,90.4,86.8,93.9,better,false,motriskindex-families-2024-v5
chevrolet-captiva,2014,908,33.59,85.5,75.9,95.0,better,true,motriskindex-families-2024-v5
chevrolet-cruze,2009,1953,40.66,99.8,92.9,106.7,no different,true,motriskindex-families-2024-v5
chevrolet-cruze,2010,5238,42.48,105.5,101.1,109.9,worse,false,motriskindex-families-2024-v5
chevrolet-cruze,2011,7418,38.78,99.0,95.4,102.6,no different,false,motriskindex-families-2024-v5
chevrolet-cruze,2012,10617,38.25,99.9,96.9,103.0,no different,false,motriskindex-families-2024-v5
chevrolet-cruze,2013,8452,36.03,98.9,95.3,102.4,no different,false,motriskindex-families-2024-v5
chevrolet-cruze,2014,3160,31.93,93.9,88.1,99.7,better,true,motriskindex-families-2024-v5
chevrolet-kalos,2005,5576,56.38,102.6,99.0,106.1,no different,false,motriskindex-families-2024-v5
chevrolet-kalos,2006,6398,53.55,98.1,94.8,101.4,no different,false,motriskindex-families-2024-v5
chevrolet-kalos,2007,9833,51.53,96.3,93.7,99.0,better,false,motriskindex-families-2024-v5
chevrolet-kalos,2008,7023,52.24,98.7,95.5,101.9,no different,false,motriskindex-families-2024-v5
chevrolet-lacetti,2005,1798,57.01,101.3,95.1,107.5,no different,true,motriskindex-families-2024-v5
chevrolet-lacetti,2006,3295,56.63,102.1,97.5,106.7,no different,true,motriskindex-families-2024-v5
chevrolet-lacetti,2007,4341,53.26,97.6,93.6,101.5,no different,false,motriskindex-families-2024-v5
chevrolet-lacetti,2008,5764,51.93,96.9,93.5,100.4,no different,false,motriskindex-families-2024-v5
chevrolet-lacetti,2009,5300,50.45,96.2,92.6,99.9,better,false,motriskindex-families-2024-v5
chevrolet-lacetti,2010,1813,45.39,89.8,83.7,95.9,better,true,motriskindex-families-2024-v5
chevrolet-lacetti,2011,637,48.04,97.8,86.8,108.7,no different,true,motriskindex-families-2024-v5
chevrolet-matiz,2005,7132,54.75,105.5,102.2,108.9,worse,false,motriskindex-families-2024-v5
chevrolet-matiz,2006,12406,52.99,104.2,101.7,106.7,worse,false,motriskindex-families-2024-v5
chevrolet-matiz,2007,19450,49.53,99.6,97.7,101.6,no different,false,motriskindex-families-2024-v5
chevrolet-matiz,2008,19353,47.39,97.7,95.7,99.7,better,false,motriskindex-families-2024-v5
chevrolet-matiz,2009,27478,45.13,95.7,94.0,97.4,better,false,motriskindex-families-2024-v5
chevrolet-matiz,2010,6708,45.56,98.5,95.0,102.0,no different,false,motriskindex-families-2024-v5
chevrolet-orlando,2011,8894,41.59,101.1,97.8,104.3,no different,false,motriskindex-families-2024-v5
chevrolet-orlando,2012,12724,40.52,100.2,97.5,103.0,no different,false,motriskindex-families-2024-v5
chevrolet-orlando,2013,5393,38.2,96.2,92.1,100.4,no different,false,motriskindex-families-2024-v5
chevrolet-orlando,2014,995,35.08,90.6,81.1,100.1,no different,true,motriskindex-families-2024-v5
chevrolet-spark,2010,21473,41.26,93.4,91.5,95.4,better,false,motriskindex-families-2024-v5
chevrolet-spark,2011,24513,43.82,99.1,97.2,101.0,no different,false,motriskindex-families-2024-v5
chevrolet-spark,2012,23773,46.62,105.2,103.3,107.2,worse,false,motriskindex-families-2024-v5
chevrolet-spark,2013,24374,43.71,102.4,100.5,104.4,worse,false,motriskindex-families-2024-v5
chevrolet-spark,2014,4675,35.96,92.3,87.9,96.7,better,false,motriskindex-families-2024-v5
chevrolet-trax,2013,6127,29.64,101.3,96.6,106.0,no different,false,motriskindex-families-2024-v5
chevrolet-trax,2014,3145,25.15,99.4,92.5,106.3,no different,true,motriskindex-families-2024-v5
chrysler-300,2007,797,38.77,99.3,88.2,110.4,no different,true,motriskindex-families-2024-v5
chrysler-300,2008,619,36.51,99.0,86.1,112.0,no different,true,motriskindex-families-2024-v5
chrysler-300,2009,377,37.4,103.5,86.4,120.5,no different,true,motriskindex-families-2024-v5
chrysler-300,2010,447,39.6,111.3,94.9,127.7,no different,true,motriskindex-families-2024-v5
chrysler-crossfire,2003,777,39.77,115.6,102.7,128.5,worse,true,motriskindex-families-2024-v5
chrysler-crossfire,2004,4915,36.22,106.1,101.2,111.1,worse,false,motriskindex-families-2024-v5
chrysler-crossfire,2005,3232,32.3,96.7,90.8,102.5,no different,true,motriskindex-families-2024-v5
chrysler-crossfire,2006,3261,29.78,92.5,86.7,98.3,better,true,motriskindex-families-2024-v5
chrysler-crossfire,2007,1176,27.72,88.1,78.5,97.6,better,true,motriskindex-families-2024-v5
chrysler-grand,2001,570,50.18,105.8,93.6,118.1,no different,true,motriskindex-families-2024-v5
chrysler-grand,2002,955,47.43,98.8,89.7,107.8,no different,true,motriskindex-families-2024-v5
chrysler-grand,2003,2175,52.32,107.8,101.6,114.1,worse,true,motriskindex-families-2024-v5
chrysler-grand,2004,3022,49.5,102.1,96.9,107.2,no different,true,motriskindex-families-2024-v5
chrysler-grand,2005,6527,46.38,97.7,94.2,101.2,no different,false,motriskindex-families-2024-v5
chrysler-grand,2006,8739,46.34,97.4,94.4,100.4,no different,false,motriskindex-families-2024-v5
chrysler-grand,2007,3761,45.41,97.4,92.8,102.0,no different,true,motriskindex-families-2024-v5
chrysler-grand,2008,3277,43.91,94.5,89.7,99.4,better,true,motriskindex-families-2024-v5
chrysler-grand,2009,1918,43.27,100.0,93.2,106.8,no different,true,motriskindex-families-2024-v5
chrysler-grand,2010,1850,43.03,103.7,96.5,110.9,no different,true,motriskindex-families-2024-v5
chrysler-grand,2011,2330,36.7,92.2,86.0,98.4,better,true,motriskindex-families-2024-v5
chrysler-grand,2012,1965,35.57,93.6,86.6,100.5,no different,true,motriskindex-families-2024-v5
chrysler-grand,2013,1936,36.0,100.4,93.0,107.9,no different,true,motriskindex-families-2024-v5
chrysler-grand,2014,2800,33.43,99.8,93.4,106.2,no different,true,motriskindex-families-2024-v5
chrysler-jeep-300,2005,516,33.33,89.9,76.4,103.3,no different,true,motriskindex-families-2024-v5
chrysler-jeep-300,2006,6472,36.76,98.7,94.7,102.7,no different,false,motriskindex-families-2024-v5
chrysler-jeep-300,2007,8523,37.49,99.7,96.2,103.1,no different,false,motriskindex-families-2024-v5
chrysler-jeep-300,2008,4905,38.23,100.0,95.4,104.5,no different,false,motriskindex-families-2024-v5
chrysler-jeep-300,2009,2578,40.19,104.2,97.9,110.6,no different,true,motriskindex-families-2024-v5
chrysler-jeep-300,2010,2484,36.8,93.1,87.1,99.2,better,true,motriskindex-families-2024-v5
chrysler-jeep-300,2012,234,28.63,73.5,55.9,91.1,better,true,motriskindex-families-2024-v5
chrysler-jeep-cherokee,2001,397,39.04,85.7,72.2,99.2,better,true,motriskindex-families-2024-v5
chrysler-jeep-cherokee,2002,1224,43.3,96.9,88.6,105.1,no different,true,motriskindex-families-2024-v5
chrysler-jeep-cherokee,2003,1952,44.36,100.7,94.0,107.4,no different,true,motriskindex-families-2024-v5
chrysler-jeep-cherokee,2004,3006,43.31,99.9,94.5,105.3,no different,true,motriskindex-families-2024-v5
chrysler-jeep-cherokee,2005,2527,42.11,99.2,93.3,105.2,no different,true,motriskindex-families-2024-v5
chrysler-jeep-cherokee,2006,2498,38.87,93.4,87.5,99.2,better,true,motriskindex-families-2024-v5
chrysler-jeep-cherokee,2007,1867,38.73,95.3,88.4,102.3,no different,true,motriskindex-families-2024-v5
chrysler-jeep-cherokee,2008,514,38.91,98.6,85.0,112.3,no different,true,motriskindex-families-2024-v5
chrysler-jeep-cherokee,2009,451,43.9,113.7,97.9,129.6,no different,true,motriskindex-families-2024-v5
chrysler-jeep-cherokee,2010,221,36.65,97.4,76.2,118.6,no different,true,motriskindex-families-2024-v5
chrysler-jeep-grand,2002,562,42.7,99.8,87.2,112.5,no different,true,motriskindex-families-2024-v5
chrysler-jeep-grand,2003,995,42.61,99.5,90.0,109.0,no different,true,motriskindex-families-2024-v5
chrysler-jeep-grand,2004,1563,43.38,101.6,93.9,109.2,no different,true,motriskindex-families-2024-v5
chrysler-jeep-grand,2005,2163,43.92,104.0,97.4,110.6,no different,true,motriskindex-families-2024-v5
chrysler-jeep-grand,2006,3984,40.96,96.1,91.5,100.8,no different,true,motriskindex-families-2024-v5
chrysler-jeep-grand,2007,5101,41.99,98.0,93.8,102.1,no different,false,motriskindex-families-2024-v5
chrysler-jeep-grand,2008,3734,42.66,100.9,96.0,105.9,no different,true,motriskindex-families-2024-v5
chrysler-jeep-grand,2009,1992,41.27,96.8,90.1,103.4,no different,true,motriskindex-families-2024-v5
chrysler-jeep-grand,2010,1389,37.29,89.6,81.8,97.3,better,true,motriskindex-families-2024-v5
chrysler-jeep-grand,2011,548,36.31,87.5,75.3,99.7,better,true,motriskindex-families-2024-v5
chrysler-jeep-grand,2012,245,31.02,76.4,59.2,93.6,better,true,motriskindex-families-2024-v5
chrysler-pt,2002,803,52.05,101.1,91.4,110.8,no different,true,motriskindex-families-2024-v5
chrysler-pt,2003,1806,50.61,99.6,93.1,106.0,no different,true,motriskindex-families-2024-v5
chrysler-pt,2004,2381,52.29,102.5,96.8,108.2,no different,true,motriskindex-families-2024-v5
chrysler-pt,2005,3294,48.15,96.3,91.6,101.1,no different,true,motriskindex-families-2024-v5
chrysler-pt,2006,4424,49.8,99.9,95.7,104.1,no different,false,motriskindex-families-2024-v5
chrysler-pt,2007,4222,46.54,93.7,89.6,97.9,better,false,motriskindex-families-2024-v5
chrysler-pt,2008,511,42.27,87.1,75.5,98.7,better,true,motriskindex-families-2024-v5
chrysler-ypsilon,2011,1367,37.38,102.2,93.4,111.1,no different,true,motriskindex-families-2024-v5
chrysler-ypsilon,2012,10526,35.41,97.7,94.6,100.9,no different,false,motriskindex-families-2024-v5
chrysler-ypsilon,2013,10284,37.03,104.9,101.5,108.2,worse,false,motriskindex-families-2024-v5
chrysler-ypsilon,2014,7803,32.12,96.7,93.0,100.5,no different,false,motriskindex-families-2024-v5
chrysler-ypsilon,2015,585,25.13,78.2,65.5,90.8,better,true,motriskindex-families-2024-v5
citroen-berlingo,1998,742,49.73,97.8,87.8,107.8,no different,true,motriskindex-families-2024-v5
citroen-berlingo,1999,1424,49.23,97.1,89.9,104.3,no different,true,motriskindex-families-2024-v5
citroen-berlingo,2000,3740,51.44,101.9,97.3,106.5,no different,true,motriskindex-families-2024-v5
citroen-berlingo,2001,9593,49.61,98.7,95.9,101.5,no different,false,motriskindex-families-2024-v5
citroen-berlingo,2002,18005,50.12,100.2,98.1,102.3,no different,false,motriskindex-families-2024-v5
citroen-berlingo,2003,29697,50.71,101.0,99.4,102.6,no different,false,motriskindex-families-2024-v5
citroen-berlingo,2004,35405,50.22,100.1,98.6,101.5,no different,false,motriskindex-families-2024-v5
citroen-berlingo,2005,36931,49.69,99.4,98.0,100.9,no different,false,motriskindex-families-2024-v5
citroen-berlingo,2006,47098,47.95,96.9,95.6,98.1,better,false,motriskindex-families-2024-v5
citroen-berlingo,2007,47838,48.05,97.9,96.6,99.2,better,false,motriskindex-families-2024-v5
citroen-berlingo,2008,44557,47.99,99.0,97.7,100.3,no different,false,motriskindex-families-2024-v5
citroen-berlingo,2009,57446,47.19,98.9,97.7,100.1,no different,false,motriskindex-families-2024-v5
citroen-berlingo,2010,51306,47.23,101.1,99.8,102.3,no different,false,motriskindex-families-2024-v5
citroen-berlingo,2011,54685,46.2,101.6,100.4,102.9,worse,false,motriskindex-families-2024-v5
citroen-berlingo,2012,64461,44.14,100.4,99.2,101.6,no different,false,motriskindex-families-2024-v5
citroen-berlingo,2013,80685,41.92,99.6,98.5,100.7,no different,false,motriskindex-families-2024-v5
citroen-berlingo,2014,92302,39.91,100.6,99.6,101.6,no different,false,motriskindex-families-2024-v5
citroen-berlingo,2015,96625,37.15,100.2,99.1,101.2,no different,false,motriskindex-families-2024-v5
citroen-berlingo,2016,91538,34.0,99.0,97.9,100.1,no different,false,motriskindex-families-2024-v5
citroen-berlingo,2017,75233,32.4,100.4,99.2,101.7,no different,false,motriskindex-families-2024-v5
citroen-berlingo,2018,57908,33.77,109.6,108.0,111.1,worse,false,motriskindex-families-2024-v5
citroen-berlingo,2019,48378,28.03,96.4,94.7,98.0,better,false,motriskindex-families-2024-v5
citroen-berlingo,2020,25711,28.4,101.8,99.5,104.1,no different,false,motriskindex-families-2024-v5
citroen-c-crosser,2007,1571,48.82,111.4,103.6,119.3,worse,true,motriskindex-families-2024-v5
citroen-c-crosser,2008,4742,43.46,101.6,97.2,106.0,no different,false,motriskindex-families-2024-v5
citroen-c-crosser,2009,3718,42.33,102.1,97.0,107.1,no different,true,motriskindex-families-2024-v5
citroen-c-crosser,2010,3018,37.11,93.8,88.3,99.3,better,true,motriskindex-families-2024-v5
citroen-c1,2005,5625,48.92,105.7,101.7,109.6,worse,false,motriskindex-families-2024-v5
citroen-c1,2006,36521,46.24,103.5,101.9,105.1,worse,false,motriskindex-families-2024-v5
citroen-c1,2007,54522,43.14,101.2,100.0,102.5,no different,false,motriskindex-families-2024-v5
citroen-c1,2008,70823,43.11,106.7,105.5,107.9,worse,false,motriskindex-families-2024-v5
citroen-c1,2009,77063,39.28,104.3,103.2,105.5,worse,false,motriskindex-families-2024-v5
citroen-c1,2010,82079,33.45,96.8,95.7,98.0,better,false,motriskindex-families-2024-v5
citroen-c1,2011,85386,32.41,102.9,101.7,104.1,worse,false,motriskindex-families-2024-v5
citroen-c1,2012,84617,28.25,99.6,98.3,100.8,no different,false,motriskindex-families-2024-v5
citroen-c1,2013,85124,25.21,99.5,98.2,100.9,no different,false,motriskindex-families-2024-v5
citroen-c1,2014,82258,21.25,94.9,93.5,96.4,better,false,motriskindex-families-2024-v5
citroen-c1,2015,108437,19.05,97.1,95.8,98.5,better,false,motriskindex-families-2024-v5
citroen-c1,2016,109486,17.1,102.1,100.6,103.5,worse,false,motriskindex-families-2024-v5
citroen-c1,2017,47969,14.41,96.1,93.8,98.4,better,false,motriskindex-families-2024-v5
citroen-c1,2018,29059,12.23,88.6,85.7,91.5,better,false,motriskindex-families-2024-v5
citroen-c1,2019,15880,10.38,83.9,79.9,88.0,better,false,motriskindex-families-2024-v5
citroen-c1,2020,7548,9.76,90.6,84.0,97.1,better,false,motriskindex-families-2024-v5
citroen-c2,2003,2047,52.81,104.1,97.9,110.3,no different,true,motriskindex-families-2024-v5
citroen-c2,2004,18577,51.9,102.9,100.8,104.9,worse,false,motriskindex-families-2024-v5
citroen-c2,2005,21318,50.61,101.4,99.5,103.3,no different,false,motriskindex-families-2024-v5
citroen-c2,2006,20175,46.66,95.1,93.2,97.1,better,false,motriskindex-families-2024-v5
citroen-c2,2007,21361,46.7,96.2,94.4,98.1,better,false,motriskindex-families-2024-v5
citroen-c2,2008,16848,45.94,95.1,93.0,97.3,better,false,motriskindex-families-2024-v5
citroen-c2,2009,17511,47.93,100.4,98.3,102.6,no different,false,motriskindex-families-2024-v5
citroen-c2,2010,2082,48.75,104.2,97.8,110.6,no different,true,motriskindex-families-2024-v5
citroen-c3,2002,13848,53.67,102.6,100.2,104.9,worse,false,motriskindex-families-2024-v5
citroen-c3,2003,36886,53.91,103.3,101.9,104.7,worse,false,motriskindex-families-2024-v5
citroen-c3,2004,42243,52.24,101.5,100.1,102.8,worse,false,motriskindex-families-2024-v5
citroen-c3,2005,47155,49.81,98.4,97.1,99.6,better,false,motriskindex-families-2024-v5
citroen-c3,2006,48207,46.15,92.9,91.7,94.1,better,false,motriskindex-families-2024-v5
citroen-c3,2007,50033,46.77,96.2,95.0,97.4,better,false,motriskindex-families-2024-v5
citroen-c3,2008,41448,46.75,98.9,97.5,100.3,no different,false,motriskindex-families-2024-v5
citroen-c3,2009,69092,47.77,104.5,103.4,105.6,worse,false,motriskindex-families-2024-v5
citroen-c3,2010,124139,45.34,103.8,102.9,104.7,worse,false,motriskindex-families-2024-v5
citroen-c3,2011,100717,41.96,102.1,101.1,103.1,worse,false,motriskindex-families-2024-v5
citroen-c3,2012,95223,39.36,103.5,102.4,104.5,worse,false,motriskindex-families-2024-v5
citroen-c3,2013,84435,33.78,98.5,97.4,99.6,better,false,motriskindex-families-2024-v5
citroen-c3,2014,85716,29.53,97.7,96.5,98.9,better,false,motriskindex-families-2024-v5
citroen-c3,2015,75131,26.55,103.4,101.9,104.8,worse,false,motriskindex-families-2024-v5
citroen-c3,2016,54179,21.95,104.2,102.3,106.0,worse,false,motriskindex-families-2024-v5
citroen-c3,2017,81884,16.87,92.2,90.7,93.8,better,false,motriskindex-families-2024-v5
citroen-c3,2018,63173,14.55,89.3,87.5,91.2,better,false,motriskindex-families-2024-v5
citroen-c3,2019,41153,12.06,86.2,83.8,88.6,better,false,motriskindex-families-2024-v5
citroen-c3,2020,16003,9.95,85.4,81.2,89.6,better,false,motriskindex-families-2024-v5
citroen-c3-aircross,2017,4568,14.58,96.8,89.4,104.1,no different,false,motriskindex-families-2024-v5
citroen-c3-aircross,2018,38535,13.87,102.9,100.1,105.7,worse,false,motriskindex-families-2024-v5
citroen-c3-aircross,2019,29590,11.86,102.3,98.9,105.7,no different,false,motriskindex-families-2024-v5
citroen-c3-aircross,2020,9267,10.87,107.0,100.4,113.7,worse,false,motriskindex-families-2024-v5
citroen-c3-picasso,2013,285,34.74,117.7,94.5,140.8,no different,true,motriskindex-families-2024-v5
citroen-c3-picasso,2014,565,26.55,97.3,81.7,112.9,no different,true,motriskindex-families-2024-v5
citroen-c3-picasso,2015,926,27.75,107.7,94.5,120.9,no different,true,motriskindex-families-2024-v5
citroen-c3-picasso,2016,11858,22.99,99.3,95.6,103.0,no different,false,motriskindex-families-2024-v5
citroen-c3-picasso,2017,17234,21.52,103.2,99.9,106.5,no different,false,motriskindex-families-2024-v5
citroen-c4,2004,578,57.96,110.3,98.5,122.1,no different,true,motriskindex-families-2024-v5
citroen-c4,2005,16154,52.55,100.1,98.0,102.2,no different,false,motriskindex-families-2024-v5
citroen-c4,2006,25913,51.5,98.9,97.3,100.6,no different,false,motriskindex-families-2024-v5
citroen-c4,2007,72595,50.47,98.2,97.2,99.2,better,false,motriskindex-families-2024-v5
citroen-c4,2008,82482,51.52,102.2,101.2,103.2,worse,false,motriskindex-families-2024-v5
citroen-c4,2009,48969,49.99,102.8,101.5,104.1,worse,false,motriskindex-families-2024-v5
citroen-c4,2010,49455,49.59,106.8,105.5,108.2,worse,false,motriskindex-families-2024-v5
citroen-c4,2011,50421,41.35,94.7,93.4,96.0,better,false,motriskindex-families-2024-v5
citroen-c4,2012,56354,39.54,97.6,96.3,98.9,better,false,motriskindex-families-2024-v5
citroen-c4,2013,78352,38.09,102.8,101.7,104.0,worse,false,motriskindex-families-2024-v5
citroen-c4,2014,129227,32.86,98.7,97.8,99.7,better,false,motriskindex-families-2024-v5
citroen-c4,2015,171698,29.22,98.6,97.8,99.5,better,false,motriskindex-families-2024-v5
citroen-c4,2016,109656,25.87,100.2,99.1,101.4,no different,false,motriskindex-families-2024-v5
citroen-c4,2017,5323,20.36,86.2,81.1,91.4,better,false,motriskindex-families-2024-v5
citroen-c4,2018,11084,19.1,86.3,82.7,90.0,better,false,motriskindex-families-2024-v5
citroen-c4,2019,14545,18.29,90.0,86.6,93.4,better,false,motriskindex-families-2024-v5
citroen-c4,2020,278,18.35,98.1,71.2,125.1,no different,true,motriskindex-families-2024-v5
citroen-c4-cactus,2015,1395,32.11,111.1,100.8,121.4,worse,true,motriskindex-families-2024-v5
citroen-c4-cactus,2016,20569,28.45,113.1,110.2,116.0,worse,false,motriskindex-families-2024-v5
citroen-c4-cactus,2017,30726,22.39,101.1,98.7,103.5,no different,false,motriskindex-families-2024-v5
citroen-c4-cactus,2018,21689,19.92,97.8,94.9,100.7,no different,false,motriskindex-families-2024-v5
citroen-c4-cactus,2019,11989,17.56,95.8,91.8,99.9,better,false,motriskindex-families-2024-v5
citroen-c4-cactus,2020,3831,12.03,75.9,68.9,82.8,better,true,motriskindex-families-2024-v5
citroen-c4-grand-picasso,2014,482,32.57,104.7,88.3,121.1,no different,true,motriskindex-families-2024-v5
citroen-c4-grand-picasso,2015,1065,29.67,100.8,89.7,111.9,no different,true,motriskindex-families-2024-v5
citroen-c4-grand-picasso,2016,20756,26.94,104.0,101.3,106.8,worse,false,motriskindex-families-2024-v5
citroen-c4-grand-picasso,2017,37605,24.19,102.9,100.8,105.0,worse,false,motriskindex-families-2024-v5
citroen-c4-grand-picasso,2018,13120,21.88,100.5,96.8,104.2,no different,false,motriskindex-families-2024-v5
citroen-c4-grand-picasso,2019,1294,16.62,84.2,72.9,95.4,better,true,motriskindex-families-2024-v5
citroen-c4-grand-picasso,2020,3273,15.52,87.5,79.9,95.1,better,true,motriskindex-families-2024-v5
citroen-c4-picasso,2013,221,33.48,128.4,99.1,157.6,no different,true,motriskindex-families-2024-v5
citroen-c4-picasso,2014,677,30.87,126.8,109.7,144.0,worse,true,motriskindex-families-2024-v5
citroen-c4-picasso,2015,1045,26.03,114.8,101.1,128.4,worse,true,motriskindex-families-2024-v5
citroen-c4-picasso,2016,9788,20.92,105.8,101.2,110.4,worse,false,motriskindex-families-2024-v5
citroen-c4-picasso,2017,15817,17.42,100.2,96.5,103.9,no different,false,motriskindex-families-2024-v5
citroen-c4-picasso,2018,4680,15.81,97.5,90.4,104.5,no different,false,motriskindex-families-2024-v5
citroen-c5,2001,1020,49.9,104.7,95.6,113.8,no different,true,motriskindex-families-2024-v5
citroen-c5,2002,3209,46.18,96.9,92.0,101.8,no different,true,motriskindex-families-2024-v5
citroen-c5,2003,4434,45.42,96.0,91.8,100.2,no different,false,motriskindex-families-2024-v5
citroen-c5,2004,4581,47.41,99.7,95.5,103.9,no different,false,motriskindex-families-2024-v5
citroen-c5,2005,4128,48.11,102.0,97.5,106.5,no different,true,motriskindex-families-2024-v5
citroen-c5,2006,5325,46.52,99.8,95.9,103.7,no different,false,motriskindex-families-2024-v5
citroen-c5,2007,4612,47.09,102.0,97.7,106.3,no different,false,motriskindex-families-2024-v5
citroen-c5,2008,12415,44.77,98.6,96.0,101.2,no different,false,motriskindex-families-2024-v5
citroen-c5,2009,17260,45.26,101.2,99.0,103.5,no different,false,motriskindex-families-2024-v5
citroen-c5,2010,10125,42.02,98.0,95.0,100.9,no different,false,motriskindex-families-2024-v5
citroen-c5,2011,4480,35.13,87.3,83.0,91.7,better,false,motriskindex-families-2024-v5
citroen-c5,2012,2613,30.85,81.0,75.4,86.6,better,true,motriskindex-families-2024-v5
citroen-c5,2013,2319,31.44,89.5,83.0,96.0,better,true,motriskindex-families-2024-v5
citroen-c5,2014,1467,26.93,86.9,78.4,95.5,better,true,motriskindex-families-2024-v5
citroen-c5,2015,1183,23.67,89.7,79.2,100.2,no different,true,motriskindex-families-2024-v5
citroen-c5,2016,648,22.84,101.4,85.0,117.7,no different,true,motriskindex-families-2024-v5
citroen-c5,2019,19829,16.47,105.4,101.8,109.0,worse,false,motriskindex-families-2024-v5
citroen-c5,2020,10042,14.52,100.2,95.1,105.4,no different,false,motriskindex-families-2024-v5
citroen-dispatch,2000,534,53.93,100.8,89.2,112.5,no different,true,motriskindex-families-2024-v5
citroen-dispatch,2001,1087,49.77,93.5,85.6,101.4,no different,true,motriskindex-families-2024-v5
citroen-dispatch,2002,2405,52.72,100.3,94.8,105.9,no different,true,motriskindex-families-2024-v5
citroen-dispatch,2003,4118,51.19,97.8,93.6,102.0,no different,false,motriskindex-families-2024-v5
citroen-dispatch,2004,6671,51.28,98.7,95.4,102.0,no different,false,motriskindex-families-2024-v5
citroen-dispatch,2005,8396,53.18,102.4,99.4,105.4,no different,false,motriskindex-families-2024-v5
citroen-dispatch,2006,10396,51.0,99.2,96.5,101.9,no different,false,motriskindex-families-2024-v5
citroen-dispatch,2007,14797,50.51,98.6,96.4,100.9,no different,false,motriskindex-families-2024-v5
citroen-dispatch,2008,15401,49.81,97.5,95.3,99.6,better,false,motriskindex-families-2024-v5
citroen-dispatch,2009,12094,50.8,100.3,97.8,102.8,no different,false,motriskindex-families-2024-v5
citroen-dispatch,2010,15646,50.47,100.0,97.8,102.2,no different,false,motriskindex-families-2024-v5
citroen-dispatch,2011,14033,51.64,103.9,101.5,106.2,worse,false,motriskindex-families-2024-v5
citroen-dispatch,2012,12042,48.77,101.4,98.8,104.0,no different,false,motriskindex-families-2024-v5
citroen-dispatch,2013,16219,46.51,101.8,99.5,104.1,no different,false,motriskindex-families-2024-v5
citroen-dispatch,2014,21100,44.82,105.0,102.9,107.1,worse,false,motriskindex-families-2024-v5
citroen-dispatch,2015,25835,44.28,111.8,109.7,113.8,worse,false,motriskindex-families-2024-v5
citroen-dispatch,2016,22880,39.17,109.7,107.4,111.9,worse,false,motriskindex-families-2024-v5
citroen-dispatch,2017,25112,25.67,78.5,76.6,80.4,better,false,motriskindex-families-2024-v5
citroen-dispatch,2018,18206,27.99,89.9,87.4,92.3,better,false,motriskindex-families-2024-v5
citroen-dispatch,2019,13439,28.51,97.1,94.1,100.2,no different,false,motriskindex-families-2024-v5
citroen-dispatch,2020,6313,27.36,97.9,93.3,102.6,no different,false,motriskindex-families-2024-v5
citroen-ds4,2011,7465,42.57,98.1,94.6,101.5,no different,false,motriskindex-families-2024-v5
citroen-ds4,2012,14901,41.02,99.6,97.1,102.0,no different,false,motriskindex-families-2024-v5
citroen-ds4,2013,22578,40.71,104.9,102.8,107.0,worse,false,motriskindex-families-2024-v5
citroen-ds4,2014,13770,35.27,98.0,95.3,100.8,no different,false,motriskindex-families-2024-v5
citroen-ds4,2015,6696,29.85,92.4,88.4,96.5,better,false,motriskindex-families-2024-v5
citroen-ds5,2012,6988,35.72,97.7,93.9,101.6,no different,false,motriskindex-families-2024-v5
citroen-ds5,2013,11160,35.8,104.4,101.2,107.7,worse,false,motriskindex-families-2024-v5
citroen-ds5,2014,6441,30.54,96.7,92.4,101.0,no different,false,motriskindex-families-2024-v5
citroen-ds5,2015,2407,25.38,90.7,83.5,97.9,better,true,motriskindex-families-2024-v5
citroen-grand,2007,540,48.7,89.7,78.9,100.6,no different,true,motriskindex-families-2024-v5
citroen-grand,2008,2525,52.83,100.4,95.0,105.8,no different,true,motriskindex-families-2024-v5
citroen-grand,2009,11301,52.34,100.9,98.3,103.4,no different,false,motriskindex-families-2024-v5
citroen-grand,2010,10447,51.88,102.6,99.9,105.3,no different,false,motriskindex-families-2024-v5
citroen-grand,2011,8103,45.43,93.8,90.8,96.8,better,false,motriskindex-families-2024-v5
citroen-grand,2012,5261,45.49,97.4,93.5,101.3,no different,false,motriskindex-families-2024-v5
citroen-grand,2013,226,51.33,114.5,93.7,135.3,no different,true,motriskindex-families-2024-v5
citroen-grand,2014,422,35.07,79.6,66.8,92.4,better,true,motriskindex-families-2024-v5
citroen-nemo,2008,4256,48.07,106.9,102.3,111.6,worse,false,motriskindex-families-2024-v5
citroen-nemo,2009,16614,43.45,99.7,97.4,102.0,no different,false,motriskindex-families-2024-v5
citroen-nemo,2010,16425,42.48,99.5,97.2,101.8,no different,false,motriskindex-families-2024-v5
citroen-nemo,2011,9066,39.62,94.7,91.6,97.8,better,false,motriskindex-families-2024-v5
citroen-nemo,2012,10379,41.08,100.6,97.6,103.6,no different,false,motriskindex-families-2024-v5
citroen-nemo,2013,9985,40.2,101.6,98.4,104.7,no different,false,motriskindex-families-2024-v5
citroen-nemo,2014,11082,37.64,99.3,96.3,102.4,no different,false,motriskindex-families-2024-v5
citroen-nemo,2015,11246,35.96,100.4,97.3,103.5,no different,false,motriskindex-families-2024-v5
citroen-nemo,2016,6622,33.4,99.7,95.6,103.9,no different,false,motriskindex-families-2024-v5
citroen-nemo,2017,2608,32.32,102.2,95.3,109.1,no different,true,motriskindex-families-2024-v5
citroen-nemo,2018,657,32.57,107.7,93.3,122.1,no different,true,motriskindex-families-2024-v5
citroen-relay,2001,391,49.87,97.3,83.7,111.0,no different,true,motriskindex-families-2024-v5
citroen-relay,2002,797,47.93,95.1,85.6,104.7,no different,true,motriskindex-families-2024-v5
citroen-relay,2003,1672,49.16,99.6,92.8,106.4,no different,true,motriskindex-families-2024-v5
citroen-relay,2004,2352,49.19,100.9,95.1,106.8,no different,true,motriskindex-families-2024-v5
citroen-relay,2005,3706,49.84,103.9,99.1,108.6,no different,true,motriskindex-families-2024-v5
citroen-relay,2006,5850,47.81,102.0,98.2,105.8,no different,false,motriskindex-families-2024-v5
citroen-relay,2007,6412,48.07,105.6,101.9,109.3,worse,false,motriskindex-families-2024-v5
citroen-relay,2008,5465,42.31,95.7,91.8,99.6,better,false,motriskindex-families-2024-v5
citroen-relay,2009,3719,42.3,100.2,95.2,105.1,no different,true,motriskindex-families-2024-v5
citroen-relay,2010,4686,39.54,98.5,94.0,103.0,no different,false,motriskindex-families-2024-v5
citroen-relay,2011,3866,39.06,102.7,97.5,107.9,no different,true,motriskindex-families-2024-v5
citroen-relay,2012,3881,34.04,95.1,90.0,100.2,no different,true,motriskindex-families-2024-v5
citroen-relay,2013,4387,33.76,100.3,95.2,105.4,no different,false,motriskindex-families-2024-v5
citroen-relay,2014,5406,33.8,107.0,102.1,111.9,worse,false,motriskindex-families-2024-v5
citroen-relay,2015,7161,28.96,97.5,93.3,101.7,no different,false,motriskindex-families-2024-v5
citroen-relay,2016,7232,26.24,98.1,93.6,102.5,no different,false,motriskindex-families-2024-v5
citroen-relay,2017,7418,23.13,99.2,94.5,103.9,no different,false,motriskindex-families-2024-v5
citroen-relay,2018,2329,20.95,87.6,79.8,95.4,better,true,motriskindex-families-2024-v5
citroen-relay,2019,1563,18.87,84.5,74.9,94.1,better,true,motriskindex-families-2024-v5
citroen-relay,2020,657,17.2,84.7,69.1,100.3,no different,true,motriskindex-families-2024-v5
citroen-saxo,1998,648,51.7,103.7,92.6,114.8,no different,true,motriskindex-families-2024-v5
citroen-saxo,1999,1228,50.65,101.7,93.7,109.7,no different,true,motriskindex-families-2024-v5
citroen-saxo,2000,4701,50.86,100.7,96.7,104.7,no different,false,motriskindex-families-2024-v5
citroen-saxo,2001,10279,50.59,98.8,96.1,101.5,no different,false,motriskindex-families-2024-v5
citroen-saxo,2002,11122,50.06,97.5,94.9,100.1,no different,false,motriskindex-families-2024-v5
citroen-saxo,2003,8760,49.27,94.9,92.0,97.7,better,false,motriskindex-families-2024-v5
citroen-saxo,2004,472,44.7,88.2,76.3,100.1,no different,true,motriskindex-families-2024-v5
citroen-spacetourer,2017,2248,22.51,102.0,93.1,110.9,no different,true,motriskindex-families-2024-v5
citroen-spacetourer,2018,3833,22.38,103.5,96.5,110.4,no different,true,motriskindex-families-2024-v5
citroen-spacetourer,2019,2592,21.6,101.5,93.1,109.9,no different,true,motriskindex-families-2024-v5
citroen-spacetourer,2020,583,24.87,114.9,96.2,133.6,no different,true,motriskindex-families-2024-v5
citroen-xsara,1998,380,48.95,93.9,80.4,107.4,no different,true,motriskindex-families-2024-v5
citroen-xsara,1999,656,51.22,97.5,87.0,107.9,no different,true,motriskindex-families-2024-v5
citroen-xsara,2000,3216,54.14,101.9,97.1,106.7,no different,true,motriskindex-families-2024-v5
citroen-xsara,2001,13465,54.23,101.5,99.1,103.8,no different,false,motriskindex-families-2024-v5
citroen-xsara,2002,22500,53.07,99.3,97.5,101.1,no different,false,motriskindex-families-2024-v5
citroen-xsara,2003,29454,53.31,99.2,97.6,100.7,no different,false,motriskindex-families-2024-v5
citroen-xsara,2004,42865,53.13,98.8,97.5,100.1,no different,false,motriskindex-families-2024-v5
citroen-xsara,2005,45532,54.49,102.1,100.9,103.4,worse,false,motriskindex-families-2024-v5
citroen-xsara,2006,60637,50.29,96.0,94.9,97.1,better,false,motriskindex-families-2024-v5
citroen-xsara,2007,51992,50.42,98.1,96.9,99.3,better,false,motriskindex-families-2024-v5
citroen-xsara,2008,26435,49.42,99.0,97.3,100.7,no different,false,motriskindex-families-2024-v5
citroen-xsara,2009,18727,44.24,92.3,90.3,94.3,better,false,motriskindex-families-2024-v5
citroen-xsara,2010,9103,41.76,91.9,89.0,94.9,better,false,motriskindex-families-2024-v5
dacia-duster,2013,40531,36.56,106.4,104.7,108.1,worse,false,motriskindex-families-2024-v5
dacia-duster,2014,35302,32.5,104.7,102.8,106.7,worse,false,motriskindex-families-2024-v5
dacia-duster,2015,35661,26.26,96.1,94.2,98.1,better,false,motriskindex-families-2024-v5
dacia-duster,2016,42568,22.13,93.2,91.3,95.1,better,false,motriskindex-families-2024-v5
dacia-duster,2017,33661,19.12,89.7,87.5,91.8,better,false,motriskindex-families-2024-v5
dacia-duster,2018,34723,20.36,103.0,100.6,105.4,worse,false,motriskindex-families-2024-v5
dacia-duster,2019,45376,19.71,109.9,107.7,112.2,worse,false,motriskindex-families-2024-v5
dacia-duster,2020,16780,18.07,111.4,107.4,115.4,worse,false,motriskindex-families-2024-v5
dacia-logan,2013,2706,29.6,91.4,85.1,97.7,better,true,motriskindex-families-2024-v5
dacia-logan,2014,13300,31.36,103.1,99.9,106.2,no different,false,motriskindex-families-2024-v5
dacia-logan,2015,18849,30.23,107.3,104.5,110.1,worse,false,motriskindex-families-2024-v5
dacia-logan,2016,17128,24.17,94.1,91.3,97.0,better,false,motriskindex-families-2024-v5
dacia-logan,2017,12249,23.37,97.8,94.2,101.4,no different,false,motriskindex-families-2024-v5
dacia-logan,2018,7325,23.45,102.1,97.3,106.9,no different,false,motriskindex-families-2024-v5
dacia-logan,2019,7037,22.71,104.6,99.4,109.7,no different,false,motriskindex-families-2024-v5
dacia-logan,2020,1684,20.72,100.6,90.1,111.2,no different,true,motriskindex-families-2024-v5
dacia-sandero,2013,45404,34.14,93.7,92.2,95.2,better,false,motriskindex-families-2024-v5
dacia-sandero,2014,78415,36.14,107.4,106.1,108.6,worse,false,motriskindex-families-2024-v5
dacia-sandero,2015,89830,32.91,108.3,107.0,109.5,worse,false,motriskindex-families-2024-v5
dacia-sandero,2016,87737,26.57,100.0,98.7,101.3,no different,false,motriskindex-families-2024-v5
dacia-sandero,2017,78793,23.48,97.9,96.5,99.3,better,false,motriskindex-families-2024-v5
dacia-sandero,2018,51008,21.76,97.6,95.8,99.5,better,false,motriskindex-families-2024-v5
dacia-sandero,2019,38276,20.44,99.9,97.7,102.1,no different,false,motriskindex-families-2024-v5
dacia-sandero,2020,18290,17.81,93.2,90.0,96.4,better,false,motriskindex-families-2024-v5
daihatsu-charade,2003,1487,42.7,95.3,87.9,102.7,no different,true,motriskindex-families-2024-v5
daihatsu-charade,2004,2539,43.44,98.8,93.0,104.7,no different,true,motriskindex-families-2024-v5
daihatsu-charade,2005,2015,39.55,95.0,88.4,101.6,no different,true,motriskindex-families-2024-v5
daihatsu-charade,2006,1945,39.74,96.2,89.4,103.0,no different,true,motriskindex-families-2024-v5
daihatsu-charade,2007,363,40.77,101.9,85.5,118.3,no different,true,motriskindex-families-2024-v5
daihatsu-fourtrak,1998,913,45.13,95.0,85.8,104.1,no different,true,motriskindex-families-2024-v5
daihatsu-fourtrak,1999,615,45.04,99.5,87.8,111.3,no different,true,motriskindex-families-2024-v5
daihatsu-fourtrak,2000,298,43.62,98.2,81.3,115.1,no different,true,motriskindex-families-2024-v5
daihatsu-sirion,2001,358,47.77,108.8,92.5,125.2,no different,true,motriskindex-families-2024-v5
daihatsu-sirion,2002,799,41.68,97.6,87.1,108.1,no different,true,motriskindex-families-2024-v5
daihatsu-sirion,2003,880,40.57,98.5,88.3,108.7,no different,true,motriskindex-families-2024-v5
daihatsu-sirion,2004,847,41.56,104.8,93.9,115.8,no different,true,motriskindex-families-2024-v5
daihatsu-sirion,2005,5804,40.14,104.8,100.5,109.1,worse,false,motriskindex-families-2024-v5
daihatsu-sirion,2006,5690,37.21,102.0,97.6,106.3,no different,false,motriskindex-families-2024-v5
daihatsu-sirion,2007,10014,34.67,99.9,96.6,103.3,no different,false,motriskindex-families-2024-v5
daihatsu-sirion,2008,12903,31.99,98.4,95.4,101.4,no different,false,motriskindex-families-2024-v5
daihatsu-sirion,2009,5986,29.13,95.2,90.7,99.7,better,false,motriskindex-families-2024-v5
daihatsu-sirion,2010,573,27.75,95.0,80.2,109.8,no different,true,motriskindex-families-2024-v5
daihatsu-terios,2002,602,59.14,128.9,115.5,142.3,worse,true,motriskindex-families-2024-v5
daihatsu-terios,2003,1313,55.37,123.3,114.4,132.3,worse,true,motriskindex-families-2024-v5
daihatsu-terios,2004,1561,51.63,118.8,110.6,127.0,worse,true,motriskindex-families-2024-v5
daihatsu-terios,2005,2962,48.72,116.7,110.7,122.8,worse,true,motriskindex-families-2024-v5
daihatsu-terios,2006,5263,39.27,99.4,95.1,103.6,no different,false,motriskindex-families-2024-v5
daihatsu-terios,2007,7761,35.96,96.1,92.6,99.7,better,false,motriskindex-families-2024-v5
daihatsu-terios,2008,5385,31.81,92.3,88.0,96.7,better,false,motriskindex-families-2024-v5
daihatsu-terios,2009,3577,27.7,88.1,82.7,93.6,better,true,motriskindex-families-2024-v5
dodge-nitro,2007,1032,44.28,97.4,88.5,106.3,no different,true,motriskindex-families-2024-v5
dodge-nitro,2008,3870,44.47,100.6,95.8,105.3,no different,true,motriskindex-families-2024-v5
dodge-nitro,2009,2911,43.35,98.5,93.0,103.9,no different,true,motriskindex-families-2024-v5
ds-ds4,2015,4948,30.32,106.7,101.3,112.1,worse,false,motriskindex-families-2024-v5
ds-ds4,2016,14040,24.65,100.6,97.2,103.9,no different,false,motriskindex-families-2024-v5
ds-ds4,2017,5282,21.17,96.3,90.7,101.9,no different,false,motriskindex-families-2024-v5
ds-ds4,2018,1552,21.13,104.0,92.7,115.2,no different,true,motriskindex-families-2024-v5
ds-ds5,2015,2486,24.38,102.3,94.2,110.5,no different,true,motriskindex-families-2024-v5
ds-ds5,2016,3492,21.53,98.9,91.9,106.0,no different,true,motriskindex-families-2024-v5
ds-ds5,2017,1409,17.25,84.5,73.9,95.1,better,true,motriskindex-families-2024-v5
ds-ds5,2018,467,17.99,91.4,71.8,110.9,no different,true,motriskindex-families-2024-v5
ds-ds7,2018,3817,18.29,107.7,99.7,115.7,no different,true,motriskindex-families-2024-v5
ds-ds7,2019,4431,15.71,102.3,94.7,109.9,no different,false,motriskindex-families-2024-v5
ds-ds7,2020,1125,13.6,98.1,82.5,113.6,no different,true,motriskindex-families-2024-v5
ds3,2010,26879,47.81,98.2,96.5,99.9,better,false,motriskindex-families-2024-v5
ds3,2011,60013,49.04,103.8,102.6,104.9,worse,false,motriskindex-families-2024-v5
ds3,2012,92539,48.07,106.5,105.5,107.5,worse,false,motriskindex-families-2024-v5
ds3,2013,112589,42.15,100.2,99.3,101.1,no different,false,motriskindex-families-2024-v5
ds3,2014,111372,39.67,103.0,102.0,104.0,worse,false,motriskindex-families-2024-v5
ds3,2015,92144,35.08,102.6,101.5,103.7,worse,false,motriskindex-families-2024-v5
ds3,2016,72460,25.79,89.3,88.0,90.5,better,false,motriskindex-families-2024-v5
ds3,2017,38518,22.33,87.3,85.5,89.2,better,false,motriskindex-families-2024-v5
ds3,2018,14189,20.3,87.7,84.5,90.9,better,false,motriskindex-families-2024-v5
ds3,2019,7475,15.4,75.0,70.6,79.3,better,false,motriskindex-families-2024-v5
ds3,2020,2434,18.16,105.7,95.8,115.5,no different,true,motriskindex-families-2024-v5
ferrari-488,2016,1183,5.33,126.5,95.3,157.8,no different,true,motriskindex-families-2024-v5
ferrari-488,2017,1866,4.13,100.5,78.0,122.9,no different,true,motriskindex-families-2024-v5
ferrari-488,2018,1750,4.17,103.0,79.4,126.7,no different,true,motriskindex-families-2024-v5
ferrari-488,2019,937,3.52,82.6,54.4,110.8,no different,true,motriskindex-families-2024-v5
ferrari-488,2020,459,4.58,113.5,65.0,162.1,no different,true,motriskindex-families-2024-v5
fiat-124,2016,3846,11.57,95.7,86.8,104.6,no different,true,motriskindex-families-2024-v5
fiat-124,2017,4298,10.66,98.8,89.8,107.9,no different,false,motriskindex-families-2024-v5
fiat-124,2018,5307,11.0,110.2,101.3,119.1,worse,false,motriskindex-families-2024-v5
fiat-500,2007,815,49.08,111.7,100.7,122.6,worse,true,motriskindex-families-2024-v5
fiat-500,2008,72228,44.43,103.7,102.6,104.9,worse,false,motriskindex-families-2024-v5
fiat-500,2009,125471,43.49,105.0,104.2,105.9,worse,false,motriskindex-families-2024-v5
fiat-500,2010,133107,41.03,103.5,102.6,104.4,worse,false,motriskindex-families-2024-v5
fiat-500,2011,123279,38.64,103.1,102.1,104.0,worse,false,motriskindex-families-2024-v5
fiat-500,2012,176140,35.37,100.9,100.1,101.7,worse,false,motriskindex-families-2024-v5
fiat-500,2013,209292,31.44,97.2,96.5,98.0,better,false,motriskindex-families-2024-v5
fiat-500,2014,247273,29.58,100.9,100.2,101.7,worse,false,motriskindex-families-2024-v5
fiat-500,2015,237114,27.14,106.2,105.4,107.1,worse,false,motriskindex-families-2024-v5
fiat-500,2016,201403,21.17,99.1,98.1,100.0,no different,false,motriskindex-families-2024-v5
fiat-500,2017,127628,16.86,89.7,88.5,90.9,better,false,motriskindex-families-2024-v5
fiat-500,2018,96921,14.98,87.3,85.9,88.7,better,false,motriskindex-families-2024-v5
fiat-500,2019,57362,12.61,85.6,83.6,87.5,better,false,motriskindex-families-2024-v5
fiat-500,2020,8558,11.66,97.5,91.4,103.5,no different,false,motriskindex-families-2024-v5
fiat-500l,2011,1550,36.71,101.4,93.0,109.7,no different,true,motriskindex-families-2024-v5
fiat-500l,2012,1532,37.66,109.4,100.5,118.3,worse,true,motriskindex-families-2024-v5
fiat-500l,2013,38476,33.16,100.6,98.9,102.4,no different,false,motriskindex-families-2024-v5
fiat-500l,2014,50946,31.25,101.9,100.4,103.5,worse,false,motriskindex-families-2024-v5
fiat-500l,2015,18194,27.23,97.6,94.9,100.3,no different,false,motriskindex-families-2024-v5
fiat-500l,2016,9902,24.31,96.5,92.6,100.4,no different,false,motriskindex-families-2024-v5
fiat-500l,2017,4597,23.69,101.4,95.4,107.4,no different,false,motriskindex-families-2024-v5
fiat-500l,2018,2437,22.53,102.1,93.6,110.6,no different,true,motriskindex-families-2024-v5
fiat-500l,2019,470,17.87,86.3,67.9,104.8,no different,true,motriskindex-families-2024-v5
fiat-500x,2015,42606,22.23,102.7,100.7,104.8,worse,false,motriskindex-families-2024-v5
fiat-500x,2016,82477,19.37,106.7,105.0,108.3,worse,false,motriskindex-families-2024-v5
fiat-500x,2017,24558,15.12,95.6,92.5,98.6,better,false,motriskindex-families-2024-v5
fiat-500x,2018,11428,11.43,80.9,76.5,85.3,better,false,motriskindex-families-2024-v5
fiat-500x,2019,10085,9.93,79.2,74.3,84.1,better,false,motriskindex-families-2024-v5
fiat-500x,2020,4257,9.98,89.3,80.8,97.8,better,false,motriskindex-families-2024-v5
fiat-bravo,2007,14179,49.42,98.5,96.2,100.8,no different,false,motriskindex-families-2024-v5
fiat-bravo,2008,16482,50.5,101.5,99.3,103.7,no different,false,motriskindex-families-2024-v5
fiat-bravo,2009,11552,47.69,98.1,95.5,100.7,no different,false,motriskindex-families-2024-v5
fiat-bravo,2010,4942,43.69,93.3,89.4,97.3,better,false,motriskindex-families-2024-v5
fiat-bravo,2011,2896,42.75,96.5,91.2,101.9,no different,true,motriskindex-families-2024-v5
fiat-bravo,2012,1422,38.75,90.4,82.9,98.0,better,true,motriskindex-families-2024-v5
fiat-bravo,2013,567,38.27,91.5,79.4,103.7,no different,true,motriskindex-families-2024-v5
fiat-doblo,2001,570,54.91,104.7,93.1,116.3,no different,true,motriskindex-families-2024-v5
fiat-doblo,2002,2418,51.9,101.2,95.6,106.8,no different,true,motriskindex-families-2024-v5
fiat-doblo,2003,5389,53.13,105.6,101.7,109.4,worse,false,motriskindex-families-2024-v5
fiat-doblo,2004,8657,51.82,105.1,102.1,108.2,worse,false,motriskindex-families-2024-v5
fiat-doblo,2005,10113,49.78,103.8,101.0,106.7,worse,false,motriskindex-families-2024-v5
fiat-doblo,2006,14311,45.26,97.5,95.1,99.9,better,false,motriskindex-families-2024-v5
fiat-doblo,2007,18905,45.52,100.6,98.5,102.7,no different,false,motriskindex-families-2024-v5
fiat-doblo,2008,16471,41.75,97.4,95.1,99.7,better,false,motriskindex-families-2024-v5
fiat-doblo,2009,11408,38.2,93.7,90.9,96.5,better,false,motriskindex-families-2024-v5
fiat-doblo,2010,13997,40.82,106.0,103.2,108.7,worse,false,motriskindex-families-2024-v5
fiat-doblo,2011,14933,41.59,114.1,111.2,116.9,worse,false,motriskindex-families-2024-v5
fiat-doblo,2012,15376,40.84,118.6,115.7,121.5,worse,false,motriskindex-families-2024-v5
fiat-doblo,2013,46989,23.61,73.6,72.3,75.0,better,false,motriskindex-families-2024-v5
fiat-doblo,2014,39336,32.06,104.7,102.9,106.5,worse,false,motriskindex-families-2024-v5
fiat-doblo,2015,31059,30.63,105.6,103.5,107.8,worse,false,motriskindex-families-2024-v5
fiat-doblo,2016,21709,28.96,107.0,104.4,109.7,worse,false,motriskindex-families-2024-v5
fiat-doblo,2017,13719,26.28,102.9,99.6,106.3,no different,false,motriskindex-families-2024-v5
fiat-doblo,2018,8276,24.73,100.4,96.0,104.7,no different,false,motriskindex-families-2024-v5
fiat-doblo,2019,5276,26.18,109.5,103.7,115.3,worse,false,motriskindex-families-2024-v5
fiat-doblo,2020,2411,23.97,105.7,97.1,114.3,no different,true,motriskindex-families-2024-v5
fiat-ducato,1998,2399,43.43,105.4,99.0,111.7,no different,true,motriskindex-families-2024-v5
fiat-ducato,1999,4240,40.73,102.1,97.3,106.9,no different,false,motriskindex-families-2024-v5
fiat-ducato,2000,6369,40.93,106.0,102.0,110.1,worse,false,motriskindex-families-2024-v5
fiat-ducato,2001,9698,40.53,108.0,104.6,111.4,worse,false,motriskindex-families-2024-v5
fiat-ducato,2002,13438,36.93,101.5,98.7,104.3,no different,false,motriskindex-families-2024-v5
fiat-ducato,2003,19793,34.84,100.2,97.9,102.6,no different,false,motriskindex-families-2024-v5
fiat-ducato,2004,24574,34.91,105.2,102.9,107.4,worse,false,motriskindex-families-2024-v5
fiat-ducato,2005,29260,32.92,104.7,102.6,106.8,worse,false,motriskindex-families-2024-v5
fiat-ducato,2006,28604,31.67,107.1,104.9,109.4,worse,false,motriskindex-families-2024-v5
fiat-ducato,2007,32669,27.25,99.1,97.1,101.2,no different,false,motriskindex-families-2024-v5
fiat-ducato,2008,30833,23.69,92.8,90.7,94.9,better,false,motriskindex-families-2024-v5
fiat-ducato,2009,21643,21.37,90.4,87.8,93.0,better,false,motriskindex-families-2024-v5
fiat-ducato,2010,20711,19.32,88.3,85.6,91.0,better,false,motriskindex-families-2024-v5
fiat-ducato,2011,19363,19.78,97.7,94.6,100.8,no different,false,motriskindex-families-2024-v5
fiat-ducato,2012,15581,18.25,97.1,93.5,100.6,no different,false,motriskindex-families-2024-v5
fiat-ducato,2013,13807,17.81,101.0,97.0,105.0,no different,false,motriskindex-families-2024-v5
fiat-ducato,2014,14030,16.69,99.2,95.1,103.2,no different,false,motriskindex-families-2024-v5
fiat-ducato,2015,16469,15.48,96.5,92.7,100.2,no different,false,motriskindex-families-2024-v5
fiat-ducato,2016,16505,14.7,98.5,94.6,102.5,no different,false,motriskindex-families-2024-v5
fiat-ducato,2017,10915,14.46,102.4,97.4,107.5,no different,false,motriskindex-families-2024-v5
fiat-ducato,2018,7254,14.25,103.4,97.1,109.7,no different,false,motriskindex-families-2024-v5
fiat-ducato,2019,6002,14.4,107.7,100.5,114.8,worse,false,motriskindex-families-2024-v5
fiat-ducato,2020,3570,11.12,87.6,79.0,96.2,better,true,motriskindex-families-2024-v5
fiat-fiorino,2008,968,50.1,108.9,99.2,118.6,no different,true,motriskindex-families-2024-v5
fiat-fiorino,2009,1803,49.14,108.6,101.5,115.8,worse,true,motriskindex-families-2024-v5
fiat-fiorino,2010,4606,46.7,105.1,100.7,109.6,worse,false,motriskindex-families-2024-v5
fiat-fiorino,2011,6167,43.38,100.5,96.7,104.3,no different,false,motriskindex-families-2024-v5
fiat-fiorino,2012,5451,40.6,97.2,93.2,101.3,no different,false,motriskindex-families-2024-v5
fiat-fiorino,2013,6696,40.67,101.0,97.2,104.8,no different,false,motriskindex-families-2024-v5
fiat-fiorino,2014,6473,38.14,100.2,96.3,104.2,no different,false,motriskindex-families-2024-v5
fiat-fiorino,2015,5051,34.82,98.5,93.9,103.1,no different,false,motriskindex-families-2024-v5
fiat-fiorino,2016,3148,32.97,101.6,95.4,107.8,no different,true,motriskindex-families-2024-v5
fiat-fiorino,2017,2356,27.21,90.0,83.0,96.9,better,true,motriskindex-families-2024-v5
fiat-fiorino,2018,1686,29.0,100.5,91.6,109.5,no different,true,motriskindex-families-2024-v5
fiat-fiorino,2019,2488,26.17,97.7,90.2,105.2,no different,true,motriskindex-families-2024-v5
fiat-fiorino,2020,819,27.96,111.2,96.8,125.6,no different,true,motriskindex-families-2024-v5
fiat-fullback,2016,1563,17.98,111.7,98.6,124.7,no different,true,motriskindex-families-2024-v5
fiat-fullback,2017,6822,15.22,98.1,92.1,104.1,no different,false,motriskindex-families-2024-v5
fiat-fullback,2018,3991,16.51,109.3,101.0,117.7,worse,true,motriskindex-families-2024-v5
fiat-fullback,2019,831,18.05,129.9,109.1,150.7,worse,true,motriskindex-families-2024-v5
fiat-grand,2006,654,50.76,110.0,98.2,121.8,no different,true,motriskindex-families-2024-v5
fiat-grand,2007,2469,43.46,96.2,90.4,101.9,no different,true,motriskindex-families-2024-v5
fiat-grand,2008,7217,45.82,103.1,99.6,106.7,no different,false,motriskindex-families-2024-v5
fiat-grand,2009,13292,42.66,98.4,95.9,101.0,no different,false,motriskindex-families-2024-v5
fiat-grand,2010,4379,41.06,97.3,92.8,101.8,no different,false,motriskindex-families-2024-v5
fiat-grande,2007,749,46.86,102.9,92.1,113.6,no different,true,motriskindex-families-2024-v5
fiat-grande,2008,8911,45.36,102.5,99.3,105.6,no different,false,motriskindex-families-2024-v5
fiat-grande,2009,34272,43.08,99.3,97.7,100.9,no different,false,motriskindex-families-2024-v5
fiat-grande,2010,9291,40.88,97.5,94.4,100.6,no different,false,motriskindex-families-2024-v5
fiat-grande,2011,452,40.27,99.0,84.6,113.4,no different,true,motriskindex-families-2024-v5
fiat-panda,2003,598,48.83,101.0,89.4,112.6,no different,true,motriskindex-families-2024-v5
fiat-panda,2004,23352,48.51,102.2,100.3,104.0,worse,false,motriskindex-families-2024-v5
fiat-panda,2005,25918,46.49,100.1,98.3,101.9,no different,false,motriskindex-families-2024-v5
fiat-panda,2006,32040,46.21,102.0,100.4,103.7,worse,false,motriskindex-families-2024-v5
fiat-panda,2007,39111,45.04,102.5,101.0,104.0,worse,false,motriskindex-families-2024-v5
fiat-panda,2008,34936,43.12,101.8,100.1,103.4,worse,false,motriskindex-families-2024-v5
fiat-panda,2009,66346,41.0,101.2,100.0,102.4,no different,false,motriskindex-families-2024-v5
fiat-panda,2010,57129,40.29,105.3,104.0,106.7,worse,false,motriskindex-families-2024-v5
fiat-panda,2011,33964,37.34,104.9,103.1,106.7,worse,false,motriskindex-families-2024-v5
fiat-panda,2012,39476,30.58,93.4,91.7,95.1,better,false,motriskindex-families-2024-v5
fiat-panda,2013,45934,28.17,94.2,92.6,95.8,better,false,motriskindex-families-2024-v5
fiat-panda,2014,48262,25.6,95.7,94.0,97.4,better,false,motriskindex-families-2024-v5
fiat-panda,2015,47752,22.47,97.2,95.4,99.1,better,false,motriskindex-families-2024-v5
fiat-panda,2016,29413,19.93,101.9,99.3,104.5,no different,false,motriskindex-families-2024-v5
fiat-panda,2017,18310,16.58,94.5,91.1,97.9,better,false,motriskindex-families-2024-v5
fiat-panda,2018,10718,14.42,90.0,85.5,94.5,better,false,motriskindex-families-2024-v5
fiat-panda,2019,7757,12.22,87.7,82.1,93.3,better,false,motriskindex-families-2024-v5
fiat-panda,2020,3535,8.8,75.3,66.9,83.7,better,true,motriskindex-families-2024-v5
fiat-punto,1998,582,45.19,92.7,81.5,103.9,no different,true,motriskindex-families-2024-v5
fiat-punto,1999,762,48.29,98.2,88.1,108.2,no different,true,motriskindex-families-2024-v5
fiat-punto,2000,2053,49.25,98.8,92.7,104.9,no different,true,motriskindex-families-2024-v5
fiat-punto,2001,5703,49.96,99.3,95.7,103.0,no different,false,motriskindex-families-2024-v5
fiat-punto,2002,12907,50.99,100.3,97.9,102.7,no different,false,motriskindex-families-2024-v5
fiat-punto,2003,22731,53.36,103.8,102.0,105.6,worse,false,motriskindex-families-2024-v5
fiat-punto,2004,35528,51.73,100.9,99.4,102.3,no different,false,motriskindex-families-2024-v5
fiat-punto,2005,22602,48.29,95.5,93.7,97.3,better,false,motriskindex-families-2024-v5
fiat-punto,2006,78282,49.99,99.9,98.9,100.9,no different,false,motriskindex-families-2024-v5
fiat-punto,2007,96047,48.68,99.3,98.4,100.2,no different,false,motriskindex-families-2024-v5
fiat-punto,2008,54053,47.33,99.3,98.1,100.5,no different,false,motriskindex-families-2024-v5
fiat-punto,2009,15849,42.51,92.4,90.2,94.6,better,false,motriskindex-families-2024-v5
fiat-punto,2010,46320,42.57,95.9,94.6,97.2,better,false,motriskindex-families-2024-v5
fiat-punto,2011,40350,41.07,96.2,94.7,97.7,better,false,motriskindex-families-2024-v5
fiat-punto,2012,40170,40.76,100.4,98.9,102.0,no different,false,motriskindex-families-2024-v5
fiat-punto,2013,28221,41.07,107.5,105.5,109.4,worse,false,motriskindex-families-2024-v5
fiat-punto,2014,22786,36.25,102.9,100.7,105.1,worse,false,motriskindex-families-2024-v5
fiat-punto,2015,15127,28.86,90.7,88.0,93.3,better,false,motriskindex-families-2024-v5
fiat-punto,2016,10318,23.54,85.9,82.5,89.3,better,false,motriskindex-families-2024-v5
fiat-punto,2017,6431,21.24,85.5,80.9,90.0,better,false,motriskindex-families-2024-v5
fiat-punto,2018,1277,23.73,104.7,92.9,116.5,no different,true,motriskindex-families-2024-v5
fiat-qubo,2009,3141,41.52,104.4,98.8,110.1,no different,true,motriskindex-families-2024-v5
fiat-qubo,2010,4182,39.36,104.1,99.1,109.2,no different,false,motriskindex-families-2024-v5
fiat-qubo,2011,4212,35.07,97.5,92.5,102.5,no different,false,motriskindex-families-2024-v5
fiat-qubo,2012,5556,33.66,97.2,92.8,101.6,no different,false,motriskindex-families-2024-v5
fiat-qubo,2013,3822,32.76,98.0,92.6,103.4,no different,true,motriskindex-families-2024-v5
fiat-qubo,2014,1541,30.76,95.5,86.9,104.1,no different,true,motriskindex-families-2024-v5
fiat-qubo,2015,761,27.33,86.9,75.1,98.7,better,true,motriskindex-families-2024-v5
fiat-qubo,2016,497,27.57,89.7,74.7,104.7,no different,true,motriskindex-families-2024-v5
fiat-qubo,2017,421,22.8,75.1,60.1,90.1,better,true,motriskindex-families-2024-v5
fiat-scudo,2000,743,51.82,100.4,90.4,110.4,no different,true,motriskindex-families-2024-v5
fiat-scudo,2001,1530,53.79,102.0,95.1,109.0,no different,true,motriskindex-families-2024-v5
fiat-scudo,2002,1897,51.71,97.4,91.4,103.5,no different,true,motriskindex-families-2024-v5
fiat-scudo,2003,3186,51.69,98.2,93.5,102.9,no different,true,motriskindex-families-2024-v5
fiat-scudo,2004,4814,51.04,97.3,93.5,101.2,no different,false,motriskindex-families-2024-v5
fiat-scudo,2005,5855,52.3,99.1,95.6,102.6,no different,false,motriskindex-families-2024-v5
fiat-scudo,2006,8206,51.43,97.6,94.6,100.5,no different,false,motriskindex-families-2024-v5
fiat-scudo,2007,10169,54.27,103.0,100.3,105.7,worse,false,motriskindex-families-2024-v5
fiat-scudo,2008,10174,51.49,99.3,96.6,102.0,no different,false,motriskindex-families-2024-v5
fiat-scudo,2009,4047,49.32,96.5,92.3,100.7,no different,false,motriskindex-families-2024-v5
fiat-scudo,2010,3390,49.79,99.3,94.6,104.0,no different,true,motriskindex-families-2024-v5
fiat-scudo,2011,4216,48.22,99.7,95.4,104.0,no different,false,motriskindex-families-2024-v5
fiat-scudo,2012,3289,46.43,99.5,94.5,104.5,no different,true,motriskindex-families-2024-v5
fiat-scudo,2013,2764,41.06,94.0,88.6,99.5,better,true,motriskindex-families-2024-v5
fiat-scudo,2014,1764,41.38,98.5,91.4,105.7,no different,true,motriskindex-families-2024-v5
fiat-scudo,2015,1144,41.7,103.3,94.0,112.5,no different,true,motriskindex-families-2024-v5
fiat-scudo,2016,371,41.51,108.1,91.1,125.2,no different,true,motriskindex-families-2024-v5
fiat-sedici,2006,2957,48.97,98.1,93.0,103.1,no different,true,motriskindex-families-2024-v5
fiat-sedici,2007,3268,50.21,102.1,97.1,107.0,no different,true,motriskindex-families-2024-v5
fiat-sedici,2008,2447,45.48,96.6,90.9,102.3,no different,true,motriskindex-families-2024-v5
fiat-sedici,2009,1051,45.67,99.3,90.4,108.2,no different,true,motriskindex-families-2024-v5
fiat-seicento,1999,625,48.48,99.4,88.2,110.6,no different,true,motriskindex-families-2024-v5
fiat-seicento,2000,1377,47.86,97.7,90.2,105.1,no different,true,motriskindex-families-2024-v5
fiat-seicento,2001,2756,48.29,97.0,91.7,102.2,no different,true,motriskindex-families-2024-v5
fiat-seicento,2002,3702,48.11,97.1,92.6,101.6,no different,true,motriskindex-families-2024-v5
fiat-seicento,2003,4620,49.63,99.0,94.9,103.0,no different,false,motriskindex-families-2024-v5
fiat-talento,2016,556,31.47,112.4,95.7,129.0,no different,true,motriskindex-families-2024-v5
fiat-talento,2017,3384,26.65,99.8,93.3,106.3,no different,true,motriskindex-families-2024-v5
fiat-talento,2018,1048,26.91,104.4,92.2,116.5,no different,true,motriskindex-families-2024-v5
fiat-talento,2019,513,30.02,129.4,109.0,149.9,worse,true,motriskindex-families-2024-v5
fiat-talento,2020,318,20.75,95.4,72.4,118.4,no different,true,motriskindex-families-2024-v5
fiat-tipo,2016,7002,22.74,90.9,86.4,95.3,better,false,motriskindex-families-2024-v5
fiat-tipo,2017,32915,24.47,105.2,102.9,107.5,worse,false,motriskindex-families-2024-v5
fiat-tipo,2018,8229,22.45,101.9,97.3,106.6,no different,false,motriskindex-families-2024-v5
fiat-tipo,2019,4891,19.36,95.9,89.8,102.0,no different,false,motriskindex-families-2024-v5
fiat-tipo,2020,2078,16.7,90.5,81.0,100.1,no different,true,motriskindex-families-2024-v5
ford-b-max,2012,18213,30.48,102.5,99.8,105.2,no different,false,motriskindex-families-2024-v5
ford-b-max,2013,90341,29.31,105.9,104.7,107.2,worse,false,motriskindex-families-2024-v5
ford-b-max,2014,78981,24.91,100.4,99.0,101.8,no different,false,motriskindex-families-2024-v5
ford-b-max,2015,59959,20.41,94.2,92.5,95.8,better,false,motriskindex-families-2024-v5
ford-b-max,2016,43849,17.69,95.0,92.9,97.2,better,false,motriskindex-families-2024-v5
ford-b-max,2017,30804,16.66,99.9,97.2,102.7,no different,false,motriskindex-families-2024-v5
ford-b-max,2018,2841,18.02,117.8,107.6,128.0,worse,true,motriskindex-families-2024-v5
ford-c-max,2005,286,48.95,103.3,86.2,120.4,no different,true,motriskindex-families-2024-v5
ford-c-max,2006,2754,48.18,105.1,99.5,110.8,no different,true,motriskindex-families-2024-v5
ford-c-max,2007,42050,45.84,103.8,102.3,105.2,worse,false,motriskindex-families-2024-v5
ford-c-max,2008,85298,44.13,105.5,104.4,106.6,worse,false,motriskindex-families-2024-v5
ford-c-max,2009,39905,41.53,106.8,105.1,108.4,worse,false,motriskindex-families-2024-v5
ford-c-max,2010,41013,39.77,111.2,109.5,112.9,worse,false,motriskindex-families-2024-v5
ford-c-max,2011,66001,30.09,93.2,91.9,94.5,better,false,motriskindex-families-2024-v5
ford-c-max,2012,67880,27.07,94.4,93.0,95.8,better,false,motriskindex-families-2024-v5
ford-c-max,2013,84568,24.09,95.2,93.9,96.5,better,false,motriskindex-families-2024-v5
ford-c-max,2014,76864,23.14,104.4,102.8,105.9,worse,false,motriskindex-families-2024-v5
ford-c-max,2015,68842,18.8,97.0,95.4,98.7,better,false,motriskindex-families-2024-v5
ford-c-max,2016,64451,15.38,91.3,89.5,93.1,better,false,motriskindex-families-2024-v5
ford-c-max,2017,42606,13.16,85.5,83.2,87.7,better,false,motriskindex-families-2024-v5
ford-c-max,2018,19748,16.12,111.1,107.2,114.9,worse,false,motriskindex-families-2024-v5
ford-c-max,2019,8452,16.26,122.9,116.4,129.4,worse,false,motriskindex-families-2024-v5
ford-ecosport,2014,15607,28.59,105.3,102.2,108.4,worse,false,motriskindex-families-2024-v5
ford-ecosport,2015,63822,26.02,109.3,107.6,110.9,worse,false,motriskindex-families-2024-v5
ford-ecosport,2016,87299,22.49,110.9,109.4,112.5,worse,false,motriskindex-families-2024-v5
ford-ecosport,2017,70851,20.12,111.5,109.7,113.4,worse,false,motriskindex-families-2024-v5
ford-ecosport,2018,90443,13.36,81.4,80.0,82.9,better,false,motriskindex-families-2024-v5
ford-ecosport,2019,75553,13.2,90.0,88.2,91.8,better,false,motriskindex-families-2024-v5
ford-ecosport,2020,18391,13.65,104.0,99.9,108.1,no different,false,motriskindex-families-2024-v5
ford-edge,2016,13791,13.93,100.9,96.4,105.4,no different,false,motriskindex-families-2024-v5
ford-edge,2017,20620,13.07,98.4,94.7,102.2,no different,false,motriskindex-families-2024-v5
ford-edge,2018,6730,14.59,114.3,107.2,121.5,worse,false,motriskindex-families-2024-v5
ford-edge,2019,2986,12.06,98.9,88.6,109.1,no different,true,motriskindex-families-2024-v5
ford-escort,1998,1925,44.21,95.4,89.0,101.9,no different,true,motriskindex-families-2024-v5
ford-escort,1999,1521,44.44,95.5,88.3,102.7,no different,true,motriskindex-families-2024-v5
ford-escort,2000,3700,47.68,102.1,97.3,106.9,no different,true,motriskindex-families-2024-v5
ford-escort,2001,3762,44.58,95.6,91.0,100.1,no different,true,motriskindex-families-2024-v5
ford-escort,2002,3000,43.63,93.2,88.1,98.2,better,true,motriskindex-families-2024-v5
ford-fiesta,1998,8554,52.72,105.0,101.9,108.0,worse,false,motriskindex-families-2024-v5
ford-fiesta,1999,14639,52.95,107.2,104.9,109.6,worse,false,motriskindex-families-2024-v5
ford-fiesta,2000,16815,50.37,103.2,101.0,105.4,worse,false,motriskindex-families-2024-v5
ford-fiesta,2001,32796,49.62,102.4,100.8,103.9,worse,false,motriskindex-families-2024-v5
ford-fiesta,2002,87706,46.94,97.9,96.9,98.8,better,false,motriskindex-families-2024-v5
ford-fiesta,2003,165285,46.41,97.7,97.0,98.4,better,false,motriskindex-families-2024-v5
ford-fiesta,2004,205530,46.96,99.7,99.1,100.4,no different,false,motriskindex-families-2024-v5
ford-fiesta,2005,232289,46.28,99.6,99.1,100.2,no different,false,motriskindex-families-2024-v5
ford-fiesta,2006,357131,45.79,100.5,100.0,101.0,no different,false,motriskindex-families-2024-v5
ford-fiesta,2007,408568,43.23,97.1,96.6,97.5,better,false,motriskindex-families-2024-v5
ford-fiesta,2008,416503,43.08,99.6,99.1,100.0,no different,false,motriskindex-families-2024-v5
ford-fiesta,2009,600362,42.99,102.9,102.5,103.3,worse,false,motriskindex-families-2024-v5
ford-fiesta,2010,552779,41.1,103.3,102.8,103.7,worse,false,motriskindex-families-2024-v5
ford-fiesta,2011,531954,37.02,98.8,98.4,99.2,better,false,motriskindex-families-2024-v5
ford-fiesta,2012,610856,35.3,101.1,100.7,101.5,worse,false,motriskindex-families-2024-v5
ford-fiesta,2013,694760,31.85,99.4,99.0,99.8,better,false,motriskindex-families-2024-v5
ford-fiesta,2014,756069,28.52,98.7,98.3,99.2,better,false,motriskindex-families-2024-v5
ford-fiesta,2015,775145,27.13,107.0,106.5,107.4,worse,false,motriskindex-families-2024-v5
ford-fiesta,2016,704570,25.28,116.3,115.8,116.9,worse,false,motriskindex-families-2024-v5
ford-fiesta,2017,479855,16.95,86.9,86.3,87.5,better,false,motriskindex-families-2024-v5
ford-fiesta,2018,376599,13.33,74.3,73.7,75.0,better,false,motriskindex-families-2024-v5
ford-fiesta,2019,225262,12.84,80.6,79.6,81.5,better,false,motriskindex-families-2024-v5
ford-fiesta,2020,41508,14.99,108.2,105.5,110.9,worse,false,motriskindex-families-2024-v5
ford-focus,1998,773,56.14,108.5,98.3,118.7,no different,true,motriskindex-families-2024-v5
ford-focus,1999,15230,53.93,104.9,102.6,107.2,worse,false,motriskindex-families-2024-v5
ford-focus,2000,32486,51.78,101.8,100.2,103.3,worse,false,motriskindex-families-2024-v5
ford-focus,2001,70077,50.72,100.6,99.6,101.7,no different,false,motriskindex-families-2024-v5
ford-focus,2002,125991,51.31,103.2,102.4,103.9,worse,false,motriskindex-families-2024-v5
ford-focus,2003,148741,51.17,104.3,103.6,105.1,worse,false,motriskindex-families-2024-v5
ford-focus,2004,180453,50.03,104.4,103.7,105.0,worse,false,motriskindex-families-2024-v5
ford-focus,2005,250871,46.88,100.3,99.7,100.8,no different,false,motriskindex-families-2024-v5
ford-focus,2006,297244,43.25,95.2,94.6,95.7,better,false,motriskindex-families-2024-v5
ford-focus,2007,372584,42.36,96.3,95.8,96.8,better,false,motriskindex-families-2024-v5
ford-focus,2008,382133,42.43,100.0,99.5,100.5,no different,false,motriskindex-families-2024-v5
ford-focus,2009,407321,40.91,100.5,100.1,101.0,worse,false,motriskindex-families-2024-v5
ford-focus,2010,370304,40.06,103.9,103.4,104.5,worse,false,motriskindex-families-2024-v5
ford-focus,2011,412801,37.04,103.2,102.7,103.7,worse,false,motriskindex-families-2024-v5
ford-focus,2012,432134,33.2,101.5,101.0,102.0,worse,false,motriskindex-families-2024-v5
ford-focus,2013,459270,32.91,112.6,112.1,113.2,worse,false,motriskindex-families-2024-v5
ford-focus,2014,460503,25.77,101.4,100.9,102.0,worse,false,motriskindex-families-2024-v5
ford-focus,2015,460970,18.12,83.9,83.3,84.5,better,false,motriskindex-families-2024-v5
ford-focus,2016,392503,15.84,87.4,86.7,88.1,better,false,motriskindex-families-2024-v5
ford-focus,2017,342365,13.38,84.4,83.6,85.2,better,false,motriskindex-families-2024-v5
ford-focus,2018,193683,13.67,95.0,93.9,96.2,better,false,motriskindex-families-2024-v5
ford-focus,2019,162798,14.29,111.6,110.2,113.1,worse,false,motriskindex-families-2024-v5
ford-focus,2020,62410,12.31,105.0,102.7,107.4,worse,false,motriskindex-families-2024-v5
ford-freedom,2016,1763,16.68,102.0,90.3,113.6,no different,true,motriskindex-families-2024-v5
ford-freedom,2017,2818,16.11,102.0,92.6,111.4,no different,true,motriskindex-families-2024-v5
ford-freedom,2018,1056,19.22,125.7,108.4,142.9,worse,true,motriskindex-families-2024-v5
ford-freedom,2019,269,21.19,147.0,108.8,185.1,worse,true,motriskindex-families-2024-v5
ford-freedom,2020,292,22.6,179.0,135.8,222.2,worse,true,motriskindex-families-2024-v5
ford-fusion,2002,5469,48.16,105.1,101.1,109.1,worse,false,motriskindex-families-2024-v5
ford-fusion,2003,38800,46.74,102.9,101.4,104.3,worse,false,motriskindex-families-2024-v5
ford-fusion,2004,39170,44.25,99.6,98.1,101.0,no different,false,motriskindex-families-2024-v5
ford-fusion,2005,39174,42.89,99.2,97.7,100.7,no different,false,motriskindex-families-2024-v5
ford-fusion,2006,51908,43.95,105.0,103.6,106.3,worse,false,motriskindex-families-2024-v5
ford-fusion,2007,54265,40.15,100.2,98.9,101.5,no different,false,motriskindex-families-2024-v5
ford-fusion,2008,56019,36.92,97.1,95.8,98.5,better,false,motriskindex-families-2024-v5
ford-fusion,2009,56533,34.76,97.2,95.9,98.6,better,false,motriskindex-families-2024-v5
ford-fusion,2010,36733,33.08,98.6,96.9,100.4,no different,false,motriskindex-families-2024-v5
ford-fusion,2011,15861,27.24,89.2,86.5,91.8,better,false,motriskindex-families-2024-v5
ford-fusion,2012,4996,24.4,88.8,83.8,93.8,better,false,motriskindex-families-2024-v5
ford-galaxy,1999,739,53.86,97.1,87.6,106.6,no different,true,motriskindex-families-2024-v5
ford-galaxy,2000,1235,54.49,99.1,91.6,106.6,no different,true,motriskindex-families-2024-v5
ford-galaxy,2001,4026,55.39,101.1,96.9,105.3,no different,false,motriskindex-families-2024-v5
ford-galaxy,2002,6876,55.26,101.4,98.2,104.6,no different,false,motriskindex-families-2024-v5
ford-galaxy,2003,13231,54.44,101.4,99.1,103.8,no different,false,motriskindex-families-2024-v5
ford-galaxy,2004,13742,54.74,103.9,101.6,106.2,worse,false,motriskindex-families-2024-v5
ford-galaxy,2005,18888,52.99,104.1,102.1,106.1,worse,false,motriskindex-families-2024-v5
ford-galaxy,2006,18870,50.12,101.8,99.8,103.9,no different,false,motriskindex-families-2024-v5
ford-galaxy,2007,30149,45.63,96.0,94.4,97.6,better,false,motriskindex-families-2024-v5
ford-galaxy,2008,29596,43.91,95.9,94.3,97.6,better,false,motriskindex-families-2024-v5
ford-galaxy,2009,30444,42.86,97.1,95.4,98.7,better,false,motriskindex-families-2024-v5
ford-galaxy,2010,31104,42.15,98.8,97.1,100.5,no different,false,motriskindex-families-2024-v5
ford-galaxy,2011,32921,40.71,100.3,98.6,102.0,no different,false,motriskindex-families-2024-v5
ford-galaxy,2012,33888,39.62,104.2,102.5,106.0,worse,false,motriskindex-families-2024-v5
ford-galaxy,2013,28811,37.53,106.7,104.7,108.8,worse,false,motriskindex-families-2024-v5
ford-galaxy,2014,30841,37.11,115.7,113.5,117.8,worse,false,motriskindex-families-2024-v5
ford-galaxy,2015,18338,33.11,116.6,113.7,119.5,worse,false,motriskindex-families-2024-v5
ford-galaxy,2016,30873,18.71,74.0,72.1,75.9,better,false,motriskindex-families-2024-v5
ford-galaxy,2017,28011,17.43,75.6,73.5,77.7,better,false,motriskindex-families-2024-v5
ford-galaxy,2018,15028,19.93,93.5,90.2,96.9,better,false,motriskindex-families-2024-v5
ford-galaxy,2019,8216,20.63,104.4,99.4,109.4,no different,false,motriskindex-families-2024-v5
ford-galaxy,2020,3343,18.73,101.6,93.6,109.5,no different,true,motriskindex-families-2024-v5
ford-grand-c-max,2010,678,33.19,89.8,78.1,101.5,no different,true,motriskindex-families-2024-v5
ford-grand-c-max,2011,34344,36.24,101.9,100.1,103.7,worse,false,motriskindex-families-2024-v5
ford-grand-c-max,2012,24074,32.84,98.7,96.5,100.9,no different,false,motriskindex-families-2024-v5
ford-grand-c-max,2013,28229,31.75,101.6,99.5,103.7,no different,false,motriskindex-families-2024-v5
ford-grand-c-max,2014,25272,31.04,107.2,104.9,109.6,worse,false,motriskindex-families-2024-v5
ford-grand-c-max,2015,22983,25.47,97.0,94.5,99.4,better,false,motriskindex-families-2024-v5
ford-grand-c-max,2016,39989,23.39,98.6,96.6,100.6,no different,false,motriskindex-families-2024-v5
ford-grand-c-max,2017,20687,19.72,89.9,87.2,92.7,better,false,motriskindex-families-2024-v5
ford-grand-c-max,2018,11253,23.2,111.4,107.1,115.6,worse,false,motriskindex-families-2024-v5
ford-grand-c-max,2019,3430,21.75,112.5,104.5,120.6,worse,true,motriskindex-families-2024-v5
ford-ka,1998,732,48.77,94.4,84.6,104.2,no different,true,motriskindex-families-2024-v5
ford-ka,1999,1612,50.25,96.9,90.3,103.6,no different,true,motriskindex-families-2024-v5
ford-ka,2000,3126,51.41,98.5,93.7,103.3,no different,true,motriskindex-families-2024-v5
ford-ka,2001,7496,52.39,99.1,96.0,102.2,no different,false,motriskindex-families-2024-v5
ford-ka,2002,15830,53.89,100.4,98.2,102.5,no different,false,motriskindex-families-2024-v5
ford-ka,2003,23895,54.71,100.7,99.0,102.4,no different,false,motriskindex-families-2024-v5
ford-ka,2004,31178,55.31,102.7,101.2,104.2,worse,false,motriskindex-families-2024-v5
ford-ka,2005,35662,54.71,103.9,102.5,105.4,worse,false,motriskindex-families-2024-v5
ford-ka,2006,41704,53.05,104.8,103.4,106.2,worse,false,motriskindex-families-2024-v5
ford-ka,2007,54494,53.88,111.8,110.5,113.1,worse,false,motriskindex-families-2024-v5
ford-ka,2008,64035,52.08,116.0,114.8,117.2,worse,false,motriskindex-families-2024-v5
ford-ka,2009,115062,39.9,93.6,92.8,94.5,better,false,motriskindex-families-2024-v5
ford-ka,2010,115778,38.29,98.1,97.2,99.0,better,false,motriskindex-families-2024-v5
ford-ka,2011,98645,32.86,93.2,92.2,94.2,better,false,motriskindex-families-2024-v5
ford-ka,2012,104470,29.97,95.0,94.0,96.1,better,false,motriskindex-families-2024-v5
ford-ka,2013,112856,27.09,96.8,95.7,97.9,better,false,motriskindex-families-2024-v5
ford-ka,2014,111801,24.35,99.3,98.1,100.5,no different,false,motriskindex-families-2024-v5
ford-ka,2015,79922,23.05,109.6,108.0,111.1,worse,false,motriskindex-families-2024-v5
ford-ka,2016,50051,19.29,110.1,107.9,112.3,worse,false,motriskindex-families-2024-v5
ford-ka,2017,68867,11.56,74.6,73.0,76.3,better,false,motriskindex-families-2024-v5
ford-ka,2018,43991,12.83,91.5,89.2,93.9,better,false,motriskindex-families-2024-v5
ford-ka,2019,30165,9.7,81.6,78.6,84.5,better,false,motriskindex-families-2024-v5
ford-kuga,2008,18468,38.35,98.0,95.7,100.3,no different,false,motriskindex-families-2024-v5
ford-kuga,2009,50621,39.68,105.8,104.3,107.3,worse,false,motriskindex-families-2024-v5
ford-kuga,2010,60111,39.47,111.9,110.5,113.3,worse,false,motriskindex-families-2024-v5
ford-kuga,2011,56044,35.89,111.4,109.9,113.0,worse,false,motriskindex-families-2024-v5
ford-kuga,2012,57820,33.26,115.7,114.0,117.3,worse,false,motriskindex-families-2024-v5
ford-kuga,2013,77928,23.24,92.5,91.2,93.9,better,false,motriskindex-families-2024-v5
ford-kuga,2014,137279,21.08,97.1,96.0,98.2,better,false,motriskindex-families-2024-v5
ford-kuga,2015,185752,17.69,96.0,94.9,97.0,better,false,motriskindex-families-2024-v5
ford-kuga,2016,202484,14.85,95.5,94.4,96.6,better,false,motriskindex-families-2024-v5
ford-kuga,2017,194820,12.49,90.1,89.0,91.2,better,false,motriskindex-families-2024-v5
ford-kuga,2018,156492,13.39,104.0,102.6,105.4,worse,false,motriskindex-families-2024-v5
ford-kuga,2019,124064,13.22,112.1,110.4,113.8,worse,false,motriskindex-families-2024-v5
ford-kuga,2020,2390,10.71,100.8,88.4,113.1,no different,true,motriskindex-families-2024-v5
ford-mondeo,1998,1583,47.82,99.8,92.7,106.9,no different,true,motriskindex-families-2024-v5
ford-mondeo,1999,3311,49.47,103.5,98.5,108.5,no different,true,motriskindex-families-2024-v5
ford-mondeo,2000,6504,48.43,101.5,98.0,105.1,no different,false,motriskindex-families-2024-v5
ford-mondeo,2001,18542,47.55,99.4,97.3,101.5,no different,false,motriskindex-families-2024-v5
ford-mondeo,2002,23687,47.45,99.1,97.3,100.9,no different,false,motriskindex-families-2024-v5
ford-mondeo,2003,31032,48.69,101.4,99.7,103.0,no different,false,motriskindex-families-2024-v5
ford-mondeo,2004,49283,48.91,102.4,101.1,103.7,worse,false,motriskindex-families-2024-v5
ford-mondeo,2005,70740,47.9,102.0,101.0,103.1,worse,false,motriskindex-families-2024-v5
ford-mondeo,2006,78372,47.16,103.0,101.9,104.0,worse,false,motriskindex-families-2024-v5
ford-mondeo,2007,117517,45.69,103.2,102.3,104.0,worse,false,motriskindex-families-2024-v5
ford-mondeo,2008,134534,41.78,98.6,97.8,99.4,better,false,motriskindex-families-2024-v5
ford-mondeo,2009,127187,39.78,98.6,97.7,99.4,better,false,motriskindex-families-2024-v5
ford-mondeo,2010,122024,38.28,101.2,100.3,102.1,worse,false,motriskindex-families-2024-v5
ford-mondeo,2011,92309,34.29,98.3,97.2,99.4,better,false,motriskindex-families-2024-v5
ford-mondeo,2012,105747,32.22,101.7,100.6,102.8,worse,false,motriskindex-families-2024-v5
ford-mondeo,2013,82242,29.99,106.0,104.7,107.3,worse,false,motriskindex-families-2024-v5
ford-mondeo,2014,73627,26.38,105.7,104.2,107.2,worse,false,motriskindex-families-2024-v5
ford-mondeo,2015,108663,18.69,84.8,83.7,86.0,better,false,motriskindex-families-2024-v5
ford-mondeo,2016,101263,16.8,86.8,85.5,88.1,better,false,motriskindex-families-2024-v5
ford-mondeo,2017,59651,15.18,86.0,84.2,87.8,better,false,motriskindex-families-2024-v5
ford-mondeo,2018,29234,15.87,96.1,93.3,98.8,better,false,motriskindex-families-2024-v5
ford-mondeo,2019,13668,16.24,103.8,99.5,108.1,no different,false,motriskindex-families-2024-v5
ford-mondeo,2020,4651,16.13,105.2,97.7,112.7,no different,false,motriskindex-families-2024-v5
ford-mustang,2013,221,13.57,75.2,48.3,102.1,no different,true,motriskindex-families-2024-v5
ford-mustang,2014,394,16.24,94.0,71.0,117.0,no different,true,motriskindex-families-2024-v5
ford-mustang,2015,1742,13.89,85.1,74.4,95.9,better,true,motriskindex-families-2024-v5
ford-mustang,2016,15714,15.41,100.7,96.7,104.7,no different,false,motriskindex-families-2024-v5
ford-mustang,2017,10282,13.25,92.4,87.5,97.3,better,false,motriskindex-families-2024-v5
ford-mustang,2018,8746,14.46,105.2,99.4,111.0,no different,false,motriskindex-families-2024-v5
ford-mustang,2019,3654,15.16,117.8,108.0,127.6,worse,true,motriskindex-families-2024-v5
ford-mustang,2020,2091,13.92,116.9,103.5,130.3,worse,true,motriskindex-families-2024-v5
ford-puma,1998,593,53.29,118.1,105.1,131.2,worse,true,motriskindex-families-2024-v5
ford-puma,1999,1901,48.45,105.0,98.2,111.7,no different,true,motriskindex-families-2024-v5
ford-puma,2000,3924,43.45,94.6,90.1,99.1,better,true,motriskindex-families-2024-v5
ford-puma,2001,5833,46.79,99.9,96.1,103.6,no different,false,motriskindex-families-2024-v5
ford-puma,2002,4519,44.26,94.7,90.6,98.9,better,false,motriskindex-families-2024-v5
ford-puma,2019,356,4.21,54.7,27.0,82.4,better,true,motriskindex-families-2024-v5
ford-puma,2020,51489,7.79,101.3,98.1,104.4,no different,false,motriskindex-families-2024-v5
ford-ranger,1999,988,43.93,97.5,88.3,106.6,no different,true,motriskindex-families-2024-v5
ford-ranger,2000,2952,44.55,98.3,93.0,103.6,no different,true,motriskindex-families-2024-v5
ford-ranger,2001,4640,45.93,100.4,96.1,104.7,no different,false,motriskindex-families-2024-v5
ford-ranger,2002,7021,45.41,99.1,95.6,102.5,no different,false,motriskindex-families-2024-v5
ford-ranger,2003,9803,46.29,100.1,97.2,103.0,no different,false,motriskindex-families-2024-v5
ford-ranger,2004,16808,47.31,102.0,99.8,104.2,no different,false,motriskindex-families-2024-v5
ford-ranger,2005,18347,45.94,99.4,97.3,101.5,no different,false,motriskindex-families-2024-v5
ford-ranger,2006,21352,46.47,101.8,99.8,103.8,no different,false,motriskindex-families-2024-v5
ford-ranger,2007,24209,44.5,99.3,97.4,101.2,no different,false,motriskindex-families-2024-v5
ford-ranger,2008,16680,41.85,96.1,93.9,98.4,better,false,motriskindex-families-2024-v5
ford-ranger,2009,17559,42.11,100.7,98.4,103.0,no different,false,motriskindex-families-2024-v5
ford-ranger,2010,10115,40.89,102.6,99.5,105.7,no different,false,motriskindex-families-2024-v5
ford-ranger,2011,10940,38.22,102.2,99.1,105.3,no different,false,motriskindex-families-2024-v5
ford-ranger,2012,12374,35.51,102.3,99.3,105.4,no different,false,motriskindex-families-2024-v5
ford-ranger,2013,18740,31.29,97.9,95.4,100.4,no different,false,motriskindex-families-2024-v5
ford-ranger,2014,24875,29.59,101.4,99.1,103.7,no different,false,motriskindex-families-2024-v5
ford-ranger,2015,38058,28.7,108.9,106.8,110.9,worse,false,motriskindex-families-2024-v5
ford-ranger,2016,62835,22.18,94.9,93.3,96.5,better,false,motriskindex-families-2024-v5
ford-ranger,2017,56306,20.65,96.3,94.5,98.0,better,false,motriskindex-families-2024-v5
ford-ranger,2018,55320,20.38,100.0,98.2,101.9,no different,false,motriskindex-families-2024-v5
ford-ranger,2019,42226,19.36,103.4,101.1,105.6,worse,false,motriskindex-families-2024-v5
ford-ranger,2020,22281,19.04,110.8,107.5,114.2,worse,false,motriskindex-families-2024-v5
ford-s-max,2006,17502,49.24,106.4,104.1,108.6,worse,false,motriskindex-families-2024-v5
ford-s-max,2007,43483,46.39,103.6,102.2,105.1,worse,false,motriskindex-families-2024-v5
ford-s-max,2008,37828,43.84,101.5,100.0,103.1,no different,false,motriskindex-families-2024-v5
ford-s-max,2009,43284,43.76,105.5,104.0,107.0,worse,false,motriskindex-families-2024-v5
ford-s-max,2010,59409,38.72,97.7,96.5,99.0,better,false,motriskindex-families-2024-v5
ford-s-max,2011,41248,35.48,95.3,93.7,96.8,better,false,motriskindex-families-2024-v5
ford-s-max,2012,44162,35.0,101.0,99.5,102.6,no different,false,motriskindex-families-2024-v5
ford-s-max,2013,38877,33.43,105.4,103.5,107.2,worse,false,motriskindex-families-2024-v5
ford-s-max,2014,40020,30.75,107.4,105.5,109.3,worse,false,motriskindex-families-2024-v5
ford-s-max,2015,19927,23.37,92.6,90.0,95.3,better,false,motriskindex-families-2024-v5
ford-s-max,2016,41949,18.15,82.9,81.1,84.8,better,false,motriskindex-families-2024-v5
ford-s-max,2017,28169,16.55,83.7,81.3,86.1,better,false,motriskindex-families-2024-v5
ford-s-max,2018,9810,17.25,94.2,89.7,98.7,better,false,motriskindex-families-2024-v5
ford-s-max,2019,7029,21.44,127.5,121.0,133.9,worse,false,motriskindex-families-2024-v5
ford-s-max,2020,2364,18.15,118.1,106.9,129.2,worse,true,motriskindex-families-2024-v5
ford-tourneo,2013,2984,32.04,103.3,96.8,109.9,no different,true,motriskindex-families-2024-v5
ford-tourneo,2014,9522,29.64,102.2,98.4,105.9,no different,false,motriskindex-families-2024-v5
ford-tourneo,2015,14079,27.35,103.4,100.1,106.7,worse,false,motriskindex-families-2024-v5
ford-tourneo,2016,8942,23.9,102.3,98.0,106.7,no different,false,motriskindex-families-2024-v5
ford-tourneo,2017,14822,21.31,100.2,96.7,103.7,no different,false,motriskindex-families-2024-v5
ford-tourneo,2018,9972,19.19,97.4,93.0,101.7,no different,false,motriskindex-families-2024-v5
ford-tourneo,2019,6968,17.94,99.9,94.4,105.4,no different,false,motriskindex-families-2024-v5
ford-tourneo,2020,399,13.53,83.4,61.2,105.7,no different,true,motriskindex-families-2024-v5
ford-tourneo-connect,2014,4370,24.44,106.4,100.0,112.8,no different,false,motriskindex-families-2024-v5
ford-tourneo-connect,2015,11054,22.07,104.1,99.9,108.2,no different,false,motriskindex-families-2024-v5
ford-tourneo-connect,2016,14418,17.93,92.6,89.0,96.1,better,false,motriskindex-families-2024-v5
ford-tourneo-connect,2017,10242,16.24,89.1,84.8,93.4,better,false,motriskindex-families-2024-v5
ford-tourneo-connect,2018,4558,18.1,101.7,94.8,108.7,no different,false,motriskindex-families-2024-v5
ford-tourneo-connect,2019,5937,20.09,116.0,109.4,122.5,worse,false,motriskindex-families-2024-v5
ford-tourneo-connect,2020,4270,20.37,122.7,114.5,130.8,worse,false,motriskindex-families-2024-v5
ford-tourneo-custom,2017,211,18.96,97.2,67.1,127.4,no different,true,motriskindex-families-2024-v5
ford-tourneo-custom,2018,4090,18.34,95.0,88.2,101.8,no different,false,motriskindex-families-2024-v5
ford-tourneo-custom,2019,5579,17.46,92.8,87.0,98.6,better,false,motriskindex-families-2024-v5
ford-tourneo-custom,2020,4700,20.34,107.1,100.3,113.9,worse,false,motriskindex-families-2024-v5
ford-transit,1998,2410,40.71,94.2,88.3,100.0,no different,true,motriskindex-families-2024-v5
ford-transit,1999,3824,39.04,89.1,84.6,93.7,better,true,motriskindex-families-2024-v5
ford-transit,2000,5700,40.28,91.5,87.7,95.2,better,false,motriskindex-families-2024-v5
ford-transit,2001,11870,44.91,99.6,96.9,102.3,no different,false,motriskindex-families-2024-v5
ford-transit,2002,21002,46.18,101.3,99.3,103.3,no different,false,motriskindex-families-2024-v5
ford-transit,2003,25244,48.23,103.1,101.3,105.0,worse,false,motriskindex-families-2024-v5
ford-transit,2004,25628,47.63,98.9,97.2,100.7,no different,false,motriskindex-families-2024-v5
ford-transit,2005,34564,48.22,98.4,96.9,99.9,better,false,motriskindex-families-2024-v5
ford-transit,2006,60741,48.86,98.2,97.1,99.3,better,false,motriskindex-families-2024-v5
ford-transit,2007,90418,49.6,98.9,98.0,99.8,better,false,motriskindex-families-2024-v5
ford-transit,2008,104206,50.84,101.1,100.3,102.0,worse,false,motriskindex-families-2024-v5
ford-transit,2009,82126,49.96,101.1,100.2,102.1,worse,false,motriskindex-families-2024-v5
ford-transit,2010,111738,49.41,103.2,102.3,104.1,worse,false,motriskindex-families-2024-v5
ford-transit,2011,127682,48.68,106.7,105.8,107.5,worse,false,motriskindex-families-2024-v5
ford-transit,2012,103257,49.56,116.7,115.7,117.7,worse,false,motriskindex-families-2024-v5
ford-transit,2013,129347,43.41,112.3,111.3,113.2,worse,false,motriskindex-families-2024-v5
ford-transit,2014,177125,30.72,89.1,88.4,89.9,better,false,motriskindex-families-2024-v5
ford-transit,2015,217023,27.71,91.6,90.9,92.3,better,false,motriskindex-families-2024-v5
ford-transit,2016,251501,24.14,93.5,92.7,94.2,better,false,motriskindex-families-2024-v5
ford-transit,2017,231973,22.01,95.8,94.9,96.6,better,false,motriskindex-families-2024-v5
ford-transit,2018,77084,21.87,104.2,102.6,105.7,worse,false,motriskindex-families-2024-v5
ford-transit,2019,8094,22.6,120.6,115.1,126.1,worse,false,motriskindex-families-2024-v5
ford-transit,2020,2832,19.53,115.8,106.1,125.4,worse,true,motriskindex-families-2024-v5
ford-transit-connect,2002,3023,52.17,97.6,92.8,102.4,no different,true,motriskindex-families-2024-v5
ford-transit-connect,2003,30422,53.94,101.0,99.5,102.5,no different,false,motriskindex-families-2024-v5
ford-transit-connect,2004,42861,53.94,100.7,99.4,102.0,no different,false,motriskindex-families-2024-v5
ford-transit-connect,2005,52730,53.06,99.3,98.2,100.5,no different,false,motriskindex-families-2024-v5
ford-transit-connect,2006,68208,53.41,100.2,99.2,101.2,no different,false,motriskindex-families-2024-v5
ford-transit-connect,2007,69520,52.82,100.6,99.5,101.6,no different,false,motriskindex-families-2024-v5
ford-transit-connect,2008,58301,51.2,99.7,98.5,100.8,no different,false,motriskindex-families-2024-v5
ford-transit-connect,2009,37234,49.66,100.9,99.5,102.4,no different,false,motriskindex-families-2024-v5
ford-transit-connect,2010,35258,48.87,105.4,103.9,107.0,worse,false,motriskindex-families-2024-v5
ford-transit-connect,2011,38681,45.49,106.2,104.7,107.8,worse,false,motriskindex-families-2024-v5
ford-transit-connect,2012,38119,41.15,106.4,104.7,108.1,worse,false,motriskindex-families-2024-v5
ford-transit-connect,2013,28252,35.62,102.8,100.8,104.8,worse,false,motriskindex-families-2024-v5
ford-transit-connect,2014,65086,28.42,91.5,90.2,92.8,better,false,motriskindex-families-2024-v5
ford-transit-connect,2015,80996,25.97,92.7,91.5,94.0,better,false,motriskindex-families-2024-v5
ford-transit-connect,2016,86114,23.77,94.6,93.3,95.9,better,false,motriskindex-families-2024-v5
ford-transit-connect,2017,97079,21.26,91.0,89.8,92.3,better,false,motriskindex-families-2024-v5
ford-transit-connect,2018,67502,23.06,102.8,101.2,104.4,worse,false,motriskindex-families-2024-v5
ford-transit-connect,2019,45242,26.15,121.5,119.3,123.7,worse,false,motriskindex-families-2024-v5
ford-transit-connect,2020,22168,23.39,114.1,111.0,117.2,worse,false,motriskindex-families-2024-v5
ford-transit-courier,2014,6740,36.08,103.8,99.6,107.9,no different,false,motriskindex-families-2024-v5
ford-transit-courier,2015,21651,34.42,106.7,104.3,109.1,worse,false,motriskindex-families-2024-v5
ford-transit-courier,2016,17023,32.34,109.8,106.9,112.7,worse,false,motriskindex-families-2024-v5
ford-transit-courier,2017,21090,26.77,97.9,95.3,100.4,no different,false,motriskindex-families-2024-v5
ford-transit-courier,2018,17603,24.12,92.7,89.9,95.5,better,false,motriskindex-families-2024-v5
ford-transit-courier,2019,13936,22.86,94.2,90.9,97.4,better,false,motriskindex-families-2024-v5
ford-transit-courier,2020,6780,23.78,103.8,98.7,108.9,no different,false,motriskindex-families-2024-v5
ford-transit-custom,2015,412,26.7,117.8,95.8,139.8,no different,true,motriskindex-families-2024-v5
ford-transit-custom,2016,985,21.52,98.4,85.1,111.6,no different,true,motriskindex-families-2024-v5
ford-transit-custom,2017,836,21.65,101.5,86.7,116.3,no different,true,motriskindex-families-2024-v5
ford-transit-custom,2018,110533,20.35,96.7,95.5,98.0,better,false,motriskindex-families-2024-v5
ford-transit-custom,2019,125304,20.58,101.4,100.2,102.7,worse,false,motriskindex-families-2024-v5
ford-transit-custom,2020,64755,21.34,106.6,104.8,108.4,worse,false,motriskindex-families-2024-v5
great-wall-steed,2012,1427,44.08,97.7,90.1,105.3,no different,true,motriskindex-families-2024-v5
great-wall-steed,2013,2565,43.24,98.2,92.4,103.9,no different,true,motriskindex-families-2024-v5
great-wall-steed,2014,911,38.86,90.5,81.1,99.9,better,true,motriskindex-families-2024-v5
great-wall-steed,2015,1126,35.17,83.3,75.1,91.5,better,true,motriskindex-families-2024-v5
great-wall-steed,2016,502,37.85,90.0,77.2,102.8,no different,true,motriskindex-families-2024-v5
honda-accord,1998,922,46.75,95.7,86.7,104.8,no different,true,motriskindex-families-2024-v5
honda-accord,1999,3630,47.69,97.9,93.3,102.5,no different,true,motriskindex-families-2024-v5
honda-accord,2000,7291,47.51,98.9,95.6,102.2,no different,false,motriskindex-families-2024-v5
honda-accord,2001,6266,51.87,109.0,105.3,112.8,worse,false,motriskindex-families-2024-v5
honda-accord,2002,6925,50.76,108.6,105.0,112.2,worse,false,motriskindex-families-2024-v5
honda-accord,2003,15140,45.2,98.5,96.1,100.8,no different,false,motriskindex-families-2024-v5
honda-accord,2004,23987,44.54,99.3,97.4,101.2,no different,false,motriskindex-families-2024-v5
honda-accord,2005,27410,43.88,101.0,99.2,102.8,no different,false,motriskindex-families-2024-v5
honda-accord,2006,25713,42.76,102.5,100.5,104.4,worse,false,motriskindex-families-2024-v5
honda-accord,2007,26769,40.66,102.3,100.4,104.2,worse,false,motriskindex-families-2024-v5
honda-accord,2008,21488,36.13,96.6,94.5,98.8,better,false,motriskindex-families-2024-v5
honda-accord,2009,20916,31.58,90.7,88.5,92.9,better,false,motriskindex-families-2024-v5
honda-accord,2010,8398,28.64,89.3,85.7,92.8,better,false,motriskindex-families-2024-v5
honda-accord,2011,8088,26.47,90.2,86.4,94.0,better,false,motriskindex-families-2024-v5
honda-accord,2012,7515,26.25,99.0,94.6,103.4,no different,false,motriskindex-families-2024-v5
honda-accord,2013,3067,21.36,91.7,84.6,98.7,better,true,motriskindex-families-2024-v5
honda-accord,2014,2638,18.65,90.5,82.5,98.5,better,true,motriskindex-families-2024-v5
honda-accord,2015,835,14.01,73.6,60.2,86.9,better,true,motriskindex-families-2024-v5
honda-civic,1998,5278,45.91,96.5,92.6,100.3,no different,false,motriskindex-families-2024-v5
honda-civic,1999,10060,44.68,94.9,92.1,97.7,better,false,motriskindex-families-2024-v5
honda-civic,2000,14043,43.34,92.9,90.6,95.2,better,false,motriskindex-families-2024-v5
honda-civic,2001,41905,46.66,100.5,99.1,101.9,no different,false,motriskindex-families-2024-v5
honda-civic,2002,63884,46.47,100.8,99.7,101.9,no different,false,motriskindex-families-2024-v5
honda-civic,2003,72961,47.17,102.4,101.3,103.5,worse,false,motriskindex-families-2024-v5
honda-civic,2004,92440,45.15,98.8,97.8,99.7,better,false,motriskindex-families-2024-v5
honda-civic,2005,106219,43.73,96.7,95.8,97.5,better,false,motriskindex-families-2024-v5
honda-civic,2006,130154,45.05,101.0,100.2,101.8,worse,false,motriskindex-families-2024-v5
honda-civic,2007,180231,43.37,99.9,99.2,100.6,no different,false,motriskindex-families-2024-v5
honda-civic,2008,152868,42.27,101.5,100.7,102.3,worse,false,motriskindex-families-2024-v5
honda-civic,2009,128481,41.02,104.6,103.7,105.5,worse,false,motriskindex-families-2024-v5
honda-civic,2010,107282,39.86,110.2,109.2,111.3,worse,false,motriskindex-families-2024-v5
honda-civic,2011,69137,37.43,115.4,114.0,116.8,worse,false,motriskindex-families-2024-v5
honda-civic,2012,80389,23.84,84.5,83.3,85.7,better,false,motriskindex-families-2024-v5
honda-civic,2013,93105,21.43,88.7,87.5,89.9,better,false,motriskindex-families-2024-v5
honda-civic,2014,87231,18.72,90.9,89.5,92.3,better,false,motriskindex-families-2024-v5
honda-civic,2015,90833,15.5,88.8,87.3,90.2,better,false,motriskindex-families-2024-v5
honda-civic,2016,98291,13.99,96.0,94.4,97.6,better,false,motriskindex-families-2024-v5
honda-civic,2017,77177,12.6,96.9,95.0,98.8,better,false,motriskindex-families-2024-v5
honda-civic,2018,55101,12.5,102.1,99.7,104.5,no different,false,motriskindex-families-2024-v5
honda-civic,2019,38444,10.65,94.3,91.4,97.1,better,false,motriskindex-families-2024-v5
honda-civic,2020,6734,9.58,94.0,86.7,101.2,no different,false,motriskindex-families-2024-v5
honda-cr-v,1998,2518,47.9,93.2,88.0,98.5,better,true,motriskindex-families-2024-v5
honda-cr-v,1999,4457,50.86,99.4,95.3,103.5,no different,false,motriskindex-families-2024-v5
honda-cr-v,2000,7451,49.04,97.6,94.4,100.8,no different,false,motriskindex-families-2024-v5
honda-cr-v,2001,11871,47.92,97.3,94.8,99.8,better,false,motriskindex-families-2024-v5
honda-cr-v,2002,30464,48.8,101.2,99.6,102.8,no different,false,motriskindex-families-2024-v5
honda-cr-v,2003,42878,49.66,105.4,104.0,106.8,worse,false,motriskindex-families-2024-v5
honda-cr-v,2004,48477,48.5,106.8,105.4,108.1,worse,false,motriskindex-families-2024-v5
honda-cr-v,2005,68093,44.04,102.3,101.2,103.5,worse,false,motriskindex-families-2024-v5
honda-cr-v,2006,69839,42.54,105.4,104.2,106.6,worse,false,motriskindex-families-2024-v5
honda-cr-v,2007,99943,38.54,103.4,102.3,104.4,worse,false,motriskindex-families-2024-v5
honda-cr-v,2008,69975,32.43,96.3,95.1,97.6,better,false,motriskindex-families-2024-v5
honda-cr-v,2009,61028,28.16,94.0,92.6,95.4,better,false,motriskindex-families-2024-v5
honda-cr-v,2010,62774,24.61,93.6,92.1,95.0,better,false,motriskindex-families-2024-v5
honda-cr-v,2011,61240,23.05,100.4,98.7,102.0,no different,false,motriskindex-families-2024-v5
honda-cr-v,2012,76244,20.25,101.7,100.1,103.3,worse,false,motriskindex-families-2024-v5
honda-cr-v,2013,86544,16.23,94.2,92.6,95.7,better,false,motriskindex-families-2024-v5
honda-cr-v,2014,89744,15.08,99.7,98.1,101.4,no different,false,motriskindex-families-2024-v5
honda-cr-v,2015,87117,12.88,96.4,94.6,98.2,better,false,motriskindex-families-2024-v5
honda-cr-v,2016,86601,11.1,95.7,93.7,97.6,better,false,motriskindex-families-2024-v5
honda-cr-v,2017,63435,10.17,96.5,94.2,98.9,better,false,motriskindex-families-2024-v5
honda-cr-v,2018,38237,10.22,103.6,100.4,106.8,worse,false,motriskindex-families-2024-v5
honda-cr-v,2019,25293,7.13,78.2,74.6,81.8,better,false,motriskindex-families-2024-v5
honda-cr-v,2020,11186,7.08,84.7,78.8,90.6,better,false,motriskindex-families-2024-v5
honda-cr-z,2010,7887,22.43,99.5,94.8,104.1,no different,false,motriskindex-families-2024-v5
honda-cr-z,2011,8719,22.11,103.1,98.5,107.7,no different,false,motriskindex-families-2024-v5
honda-cr-z,2012,3771,19.33,95.2,88.3,102.1,no different,true,motriskindex-families-2024-v5
honda-cr-z,2013,1476,17.62,90.6,79.6,101.6,no different,true,motriskindex-families-2024-v5
honda-cr-z,2014,670,14.03,75.1,60.0,90.3,better,true,motriskindex-families-2024-v5
honda-fit,2010,419,20.05,117.5,92.4,142.7,no different,true,motriskindex-families-2024-v5
honda-fit,2011,1982,16.6,102.5,91.4,113.6,no different,true,motriskindex-families-2024-v5
honda-fit,2012,1826,13.75,106.0,92.9,119.1,no different,true,motriskindex-families-2024-v5
honda-fr-v,2004,824,47.82,101.4,91.4,111.4,no different,true,motriskindex-families-2024-v5
honda-fr-v,2005,5908,48.38,104.3,100.4,108.1,worse,false,motriskindex-families-2024-v5
honda-fr-v,2006,7582,47.9,107.4,103.9,110.9,worse,false,motriskindex-families-2024-v5
honda-fr-v,2007,7855,41.68,98.4,95.0,101.7,no different,false,motriskindex-families-2024-v5
honda-fr-v,2008,7571,41.57,102.2,98.6,105.7,no different,false,motriskindex-families-2024-v5
honda-fr-v,2009,5125,37.58,98.1,93.7,102.5,no different,false,motriskindex-families-2024-v5
honda-fr-v,2010,236,36.86,99.7,78.7,120.6,no different,true,motriskindex-families-2024-v5
honda-hr-v,1999,1507,46.52,101.7,94.2,109.3,no different,true,motriskindex-families-2024-v5
honda-hr-v,2000,3197,44.85,99.2,94.0,104.3,no different,true,motriskindex-families-2024-v5
honda-hr-v,2001,3974,44.87,100.0,95.3,104.6,no different,true,motriskindex-families-2024-v5
honda-hr-v,2002,4264,42.1,94.1,89.7,98.4,better,false,motriskindex-families-2024-v5
honda-hr-v,2003,2288,43.92,96.7,90.7,102.7,no different,true,motriskindex-families-2024-v5
honda-hr-v,2004,2143,43.44,96.0,89.8,102.1,no different,true,motriskindex-families-2024-v5
honda-hr-v,2005,1197,43.02,97.3,88.9,105.7,no different,true,motriskindex-families-2024-v5
honda-hr-v,2015,16607,12.69,103.8,99.4,108.2,no different,false,motriskindex-families-2024-v5
honda-hr-v,2016,41600,11.65,109.5,106.4,112.6,worse,false,motriskindex-families-2024-v5
honda-hr-v,2017,30719,9.97,103.7,100.0,107.4,no different,false,motriskindex-families-2024-v5
honda-hr-v,2018,24448,8.86,98.1,94.0,102.2,no different,false,motriskindex-families-2024-v5
honda-hr-v,2019,14759,6.53,79.3,74.3,84.3,better,false,motriskindex-families-2024-v5
honda-hr-v,2020,7483,6.66,87.8,80.1,95.5,better,false,motriskindex-families-2024-v5
honda-insight,2009,12795,29.7,101.2,98.0,104.4,no different,false,motriskindex-families-2024-v5
honda-insight,2010,18057,28.12,100.9,98.1,103.7,no different,false,motriskindex-families-2024-v5
honda-insight,2011,12180,26.11,100.2,96.8,103.7,no different,false,motriskindex-families-2024-v5
honda-insight,2012,9622,24.26,97.3,93.4,101.3,no different,false,motriskindex-families-2024-v5
honda-insight,2013,3313,21.55,94.3,87.4,101.2,no different,true,motriskindex-families-2024-v5
honda-insight,2014,1538,20.61,93.9,83.6,104.2,no different,true,motriskindex-families-2024-v5
honda-jazz,2002,26665,45.21,100.2,98.4,102.0,no different,false,motriskindex-families-2024-v5
honda-jazz,2003,51975,42.79,96.7,95.5,98.0,better,false,motriskindex-families-2024-v5
honda-jazz,2004,86570,42.47,99.0,98.0,100.1,no different,false,motriskindex-families-2024-v5
honda-jazz,2005,117267,42.47,103.1,102.2,104.0,worse,false,motriskindex-families-2024-v5
honda-jazz,2006,137322,40.28,103.2,102.4,104.1,worse,false,motriskindex-families-2024-v5
honda-jazz,2007,137127,39.42,108.7,107.7,109.6,worse,false,motriskindex-families-2024-v5
honda-jazz,2008,133947,37.22,112.4,111.4,113.4,worse,false,motriskindex-families-2024-v5
honda-jazz,2009,147944,27.55,93.2,92.3,94.1,better,false,motriskindex-families-2024-v5
honda-jazz,2010,133858,25.28,97.2,96.2,98.3,better,false,motriskindex-families-2024-v5
honda-jazz,2011,119100,20.5,90.9,89.7,92.0,better,false,motriskindex-families-2024-v5
honda-jazz,2012,120294,18.81,95.6,94.3,96.8,better,false,motriskindex-families-2024-v5
honda-jazz,2013,116086,16.53,97.8,96.4,99.1,better,false,motriskindex-families-2024-v5
honda-jazz,2014,117558,14.37,100.8,99.2,102.3,no different,false,motriskindex-families-2024-v5
honda-jazz,2015,106538,11.75,96.4,94.7,98.1,better,false,motriskindex-families-2024-v5
honda-jazz,2016,110952,9.45,92.5,90.7,94.3,better,false,motriskindex-families-2024-v5
honda-jazz,2017,94069,8.58,94.5,92.4,96.5,better,false,motriskindex-families-2024-v5
honda-jazz,2018,81221,8.19,98.3,95.9,100.6,no different,false,motriskindex-families-2024-v5
honda-jazz,2019,50508,7.09,95.0,91.9,98.1,better,false,motriskindex-families-2024-v5
honda-jazz,2020,9873,6.92,107.9,99.8,116.0,no different,false,motriskindex-families-2024-v5
honda-s2000,1999,588,24.49,111.0,92.8,129.1,no different,true,motriskindex-families-2024-v5
honda-s2000,2000,1515,27.79,126.9,114.7,139.0,worse,true,motriskindex-families-2024-v5
honda-s2000,2001,1373,26.07,121.5,108.9,134.1,worse,true,motriskindex-families-2024-v5
honda-s2000,2002,3991,23.45,110.4,103.3,117.4,worse,true,motriskindex-families-2024-v5
honda-s2000,2003,4072,22.54,105.2,98.4,112.0,no different,false,motriskindex-families-2024-v5
honda-s2000,2004,4295,20.35,96.1,89.7,102.5,no different,false,motriskindex-families-2024-v5
honda-s2000,2005,4398,20.42,97.8,91.4,104.2,no different,false,motriskindex-families-2024-v5
honda-s2000,2006,3376,18.1,89.6,82.5,96.7,better,true,motriskindex-families-2024-v5
honda-s2000,2007,2925,17.09,87.9,80.2,95.6,better,true,motriskindex-families-2024-v5
honda-s2000,2008,1413,15.64,82.7,71.8,93.6,better,true,motriskindex-families-2024-v5
honda-s2000,2009,1388,11.89,65.1,55.2,75.0,better,true,motriskindex-families-2024-v5
honda-stepwagon,2006,225,32.0,135.8,104.4,167.1,worse,true,motriskindex-families-2024-v5
honda-stepwagon,2008,316,23.42,105.1,81.2,129.1,no different,true,motriskindex-families-2024-v5
honda-stepwagon,2009,401,26.43,120.5,97.5,143.4,no different,true,motriskindex-families-2024-v5
honda-stepwagon,2010,905,22.54,103.2,89.1,117.4,no different,true,motriskindex-families-2024-v5
hyundai-accent,2001,960,51.04,92.9,84.6,101.1,no different,true,motriskindex-families-2024-v5
hyundai-accent,2002,2020,51.19,95.7,89.9,101.5,no different,true,motriskindex-families-2024-v5
hyundai-accent,2003,1432,52.09,100.6,93.4,107.8,no different,true,motriskindex-families-2024-v5
hyundai-accent,2004,1954,48.31,93.9,87.9,99.9,better,true,motriskindex-families-2024-v5
hyundai-accent,2005,2937,46.1,92.2,87.3,97.1,better,true,motriskindex-families-2024-v5
hyundai-accent,2006,1967,45.25,93.1,87.0,99.2,better,true,motriskindex-families-2024-v5
hyundai-accent,2007,1845,41.84,89.7,83.4,96.0,better,true,motriskindex-families-2024-v5
hyundai-accent,2008,693,39.83,88.0,77.6,98.3,better,true,motriskindex-families-2024-v5
hyundai-amica,2000,2807,54.19,103.8,98.6,109.0,no different,true,motriskindex-families-2024-v5
hyundai-amica,2001,3583,49.82,98.5,93.9,103.0,no different,true,motriskindex-families-2024-v5
hyundai-amica,2002,4279,46.72,96.5,92.2,100.7,no different,true,motriskindex-families-2024-v5
hyundai-amica,2006,14739,40.46,99.5,97.0,102.1,no different,false,motriskindex-families-2024-v5
hyundai-amica,2007,16330,38.15,97.4,95.0,99.8,better,false,motriskindex-families-2024-v5
hyundai-amica,2008,6778,38.99,100.5,96.6,104.3,no different,false,motriskindex-families-2024-v5
hyundai-coupe,2001,672,58.48,113.0,101.9,124.2,worse,true,motriskindex-families-2024-v5
hyundai-coupe,2002,1284,54.13,103.8,96.0,111.5,no different,true,motriskindex-families-2024-v5
hyundai-coupe,2003,2559,55.41,106.7,101.2,112.3,worse,true,motriskindex-families-2024-v5
hyundai-coupe,2004,4439,52.76,103.6,99.4,107.8,no different,false,motriskindex-families-2024-v5
hyundai-coupe,2005,7152,49.23,98.7,95.5,102.0,no different,false,motriskindex-families-2024-v5
hyundai-coupe,2006,9987,47.14,95.8,93.1,98.6,better,false,motriskindex-families-2024-v5
hyundai-coupe,2007,12270,48.14,99.5,97.0,102.1,no different,false,motriskindex-families-2024-v5
hyundai-coupe,2008,8082,46.11,97.6,94.4,100.7,no different,false,motriskindex-families-2024-v5
hyundai-coupe,2009,8062,45.39,97.6,94.5,100.8,no different,false,motriskindex-families-2024-v5
hyundai-getz,2002,1315,49.89,100.0,92.3,107.6,no different,true,motriskindex-families-2024-v5
hyundai-getz,2003,14770,51.68,105.1,102.8,107.5,worse,false,motriskindex-families-2024-v5
hyundai-getz,2004,27218,50.19,103.5,101.8,105.2,worse,false,motriskindex-families-2024-v5
hyundai-getz,2005,29436,49.19,103.5,101.8,105.2,worse,false,motriskindex-families-2024-v5
hyundai-getz,2006,31692,44.19,96.5,94.9,98.1,better,false,motriskindex-families-2024-v5
hyundai-getz,2007,34801,41.67,94.0,92.5,95.5,better,false,motriskindex-families-2024-v5
hyundai-getz,2008,30046,41.17,96.2,94.5,97.9,better,false,motriskindex-families-2024-v5
hyundai-getz,2009,2617,39.66,95.9,90.0,101.7,no different,true,motriskindex-families-2024-v5
hyundai-i10,2008,31664,41.48,109.4,107.5,111.2,worse,false,motriskindex-families-2024-v5
hyundai-i10,2009,123988,36.14,101.3,100.4,102.3,worse,false,motriskindex-families-2024-v5
hyundai-i10,2010,121450,32.44,96.9,96.0,97.9,better,false,motriskindex-families-2024-v5
hyundai-i10,2011,107988,30.88,98.5,97.4,99.5,better,false,motriskindex-families-2024-v5
hyundai-i10,2012,125270,31.9,109.5,108.4,110.6,worse,false,motriskindex-families-2024-v5
hyundai-i10,2013,126432,30.27,113.9,112.7,115.0,worse,false,motriskindex-families-2024-v5
hyundai-i10,2014,139981,23.91,101.1,100.0,102.2,no different,false,motriskindex-families-2024-v5
hyundai-i10,2015,134565,19.42,94.0,92.9,95.1,better,false,motriskindex-families-2024-v5
hyundai-i10,2016,133469,15.65,87.6,86.4,88.8,better,false,motriskindex-families-2024-v5
hyundai-i10,2017,124103,13.92,86.7,85.4,88.0,better,false,motriskindex-families-2024-v5
hyundai-i10,2018,85225,14.43,98.4,96.7,100.2,no different,false,motriskindex-families-2024-v5
hyundai-i10,2019,54865,14.82,113.5,111.1,116.0,worse,false,motriskindex-families-2024-v5
hyundai-i10,2020,12943,11.76,100.2,95.2,105.2,no different,false,motriskindex-families-2024-v5
hyundai-i20,2008,578,33.91,85.3,73.3,97.2,better,true,motriskindex-families-2024-v5
hyundai-i20,2009,63000,38.43,99.6,98.3,100.8,no different,false,motriskindex-families-2024-v5
hyundai-i20,2010,63579,35.98,98.7,97.4,100.0,no different,false,motriskindex-families-2024-v5
hyundai-i20,2011,61679,35.42,104.7,103.3,106.1,worse,false,motriskindex-families-2024-v5
hyundai-i20,2012,60416,35.44,115.0,113.4,116.5,worse,false,motriskindex-families-2024-v5
hyundai-i20,2013,77588,31.69,115.2,113.8,116.7,worse,false,motriskindex-families-2024-v5
hyundai-i20,2014,80102,24.31,102.1,100.7,103.6,worse,false,motriskindex-families-2024-v5
hyundai-i20,2015,77906,16.61,83.3,81.9,84.8,better,false,motriskindex-families-2024-v5
hyundai-i20,2016,83405,14.24,85.9,84.3,87.4,better,false,motriskindex-families-2024-v5
hyundai-i20,2017,61624,13.24,91.4,89.4,93.4,better,false,motriskindex-families-2024-v5
hyundai-i20,2018,35026,11.96,91.9,89.2,94.7,better,false,motriskindex-families-2024-v5
hyundai-i20,2019,22398,10.15,90.3,86.6,94.0,better,false,motriskindex-families-2024-v5
hyundai-i20,2020,8504,9.78,98.7,92.0,105.4,no different,false,motriskindex-families-2024-v5
hyundai-i30,2007,6447,46.3,99.1,95.6,102.7,no different,false,motriskindex-families-2024-v5
hyundai-i30,2008,18622,46.5,102.3,100.2,104.5,worse,false,motriskindex-families-2024-v5
hyundai-i30,2009,60243,42.99,97.5,96.3,98.7,better,false,motriskindex-families-2024-v5
hyundai-i30,2010,68362,44.01,103.8,102.6,104.9,worse,false,motriskindex-families-2024-v5
hyundai-i30,2011,58125,41.7,104.2,102.9,105.5,worse,false,motriskindex-families-2024-v5
hyundai-i30,2012,55352,38.82,105.0,103.6,106.4,worse,false,motriskindex-families-2024-v5
hyundai-i30,2013,65134,35.34,106.0,104.6,107.4,worse,false,motriskindex-families-2024-v5
hyundai-i30,2014,60205,29.77,100.8,99.3,102.3,no different,false,motriskindex-families-2024-v5
hyundai-i30,2015,83667,24.52,96.8,95.5,98.2,better,false,motriskindex-families-2024-v5
hyundai-i30,2016,58852,21.13,100.8,99.0,102.6,no different,false,motriskindex-families-2024-v5
hyundai-i30,2017,36528,14.89,81.8,79.6,83.9,better,false,motriskindex-families-2024-v5
hyundai-i30,2018,29873,13.68,82.7,80.2,85.3,better,false,motriskindex-families-2024-v5
hyundai-i30,2019,12537,12.11,82.1,78.0,86.2,better,false,motriskindex-families-2024-v5
hyundai-i30,2020,3118,13.12,101.4,91.6,111.3,no different,true,motriskindex-families-2024-v5
hyundai-i40,2011,3903,36.59,107.3,101.7,112.9,worse,true,motriskindex-families-2024-v5
hyundai-i40,2012,21682,34.65,109.2,106.7,111.7,worse,false,motriskindex-families-2024-v5
hyundai-i40,2013,18497,32.76,111.0,108.2,113.8,worse,false,motriskindex-families-2024-v5
hyundai-i40,2014,23236,28.02,103.9,101.4,106.5,worse,false,motriskindex-families-2024-v5
hyundai-i40,2015,22899,23.22,95.8,93.2,98.3,better,false,motriskindex-families-2024-v5
hyundai-i40,2016,22325,18.58,88.0,85.3,90.6,better,false,motriskindex-families-2024-v5
hyundai-i40,2017,14348,15.38,80.5,77.2,83.9,better,false,motriskindex-families-2024-v5
hyundai-i40,2018,4824,17.56,97.1,90.5,103.6,no different,false,motriskindex-families-2024-v5
hyundai-i40,2019,1449,16.01,96.3,83.9,108.6,no different,true,motriskindex-families-2024-v5
hyundai-i800,2008,635,48.5,108.0,95.9,120.0,no different,true,motriskindex-families-2024-v5
hyundai-i800,2009,996,47.09,104.8,95.3,114.3,no different,true,motriskindex-families-2024-v5
hyundai-i800,2010,3059,45.54,103.3,97.9,108.8,no different,true,motriskindex-families-2024-v5
hyundai-i800,2011,3501,42.16,97.0,92.1,102.0,no different,true,motriskindex-families-2024-v5
hyundai-i800,2012,6126,42.87,101.1,97.2,104.9,no different,false,motriskindex-families-2024-v5
hyundai-i800,2013,1264,34.26,84.0,76.1,91.9,better,true,motriskindex-families-2024-v5
hyundai-i800,2014,936,36.0,92.5,82.7,102.4,no different,true,motriskindex-families-2024-v5
hyundai-i800,2015,926,37.26,101.5,90.8,112.3,no different,true,motriskindex-families-2024-v5
hyundai-i800,2016,6264,37.61,107.9,103.6,112.3,worse,false,motriskindex-families-2024-v5
hyundai-i800,2017,7163,31.17,94.8,90.9,98.7,better,false,motriskindex-families-2024-v5
hyundai-i800,2018,4745,32.98,104.1,98.9,109.2,no different,false,motriskindex-families-2024-v5
hyundai-i800,2019,5439,30.45,99.7,94.9,104.5,no different,false,motriskindex-families-2024-v5
hyundai-ioniq,2016,2767,12.43,89.0,79.6,98.5,better,true,motriskindex-families-2024-v5
hyundai-ioniq,2017,29788,11.58,89.0,86.0,92.0,better,false,motriskindex-families-2024-v5
hyundai-ioniq,2018,35031,12.47,101.2,98.2,104.2,no different,false,motriskindex-families-2024-v5
hyundai-ioniq,2019,30064,12.83,109.4,105.9,112.8,worse,false,motriskindex-families-2024-v5
hyundai-ioniq,2020,15928,12.9,112.4,107.5,117.2,worse,false,motriskindex-families-2024-v5
hyundai-ix20,2010,1844,38.72,98.2,91.0,105.4,no different,true,motriskindex-families-2024-v5
hyundai-ix20,2011,22088,37.66,101.7,99.5,103.9,no different,false,motriskindex-families-2024-v5
hyundai-ix20,2012,21512,37.57,112.5,110.1,115.0,worse,false,motriskindex-families-2024-v5
hyundai-ix20,2013,20481,32.64,112.5,109.8,115.2,worse,false,motriskindex-families-2024-v5
hyundai-ix20,2014,20865,25.05,101.7,99.0,104.5,no different,false,motriskindex-families-2024-v5
hyundai-ix20,2015,19730,18.37,88.3,85.4,91.1,better,false,motriskindex-families-2024-v5
hyundai-ix20,2016,22165,15.6,92.6,89.6,95.7,better,false,motriskindex-families-2024-v5
hyundai-ix20,2017,20773,12.59,87.0,83.7,90.4,better,false,motriskindex-families-2024-v5
hyundai-ix20,2018,8763,10.33,79.5,74.4,84.7,better,false,motriskindex-families-2024-v5
hyundai-ix20,2019,4635,10.27,87.4,79.5,95.2,better,false,motriskindex-families-2024-v5
hyundai-ix20,2020,245,9.39,86.6,51.2,121.9,no different,true,motriskindex-families-2024-v5
hyundai-ix35,2010,18599,37.57,98.4,96.0,100.7,no different,false,motriskindex-families-2024-v5
hyundai-ix35,2011,32683,37.83,106.2,104.3,108.0,worse,false,motriskindex-families-2024-v5
hyundai-ix35,2012,51782,35.01,106.3,104.7,107.8,worse,false,motriskindex-families-2024-v5
hyundai-ix35,2013,64889,33.42,111.1,109.7,112.6,worse,false,motriskindex-families-2024-v5
hyundai-ix35,2014,81933,24.62,91.5,90.2,92.7,better,false,motriskindex-families-2024-v5
hyundai-ix35,2015,71460,21.87,91.4,90.0,92.8,better,false,motriskindex-families-2024-v5
hyundai-ix35,2016,1638,20.51,91.8,82.0,101.6,no different,true,motriskindex-families-2024-v5
hyundai-kona,2017,2082,9.37,79.6,68.4,90.7,better,true,motriskindex-families-2024-v5
hyundai-kona,2018,26867,11.15,95.4,91.9,98.8,better,false,motriskindex-families-2024-v5
hyundai-kona,2019,26828,11.15,98.3,94.7,101.8,no different,false,motriskindex-families-2024-v5
hyundai-kona,2020,23865,11.57,106.4,102.4,110.3,worse,false,motriskindex-families-2024-v5
hyundai-matrix,2002,812,55.67,109.6,99.5,119.7,no different,true,motriskindex-families-2024-v5
hyundai-matrix,2003,1959,50.74,102.2,95.8,108.6,no different,true,motriskindex-families-2024-v5
hyundai-matrix,2004,4151,48.9,99.7,95.4,104.1,no different,false,motriskindex-families-2024-v5
hyundai-matrix,2005,6793,47.86,98.7,95.3,102.1,no different,false,motriskindex-families-2024-v5
hyundai-matrix,2006,6778,46.77,97.4,94.0,100.8,no different,false,motriskindex-families-2024-v5
hyundai-matrix,2007,5715,47.72,100.4,96.6,104.1,no different,false,motriskindex-families-2024-v5
hyundai-matrix,2008,3735,44.31,95.7,91.1,100.3,no different,true,motriskindex-families-2024-v5
hyundai-matrix,2009,2210,40.27,91.0,85.0,97.0,better,true,motriskindex-families-2024-v5
hyundai-matrix,2010,942,37.15,86.3,77.3,95.4,better,true,motriskindex-families-2024-v5
hyundai-santa-fe,2001,423,44.68,88.6,76.0,101.3,no different,true,motriskindex-families-2024-v5
hyundai-santa-fe,2002,1792,47.27,94.9,88.5,101.3,no different,true,motriskindex-families-2024-v5
hyundai-santa-fe,2003,4130,47.6,96.3,92.1,100.6,no different,false,motriskindex-families-2024-v5
hyundai-santa-fe,2004,7039,48.84,99.9,96.5,103.2,no different,false,motriskindex-families-2024-v5
hyundai-santa-fe,2005,8307,47.91,98.7,95.6,101.8,no different,false,motriskindex-families-2024-v5
hyundai-santa-fe,2006,12603,49.22,102.0,99.4,104.5,no different,false,motriskindex-families-2024-v5
hyundai-santa-fe,2007,10718,47.02,98.9,96.2,101.6,no different,false,motriskindex-families-2024-v5
hyundai-santa-fe,2008,6560,46.2,99.1,95.5,102.6,no different,false,motriskindex-families-2024-v5
hyundai-santa-fe,2009,5168,44.81,99.0,94.9,103.0,no different,false,motriskindex-families-2024-v5
hyundai-santa-fe,2010,20884,45.06,103.7,101.6,105.8,worse,false,motriskindex-families-2024-v5
hyundai-santa-fe,2011,21615,44.76,110.1,107.9,112.3,worse,false,motriskindex-families-2024-v5
hyundai-santa-fe,2012,19421,42.28,114.9,112.4,117.4,worse,false,motriskindex-families-2024-v5
hyundai-santa-fe,2013,8464,33.57,104.3,100.5,108.1,worse,false,motriskindex-families-2024-v5
hyundai-santa-fe,2014,15241,25.58,92.4,89.5,95.3,better,false,motriskindex-families-2024-v5
hyundai-santa-fe,2015,18031,18.29,78.8,76.1,81.4,better,false,motriskindex-families-2024-v5
hyundai-santa-fe,2016,25937,16.46,85.3,82.7,87.8,better,false,motriskindex-families-2024-v5
hyundai-santa-fe,2017,14263,15.11,91.1,87.2,94.9,better,false,motriskindex-families-2024-v5
hyundai-santa-fe,2018,7887,14.73,99.0,93.3,104.7,no different,false,motriskindex-families-2024-v5
hyundai-santa-fe,2019,3503,13.65,98.2,89.4,107.0,no different,true,motriskindex-families-2024-v5
hyundai-santa-fe,2020,1082,12.94,99.3,82.9,115.8,no different,true,motriskindex-families-2024-v5
hyundai-terracan,2003,772,45.73,99.5,89.1,109.8,no different,true,motriskindex-families-2024-v5
hyundai-terracan,2004,2531,45.24,99.6,93.8,105.4,no different,true,motriskindex-families-2024-v5
hyundai-terracan,2005,3411,42.22,94.6,89.7,99.5,better,true,motriskindex-families-2024-v5
hyundai-terracan,2006,2517,45.37,101.3,95.4,107.1,no different,true,motriskindex-families-2024-v5
hyundai-terracan,2007,2054,42.26,95.4,89.1,101.8,no different,true,motriskindex-families-2024-v5
hyundai-tucson,2004,3028,49.5,101.1,96.0,106.2,no different,true,motriskindex-families-2024-v5
hyundai-tucson,2005,11491,48.15,100.1,97.4,102.7,no different,false,motriskindex-families-2024-v5
hyundai-tucson,2006,12826,47.98,101.7,99.2,104.3,no different,false,motriskindex-families-2024-v5
hyundai-tucson,2007,9434,45.15,98.2,95.3,101.2,no different,false,motriskindex-families-2024-v5
hyundai-tucson,2008,5064,41.35,94.1,90.1,98.1,better,false,motriskindex-families-2024-v5
hyundai-tucson,2009,4997,39.74,94.4,90.3,98.6,better,false,motriskindex-families-2024-v5
hyundai-tucson,2010,1874,38.37,101.2,93.8,108.6,no different,true,motriskindex-families-2024-v5
hyundai-tucson,2015,29583,19.91,108.9,106.1,111.7,worse,false,motriskindex-families-2024-v5
hyundai-tucson,2016,125885,16.59,101.9,100.5,103.3,worse,false,motriskindex-families-2024-v5
hyundai-tucson,2017,129424,14.49,96.2,94.8,97.6,better,false,motriskindex-families-2024-v5
hyundai-tucson,2018,101132,14.42,100.9,99.2,102.5,no different,false,motriskindex-families-2024-v5
hyundai-tucson,2019,81866,14.56,106.6,104.7,108.5,worse,false,motriskindex-families-2024-v5
hyundai-tucson,2020,26563,14.86,112.5,109.0,116.0,worse,false,motriskindex-families-2024-v5
hyundai-veloster,2012,9145,34.11,99.7,96.2,103.2,no different,false,motriskindex-families-2024-v5
hyundai-veloster,2013,5282,32.58,101.6,96.8,106.4,no different,false,motriskindex-families-2024-v5
hyundai-veloster,2014,736,29.35,96.3,83.5,109.2,no different,true,motriskindex-families-2024-v5
infiniti-q30,2016,10688,12.77,99.8,94.5,105.1,no different,false,motriskindex-families-2024-v5
infiniti-q30,2017,13584,11.63,103.7,98.6,108.8,no different,false,motriskindex-families-2024-v5
infiniti-q30,2018,1262,10.38,102.7,85.1,120.3,no different,true,motriskindex-families-2024-v5
infiniti-q30,2019,616,10.71,122.9,93.2,152.5,no different,true,motriskindex-families-2024-v5
infiniti-q50,2014,2579,23.26,106.5,97.9,115.0,no different,true,motriskindex-families-2024-v5
infiniti-q50,2015,4733,20.49,100.7,94.4,107.1,no different,false,motriskindex-families-2024-v5
infiniti-q50,2016,3960,19.04,103.8,96.4,111.2,no different,true,motriskindex-families-2024-v5
infiniti-q50,2017,2170,14.65,85.0,75.6,94.3,better,true,motriskindex-families-2024-v5
infiniti-q50,2018,1083,17.91,106.7,91.7,121.7,no different,true,motriskindex-families-2024-v5
isuzu-d-max,2012,8055,35.74,103.4,99.7,107.2,no different,false,motriskindex-families-2024-v5
isuzu-d-max,2013,17912,34.21,104.2,101.6,106.8,worse,false,motriskindex-families-2024-v5
isuzu-d-max,2014,25024,31.05,101.8,99.5,104.0,no different,false,motriskindex-families-2024-v5
isuzu-d-max,2015,28935,27.36,98.1,96.0,100.3,no different,false,motriskindex-families-2024-v5
isuzu-d-max,2016,26896,25.64,102.2,99.8,104.7,no different,false,motriskindex-families-2024-v5
isuzu-d-max,2017,23214,22.33,96.5,93.9,99.2,better,false,motriskindex-families-2024-v5
isuzu-d-max,2018,15703,21.78,100.2,96.9,103.6,no different,false,motriskindex-families-2024-v5
isuzu-d-max,2019,11442,20.54,103.3,99.2,107.5,no different,false,motriskindex-families-2024-v5
isuzu-d-max,2020,4982,19.63,106.9,100.2,113.6,worse,false,motriskindex-families-2024-v5
isuzu-rodeo,2003,451,47.67,105.5,91.4,119.6,no different,true,motriskindex-families-2024-v5
isuzu-rodeo,2004,3149,43.0,94.6,89.6,99.6,better,true,motriskindex-families-2024-v5
isuzu-rodeo,2005,4678,44.51,97.8,93.6,102.0,no different,false,motriskindex-families-2024-v5
isuzu-rodeo,2006,4895,45.11,98.2,94.1,102.3,no different,false,motriskindex-families-2024-v5
isuzu-rodeo,2007,4877,46.77,101.7,97.5,105.9,no different,false,motriskindex-families-2024-v5
isuzu-rodeo,2008,3931,47.42,104.2,99.5,108.9,no different,true,motriskindex-families-2024-v5
isuzu-rodeo,2009,3698,47.32,105.0,100.1,110.0,worse,true,motriskindex-families-2024-v5
isuzu-rodeo,2010,6347,43.25,98.3,94.6,101.9,no different,false,motriskindex-families-2024-v5
isuzu-rodeo,2011,4535,40.82,96.1,91.7,100.5,no different,false,motriskindex-families-2024-v5
isuzu-rodeo,2012,1169,41.75,101.3,92.3,110.3,no different,true,motriskindex-families-2024-v5
isuzu-tf,2009,292,43.49,98.9,81.7,116.1,no different,true,motriskindex-families-2024-v5
isuzu-tf,2010,2994,43.49,100.5,95.0,106.0,no different,true,motriskindex-families-2024-v5
isuzu-tf,2011,6097,41.69,99.6,95.8,103.5,no different,false,motriskindex-families-2024-v5
isuzu-tf,2012,2274,40.99,99.9,93.5,106.4,no different,true,motriskindex-families-2024-v5
isuzu-trooper,1998,938,41.9,94.7,85.3,104.0,no different,true,motriskindex-families-2024-v5
isuzu-trooper,1999,1492,44.03,100.7,93.0,108.5,no different,true,motriskindex-families-2024-v5
isuzu-trooper,2000,1544,43.13,99.3,91.8,106.8,no different,true,motriskindex-families-2024-v5
isuzu-trooper,2001,1804,40.58,94.5,87.7,101.4,no different,true,motriskindex-families-2024-v5
isuzu-trooper,2002,3232,42.42,99.1,93.9,104.4,no different,true,motriskindex-families-2024-v5
isuzu-trooper,2003,2425,41.53,94.6,88.7,100.4,no different,true,motriskindex-families-2024-v5
isuzu-trooper,2004,1633,38.09,89.1,82.1,96.1,better,true,motriskindex-families-2024-v5
isuzu-trooper,2005,849,40.4,94.0,84.1,104.0,no different,true,motriskindex-families-2024-v5
jaguar-e-pace,2017,827,12.82,106.0,85.8,126.2,no different,true,motriskindex-families-2024-v5
jaguar-e-pace,2018,41169,12.77,107.6,104.7,110.5,worse,false,motriskindex-families-2024-v5
jaguar-e-pace,2019,34203,11.47,101.8,98.6,105.0,no different,false,motriskindex-families-2024-v5
jaguar-e-pace,2020,12599,9.72,93.5,88.3,98.8,better,false,motriskindex-families-2024-v5
jaguar-f-pace,2016,45880,15.21,101.3,98.9,103.7,no different,false,motriskindex-families-2024-v5
jaguar-f-pace,2017,65217,14.7,103.2,101.1,105.2,worse,false,motriskindex-families-2024-v5
jaguar-f-pace,2018,42624,13.56,98.5,95.9,101.0,no different,false,motriskindex-families-2024-v5
jaguar-f-pace,2019,29812,13.86,104.5,101.3,107.7,worse,false,motriskindex-families-2024-v5
jaguar-f-pace,2020,13321,13.26,103.2,98.4,108.1,no different,false,motriskindex-families-2024-v5
jaguar-f-type,2013,6902,10.74,110.0,102.0,117.9,worse,false,motriskindex-families-2024-v5
jaguar-f-type,2014,12582,9.52,103.0,97.2,108.8,no different,false,motriskindex-families-2024-v5
jaguar-f-type,2015,11971,8.75,97.0,91.1,102.8,no different,false,motriskindex-families-2024-v5
jaguar-f-type,2016,12499,8.21,92.0,86.4,97.6,better,false,motriskindex-families-2024-v5
jaguar-f-type,2017,11141,8.34,96.1,89.9,102.3,no different,false,motriskindex-families-2024-v5
jaguar-f-type,2018,7379,9.19,106.9,98.8,114.9,no different,false,motriskindex-families-2024-v5
jaguar-f-type,2019,4955,8.98,106.1,96.3,116.0,no different,false,motriskindex-families-2024-v5
jaguar-f-type,2020,1881,9.62,116.7,99.7,133.7,no different,true,motriskindex-families-2024-v5
jaguar-i-pace,2018,3119,10.07,110.5,98.3,122.8,no different,true,motriskindex-families-2024-v5
jaguar-i-pace,2019,12145,8.99,109.1,102.7,115.6,worse,false,motriskindex-families-2024-v5
jaguar-i-pace,2020,15986,7.46,98.2,92.6,103.7,no different,false,motriskindex-families-2024-v5
jaguar-s-type,1999,1764,41.16,102.5,95.1,110.0,no different,true,motriskindex-families-2024-v5
jaguar-s-type,2000,3783,40.15,101.6,96.5,106.7,no different,true,motriskindex-families-2024-v5
jaguar-s-type,2001,4777,42.01,107.0,102.3,111.7,worse,false,motriskindex-families-2024-v5
jaguar-s-type,2002,7956,41.03,105.3,101.7,108.9,worse,false,motriskindex-families-2024-v5
jaguar-s-type,2003,9913,38.83,100.9,97.7,104.1,no different,false,motriskindex-families-2024-v5
jaguar-s-type,2004,12270,37.45,98.9,96.1,101.8,no different,false,motriskindex-families-2024-v5
jaguar-s-type,2005,11343,38.56,104.1,101.0,107.1,worse,false,motriskindex-families-2024-v5
jaguar-s-type,2006,11481,35.11,98.4,95.4,101.4,no different,false,motriskindex-families-2024-v5
jaguar-s-type,2007,12566,34.16,99.1,96.1,102.1,no different,false,motriskindex-families-2024-v5
jaguar-x-type,2001,4036,43.46,101.1,96.4,105.8,no different,false,motriskindex-families-2024-v5
jaguar-x-type,2002,11498,46.04,105.4,102.5,108.2,worse,false,motriskindex-families-2024-v5
jaguar-x-type,2003,16914,43.98,99.1,96.8,101.3,no different,false,motriskindex-families-2024-v5
jaguar-x-type,2004,22713,48.02,106.7,104.7,108.7,worse,false,motriskindex-families-2024-v5
jaguar-x-type,2005,23660,46.33,104.2,102.3,106.2,worse,false,motriskindex-families-2024-v5
jaguar-x-type,2006,26025,44.42,102.2,100.4,104.1,worse,false,motriskindex-families-2024-v5
jaguar-x-type,2007,25104,42.29,101.1,99.1,103.0,no different,false,motriskindex-families-2024-v5
jaguar-x-type,2008,28962,39.4,98.5,96.7,100.3,no different,false,motriskindex-families-2024-v5
jaguar-x-type,2009,23884,35.62,95.0,93.0,97.0,better,false,motriskindex-families-2024-v5
jaguar-x-type,2010,763,31.59,87.4,76.4,98.5,better,true,motriskindex-families-2024-v5
jaguar-xe,2015,52739,19.47,102.9,100.9,104.8,worse,false,motriskindex-families-2024-v5
jaguar-xe,2016,76189,18.6,104.2,102.5,105.9,worse,false,motriskindex-families-2024-v5
jaguar-xe,2017,56635,15.85,93.2,91.3,95.1,better,false,motriskindex-families-2024-v5
jaguar-xe,2018,23072,16.9,101.8,98.6,105.0,no different,false,motriskindex-families-2024-v5
jaguar-xe,2019,14040,17.03,105.5,101.3,109.8,worse,false,motriskindex-families-2024-v5
jaguar-xe,2020,3430,15.13,95.9,87.6,104.1,no different,true,motriskindex-families-2024-v5
jaguar-xf,2007,342,33.04,97.0,79.1,114.9,no different,true,motriskindex-families-2024-v5
jaguar-xf,2008,37575,34.49,105.5,103.7,107.3,worse,false,motriskindex-families-2024-v5
jaguar-xf,2009,47162,32.06,104.1,102.4,105.7,worse,false,motriskindex-families-2024-v5
jaguar-xf,2010,62115,29.28,101.7,100.2,103.2,worse,false,motriskindex-families-2024-v5
jaguar-xf,2011,53416,26.66,99.6,97.9,101.2,no different,false,motriskindex-families-2024-v5
jaguar-xf,2012,62344,24.22,98.1,96.5,99.6,better,false,motriskindex-families-2024-v5
jaguar-xf,2013,68946,22.37,99.2,97.7,100.8,no different,false,motriskindex-families-2024-v5
jaguar-xf,2014,75494,21.73,105.3,103.7,106.9,worse,false,motriskindex-families-2024-v5
jaguar-xf,2015,60606,20.96,110.5,108.5,112.4,worse,false,motriskindex-families-2024-v5
jaguar-xf,2016,53169,15.26,89.5,87.6,91.4,better,false,motriskindex-families-2024-v5
jaguar-xf,2017,37560,13.21,82.8,80.5,85.1,better,false,motriskindex-families-2024-v5
jaguar-xf,2018,23621,13.47,88.1,85.1,91.2,better,false,motriskindex-families-2024-v5
jaguar-xf,2019,10291,13.92,95.1,90.2,100.0,no different,false,motriskindex-families-2024-v5
jaguar-xf,2020,2720,14.23,101.8,91.6,111.9,no different,true,motriskindex-families-2024-v5
jaguar-xj,1998,3071,32.6,98.2,92.1,104.3,no different,true,motriskindex-families-2024-v5
jaguar-xj,1999,2518,34.39,105.5,98.5,112.6,no different,true,motriskindex-families-2024-v5
jaguar-xj,2000,3620,34.12,106.7,100.8,112.7,worse,true,motriskindex-families-2024-v5
jaguar-xj,2001,4819,31.0,98.4,93.4,103.4,no different,false,motriskindex-families-2024-v5
jaguar-xj,2002,4620,30.95,99.9,94.8,105.1,no different,false,motriskindex-families-2024-v5
jaguar-xj,2003,12987,29.75,97.1,94.0,100.1,no different,false,motriskindex-families-2024-v5
jaguar-xj,2004,11809,30.43,101.3,98.0,104.6,no different,false,motriskindex-families-2024-v5
jaguar-xj,2005,7855,28.71,98.4,94.3,102.5,no different,false,motriskindex-families-2024-v5
jaguar-xj,2006,9425,29.66,104.5,100.6,108.4,worse,false,motriskindex-families-2024-v5
jaguar-xj,2007,8735,28.08,102.8,98.7,106.8,no different,false,motriskindex-families-2024-v5
jaguar-xj,2008,6154,25.24,96.9,92.1,101.7,no different,false,motriskindex-families-2024-v5
jaguar-xj,2009,3627,24.57,100.9,94.3,107.5,no different,true,motriskindex-families-2024-v5
jaguar-xj,2010,8616,21.51,94.3,90.0,98.6,better,false,motriskindex-families-2024-v5
jaguar-xj,2011,9539,20.78,97.1,92.8,101.4,no different,false,motriskindex-families-2024-v5
jaguar-xj,2012,6401,19.15,97.3,91.8,102.7,no different,false,motriskindex-families-2024-v5
jaguar-xj,2013,7086,20.1,110.5,104.8,116.2,worse,false,motriskindex-families-2024-v5
jaguar-xj,2014,6475,18.25,109.4,103.1,115.6,worse,false,motriskindex-families-2024-v5
jaguar-xj,2015,5989,15.06,99.1,92.6,105.6,no different,false,motriskindex-families-2024-v5
jaguar-xj,2016,6879,12.71,95.0,88.7,101.3,no different,false,motriskindex-families-2024-v5
jaguar-xj,2017,4920,9.96,81.5,74.3,88.7,better,false,motriskindex-families-2024-v5
jaguar-xj,2018,3089,9.84,86.0,76.3,95.7,better,true,motriskindex-families-2024-v5
jaguar-xj,2019,1275,9.33,89.7,73.6,105.8,no different,true,motriskindex-families-2024-v5
jaguar-xj,2020,322,7.14,77.2,45.6,108.7,no different,true,motriskindex-families-2024-v5
jaguar-xk,1998,2992,30.08,100.7,94.1,107.3,no different,true,motriskindex-families-2024-v5
jaguar-xk,1999,3423,30.03,102.8,96.6,109.1,no different,true,motriskindex-families-2024-v5
jaguar-xk,2000,4806,29.65,104.5,99.1,110.0,no different,false,motriskindex-families-2024-v5
jaguar-xk,2001,7249,26.64,94.5,90.3,98.8,better,false,motriskindex-families-2024-v5
jaguar-xk,2002,7419,29.15,105.7,101.2,110.1,worse,false,motriskindex-families-2024-v5
jaguar-xk,2003,6661,27.44,101.5,96.9,106.2,no different,false,motriskindex-families-2024-v5
jaguar-xk,2004,6210,25.23,95.7,91.0,100.5,no different,false,motriskindex-families-2024-v5
jaguar-xk,2005,6388,23.64,92.3,87.6,97.0,better,false,motriskindex-families-2024-v5
jaguar-xk,2006,13808,25.11,100.9,97.6,104.3,no different,false,motriskindex-families-2024-v5
jaguar-xk,2007,14673,24.92,105.8,102.4,109.3,worse,false,motriskindex-families-2024-v5
jaguar-xk,2008,8934,23.83,107.5,103.0,112.1,worse,false,motriskindex-families-2024-v5
jaguar-xk,2009,7651,20.89,101.8,96.8,106.8,no different,false,motriskindex-families-2024-v5
jaguar-xk,2010,8859,18.92,99.7,94.9,104.5,no different,false,motriskindex-families-2024-v5
jaguar-xk,2011,7428,15.51,89.5,84.3,94.6,better,false,motriskindex-families-2024-v5
jaguar-xk,2012,5371,14.58,92.8,86.3,99.3,better,false,motriskindex-families-2024-v5
jaguar-xk,2013,5191,12.62,88.7,81.9,95.5,better,false,motriskindex-families-2024-v5
jaguar-xk,2014,6981,11.29,86.4,80.3,92.4,better,false,motriskindex-families-2024-v5
jaguar-xk,2015,647,12.67,102.6,80.4,124.8,no different,true,motriskindex-families-2024-v5
jeep-cherokee,1999,716,32.96,75.8,66.1,85.5,better,true,motriskindex-families-2024-v5
jeep-cherokee,2000,1050,37.33,85.7,77.2,94.2,better,true,motriskindex-families-2024-v5
jeep-cherokee,2001,1614,39.65,90.7,83.7,97.8,better,true,motriskindex-families-2024-v5
jeep-cherokee,2002,3728,41.42,93.7,89.0,98.3,better,true,motriskindex-families-2024-v5
jeep-cherokee,2003,5572,44.65,101.3,97.3,105.3,no different,false,motriskindex-families-2024-v5
jeep-cherokee,2004,5781,44.85,101.3,97.4,105.2,no different,false,motriskindex-families-2024-v5
jeep-cherokee,2005,5710,43.38,97.8,94.0,101.7,no different,false,motriskindex-families-2024-v5
jeep-cherokee,2006,5145,44.24,100.2,96.1,104.3,no different,false,motriskindex-families-2024-v5
jeep-cherokee,2007,4061,43.86,99.6,94.9,104.2,no different,false,motriskindex-families-2024-v5
jeep-cherokee,2008,506,42.49,99.1,85.8,112.3,no different,true,motriskindex-families-2024-v5
jeep-cherokee,2009,926,38.44,95.6,85.7,105.5,no different,true,motriskindex-families-2024-v5
jeep-cherokee,2010,758,38.79,105.1,93.1,117.1,no different,true,motriskindex-families-2024-v5
jeep-cherokee,2014,7303,25.06,104.5,99.7,109.3,no different,false,motriskindex-families-2024-v5
jeep-cherokee,2015,12495,22.27,101.6,97.8,105.4,no different,false,motriskindex-families-2024-v5
jeep-cherokee,2016,8852,18.65,96.2,91.5,100.8,no different,false,motriskindex-families-2024-v5
jeep-cherokee,2017,2840,17.68,97.2,88.7,105.7,no different,true,motriskindex-families-2024-v5
jeep-cherokee,2018,1284,16.04,92.6,79.9,105.2,no different,true,motriskindex-families-2024-v5
jeep-compass,2008,329,53.19,121.1,103.2,139.1,worse,true,motriskindex-families-2024-v5
jeep-compass,2009,231,54.11,128.6,106.0,151.1,worse,true,motriskindex-families-2024-v5
jeep-compass,2011,4394,43.51,111.6,106.6,116.6,worse,false,motriskindex-families-2024-v5
jeep-compass,2012,4821,35.64,98.4,93.8,103.1,no different,false,motriskindex-families-2024-v5
jeep-compass,2013,3346,31.35,94.3,88.6,100.0,no different,true,motriskindex-families-2024-v5
jeep-compass,2014,2571,27.93,93.0,86.2,99.9,better,true,motriskindex-families-2024-v5
jeep-compass,2018,9508,18.18,98.6,94.0,103.3,no different,false,motriskindex-families-2024-v5
jeep-compass,2019,9429,17.8,107.3,102.2,112.5,worse,false,motriskindex-families-2024-v5
jeep-compass,2020,3235,14.25,97.0,88.2,105.9,no different,true,motriskindex-families-2024-v5
jeep-g-cherokee,2006,2163,36.85,102.0,95.0,109.1,no different,true,motriskindex-families-2024-v5
jeep-g-cherokee,2007,3745,34.58,98.7,93.3,104.1,no different,true,motriskindex-families-2024-v5
jeep-g-cherokee,2008,1356,36.87,107.2,97.8,116.6,no different,true,motriskindex-families-2024-v5
jeep-g-cherokee,2009,1119,32.26,96.2,86.2,106.1,no different,true,motriskindex-families-2024-v5
jeep-g-cherokee,2010,820,35.73,109.7,97.2,122.3,no different,true,motriskindex-families-2024-v5
jeep-grand-cherokee,2001,1029,40.72,96.4,87.1,105.6,no different,true,motriskindex-families-2024-v5
jeep-grand-cherokee,2002,1687,42.92,103.2,95.7,110.7,no different,true,motriskindex-families-2024-v5
jeep-grand-cherokee,2003,1611,41.84,102.9,95.2,110.7,no different,true,motriskindex-families-2024-v5
jeep-grand-cherokee,2004,2665,44.43,111.3,104.9,117.6,worse,true,motriskindex-families-2024-v5
jeep-grand-cherokee,2005,4662,35.84,93.3,88.8,97.7,better,false,motriskindex-families-2024-v5
jeep-grand-cherokee,2006,5470,34.77,93.1,88.9,97.2,better,false,motriskindex-families-2024-v5
jeep-grand-cherokee,2007,1850,34.0,98.0,90.4,105.7,no different,true,motriskindex-families-2024-v5
jeep-grand-cherokee,2008,1528,35.27,109.2,99.9,118.4,no different,true,motriskindex-families-2024-v5
jeep-grand-cherokee,2009,426,33.1,112.8,94.2,131.4,no different,true,motriskindex-families-2024-v5
jeep-grand-cherokee,2011,1421,28.01,114.5,103.2,125.7,worse,true,motriskindex-families-2024-v5
jeep-grand-cherokee,2012,3432,23.34,106.2,98.9,113.6,no different,true,motriskindex-families-2024-v5
jeep-grand-cherokee,2013,6199,22.33,109.6,103.9,115.4,worse,false,motriskindex-families-2024-v5
jeep-grand-cherokee,2014,9087,19.27,102.1,97.4,106.9,no different,false,motriskindex-families-2024-v5
jeep-grand-cherokee,2015,8579,17.04,96.9,91.9,101.9,no different,false,motriskindex-families-2024-v5
jeep-grand-cherokee,2016,6270,15.95,98.5,92.4,104.6,no different,false,motriskindex-families-2024-v5
jeep-grand-cherokee,2017,4555,13.46,88.1,81.1,95.0,better,false,motriskindex-families-2024-v5
jeep-grand-cherokee,2018,1687,13.46,92.7,80.6,104.8,no different,true,motriskindex-families-2024-v5
jeep-grand-cherokee,2019,781,10.5,75.4,59.1,91.8,better,true,motriskindex-families-2024-v5
jeep-patriot,2007,1621,53.18,101.4,94.6,108.1,no different,true,motriskindex-families-2024-v5
jeep-patriot,2008,4655,51.97,99.2,95.2,103.1,no different,false,motriskindex-families-2024-v5
jeep-patriot,2009,2016,49.11,94.6,88.7,100.5,no different,true,motriskindex-families-2024-v5
jeep-patriot,2010,3035,51.47,99.2,94.3,104.1,no different,true,motriskindex-families-2024-v5
jeep-patriot,2011,1458,47.53,93.9,86.9,100.8,no different,true,motriskindex-families-2024-v5
jeep-renegade,2015,35584,24.65,109.5,107.2,111.8,worse,false,motriskindex-families-2024-v5
jeep-renegade,2016,63427,19.51,103.2,101.4,105.0,worse,false,motriskindex-families-2024-v5
jeep-renegade,2017,21291,14.5,87.7,84.6,90.8,better,false,motriskindex-families-2024-v5
jeep-renegade,2018,9304,14.03,92.6,87.6,97.6,better,false,motriskindex-families-2024-v5
jeep-renegade,2019,5623,10.56,78.6,72.3,85.0,better,false,motriskindex-families-2024-v5
jeep-renegade,2020,4017,10.28,85.4,77.1,93.6,better,false,motriskindex-families-2024-v5
jeep-wrangler,2011,228,26.75,89.3,66.9,111.7,no different,true,motriskindex-families-2024-v5
jeep-wrangler,2012,472,31.14,109.9,92.1,127.6,no different,true,motriskindex-families-2024-v5
jeep-wrangler,2013,965,28.7,106.8,94.2,119.4,no different,true,motriskindex-families-2024-v5
jeep-wrangler,2014,1799,26.29,108.8,99.0,118.6,no different,true,motriskindex-families-2024-v5
jeep-wrangler,2015,3252,23.68,107.9,100.3,115.5,worse,true,motriskindex-families-2024-v5
jeep-wrangler,2016,1789,22.08,115.8,104.4,127.2,worse,true,motriskindex-families-2024-v5
jeep-wrangler,2017,1454,20.77,126.7,112.4,140.9,worse,true,motriskindex-families-2024-v5
jeep-wrangler,2018,1580,15.13,104.7,91.4,118.0,no different,true,motriskindex-families-2024-v5
jeep-wrangler,2019,1924,9.77,83.0,71.1,94.9,better,true,motriskindex-families-2024-v5
jeep-wrangler,2020,1375,8.58,82.7,67.8,97.6,better,true,motriskindex-families-2024-v5
kia-carens,2003,620,63.23,107.9,97.2,118.5,no different,true,motriskindex-families-2024-v5
kia-carens,2004,1297,63.45,108.7,101.3,116.2,worse,true,motriskindex-families-2024-v5
kia-carens,2005,2094,63.71,112.1,106.1,118.1,worse,true,motriskindex-families-2024-v5
kia-carens,2006,3828,60.27,107.6,103.2,112.0,worse,true,motriskindex-families-2024-v5
kia-carens,2007,5719,54.62,100.2,96.6,103.7,no different,false,motriskindex-families-2024-v5
kia-carens,2008,10063,52.22,99.0,96.4,101.7,no different,false,motriskindex-families-2024-v5
kia-carens,2009,9597,48.52,97.7,94.9,100.5,no different,false,motriskindex-families-2024-v5
kia-carens,2010,2555,43.37,94.5,89.0,100.1,no different,true,motriskindex-families-2024-v5
kia-carens,2011,2584,45.82,109.0,102.7,115.2,worse,true,motriskindex-families-2024-v5
kia-carens,2012,719,45.9,122.3,109.1,135.4,worse,true,motriskindex-families-2024-v5
kia-carens,2013,8634,31.92,94.3,90.8,97.8,better,false,motriskindex-families-2024-v5
kia-carens,2014,13519,29.54,98.8,95.7,101.8,no different,false,motriskindex-families-2024-v5
kia-carens,2015,13117,26.16,97.8,94.5,101.1,no different,false,motriskindex-families-2024-v5
kia-carens,2016,10767,23.62,97.7,93.9,101.5,no different,false,motriskindex-families-2024-v5
kia-carens,2017,9733,22.38,100.0,95.8,104.2,no different,false,motriskindex-families-2024-v5
kia-carens,2018,6621,22.1,102.8,97.5,108.0,no different,false,motriskindex-families-2024-v5
kia-carens,2019,279,25.09,123.6,94.6,152.5,no different,true,motriskindex-families-2024-v5
kia-ceed,2007,21102,49.55,101.0,99.1,103.0,no different,false,motriskindex-families-2024-v5
kia-ceed,2008,37471,48.22,101.5,100.0,103.0,no different,false,motriskindex-families-2024-v5
kia-ceed,2009,52022,45.57,99.9,98.6,101.2,no different,false,motriskindex-families-2024-v5
kia-ceed,2010,56316,44.76,103.1,101.9,104.4,worse,false,motriskindex-families-2024-v5
kia-ceed,2011,48137,46.13,114.2,112.7,115.7,worse,false,motriskindex-families-2024-v5
kia-ceed,2012,73920,39.81,108.0,106.8,109.3,worse,false,motriskindex-families-2024-v5
kia-ceed,2013,68322,32.28,98.9,97.6,100.2,no different,false,motriskindex-families-2024-v5
kia-ceed,2014,68576,27.21,95.1,93.7,96.5,better,false,motriskindex-families-2024-v5
kia-ceed,2015,68547,22.26,90.3,88.9,91.8,better,false,motriskindex-families-2024-v5
kia-ceed,2016,59562,19.05,91.5,89.8,93.2,better,false,motriskindex-families-2024-v5
kia-ceed,2017,46404,16.48,89.9,87.8,91.9,better,false,motriskindex-families-2024-v5
kia-ceed,2018,38427,15.78,94.0,91.6,96.3,better,false,motriskindex-families-2024-v5
kia-ceed,2019,30357,15.82,102.0,99.1,104.8,no different,false,motriskindex-families-2024-v5
kia-ceed,2020,8729,15.18,106.6,100.8,112.3,worse,false,motriskindex-families-2024-v5
kia-niro,2016,7720,12.86,93.2,87.4,99.0,better,false,motriskindex-families-2024-v5
kia-niro,2017,23368,12.33,94.5,91.1,98.0,better,false,motriskindex-families-2024-v5
kia-niro,2018,29196,13.43,106.7,103.3,110.0,worse,false,motriskindex-families-2024-v5
kia-niro,2019,31242,12.81,108.2,104.9,111.6,worse,false,motriskindex-families-2024-v5
kia-niro,2020,39474,11.2,100.3,97.4,103.3,no different,false,motriskindex-families-2024-v5
kia-optima,2012,4496,35.28,113.7,108.1,119.2,worse,false,motriskindex-families-2024-v5
kia-optima,2013,2137,29.67,108.6,100.1,117.1,worse,true,motriskindex-families-2024-v5
kia-optima,2014,3774,25.91,108.3,101.5,115.1,worse,true,motriskindex-families-2024-v5
kia-optima,2015,3802,21.41,101.3,94.3,108.2,no different,true,motriskindex-families-2024-v5
kia-optima,2016,7728,15.36,84.5,79.7,89.3,better,false,motriskindex-families-2024-v5
kia-optima,2017,17735,15.88,96.4,92.8,99.9,better,false,motriskindex-families-2024-v5
kia-optima,2018,11007,16.07,102.4,97.6,107.2,no different,false,motriskindex-families-2024-v5
kia-optima,2019,5161,18.08,120.8,113.0,128.5,worse,false,motriskindex-families-2024-v5
kia-optima,2020,295,15.25,107.2,75.9,138.5,no different,true,motriskindex-families-2024-v5
kia-picanto,2004,18119,49.0,100.0,97.9,102.1,no different,false,motriskindex-families-2024-v5
kia-picanto,2005,33170,49.24,101.8,100.3,103.4,worse,false,motriskindex-families-2024-v5
kia-picanto,2006,36051,49.34,104.5,103.0,106.1,worse,false,motriskindex-families-2024-v5
kia-picanto,2007,22275,45.53,100.0,98.1,102.0,no different,false,motriskindex-families-2024-v5
kia-picanto,2008,22337,43.0,98.1,96.1,100.1,no different,false,motriskindex-families-2024-v5
kia-picanto,2009,83700,42.24,101.6,100.6,102.7,worse,false,motriskindex-families-2024-v5
kia-picanto,2010,83912,40.23,103.4,102.3,104.5,worse,false,motriskindex-families-2024-v5
kia-picanto,2011,66312,38.69,108.0,106.6,109.3,worse,false,motriskindex-families-2024-v5
kia-picanto,2012,81160,34.06,104.8,103.5,106.0,worse,false,motriskindex-families-2024-v5
kia-picanto,2013,77995,29.42,101.5,100.2,102.9,worse,false,motriskindex-families-2024-v5
kia-picanto,2014,87976,23.38,92.4,91.1,93.6,better,false,motriskindex-families-2024-v5
kia-picanto,2015,82261,19.7,91.0,89.6,92.4,better,false,motriskindex-families-2024-v5
kia-picanto,2016,75742,18.48,102.2,100.5,103.9,worse,false,motriskindex-families-2024-v5
kia-picanto,2017,69536,14.52,91.3,89.5,93.1,better,false,motriskindex-families-2024-v5
kia-picanto,2018,65536,12.82,89.1,87.2,91.0,better,false,motriskindex-families-2024-v5
kia-picanto,2019,52724,13.21,103.7,101.3,106.2,worse,false,motriskindex-families-2024-v5
kia-picanto,2020,17864,11.11,100.1,95.7,104.5,no different,false,motriskindex-families-2024-v5
kia-proceed,2008,398,47.99,97.3,83.5,111.1,no different,true,motriskindex-families-2024-v5
kia-proceed,2009,870,45.75,94.2,84.9,103.4,no different,true,motriskindex-families-2024-v5
kia-proceed,2010,1940,46.55,98.3,91.9,104.7,no different,true,motriskindex-families-2024-v5
kia-proceed,2011,1201,45.3,98.5,90.2,106.7,no different,true,motriskindex-families-2024-v5
kia-proceed,2012,406,46.31,101.8,87.3,116.4,no different,true,motriskindex-families-2024-v5
kia-proceed,2013,805,37.52,84.9,75.3,94.5,better,true,motriskindex-families-2024-v5
kia-proceed,2014,704,23.58,66.0,56.0,76.0,better,true,motriskindex-families-2024-v5
kia-proceed,2019,5979,16.79,105.7,99.2,112.3,no different,false,motriskindex-families-2024-v5
kia-proceed,2020,2032,15.94,104.4,93.0,115.8,no different,true,motriskindex-families-2024-v5
kia-rio,2002,880,47.95,92.8,83.9,101.6,no different,true,motriskindex-families-2024-v5
kia-rio,2003,2141,52.36,101.9,95.9,107.8,no different,true,motriskindex-families-2024-v5
kia-rio,2004,3833,51.16,101.2,96.7,105.7,no different,true,motriskindex-families-2024-v5
kia-rio,2005,6028,50.58,102.6,98.9,106.2,no different,false,motriskindex-families-2024-v5
kia-rio,2006,9424,49.68,102.9,99.9,105.8,no different,false,motriskindex-families-2024-v5
kia-rio,2007,10651,48.71,103.6,100.8,106.4,worse,false,motriskindex-families-2024-v5
kia-rio,2008,16544,47.45,104.7,102.4,107.0,worse,false,motriskindex-families-2024-v5
kia-rio,2009,34765,43.36,100.2,98.6,101.8,no different,false,motriskindex-families-2024-v5
kia-rio,2010,41708,41.37,102.0,100.5,103.5,worse,false,motriskindex-families-2024-v5
kia-rio,2011,44891,40.09,106.8,105.2,108.4,worse,false,motriskindex-families-2024-v5
kia-rio,2012,56743,36.15,105.9,104.4,107.3,worse,false,motriskindex-families-2024-v5
kia-rio,2013,61758,32.8,107.8,106.3,109.3,worse,false,motriskindex-families-2024-v5
kia-rio,2014,67438,27.11,101.3,99.8,102.7,no different,false,motriskindex-families-2024-v5
kia-rio,2015,68841,20.29,88.7,87.3,90.2,better,false,motriskindex-families-2024-v5
kia-rio,2016,53554,18.25,96.3,94.3,98.2,better,false,motriskindex-families-2024-v5
kia-rio,2017,42255,13.84,82.9,80.7,85.0,better,false,motriskindex-families-2024-v5
kia-rio,2018,23017,12.6,83.2,80.1,86.2,better,false,motriskindex-families-2024-v5
kia-rio,2019,14644,11.85,88.7,84.5,92.9,better,false,motriskindex-families-2024-v5
kia-rio,2020,6764,11.09,98.2,91.2,105.2,no different,false,motriskindex-families-2024-v5
kia-sedona,2002,308,59.74,109.6,93.8,125.5,no different,true,motriskindex-families-2024-v5
kia-sedona,2003,1341,55.56,102.2,94.9,109.6,no different,true,motriskindex-families-2024-v5
kia-sedona,2004,3644,56.92,105.7,101.1,110.2,worse,true,motriskindex-families-2024-v5
kia-sedona,2005,5353,54.06,103.3,99.6,107.1,no different,false,motriskindex-families-2024-v5
kia-sedona,2006,7263,51.91,102.0,98.7,105.2,no different,false,motriskindex-families-2024-v5
kia-sedona,2007,8916,48.45,98.8,95.8,101.7,no different,false,motriskindex-families-2024-v5
kia-sedona,2008,8685,46.95,99.8,96.7,102.9,no different,false,motriskindex-families-2024-v5
kia-sedona,2009,4085,43.16,96.8,92.3,101.3,no different,false,motriskindex-families-2024-v5
kia-sedona,2010,5661,37.2,90.0,86.1,93.8,better,false,motriskindex-families-2024-v5
kia-sedona,2011,4728,34.31,88.3,84.0,92.6,better,false,motriskindex-families-2024-v5
kia-sedona,2012,730,31.23,84.9,73.9,95.9,better,true,motriskindex-families-2024-v5
kia-sorento,2003,2839,53.75,104.1,98.8,109.3,no different,true,motriskindex-families-2024-v5
kia-sorento,2004,8965,52.98,103.7,100.8,106.7,worse,false,motriskindex-families-2024-v5
kia-sorento,2005,12987,49.77,99.5,97.1,101.9,no different,false,motriskindex-families-2024-v5
kia-sorento,2006,19521,48.95,100.3,98.3,102.4,no different,false,motriskindex-families-2024-v5
kia-sorento,2007,11951,45.75,97.0,94.5,99.6,better,false,motriskindex-families-2024-v5
kia-sorento,2008,8074,45.53,100.5,97.2,103.7,no different,false,motriskindex-families-2024-v5
kia-sorento,2009,9922,42.27,98.7,95.7,101.6,no different,false,motriskindex-families-2024-v5
kia-sorento,2010,12432,40.93,102.6,99.8,105.4,no different,false,motriskindex-families-2024-v5
kia-sorento,2011,10679,37.71,103.5,100.3,106.7,worse,false,motriskindex-families-2024-v5
kia-sorento,2012,12019,35.8,109.1,105.9,112.4,worse,false,motriskindex-families-2024-v5
kia-sorento,2013,13126,30.09,103.3,100.1,106.5,worse,false,motriskindex-families-2024-v5
kia-sorento,2014,17716,24.78,97.3,94.5,100.2,no different,false,motriskindex-families-2024-v5
kia-sorento,2015,24118,20.68,93.3,90.7,95.9,better,false,motriskindex-families-2024-v5
kia-sorento,2016,18965,19.44,101.2,97.9,104.4,no different,false,motriskindex-families-2024-v5
kia-sorento,2017,16400,16.53,95.3,91.7,98.8,better,false,motriskindex-families-2024-v5
kia-sorento,2018,11114,14.38,88.5,84.1,92.8,better,false,motriskindex-families-2024-v5
kia-sorento,2019,8407,15.06,99.5,94.0,105.0,no different,false,motriskindex-families-2024-v5
kia-sorento,2020,2364,13.87,97.7,87.1,108.3,no different,true,motriskindex-families-2024-v5
kia-soul,2009,14234,42.34,102.5,99.9,105.1,no different,false,motriskindex-families-2024-v5
kia-soul,2010,18623,39.75,103.1,100.7,105.4,worse,false,motriskindex-families-2024-v5
kia-soul,2011,21114,38.19,108.7,106.3,111.1,worse,false,motriskindex-families-2024-v5
kia-soul,2012,9940,34.23,109.5,105.9,113.2,worse,false,motriskindex-families-2024-v5
kia-soul,2013,7885,30.36,111.9,107.5,116.4,worse,false,motriskindex-families-2024-v5
kia-soul,2014,16016,20.52,88.4,85.4,91.5,better,false,motriskindex-families-2024-v5
kia-soul,2015,15700,16.94,86.3,83.0,89.5,better,false,motriskindex-families-2024-v5
kia-soul,2016,13054,14.38,88.3,84.3,92.3,better,false,motriskindex-families-2024-v5
kia-soul,2017,8891,13.18,91.7,86.4,96.9,better,false,motriskindex-families-2024-v5
kia-soul,2018,7917,12.74,95.1,89.2,101.0,no different,false,motriskindex-families-2024-v5
kia-soul,2019,1045,12.92,103.5,86.0,120.9,no different,true,motriskindex-families-2024-v5
kia-soul,2020,1754,9.81,86.7,73.7,99.6,better,true,motriskindex-families-2024-v5
kia-sportage,2003,436,44.95,86.5,74.4,98.6,better,true,motriskindex-families-2024-v5
kia-sportage,2005,13044,50.61,102.1,99.6,104.6,no different,false,motriskindex-families-2024-v5
kia-sportage,2006,12532,49.82,104.3,101.7,106.8,worse,false,motriskindex-families-2024-v5
kia-sportage,2007,13003,48.24,105.6,103.0,108.2,worse,false,motriskindex-families-2024-v5
kia-sportage,2008,12753,42.3,97.4,94.8,99.9,better,false,motriskindex-families-2024-v5
kia-sportage,2009,17914,42.0,103.5,101.1,105.8,worse,false,motriskindex-families-2024-v5
kia-sportage,2010,28265,37.47,99.8,97.9,101.7,no different,false,motriskindex-families-2024-v5
kia-sportage,2011,47775,33.7,98.8,97.3,100.3,no different,false,motriskindex-families-2024-v5
kia-sportage,2012,78302,33.39,109.0,107.6,110.3,worse,false,motriskindex-families-2024-v5
kia-sportage,2013,110040,29.83,109.6,108.4,110.8,worse,false,motriskindex-families-2024-v5
kia-sportage,2014,115983,22.87,95.5,94.3,96.6,better,false,motriskindex-families-2024-v5
kia-sportage,2015,126320,22.12,105.0,103.7,106.2,worse,false,motriskindex-families-2024-v5
kia-sportage,2016,223798,18.24,98.5,97.5,99.4,better,false,motriskindex-families-2024-v5
kia-sportage,2017,193085,15.66,92.9,91.8,93.9,better,false,motriskindex-families-2024-v5
kia-sportage,2018,136051,15.07,94.9,93.6,96.2,better,false,motriskindex-families-2024-v5
kia-sportage,2019,96645,15.33,102.8,101.1,104.4,worse,false,motriskindex-families-2024-v5
kia-sportage,2020,24184,15.68,111.6,108.1,115.2,worse,false,motriskindex-families-2024-v5
kia-stinger,2017,524,8.78,73.4,52.2,94.6,better,true,motriskindex-families-2024-v5
kia-stinger,2018,2667,11.92,101.2,90.1,112.3,no different,true,motriskindex-families-2024-v5
kia-stinger,2019,2875,11.69,104.6,93.5,115.8,no different,true,motriskindex-families-2024-v5
kia-stinger,2020,426,10.09,97.1,68.1,126.1,no different,true,motriskindex-families-2024-v5
kia-stonic,2017,3561,10.84,90.2,81.2,99.2,better,true,motriskindex-families-2024-v5
kia-stonic,2018,27536,11.41,102.5,98.9,106.1,no different,false,motriskindex-families-2024-v5
kia-stonic,2019,24606,10.37,102.3,98.3,106.3,no different,false,motriskindex-families-2024-v5
kia-stonic,2020,9179,9.45,107.7,100.5,114.9,worse,false,motriskindex-families-2024-v5
kia-venga,2010,19054,41.98,106.0,103.7,108.4,worse,false,motriskindex-families-2024-v5
kia-venga,2011,26745,39.94,110.5,108.4,112.6,worse,false,motriskindex-families-2024-v5
kia-venga,2012,30430,35.11,109.4,107.3,111.5,worse,false,motriskindex-families-2024-v5
kia-venga,2013,34285,29.21,105.2,103.1,107.2,worse,false,motriskindex-families-2024-v5
kia-venga,2014,32683,24.24,102.9,100.7,105.2,worse,false,motriskindex-families-2024-v5
kia-venga,2015,37510,17.82,88.6,86.5,90.8,better,false,motriskindex-families-2024-v5
kia-venga,2016,34415,14.76,88.4,86.0,90.8,better,false,motriskindex-families-2024-v5
kia-venga,2017,30996,13.05,89.0,86.2,91.7,better,false,motriskindex-families-2024-v5
kia-venga,2018,14806,11.35,83.5,79.5,87.5,better,false,motriskindex-families-2024-v5
kia-venga,2019,8075,11.43,89.6,83.8,95.3,better,false,motriskindex-families-2024-v5
kia-xceed,2019,2757,10.95,88.4,78.5,98.4,better,true,motriskindex-families-2024-v5
kia-xceed,2020,14323,12.97,104.4,99.6,109.1,no different,false,motriskindex-families-2024-v5
land-rover-defender,1998,7279,40.05,99.4,95.8,103.0,no different,false,motriskindex-families-2024-v5
land-rover-defender,1999,9575,40.34,101.9,98.6,105.1,no different,false,motriskindex-families-2024-v5
land-rover-defender,2000,12676,41.25,106.1,103.2,109.0,worse,false,motriskindex-families-2024-v5
land-rover-defender,2001,16495,40.28,104.9,102.4,107.4,worse,false,motriskindex-families-2024-v5
land-rover-defender,2002,23814,37.43,99.0,96.9,101.1,no different,false,motriskindex-families-2024-v5
land-rover-defender,2003,26548,38.05,101.7,99.7,103.7,no different,false,motriskindex-families-2024-v5
land-rover-defender,2004,25597,36.51,99.1,97.1,101.1,no different,false,motriskindex-families-2024-v5
land-rover-defender,2005,24914,35.7,98.5,96.5,100.6,no different,false,motriskindex-families-2024-v5
land-rover-defender,2006,22628,35.82,100.8,98.6,103.0,no different,false,motriskindex-families-2024-v5
land-rover-defender,2007,23970,34.13,98.5,96.3,100.6,no different,false,motriskindex-families-2024-v5
land-rover-defender,2008,22292,33.36,98.5,96.3,100.8,no different,false,motriskindex-families-2024-v5
land-rover-defender,2009,21117,33.6,102.9,100.5,105.3,worse,false,motriskindex-families-2024-v5
land-rover-defender,2010,24195,31.7,102.0,99.8,104.3,no different,false,motriskindex-families-2024-v5
land-rover-defender,2011,23871,30.65,104.2,101.8,106.6,worse,false,motriskindex-families-2024-v5
land-rover-defender,2012,23451,28.86,104.4,102.0,106.9,worse,false,motriskindex-families-2024-v5
land-rover-defender,2013,26255,26.5,102.2,99.8,104.6,no different,false,motriskindex-families-2024-v5
land-rover-defender,2014,35231,23.22,96.6,94.5,98.7,better,false,motriskindex-families-2024-v5
land-rover-defender,2015,40349,19.81,91.5,89.5,93.5,better,false,motriskindex-families-2024-v5
land-rover-defender,2016,11357,16.4,87.7,83.7,91.6,better,false,motriskindex-families-2024-v5
land-rover-defender,2020,8187,9.55,80.8,75.2,86.5,better,false,motriskindex-families-2024-v5
land-rover-discovery,1998,4874,40.05,99.6,95.2,104.0,no different,false,motriskindex-families-2024-v5
land-rover-discovery,1999,11368,40.56,101.9,99.0,104.9,no different,false,motriskindex-families-2024-v5
land-rover-discovery,2000,15815,40.78,103.3,100.8,105.8,worse,false,motriskindex-families-2024-v5
land-rover-discovery,2001,27054,41.24,105.0,103.1,107.0,worse,false,motriskindex-families-2024-v5
land-rover-discovery,2002,36080,39.36,101.2,99.5,102.8,no different,false,motriskindex-families-2024-v5
land-rover-discovery,2003,43071,37.98,97.8,96.3,99.3,better,false,motriskindex-families-2024-v5
land-rover-discovery,2004,47471,38.3,99.0,97.6,100.5,no different,false,motriskindex-families-2024-v5
land-rover-discovery,2005,56878,37.47,97.9,96.6,99.2,better,false,motriskindex-families-2024-v5
land-rover-discovery,2006,56460,39.24,104.6,103.2,106.0,worse,false,motriskindex-families-2024-v5
land-rover-discovery,2007,49143,37.42,103.5,102.0,105.0,worse,false,motriskindex-families-2024-v5
land-rover-discovery,2008,34834,35.98,104.1,102.3,105.9,worse,false,motriskindex-families-2024-v5
land-rover-discovery,2009,34384,33.06,101.1,99.2,103.0,no different,false,motriskindex-families-2024-v5
land-rover-discovery,2010,42023,28.97,95.4,93.7,97.1,better,false,motriskindex-families-2024-v5
land-rover-discovery,2011,38783,26.41,94.4,92.6,96.3,better,false,motriskindex-families-2024-v5
land-rover-discovery,2012,43083,25.31,99.1,97.3,101.0,no different,false,motriskindex-families-2024-v5
land-rover-discovery,2013,39919,24.07,104.0,101.9,106.1,worse,false,motriskindex-families-2024-v5
land-rover-discovery,2014,46349,20.66,98.6,96.6,100.6,no different,false,motriskindex-families-2024-v5
land-rover-discovery,2015,57592,18.24,96.6,94.8,98.5,better,false,motriskindex-families-2024-v5
land-rover-discovery,2016,60654,18.18,107.4,105.4,109.4,worse,false,motriskindex-families-2024-v5
land-rover-discovery,2017,53574,13.9,89.3,87.3,91.4,better,false,motriskindex-families-2024-v5
land-rover-discovery,2018,34389,13.43,91.3,88.6,93.9,better,false,motriskindex-families-2024-v5
land-rover-discovery,2019,23938,12.62,91.2,88.0,94.5,better,false,motriskindex-families-2024-v5
land-rover-discovery,2020,11299,12.82,98.6,93.5,103.7,no different,false,motriskindex-families-2024-v5
land-rover-discovery-sport,2014,434,17.51,95.0,73.7,116.4,no different,true,motriskindex-families-2024-v5
land-rover-discovery-sport,2015,92681,17.62,97.2,95.7,98.7,better,false,motriskindex-families-2024-v5
land-rover-discovery-sport,2016,135939,17.44,100.7,99.4,102.0,no different,false,motriskindex-families-2024-v5
land-rover-discovery-sport,2017,121427,16.39,98.5,97.1,99.8,better,false,motriskindex-families-2024-v5
land-rover-discovery-sport,2018,77177,17.17,105.1,103.3,106.9,worse,false,motriskindex-families-2024-v5
land-rover-discovery-sport,2019,51103,17.45,108.5,106.2,110.7,worse,false,motriskindex-families-2024-v5
land-rover-discovery-sport,2020,23012,16.77,106.0,102.6,109.3,worse,false,motriskindex-families-2024-v5
land-rover-freelander,1998,1461,49.01,99.1,91.8,106.3,no different,true,motriskindex-families-2024-v5
land-rover-freelander,1999,2568,48.56,98.4,92.9,103.8,no different,true,motriskindex-families-2024-v5
land-rover-freelander,2000,5100,47.9,97.1,93.2,100.9,no different,false,motriskindex-families-2024-v5
land-rover-freelander,2001,13696,48.29,98.0,95.6,100.4,no different,false,motriskindex-families-2024-v5
land-rover-freelander,2002,27529,48.09,99.4,97.7,101.1,no different,false,motriskindex-families-2024-v5
land-rover-freelander,2003,35977,48.5,102.3,100.8,103.8,worse,false,motriskindex-families-2024-v5
land-rover-freelander,2004,50783,48.29,105.0,103.7,106.3,worse,false,motriskindex-families-2024-v5
land-rover-freelander,2005,54623,48.28,109.4,108.1,110.7,worse,false,motriskindex-families-2024-v5
land-rover-freelander,2006,52598,46.49,111.9,110.5,113.3,worse,false,motriskindex-families-2024-v5
land-rover-freelander,2007,94667,36.87,95.4,94.4,96.4,better,false,motriskindex-families-2024-v5
land-rover-freelander,2008,70954,34.6,97.5,96.3,98.7,better,false,motriskindex-families-2024-v5
land-rover-freelander,2009,62401,29.8,92.6,91.3,93.9,better,false,motriskindex-families-2024-v5
land-rover-freelander,2010,86902,29.21,100.6,99.4,101.8,no different,false,motriskindex-families-2024-v5
land-rover-freelander,2011,74981,23.31,89.4,88.1,90.8,better,false,motriskindex-families-2024-v5
land-rover-freelander,2012,63465,22.79,96.4,94.8,98.0,better,false,motriskindex-families-2024-v5
land-rover-freelander,2013,80180,22.77,104.4,102.9,105.9,worse,false,motriskindex-families-2024-v5
land-rover-freelander,2014,70144,18.94,93.2,91.6,94.8,better,false,motriskindex-families-2024-v5
land-rover-freelander,2015,251,20.32,105.7,76.7,134.7,no different,true,motriskindex-families-2024-v5
land-rover-range-rover,1998,2585,35.09,102.3,95.7,109.0,no different,true,motriskindex-families-2024-v5
land-rover-range-rover,1999,3704,33.96,99.5,94.0,105.0,no different,true,motriskindex-families-2024-v5
land-rover-range-rover,2000,5968,32.88,97.2,92.9,101.5,no different,false,motriskindex-families-2024-v5
land-rover-range-rover,2001,8694,32.69,96.7,93.1,100.2,no different,false,motriskindex-families-2024-v5
land-rover-range-rover,2002,14098,34.02,101.0,98.1,103.8,no different,false,motriskindex-families-2024-v5
land-rover-range-rover,2003,22045,35.43,105.3,102.9,107.6,worse,false,motriskindex-families-2024-v5
land-rover-range-rover,2004,24585,33.71,101.6,99.4,103.8,no different,false,motriskindex-families-2024-v5
land-rover-range-rover,2005,21077,32.99,102.0,99.6,104.4,no different,false,motriskindex-families-2024-v5
land-rover-range-rover,2006,24211,31.72,100.9,98.6,103.1,no different,false,motriskindex-families-2024-v5
land-rover-range-rover,2007,27067,29.31,96.9,94.7,99.0,better,false,motriskindex-families-2024-v5
land-rover-range-rover,2008,18133,28.72,99.7,97.0,102.4,no different,false,motriskindex-families-2024-v5
land-rover-range-rover,2009,17420,27.32,101.1,98.2,104.0,no different,false,motriskindex-families-2024-v5
land-rover-range-rover,2010,21699,24.96,99.0,96.4,101.6,no different,false,motriskindex-families-2024-v5
land-rover-range-rover,2011,24376,26.3,111.2,108.5,113.9,worse,false,motriskindex-families-2024-v5
land-rover-range-rover,2012,28431,23.39,106.9,104.3,109.4,worse,false,motriskindex-families-2024-v5
land-rover-range-rover,2013,58092,19.72,98.3,96.5,100.1,no different,false,motriskindex-families-2024-v5
land-rover-range-rover,2014,37103,17.23,93.6,91.3,95.9,better,false,motriskindex-families-2024-v5
land-rover-range-rover,2015,39298,16.33,96.7,94.4,99.1,better,false,motriskindex-families-2024-v5
land-rover-range-rover,2016,34176,16.33,107.1,104.3,109.9,worse,false,motriskindex-families-2024-v5
land-rover-range-rover,2017,29457,13.47,95.9,92.9,98.9,better,false,motriskindex-families-2024-v5
land-rover-range-rover,2018,22854,11.75,88.8,85.5,92.2,better,false,motriskindex-families-2024-v5
land-rover-range-rover,2019,15495,10.66,86.2,82.0,90.4,better,false,motriskindex-families-2024-v5
land-rover-range-rover,2020,7390,10.68,92.3,85.8,98.7,better,false,motriskindex-families-2024-v5
land-rover-range-rover-evoque,2011,23683,22.57,100.4,97.7,103.1,no different,false,motriskindex-families-2024-v5
land-rover-range-rover-evoque,2012,81201,22.99,108.7,107.2,110.3,worse,false,motriskindex-families-2024-v5
land-rover-range-rover-evoque,2013,77252,21.24,109.0,107.3,110.6,worse,false,motriskindex-families-2024-v5
land-rover-range-rover-evoque,2014,98415,18.93,106.1,104.6,107.6,worse,false,motriskindex-families-2024-v5
land-rover-range-rover-evoque,2015,116232,16.81,103.7,102.3,105.2,worse,false,motriskindex-families-2024-v5
land-rover-range-rover-evoque,2016,152640,13.06,89.9,88.7,91.2,better,false,motriskindex-families-2024-v5
land-rover-range-rover-evoque,2017,121295,12.27,91.2,89.7,92.6,better,false,motriskindex-families-2024-v5
land-rover-range-rover-evoque,2018,67281,11.95,93.8,91.8,95.9,better,false,motriskindex-families-2024-v5
land-rover-range-rover-evoque,2019,54323,12.95,108.7,106.1,111.2,worse,false,motriskindex-families-2024-v5
land-rover-range-rover-evoque,2020,26289,12.16,110.3,106.4,114.1,worse,false,motriskindex-families-2024-v5
land-rover-range-rover-sport,2005,25178,32.98,100.8,98.6,102.9,no different,false,motriskindex-families-2024-v5
land-rover-range-rover-sport,2006,42174,34.39,106.4,104.6,108.1,worse,false,motriskindex-families-2024-v5
land-rover-range-rover-sport,2007,40310,32.91,105.5,103.7,107.3,worse,false,motriskindex-families-2024-v5
land-rover-range-rover-sport,2008,31112,32.51,109.4,107.3,111.5,worse,false,motriskindex-families-2024-v5
land-rover-range-rover-sport,2009,31111,28.71,102.9,100.8,105.0,worse,false,motriskindex-families-2024-v5
land-rover-range-rover-sport,2010,37799,24.35,93.9,92.0,95.8,better,false,motriskindex-families-2024-v5
land-rover-range-rover-sport,2011,35992,22.69,94.4,92.3,96.4,better,false,motriskindex-families-2024-v5
land-rover-range-rover-sport,2012,38778,20.72,94.2,92.1,96.3,better,false,motriskindex-families-2024-v5
land-rover-range-rover-sport,2013,40789,19.73,97.8,95.6,99.9,better,false,motriskindex-families-2024-v5
land-rover-range-rover-sport,2014,54441,19.05,102.8,100.8,104.7,worse,false,motriskindex-families-2024-v5
land-rover-range-rover-sport,2015,68367,17.69,103.8,102.0,105.7,worse,false,motriskindex-families-2024-v5
land-rover-range-rover-sport,2016,67980,15.97,103.1,101.2,105.1,worse,false,motriskindex-families-2024-v5
land-rover-range-rover-sport,2017,55376,14.0,97.5,95.4,99.7,better,false,motriskindex-families-2024-v5
land-rover-range-rover-sport,2018,45890,12.28,89.9,87.6,92.3,better,false,motriskindex-families-2024-v5
land-rover-range-rover-sport,2019,35404,11.73,91.2,88.4,94.0,better,false,motriskindex-families-2024-v5
land-rover-range-rover-sport,2020,14510,11.56,95.7,91.1,100.3,no different,false,motriskindex-families-2024-v5
land-rover-range-rover-velar,2017,19627,15.35,98.1,94.6,101.6,no different,false,motriskindex-families-2024-v5
land-rover-range-rover-velar,2018,44888,15.34,102.3,99.8,104.7,no different,false,motriskindex-families-2024-v5
land-rover-range-rover-velar,2019,28058,15.59,106.1,103.0,109.3,worse,false,motriskindex-families-2024-v5
land-rover-range-rover-velar,2020,10250,15.03,103.7,98.5,108.9,no different,false,motriskindex-families-2024-v5
ldv-maxus,2005,1408,52.2,108.1,100.3,115.9,worse,true,motriskindex-families-2024-v5
ldv-maxus,2006,3156,48.1,100.0,94.9,105.0,no different,true,motriskindex-families-2024-v5
ldv-maxus,2007,6726,47.28,99.2,95.8,102.7,no different,false,motriskindex-families-2024-v5
ldv-maxus,2008,3803,47.2,97.7,93.2,102.2,no different,true,motriskindex-families-2024-v5
ldv-maxus,2009,499,35.47,74.8,63.8,85.8,better,true,motriskindex-families-2024-v5
levc-tx,2018,8177,13.61,107.6,101.3,113.9,worse,false,motriskindex-families-2024-v5
levc-tx,2019,11494,14.72,111.9,106.6,117.2,worse,false,motriskindex-families-2024-v5
levc-tx,2020,3391,10.76,77.6,69.6,85.5,better,true,motriskindex-families-2024-v5
lexus-ct,2011,22789,20.84,105.5,102.5,108.5,worse,false,motriskindex-families-2024-v5
lexus-ct,2012,25535,19.35,106.7,103.7,109.6,worse,false,motriskindex-families-2024-v5
lexus-ct,2013,22304,20.11,119.8,116.3,123.4,worse,false,motriskindex-families-2024-v5
lexus-ct,2014,22927,13.34,87.1,84.0,90.2,better,false,motriskindex-families-2024-v5
lexus-ct,2015,21232,13.13,93.7,90.2,97.1,better,false,motriskindex-families-2024-v5
lexus-ct,2016,17873,11.36,93.1,89.1,97.2,better,false,motriskindex-families-2024-v5
lexus-ct,2017,15524,9.68,87.9,83.5,92.4,better,false,motriskindex-families-2024-v5
lexus-ct,2018,11044,9.63,93.0,87.5,98.6,better,false,motriskindex-families-2024-v5
lexus-ct,2019,5812,9.15,97.8,89.5,106.2,no different,false,motriskindex-families-2024-v5
lexus-ct,2020,2559,8.01,96.2,83.0,109.4,no different,true,motriskindex-families-2024-v5
lexus-es,2019,2860,7.03,106.1,91.5,120.8,no different,true,motriskindex-families-2024-v5
lexus-es,2020,2087,7.76,112.4,95.1,129.7,no different,true,motriskindex-families-2024-v5
lexus-gs,2001,741,33.47,106.3,93.1,119.6,no different,true,motriskindex-families-2024-v5
lexus-gs,2002,898,34.86,117.0,104.1,130.0,worse,true,motriskindex-families-2024-v5
lexus-gs,2003,1060,32.55,113.1,101.2,125.1,worse,true,motriskindex-families-2024-v5
lexus-gs,2004,615,31.38,112.3,96.5,128.2,no different,true,motriskindex-families-2024-v5
lexus-gs,2005,6196,28.52,103.5,98.7,108.3,no different,false,motriskindex-families-2024-v5
lexus-gs,2006,5644,27.92,103.5,98.4,108.6,no different,false,motriskindex-families-2024-v5
lexus-gs,2007,5224,25.36,97.6,92.3,102.9,no different,false,motriskindex-families-2024-v5
lexus-gs,2008,3512,23.55,97.5,90.8,104.1,no different,true,motriskindex-families-2024-v5
lexus-gs,2009,2152,21.51,100.5,91.4,109.7,no different,true,motriskindex-families-2024-v5
lexus-gs,2010,1128,20.39,105.7,92.0,119.4,no different,true,motriskindex-families-2024-v5
lexus-gs,2011,420,15.71,93.4,70.9,115.9,no different,true,motriskindex-families-2024-v5
lexus-gs,2012,3472,13.62,92.7,84.4,101.1,no different,true,motriskindex-families-2024-v5
lexus-gs,2013,3605,12.68,100.5,91.3,109.7,no different,true,motriskindex-families-2024-v5
lexus-gs,2014,3095,11.08,100.3,89.7,110.9,no different,true,motriskindex-families-2024-v5
lexus-gs,2015,2366,9.81,90.0,78.4,101.5,no different,true,motriskindex-families-2024-v5
lexus-gs,2016,3768,9.1,89.1,79.7,98.5,better,true,motriskindex-families-2024-v5
lexus-gs,2017,1987,8.51,87.8,74.6,101.1,no different,true,motriskindex-families-2024-v5
lexus-gs,2018,1059,8.5,92.3,73.3,111.4,no different,true,motriskindex-families-2024-v5
lexus-is,1999,1800,37.72,100.7,93.1,108.3,no different,true,motriskindex-families-2024-v5
lexus-is,2000,3615,41.08,111.2,105.6,116.9,worse,true,motriskindex-families-2024-v5
lexus-is,2001,6950,37.32,102.4,98.4,106.3,no different,false,motriskindex-families-2024-v5
lexus-is,2002,9860,36.7,103.3,100.0,106.7,no different,false,motriskindex-families-2024-v5
lexus-is,2003,11302,35.98,103.9,100.7,107.1,worse,false,motriskindex-families-2024-v5
lexus-is,2004,12066,35.45,106.2,103.0,109.4,worse,false,motriskindex-families-2024-v5
lexus-is,2005,11833,31.83,99.3,96.2,102.5,no different,false,motriskindex-families-2024-v5
lexus-is,2006,23659,29.95,98.8,96.5,101.1,no different,false,motriskindex-families-2024-v5
lexus-is,2007,28132,28.24,98.5,96.4,100.7,no different,false,motriskindex-families-2024-v5
lexus-is,2008,20660,26.66,99.8,97.1,102.4,no different,false,motriskindex-families-2024-v5
lexus-is,2009,16669,23.84,97.4,94.4,100.4,no different,false,motriskindex-families-2024-v5
lexus-is,2010,14447,21.81,98.1,94.6,101.5,no different,false,motriskindex-families-2024-v5
lexus-is,2011,9224,20.29,101.6,97.0,106.2,no different,false,motriskindex-families-2024-v5
lexus-is,2012,5394,16.72,93.9,87.7,100.0,no different,false,motriskindex-families-2024-v5
lexus-is,2013,10281,14.29,91.3,86.6,96.0,better,false,motriskindex-families-2024-v5
lexus-is,2014,19406,13.87,98.3,94.6,102.0,no different,false,motriskindex-families-2024-v5
lexus-is,2015,17439,12.43,96.1,92.0,100.1,no different,false,motriskindex-families-2024-v5
lexus-is,2016,12391,11.86,99.5,94.4,104.5,no different,false,motriskindex-families-2024-v5
lexus-is,2017,8277,10.38,91.8,85.6,97.9,better,false,motriskindex-families-2024-v5
lexus-is,2018,5903,9.4,85.8,78.7,93.0,better,false,motriskindex-families-2024-v5
lexus-is,2019,3635,10.98,103.6,93.4,113.8,no different,true,motriskindex-families-2024-v5
lexus-is,2020,1157,10.2,101.3,83.0,119.6,no different,true,motriskindex-families-2024-v5
lexus-ls,2003,464,24.57,111.7,91.2,132.2,no different,true,motriskindex-families-2024-v5
lexus-ls,2004,913,23.66,115.3,99.9,130.7,no different,true,motriskindex-families-2024-v5
lexus-ls,2005,1185,21.6,106.7,93.7,119.8,no different,true,motriskindex-families-2024-v5
lexus-ls,2006,968,20.87,103.9,89.5,118.2,no different,true,motriskindex-families-2024-v5
lexus-ls,2007,2636,20.03,99.8,91.2,108.3,no different,true,motriskindex-families-2024-v5
lexus-ls,2008,1406,16.57,85.7,74.7,96.7,better,true,motriskindex-families-2024-v5
lexus-ls,2009,665,17.89,93.7,76.9,110.5,no different,true,motriskindex-families-2024-v5
lexus-nx,2014,4902,11.02,97.1,88.9,105.3,no different,false,motriskindex-families-2024-v5
lexus-nx,2015,18668,10.47,101.2,96.7,105.6,no different,false,motriskindex-families-2024-v5
lexus-nx,2016,22409,9.16,101.1,96.8,105.5,no different,false,motriskindex-families-2024-v5
lexus-nx,2017,19815,8.08,96.9,92.1,101.6,no different,false,motriskindex-families-2024-v5
lexus-nx,2018,17996,7.85,103.0,97.6,108.4,no different,false,motriskindex-families-2024-v5
lexus-nx,2019,13722,7.1,104.5,98.0,111.1,no different,false,motriskindex-families-2024-v5
lexus-nx,2020,8328,6.66,111.1,101.8,120.3,worse,false,motriskindex-families-2024-v5
lexus-rc,2015,970,12.99,109.9,90.7,129.1,no different,true,motriskindex-families-2024-v5
lexus-rc,2016,3840,11.61,105.1,95.4,114.9,no different,true,motriskindex-families-2024-v5
lexus-rc,2017,2293,11.47,106.5,93.6,119.3,no different,true,motriskindex-families-2024-v5
lexus-rc,2018,1611,9.0,87.3,73.1,101.5,no different,true,motriskindex-families-2024-v5
lexus-rc,2019,1239,8.88,88.5,72.0,105.0,no different,true,motriskindex-families-2024-v5
lexus-rc,2020,515,9.51,97.3,70.0,124.5,no different,true,motriskindex-families-2024-v5
lexus-rx,2000,255,39.22,117.2,94.3,140.2,no different,true,motriskindex-families-2024-v5
lexus-rx,2001,1432,39.25,117.4,107.7,127.1,worse,true,motriskindex-families-2024-v5
lexus-rx,2002,2052,40.4,122.9,114.5,131.2,worse,true,motriskindex-families-2024-v5
lexus-rx,2003,5426,33.76,105.4,100.6,110.2,worse,false,motriskindex-families-2024-v5
lexus-rx,2004,11416,32.07,102.6,99.3,105.9,no different,false,motriskindex-families-2024-v5
lexus-rx,2005,15534,31.22,104.0,101.1,106.9,worse,false,motriskindex-families-2024-v5
lexus-rx,2006,16925,28.79,99.6,96.8,102.4,no different,false,motriskindex-families-2024-v5
lexus-rx,2007,19481,28.05,102.9,100.1,105.6,worse,false,motriskindex-families-2024-v5
lexus-rx,2008,15850,24.67,97.4,94.3,100.5,no different,false,motriskindex-families-2024-v5
lexus-rx,2009,14736,22.46,96.3,93.0,99.6,better,false,motriskindex-families-2024-v5
lexus-rx,2010,15288,21.9,102.9,99.4,106.4,no different,false,motriskindex-families-2024-v5
lexus-rx,2011,10834,20.78,109.4,104.9,113.9,worse,false,motriskindex-families-2024-v5
lexus-rx,2012,10486,16.09,97.1,92.5,101.7,no different,false,motriskindex-families-2024-v5
lexus-rx,2013,11049,12.74,89.8,85.1,94.5,better,false,motriskindex-families-2024-v5
lexus-rx,2014,9970,12.52,103.1,97.4,108.9,no different,false,motriskindex-families-2024-v5
lexus-rx,2015,7843,10.42,101.9,94.9,108.9,no different,false,motriskindex-families-2024-v5
lexus-rx,2016,14192,7.21,87.7,82.3,93.0,better,false,motriskindex-families-2024-v5
lexus-rx,2017,10637,6.17,86.1,79.5,92.6,better,false,motriskindex-families-2024-v5
lexus-rx,2018,7630,5.23,80.0,72.1,87.8,better,false,motriskindex-families-2024-v5
lexus-rx,2019,7021,5.64,95.5,86.1,104.9,no different,false,motriskindex-families-2024-v5
lexus-rx,2020,3539,4.46,84.7,71.5,97.9,better,true,motriskindex-families-2024-v5
lexus-ux,2019,10292,6.03,101.1,93.2,109.1,no different,false,motriskindex-families-2024-v5
lexus-ux,2020,7918,5.87,103.9,94.4,113.3,no different,false,motriskindex-families-2024-v5
london-taxis-int-tx4,2006,1300,40.85,97.3,89.0,105.6,no different,true,motriskindex-families-2024-v5
london-taxis-int-tx4,2007,10082,40.5,98.1,95.1,101.1,no different,false,motriskindex-families-2024-v5
london-taxis-int-tx4,2008,7092,41.06,99.9,96.2,103.5,no different,false,motriskindex-families-2024-v5
london-taxis-int-tx4,2009,8282,40.06,98.5,95.1,101.9,no different,false,motriskindex-families-2024-v5
london-taxis-int-tx4,2010,9839,40.11,99.9,96.8,103.0,no different,false,motriskindex-families-2024-v5
london-taxis-int-tx4,2011,10139,41.4,103.6,100.5,106.8,worse,false,motriskindex-families-2024-v5
london-taxis-int-tx4,2012,7530,39.02,99.7,96.1,103.3,no different,false,motriskindex-families-2024-v5
london-taxis-int-tx4,2013,7183,39.38,101.9,98.2,105.7,no different,false,motriskindex-families-2024-v5
london-taxis-int-tx4,2014,13139,40.23,106.1,103.2,108.9,worse,false,motriskindex-families-2024-v5
london-taxis-int-tx4,2015,12066,34.7,95.2,92.3,98.0,better,false,motriskindex-families-2024-v5
london-taxis-int-tx4,2016,9370,32.15,91.7,88.4,94.9,better,false,motriskindex-families-2024-v5
london-taxis-int-tx4,2017,5131,30.93,91.8,87.3,96.4,better,false,motriskindex-families-2024-v5
lotus-elise,1998,1204,22.09,104.0,91.5,116.5,no different,true,motriskindex-families-2024-v5
lotus-elise,1999,1974,22.24,111.5,101.0,121.9,worse,true,motriskindex-families-2024-v5
lotus-elise,2000,1947,17.1,91.8,81.9,101.6,no different,true,motriskindex-families-2024-v5
lotus-elise,2001,1081,17.48,96.0,82.3,109.7,no different,true,motriskindex-families-2024-v5
lotus-elise,2002,2102,16.32,86.0,76.9,95.1,better,true,motriskindex-families-2024-v5
lotus-elise,2003,1133,16.95,94.1,80.8,107.4,no different,true,motriskindex-families-2024-v5
lotus-elise,2004,728,16.21,91.5,75.0,108.0,no different,true,motriskindex-families-2024-v5
lotus-elise,2005,509,11.2,63.4,46.9,79.9,better,true,motriskindex-families-2024-v5
maserati-ghibli,2014,3954,18.03,103.3,95.7,110.9,no different,true,motriskindex-families-2024-v5
maserati-ghibli,2015,4738,17.26,100.6,93.7,107.5,no different,false,motriskindex-families-2024-v5
maserati-ghibli,2016,4906,16.88,101.1,94.2,107.9,no different,false,motriskindex-families-2024-v5
maserati-ghibli,2017,2629,15.06,92.9,83.7,102.0,no different,true,motriskindex-families-2024-v5
maserati-ghibli,2018,1329,15.35,94.7,81.7,107.7,no different,true,motriskindex-families-2024-v5
maserati-ghibli,2019,653,14.4,89.7,71.5,107.8,no different,true,motriskindex-families-2024-v5
maserati-levante,2016,466,15.67,114.3,88.1,140.6,no different,true,motriskindex-families-2024-v5
maserati-levante,2017,3532,13.53,102.0,92.8,111.1,no different,true,motriskindex-families-2024-v5
maserati-levante,2018,2343,12.89,100.3,89.0,111.7,no different,true,motriskindex-families-2024-v5
maserati-levante,2019,1412,13.17,107.1,91.7,122.5,no different,true,motriskindex-families-2024-v5
maserati-levante,2020,778,11.57,97.1,77.0,117.2,no different,true,motriskindex-families-2024-v5
mazda-2,2003,3617,41.8,94.7,90.0,99.5,better,true,motriskindex-families-2024-v5
mazda-2,2004,8814,42.93,96.6,93.6,99.7,better,false,motriskindex-families-2024-v5
mazda-2,2005,10194,42.52,96.0,93.1,98.8,better,false,motriskindex-families-2024-v5
mazda-2,2006,11287,40.57,92.3,89.6,95.0,better,false,motriskindex-families-2024-v5
mazda-2,2007,20552,40.21,93.0,91.0,95.1,better,false,motriskindex-families-2024-v5
mazda-2,2008,55739,44.89,106.3,105.0,107.6,worse,false,motriskindex-families-2024-v5
mazda-2,2009,81240,41.91,103.1,102.0,104.2,worse,false,motriskindex-families-2024-v5
mazda-2,2010,79098,39.84,104.5,103.3,105.6,worse,false,motriskindex-families-2024-v5
mazda-2,2011,65941,36.08,103.0,101.7,104.3,worse,false,motriskindex-families-2024-v5
mazda-2,2012,54479,31.7,100.9,99.4,102.4,no different,false,motriskindex-families-2024-v5
mazda-2,2013,52160,28.47,102.8,101.2,104.5,worse,false,motriskindex-families-2024-v5
mazda-2,2014,51132,22.95,96.0,94.3,97.8,better,false,motriskindex-families-2024-v5
mazda-2,2015,60156,20.25,100.6,98.8,102.4,no different,false,motriskindex-families-2024-v5
mazda-2,2016,61095,16.98,103.2,101.2,105.1,worse,false,motriskindex-families-2024-v5
mazda-2,2017,39956,11.95,82.9,80.5,85.2,better,false,motriskindex-families-2024-v5
mazda-2,2018,32651,10.59,80.8,78.1,83.5,better,false,motriskindex-families-2024-v5
mazda-2,2019,25533,9.01,77.3,74.1,80.4,better,false,motriskindex-families-2024-v5
mazda-2,2020,8297,8.61,84.7,78.5,91.0,better,false,motriskindex-families-2024-v5
mazda-3,2004,10607,52.58,103.6,100.9,106.3,worse,false,motriskindex-families-2024-v5
mazda-3,2005,29712,50.48,102.6,101.0,104.3,worse,false,motriskindex-families-2024-v5
mazda-3,2006,37116,48.38,101.5,100.0,103.0,no different,false,motriskindex-families-2024-v5
mazda-3,2007,43824,45.84,100.1,98.7,101.5,no different,false,motriskindex-families-2024-v5
mazda-3,2008,47081,46.37,106.3,104.9,107.8,worse,false,motriskindex-families-2024-v5
mazda-3,2009,52997,41.15,100.9,99.5,102.2,no different,false,motriskindex-families-2024-v5
mazda-3,2010,55053,36.85,98.4,97.1,99.8,better,false,motriskindex-families-2024-v5
mazda-3,2011,34764,34.6,101.6,99.7,103.4,no different,false,motriskindex-families-2024-v5
mazda-3,2012,31112,27.67,90.4,88.5,92.3,better,false,motriskindex-families-2024-v5
mazda-3,2013,31576,22.8,83.5,81.5,85.4,better,false,motriskindex-families-2024-v5
mazda-3,2014,51397,23.5,97.5,95.7,99.2,better,false,motriskindex-families-2024-v5
mazda-3,2015,71675,21.14,100.2,98.6,101.8,no different,false,motriskindex-families-2024-v5
mazda-3,2016,64354,20.33,112.6,110.7,114.5,worse,false,motriskindex-families-2024-v5
mazda-3,2017,42851,17.53,107.3,104.9,109.7,worse,false,motriskindex-families-2024-v5
mazda-3,2018,28383,13.32,88.0,85.2,90.8,better,false,motriskindex-families-2024-v5
mazda-3,2019,13296,9.65,71.0,67.1,74.9,better,false,motriskindex-families-2024-v5
mazda-3,2020,8600,10.29,87.3,81.6,93.1,better,false,motriskindex-families-2024-v5
mazda-323,1999,1072,49.81,95.2,87.2,103.3,no different,true,motriskindex-families-2024-v5
mazda-323,2000,1383,48.73,93.2,86.2,100.3,no different,true,motriskindex-families-2024-v5
mazda-323,2001,1545,49.51,96.1,89.3,102.9,no different,true,motriskindex-families-2024-v5
mazda-323,2002,2434,48.19,95.2,89.8,100.6,no different,true,motriskindex-families-2024-v5
mazda-323,2003,2994,50.33,96.8,91.9,101.7,no different,true,motriskindex-families-2024-v5
mazda-5,2005,2454,55.83,100.8,95.5,106.1,no different,true,motriskindex-families-2024-v5
mazda-5,2006,9362,54.73,100.8,98.1,103.6,no different,false,motriskindex-families-2024-v5
mazda-5,2007,17370,54.96,103.0,100.9,105.1,worse,false,motriskindex-families-2024-v5
mazda-5,2008,17941,52.16,100.6,98.6,102.7,no different,false,motriskindex-families-2024-v5
mazda-5,2009,10890,49.76,100.3,97.7,103.0,no different,false,motriskindex-families-2024-v5
mazda-5,2010,10193,47.85,101.4,98.6,104.3,no different,false,motriskindex-families-2024-v5
mazda-5,2011,5398,39.55,90.2,86.4,94.1,better,false,motriskindex-families-2024-v5
mazda-5,2012,5068,34.81,85.5,81.5,89.5,better,false,motriskindex-families-2024-v5
mazda-5,2013,4701,35.33,96.0,91.4,100.6,no different,false,motriskindex-families-2024-v5
mazda-5,2014,3613,30.58,93.5,88.0,99.0,better,true,motriskindex-families-2024-v5
mazda-5,2015,4261,27.32,93.9,88.5,99.3,better,false,motriskindex-families-2024-v5
mazda-6,2002,969,50.46,98.6,89.9,107.4,no different,true,motriskindex-families-2024-v5
mazda-6,2003,3083,52.51,103.1,98.1,108.2,no different,true,motriskindex-families-2024-v5
mazda-6,2004,5975,53.29,106.9,103.2,110.6,worse,false,motriskindex-families-2024-v5
mazda-6,2005,12306,51.94,107.0,104.3,109.6,worse,false,motriskindex-families-2024-v5
mazda-6,2006,17182,46.82,100.2,98.0,102.4,no different,false,motriskindex-families-2024-v5
mazda-6,2007,26601,46.13,102.4,100.5,104.2,worse,false,motriskindex-families-2024-v5
mazda-6,2008,33209,44.71,103.9,102.2,105.6,worse,false,motriskindex-families-2024-v5
mazda-6,2009,34372,38.14,94.6,93.0,96.2,better,false,motriskindex-families-2024-v5
mazda-6,2010,40357,36.66,98.4,96.8,100.0,no different,false,motriskindex-families-2024-v5
mazda-6,2011,29849,35.83,105.7,103.6,107.7,worse,false,motriskindex-families-2024-v5
mazda-6,2012,19855,31.92,104.7,102.1,107.3,worse,false,motriskindex-families-2024-v5
mazda-6,2013,27923,24.23,90.3,88.1,92.4,better,false,motriskindex-families-2024-v5
mazda-6,2014,40446,22.36,95.2,93.2,97.1,better,false,motriskindex-families-2024-v5
mazda-6,2015,42116,19.98,99.4,97.3,101.6,no different,false,motriskindex-families-2024-v5
mazda-6,2016,42697,17.27,102.6,100.3,105.0,worse,false,motriskindex-families-2024-v5
mazda-6,2017,24851,14.51,97.2,94.0,100.4,no different,false,motriskindex-families-2024-v5
mazda-6,2018,13152,12.75,92.9,88.5,97.4,better,false,motriskindex-families-2024-v5
mazda-6,2019,13531,10.43,85.2,80.8,89.6,better,false,motriskindex-families-2024-v5
mazda-6,2020,2105,8.93,85.0,72.9,97.2,better,true,motriskindex-families-2024-v5
mazda-b,2002,739,46.55,102.9,92.0,113.8,no different,true,motriskindex-families-2024-v5
mazda-b,2003,986,46.55,103.5,94.0,113.0,no different,true,motriskindex-families-2024-v5
mazda-b,2004,917,45.91,103.0,93.2,112.9,no different,true,motriskindex-families-2024-v5
mazda-b,2005,1970,43.86,100.0,93.3,106.7,no different,true,motriskindex-families-2024-v5
mazda-b,2006,648,40.12,92.6,81.3,103.8,no different,true,motriskindex-families-2024-v5
mazda-bongo,1998,1666,50.96,98.3,91.7,104.9,no different,true,motriskindex-families-2024-v5
mazda-bongo,1999,2621,44.52,92.6,87.3,98.0,better,true,motriskindex-families-2024-v5
mazda-bongo,2000,2430,41.32,89.5,84.0,95.0,better,true,motriskindex-families-2024-v5
mazda-bongo,2001,2813,39.14,85.6,80.5,90.7,better,true,motriskindex-families-2024-v5
mazda-bongo,2002,3104,34.5,75.3,70.8,79.9,better,true,motriskindex-families-2024-v5
mazda-bongo,2003,2307,37.41,82.8,77.2,88.3,better,true,motriskindex-families-2024-v5
mazda-bongo,2004,3216,41.14,92.4,87.4,97.4,better,true,motriskindex-families-2024-v5
mazda-bongo,2005,4034,44.22,98.7,94.1,103.3,no different,true,motriskindex-families-2024-v5
mazda-bongo,2006,3521,49.16,107.5,102.4,112.5,worse,true,motriskindex-families-2024-v5
mazda-bongo,2007,3411,51.36,109.1,104.0,114.2,worse,true,motriskindex-families-2024-v5
mazda-bongo,2008,2741,50.16,102.3,96.9,107.8,no different,true,motriskindex-families-2024-v5
mazda-bongo,2009,1942,50.36,101.7,95.3,108.1,no different,true,motriskindex-families-2024-v5
mazda-bongo,2010,2211,52.42,104.5,98.5,110.5,no different,true,motriskindex-families-2024-v5
mazda-bongo,2011,1837,50.41,102.4,95.8,109.0,no different,true,motriskindex-families-2024-v5
mazda-bongo,2012,1555,48.3,101.3,94.1,108.6,no different,true,motriskindex-families-2024-v5
mazda-bongo,2013,1680,45.42,98.4,91.4,105.4,no different,true,motriskindex-families-2024-v5
mazda-bongo,2014,2068,45.79,103.9,97.3,110.6,no different,true,motriskindex-families-2024-v5
mazda-bongo,2015,1960,41.48,99.9,93.1,106.8,no different,true,motriskindex-families-2024-v5
mazda-bongo,2016,1812,40.62,102.1,94.7,109.4,no different,true,motriskindex-families-2024-v5
mazda-bongo,2017,831,39.95,104.1,92.9,115.2,no different,true,motriskindex-families-2024-v5
mazda-bongo,2018,371,35.58,95.7,79.4,112.1,no different,true,motriskindex-families-2024-v5
mazda-cx-3,2015,14269,16.37,106.5,102.2,110.8,worse,false,motriskindex-families-2024-v5
mazda-cx-3,2016,29618,14.58,113.0,109.7,116.4,worse,false,motriskindex-families-2024-v5
mazda-cx-3,2017,25347,10.46,92.1,88.6,95.6,better,false,motriskindex-families-2024-v5
mazda-cx-3,2018,22725,9.61,93.5,89.6,97.4,better,false,motriskindex-families-2024-v5
mazda-cx-3,2019,22988,9.17,100.1,95.8,104.3,no different,false,motriskindex-families-2024-v5
mazda-cx-30,2019,433,6.47,81.9,51.6,112.3,no different,true,motriskindex-families-2024-v5
mazda-cx-30,2020,12487,7.66,97.7,91.5,103.9,no different,false,motriskindex-families-2024-v5
mazda-cx-5,2012,9254,25.91,99.0,95.0,103.0,no different,false,motriskindex-families-2024-v5
mazda-cx-5,2013,32808,24.94,106.8,104.5,109.1,worse,false,motriskindex-families-2024-v5
mazda-cx-5,2014,42382,20.13,99.0,96.9,101.1,no different,false,motriskindex-families-2024-v5
mazda-cx-5,2015,43323,18.54,105.0,102.7,107.3,worse,false,motriskindex-families-2024-v5
mazda-cx-5,2016,42958,15.87,104.3,101.9,106.8,worse,false,motriskindex-families-2024-v5
mazda-cx-5,2017,37661,12.95,94.7,92.0,97.3,better,false,motriskindex-families-2024-v5
mazda-cx-5,2018,40455,12.51,97.3,94.7,100.0,no different,false,motriskindex-families-2024-v5
mazda-cx-5,2019,30764,11.73,98.6,95.4,101.9,no different,false,motriskindex-families-2024-v5
mazda-cx-5,2020,11483,10.8,99.5,94.0,105.1,no different,false,motriskindex-families-2024-v5
mazda-cx-7,2007,486,46.5,108.5,94.4,122.7,no different,true,motriskindex-families-2024-v5
mazda-cx-7,2008,1064,44.92,107.6,97.9,117.2,no different,true,motriskindex-families-2024-v5
mazda-cx-7,2009,1321,43.83,107.5,98.8,116.3,no different,true,motriskindex-families-2024-v5
mazda-cx-7,2010,3091,40.12,100.4,94.8,106.0,no different,true,motriskindex-families-2024-v5
mazda-cx-7,2011,2883,35.8,95.5,89.7,101.3,no different,true,motriskindex-families-2024-v5
mazda-cx-7,2012,804,33.58,92.5,81.5,103.6,no different,true,motriskindex-families-2024-v5
mazda-mx-5,1998,3549,35.42,94.6,89.3,99.8,better,true,motriskindex-families-2024-v5
mazda-mx-5,1999,7358,37.43,101.2,97.4,105.0,no different,false,motriskindex-families-2024-v5
mazda-mx-5,2000,10673,39.23,107.2,103.9,110.4,worse,false,motriskindex-families-2024-v5
mazda-mx-5,2001,10613,36.23,98.0,94.9,101.1,no different,false,motriskindex-families-2024-v5
mazda-mx-5,2002,21480,36.88,100.1,97.9,102.3,no different,false,motriskindex-families-2024-v5
mazda-mx-5,2003,27060,39.01,106.9,104.9,109.0,worse,false,motriskindex-families-2024-v5
mazda-mx-5,2004,20585,38.42,107.4,105.1,109.8,worse,false,motriskindex-families-2024-v5
mazda-mx-5,2005,19536,36.58,105.7,103.3,108.2,worse,false,motriskindex-families-2024-v5
mazda-mx-5,2006,33940,34.04,102.8,101.0,104.7,worse,false,motriskindex-families-2024-v5
mazda-mx-5,2007,39398,29.65,95.9,94.2,97.7,better,false,motriskindex-families-2024-v5
mazda-mx-5,2008,27306,28.84,99.9,97.7,102.1,no different,false,motriskindex-families-2024-v5
mazda-mx-5,2009,21221,25.93,98.0,95.4,100.6,no different,false,motriskindex-families-2024-v5
mazda-mx-5,2010,23531,23.83,99.1,96.5,101.7,no different,false,motriskindex-families-2024-v5
mazda-mx-5,2011,17036,22.26,103.0,99.7,106.3,no different,false,motriskindex-families-2024-v5
mazda-mx-5,2012,15506,18.72,97.4,93.9,101.0,no different,false,motriskindex-families-2024-v5
mazda-mx-5,2013,15496,17.08,102.8,98.9,106.7,no different,false,motriskindex-families-2024-v5
mazda-mx-5,2014,16133,14.3,103.1,98.9,107.3,no different,false,motriskindex-families-2024-v5
mazda-mx-5,2015,17761,11.62,99.7,95.4,104.0,no different,false,motriskindex-families-2024-v5
mazda-mx-5,2016,24625,9.91,100.6,96.6,104.6,no different,false,motriskindex-families-2024-v5
mazda-mx-5,2017,23909,7.97,91.2,87.1,95.3,better,false,motriskindex-families-2024-v5
mazda-mx-5,2018,17141,8.3,102.5,97.2,107.8,no different,false,motriskindex-families-2024-v5
mazda-mx-5,2019,12210,7.12,96.7,90.3,103.2,no different,false,motriskindex-families-2024-v5
mazda-mx-5,2020,2160,5.51,83.2,68.2,98.1,better,true,motriskindex-families-2024-v5
mazda-rx-8,2003,580,35.34,104.5,90.2,118.8,no different,true,motriskindex-families-2024-v5
mazda-rx-8,2004,3439,35.71,104.8,99.0,110.7,no different,true,motriskindex-families-2024-v5
mazda-rx-8,2005,2732,36.49,106.3,99.7,112.9,no different,true,motriskindex-families-2024-v5
mazda-rx-8,2006,3934,35.08,102.4,97.0,107.8,no different,true,motriskindex-families-2024-v5
mazda-rx-8,2007,3939,34.15,100.1,94.8,105.5,no different,true,motriskindex-families-2024-v5
mazda-rx-8,2008,2390,30.67,91.7,85.0,98.3,better,true,motriskindex-families-2024-v5
mazda-rx-8,2009,1231,26.16,79.5,70.8,88.2,better,true,motriskindex-families-2024-v5
mazda-rx-8,2010,317,24.61,76.2,59.3,93.1,better,true,motriskindex-families-2024-v5
mercedes-a-class,1998,219,51.6,105.9,86.4,125.5,no different,true,motriskindex-families-2024-v5
mercedes-a-class,1999,1532,49.41,102.5,95.2,109.8,no different,true,motriskindex-families-2024-v5
mercedes-a-class,2000,2836,48.34,101.6,96.2,107.0,no different,true,motriskindex-families-2024-v5
mercedes-a-class,2001,6635,47.29,100.8,97.2,104.3,no different,false,motriskindex-families-2024-v5
mercedes-a-class,2002,11270,48.97,106.2,103.4,109.1,worse,false,motriskindex-families-2024-v5
mercedes-a-class,2003,15091,47.12,104.0,101.6,106.5,worse,false,motriskindex-families-2024-v5
mercedes-a-class,2004,12814,47.39,107.4,104.7,110.1,worse,false,motriskindex-families-2024-v5
mercedes-a-class,2005,25137,41.89,98.1,96.2,99.9,better,false,motriskindex-families-2024-v5
mercedes-a-class,2006,35201,41.6,101.0,99.4,102.6,no different,false,motriskindex-families-2024-v5
mercedes-a-class,2007,40053,39.29,99.6,98.0,101.1,no different,false,motriskindex-families-2024-v5
mercedes-a-class,2008,41744,38.04,101.7,100.1,103.2,worse,false,motriskindex-families-2024-v5
mercedes-a-class,2009,41716,34.61,98.4,96.8,100.0,no different,false,motriskindex-families-2024-v5
mercedes-a-class,2010,36775,32.21,98.3,96.5,100.0,no different,false,motriskindex-families-2024-v5
mercedes-a-class,2011,32122,29.03,96.0,94.1,98.0,better,false,motriskindex-families-2024-v5
mercedes-a-class,2012,31022,28.3,103.1,100.9,105.2,worse,false,motriskindex-families-2024-v5
mercedes-a-class,2013,82444,25.46,101.9,100.5,103.3,worse,false,motriskindex-families-2024-v5
mercedes-a-class,2014,132394,23.74,106.5,105.3,107.7,worse,false,motriskindex-families-2024-v5
mercedes-a-class,2015,162933,20.2,104.7,103.6,105.9,worse,false,motriskindex-families-2024-v5
mercedes-a-class,2016,231111,16.99,101.0,100.0,102.0,no different,false,motriskindex-families-2024-v5
mercedes-a-class,2017,216951,15.02,99.1,98.0,100.2,no different,false,motriskindex-families-2024-v5
mercedes-a-class,2018,166490,13.79,98.2,96.9,99.5,better,false,motriskindex-families-2024-v5
mercedes-a-class,2019,156006,13.01,101.1,99.7,102.5,no different,false,motriskindex-families-2024-v5
mercedes-a-class,2020,58994,10.87,90.7,88.5,92.9,better,false,motriskindex-families-2024-v5
mercedes-b,2014,2041,19.6,95.3,86.0,104.6,no different,true,motriskindex-families-2024-v5
mercedes-b,2019,232,6.03,41.3,19.7,63.0,better,true,motriskindex-families-2024-v5
mercedes-b-class,2005,3756,43.48,99.2,94.4,104.0,no different,true,motriskindex-families-2024-v5
mercedes-b-class,2006,16074,43.59,101.1,98.7,103.5,no different,false,motriskindex-families-2024-v5
mercedes-b-class,2007,18838,42.41,101.6,99.3,103.8,no different,false,motriskindex-families-2024-v5
mercedes-b-class,2008,22898,41.85,104.7,102.6,106.8,worse,false,motriskindex-families-2024-v5
mercedes-b-class,2009,27243,38.76,103.6,101.7,105.6,worse,false,motriskindex-families-2024-v5
mercedes-b-class,2010,28176,36.74,106.7,104.7,108.8,worse,false,motriskindex-families-2024-v5
mercedes-b-class,2011,21943,36.11,116.6,114.0,119.2,worse,false,motriskindex-families-2024-v5
mercedes-b-class,2012,33753,26.28,95.3,93.3,97.3,better,false,motriskindex-families-2024-v5
mercedes-b-class,2013,39423,22.89,93.6,91.6,95.5,better,false,motriskindex-families-2024-v5
mercedes-b-class,2014,46572,21.09,100.2,98.3,102.2,no different,false,motriskindex-families-2024-v5
mercedes-b-class,2015,33910,16.77,94.5,92.0,96.9,better,false,motriskindex-families-2024-v5
mercedes-b-class,2016,32176,14.89,98.1,95.3,100.8,no different,false,motriskindex-families-2024-v5
mercedes-b-class,2017,30281,13.11,96.9,93.8,99.9,better,false,motriskindex-families-2024-v5
mercedes-b-class,2018,15953,12.5,100.4,96.0,104.8,no different,false,motriskindex-families-2024-v5
mercedes-b-class,2019,12587,9.61,85.1,80.3,89.9,better,false,motriskindex-families-2024-v5
mercedes-b-class,2020,5645,9.11,86.7,79.2,94.2,better,false,motriskindex-families-2024-v5
mercedes-c-class,1998,2061,34.06,83.9,77.7,90.1,better,true,motriskindex-families-2024-v5
mercedes-c-class,1999,3506,35.97,89.6,84.6,94.5,better,true,motriskindex-families-2024-v5
mercedes-c-class,2000,4182,37.8,93.6,88.9,98.2,better,false,motriskindex-families-2024-v5
mercedes-c-class,2001,8626,40.44,100.3,97.0,103.6,no different,false,motriskindex-families-2024-v5
mercedes-c-class,2002,19524,40.85,99.8,97.7,102.0,no different,false,motriskindex-families-2024-v5
mercedes-c-class,2003,35652,43.89,105.1,103.5,106.7,worse,false,motriskindex-families-2024-v5
mercedes-c-class,2004,47394,44.61,107.1,105.7,108.5,worse,false,motriskindex-families-2024-v5
mercedes-c-class,2005,58804,43.33,105.4,104.1,106.7,worse,false,motriskindex-families-2024-v5
mercedes-c-class,2006,63597,41.0,102.8,101.6,104.1,worse,false,motriskindex-families-2024-v5
mercedes-c-class,2007,76358,38.82,101.3,100.2,102.5,worse,false,motriskindex-families-2024-v5
mercedes-c-class,2008,85264,35.8,98.7,97.6,99.8,better,false,motriskindex-families-2024-v5
mercedes-c-class,2009,83898,34.15,100.7,99.6,101.9,no different,false,motriskindex-families-2024-v5
mercedes-c-class,2010,93206,31.41,100.7,99.6,101.9,no different,false,motriskindex-families-2024-v5
mercedes-c-class,2011,132283,28.4,99.9,98.9,100.9,no different,false,motriskindex-families-2024-v5
mercedes-c-class,2012,167665,27.58,106.2,105.3,107.2,worse,false,motriskindex-families-2024-v5
mercedes-c-class,2013,139585,24.76,105.2,104.1,106.4,worse,false,motriskindex-families-2024-v5
mercedes-c-class,2014,148901,19.83,95.6,94.5,96.7,better,false,motriskindex-families-2024-v5
mercedes-c-class,2015,214864,17.78,98.8,97.8,99.8,better,false,motriskindex-families-2024-v5
mercedes-c-class,2016,230659,15.87,100.3,99.3,101.3,no different,false,motriskindex-families-2024-v5
mercedes-c-class,2017,217306,13.73,95.4,94.3,96.5,better,false,motriskindex-families-2024-v5
mercedes-c-class,2018,117729,13.0,96.4,94.9,97.9,better,false,motriskindex-families-2024-v5
mercedes-c-class,2019,74577,11.91,94.9,92.9,96.9,better,false,motriskindex-families-2024-v5
mercedes-c-class,2020,15237,12.15,103.2,98.5,107.9,no different,false,motriskindex-families-2024-v5
mercedes-citan,2013,9551,42.85,102.1,98.9,105.2,no different,false,motriskindex-families-2024-v5
mercedes-citan,2014,13689,40.65,103.0,100.3,105.7,worse,false,motriskindex-families-2024-v5
mercedes-citan,2015,15310,34.18,93.2,90.7,95.7,better,false,motriskindex-families-2024-v5
mercedes-citan,2016,20716,33.96,100.4,98.0,102.7,no different,false,motriskindex-families-2024-v5
mercedes-citan,2017,17675,31.03,97.7,95.1,100.3,no different,false,motriskindex-families-2024-v5
mercedes-citan,2018,14643,32.88,108.7,105.6,111.7,worse,false,motriskindex-families-2024-v5
mercedes-citan,2019,5950,29.24,103.0,98.2,107.8,no different,false,motriskindex-families-2024-v5
mercedes-citan,2020,2689,31.91,119.6,111.6,127.6,worse,true,motriskindex-families-2024-v5
mercedes-cl,2001,588,27.04,113.1,95.5,130.7,no different,true,motriskindex-families-2024-v5
mercedes-cl,2002,1440,26.74,104.9,94.4,115.4,no different,true,motriskindex-families-2024-v5
mercedes-cl,2003,1085,24.61,100.1,88.1,112.1,no different,true,motriskindex-families-2024-v5
mercedes-cl,2004,738,21.82,94.1,79.5,108.6,no different,true,motriskindex-families-2024-v5
mercedes-cl,2005,639,22.22,108.1,90.3,125.9,no different,true,motriskindex-families-2024-v5
mercedes-cl,2006,257,26.07,140.1,106.6,173.7,worse,true,motriskindex-families-2024-v5
mercedes-cl,2007,1897,20.03,102.3,92.0,112.5,no different,true,motriskindex-families-2024-v5
mercedes-cl,2008,710,22.54,112.8,95.4,130.3,no different,true,motriskindex-families-2024-v5
mercedes-cl,2009,403,22.58,105.6,83.9,127.4,no different,true,motriskindex-families-2024-v5
mercedes-cla,2013,13200,24.84,105.6,102.0,109.3,worse,false,motriskindex-families-2024-v5
mercedes-cla,2014,26731,21.38,99.2,96.6,101.8,no different,false,motriskindex-families-2024-v5
mercedes-cla,2015,42068,19.47,100.1,97.9,102.3,no different,false,motriskindex-families-2024-v5
mercedes-cla,2016,47234,17.93,100.9,98.8,103.1,no different,false,motriskindex-families-2024-v5
mercedes-cla,2017,44185,16.43,99.2,96.9,101.5,no different,false,motriskindex-families-2024-v5
mercedes-cla,2018,34292,16.27,103.7,101.0,106.4,worse,false,motriskindex-families-2024-v5
mercedes-cla,2019,25371,15.38,104.7,101.4,108.0,worse,false,motriskindex-families-2024-v5
mercedes-cla,2020,15129,14.44,103.2,98.9,107.5,no different,false,motriskindex-families-2024-v5
mercedes-clc,2008,11357,45.76,103.7,100.9,106.5,worse,false,motriskindex-families-2024-v5
mercedes-clc,2009,16692,44.29,102.4,100.1,104.7,worse,false,motriskindex-families-2024-v5
mercedes-clc,2010,12747,42.13,100.0,97.3,102.6,no different,false,motriskindex-families-2024-v5
mercedes-clc,2011,2712,36.47,88.9,83.4,94.5,better,true,motriskindex-families-2024-v5
mercedes-clk,1998,396,35.61,97.7,81.5,113.8,no different,true,motriskindex-families-2024-v5
mercedes-clk,1999,2828,35.18,98.3,92.2,104.4,no different,true,motriskindex-families-2024-v5
mercedes-clk,2000,5459,34.93,97.0,92.6,101.4,no different,false,motriskindex-families-2024-v5
mercedes-clk,2001,8363,33.65,92.0,88.6,95.4,better,false,motriskindex-families-2024-v5
mercedes-clk,2002,12047,37.1,99.2,96.3,102.1,no different,false,motriskindex-families-2024-v5
mercedes-clk,2003,21122,39.13,101.8,99.6,104.0,no different,false,motriskindex-families-2024-v5
mercedes-clk,2004,27003,40.34,103.1,101.1,105.0,worse,false,motriskindex-families-2024-v5
mercedes-clk,2005,24635,39.95,101.4,99.4,103.5,no different,false,motriskindex-families-2024-v5
mercedes-clk,2006,17514,39.44,100.4,98.1,102.8,no different,false,motriskindex-families-2024-v5
mercedes-clk,2007,19053,39.59,101.0,98.7,103.3,no different,false,motriskindex-families-2024-v5
mercedes-clk,2008,13137,38.18,98.5,95.8,101.2,no different,false,motriskindex-families-2024-v5
mercedes-clk,2009,14842,38.14,100.5,97.9,103.2,no different,false,motriskindex-families-2024-v5
mercedes-clk,2010,277,37.91,102.0,82.5,121.5,no different,true,motriskindex-families-2024-v5
mercedes-cls,2005,6373,29.59,91.6,87.4,95.7,better,false,motriskindex-families-2024-v5
mercedes-cls,2006,10469,32.84,100.1,96.8,103.4,no different,false,motriskindex-families-2024-v5
mercedes-cls,2007,12036,34.01,103.4,100.3,106.6,worse,false,motriskindex-families-2024-v5
mercedes-cls,2008,9097,34.4,106.5,102.7,110.2,worse,false,motriskindex-families-2024-v5
mercedes-cls,2009,6672,34.94,111.6,107.0,116.1,worse,false,motriskindex-families-2024-v5
mercedes-cls,2010,4751,34.03,109.2,103.9,114.5,worse,false,motriskindex-families-2024-v5
mercedes-cls,2011,5120,24.61,85.5,80.8,90.2,better,false,motriskindex-families-2024-v5
mercedes-cls,2012,6303,24.43,96.0,91.2,100.8,no different,false,motriskindex-families-2024-v5
mercedes-cls,2013,19319,24.31,105.0,101.9,108.0,worse,false,motriskindex-families-2024-v5
mercedes-cls,2014,11141,21.95,102.8,98.7,106.9,no different,false,motriskindex-families-2024-v5
mercedes-cls,2015,17798,19.24,97.4,94.1,100.6,no different,false,motriskindex-families-2024-v5
mercedes-cls,2016,12884,17.03,94.1,90.1,98.0,better,false,motriskindex-families-2024-v5
mercedes-cls,2017,8102,15.75,92.9,87.8,98.0,better,false,motriskindex-families-2024-v5
mercedes-cls,2018,4088,15.31,94.8,87.4,102.3,no different,false,motriskindex-families-2024-v5
mercedes-cls,2019,3376,16.17,107.0,98.1,116.0,no different,true,motriskindex-families-2024-v5
mercedes-cls,2020,572,22.03,153.9,127.0,180.7,worse,true,motriskindex-families-2024-v5
mercedes-e-class,1998,955,37.28,101.3,90.8,111.9,no different,true,motriskindex-families-2024-v5
mercedes-e-class,1999,1689,37.83,106.2,98.0,114.5,no different,true,motriskindex-families-2024-v5
mercedes-e-class,2000,2364,36.68,105.8,98.8,112.9,no different,true,motriskindex-families-2024-v5
mercedes-e-class,2001,4058,37.24,108.8,103.4,114.3,worse,true,motriskindex-families-2024-v5
mercedes-e-class,2002,6166,35.18,103.9,99.5,108.2,no different,false,motriskindex-families-2024-v5
mercedes-e-class,2003,19766,33.87,100.7,98.3,103.1,no different,false,motriskindex-families-2024-v5
mercedes-e-class,2004,26707,34.56,103.9,101.8,106.0,worse,false,motriskindex-families-2024-v5
mercedes-e-class,2005,26614,34.25,103.9,101.8,106.1,worse,false,motriskindex-families-2024-v5
mercedes-e-class,2006,25510,32.56,100.8,98.6,102.9,no different,false,motriskindex-families-2024-v5
mercedes-e-class,2007,37054,31.15,98.7,96.9,100.5,no different,false,motriskindex-families-2024-v5
mercedes-e-class,2008,28353,31.43,102.7,100.6,104.8,worse,false,motriskindex-families-2024-v5
mercedes-e-class,2009,44406,30.01,102.5,100.7,104.2,worse,false,motriskindex-families-2024-v5
mercedes-e-class,2010,74458,27.59,99.3,97.9,100.7,no different,false,motriskindex-families-2024-v5
mercedes-e-class,2011,87681,25.51,98.4,97.1,99.7,better,false,motriskindex-families-2024-v5
mercedes-e-class,2012,90878,25.19,104.9,103.5,106.3,worse,false,motriskindex-families-2024-v5
mercedes-e-class,2013,109585,23.56,106.6,105.3,107.9,worse,false,motriskindex-families-2024-v5
mercedes-e-class,2014,120350,20.12,101.3,100.1,102.6,worse,false,motriskindex-families-2024-v5
mercedes-e-class,2015,134866,17.8,100.8,99.5,102.0,no different,false,motriskindex-families-2024-v5
mercedes-e-class,2016,131276,15.26,96.2,94.9,97.5,better,false,motriskindex-families-2024-v5
mercedes-e-class,2017,123760,13.62,92.9,91.5,94.3,better,false,motriskindex-families-2024-v5
mercedes-e-class,2018,89150,14.15,101.8,100.0,103.6,no different,false,motriskindex-families-2024-v5
mercedes-e-class,2019,59104,12.79,97.5,95.3,99.7,better,false,motriskindex-families-2024-v5
mercedes-e-class,2020,13258,13.92,111.0,105.9,116.1,worse,false,motriskindex-families-2024-v5
mercedes-eqc,2019,272,5.88,39.1,19.9,58.3,better,true,motriskindex-families-2024-v5
mercedes-eqc,2020,5369,14.57,96.5,89.8,103.3,no different,false,motriskindex-families-2024-v5
mercedes-g,2015,293,14.33,192.1,134.0,250.2,worse,true,motriskindex-families-2024-v5
mercedes-g,2016,315,13.33,166.5,116.2,216.9,worse,true,motriskindex-families-2024-v5
mercedes-g,2019,1432,7.68,101.8,82.8,120.8,no different,true,motriskindex-families-2024-v5
mercedes-g,2020,778,8.74,119.9,91.4,148.4,no different,true,motriskindex-families-2024-v5
mercedes-gl,2006,487,26.49,94.0,77.8,110.2,no different,true,motriskindex-families-2024-v5
mercedes-gl,2007,2270,28.99,102.3,94.5,110.1,no different,true,motriskindex-families-2024-v5
mercedes-gl,2008,945,26.14,95.3,83.4,107.1,no different,true,motriskindex-families-2024-v5
mercedes-gl,2009,480,30.21,110.8,92.8,128.8,no different,true,motriskindex-families-2024-v5
mercedes-gl,2010,569,23.9,108.5,90.3,126.7,no different,true,motriskindex-families-2024-v5
mercedes-gl,2011,883,22.08,123.9,106.5,141.3,worse,true,motriskindex-families-2024-v5
mercedes-gl,2012,447,20.58,116.2,92.5,140.0,no different,true,motriskindex-families-2024-v5
mercedes-gl,2013,3109,18.3,105.9,97.2,114.6,no different,true,motriskindex-families-2024-v5
mercedes-gl,2014,3296,16.69,99.4,91.1,107.7,no different,true,motriskindex-families-2024-v5
mercedes-gl,2015,3800,16.0,95.9,88.3,103.5,no different,true,motriskindex-families-2024-v5
mercedes-gl,2016,1138,16.96,103.6,89.0,118.2,no different,true,motriskindex-families-2024-v5
mercedes-gla,2014,20994,15.59,92.3,89.2,95.5,better,false,motriskindex-families-2024-v5
mercedes-gla,2015,53185,15.08,99.4,97.2,101.5,no different,false,motriskindex-families-2024-v5
mercedes-gla,2016,64239,13.49,101.2,99.1,103.3,no different,false,motriskindex-families-2024-v5
mercedes-gla,2017,67226,11.89,99.0,96.9,101.2,no different,false,motriskindex-families-2024-v5
mercedes-gla,2018,66223,11.7,106.8,104.4,109.1,worse,false,motriskindex-families-2024-v5
mercedes-gla,2019,50982,11.14,112.5,109.6,115.5,worse,false,motriskindex-families-2024-v5
mercedes-gla,2020,18461,8.83,96.6,91.9,101.3,no different,false,motriskindex-families-2024-v5
mercedes-glc,2015,8223,14.26,101.4,95.6,107.2,no different,false,motriskindex-families-2024-v5
mercedes-glc,2016,57335,13.03,103.2,100.9,105.6,worse,false,motriskindex-families-2024-v5
mercedes-glc,2017,67894,12.1,103.9,101.6,106.1,worse,false,motriskindex-families-2024-v5
mercedes-glc,2018,79445,11.34,103.6,101.5,105.7,worse,false,motriskindex-families-2024-v5
mercedes-glc,2019,53190,9.76,97.5,94.9,100.2,no different,false,motriskindex-families-2024-v5
mercedes-glc,2020,23269,9.12,97.8,93.6,101.9,no different,false,motriskindex-families-2024-v5
mercedes-gle,2015,7795,12.26,99.8,93.4,106.1,no different,false,motriskindex-families-2024-v5
mercedes-gle,2016,33183,11.42,97.1,94.0,100.2,no different,false,motriskindex-families-2024-v5
mercedes-gle,2017,25065,11.16,99.1,95.4,102.8,no different,false,motriskindex-families-2024-v5
mercedes-gle,2018,24902,11.4,104.9,101.0,108.7,worse,false,motriskindex-families-2024-v5
mercedes-gle,2019,10650,10.67,103.3,97.3,109.3,no different,false,motriskindex-families-2024-v5
mercedes-gle,2020,10068,10.8,107.7,101.3,114.1,worse,false,motriskindex-families-2024-v5
mercedes-gls,2016,2569,13.35,108.1,96.7,119.6,no different,true,motriskindex-families-2024-v5
mercedes-gls,2017,3632,11.56,97.6,88.3,107.0,no different,true,motriskindex-families-2024-v5
mercedes-gls,2018,2448,11.85,101.0,89.4,112.6,no different,true,motriskindex-families-2024-v5
mercedes-gls,2019,1258,10.1,89.9,74.3,105.6,no different,true,motriskindex-families-2024-v5
mercedes-gls,2020,817,12.97,122.0,98.8,145.2,no different,true,motriskindex-families-2024-v5
mercedes-m-class,1999,1366,44.88,103.9,95.7,112.1,no different,true,motriskindex-families-2024-v5
mercedes-m-class,2000,3415,43.92,102.1,96.9,107.2,no different,true,motriskindex-families-2024-v5
mercedes-m-class,2001,4192,42.87,100.7,96.0,105.3,no different,false,motriskindex-families-2024-v5
mercedes-m-class,2002,6834,41.32,99.3,95.6,103.0,no different,false,motriskindex-families-2024-v5
mercedes-m-class,2003,7555,44.5,107.6,103.9,111.2,worse,false,motriskindex-families-2024-v5
mercedes-m-class,2004,9649,44.72,111.4,108.1,114.7,worse,false,motriskindex-families-2024-v5
mercedes-m-class,2005,7240,41.34,107.8,103.9,111.7,worse,false,motriskindex-families-2024-v5
mercedes-m-class,2006,14156,33.59,92.6,89.9,95.2,better,false,motriskindex-families-2024-v5
mercedes-m-class,2007,14629,32.88,95.3,92.6,98.0,better,false,motriskindex-families-2024-v5
mercedes-m-class,2008,14585,33.39,102.8,99.9,105.7,no different,false,motriskindex-families-2024-v5
mercedes-m-class,2009,12357,32.82,108.4,105.1,111.7,worse,false,motriskindex-families-2024-v5
mercedes-m-class,2010,14815,31.25,110.8,107.6,114.0,worse,false,motriskindex-families-2024-v5
mercedes-m-class,2011,14985,27.55,108.1,104.8,111.4,worse,false,motriskindex-families-2024-v5
mercedes-m-class,2012,13822,20.9,93.4,90.0,96.8,better,false,motriskindex-families-2024-v5
mercedes-m-class,2013,26049,17.28,87.9,85.3,90.5,better,false,motriskindex-families-2024-v5
mercedes-m-class,2014,23547,16.85,95.8,92.8,98.7,better,false,motriskindex-families-2024-v5
mercedes-m-class,2015,19161,14.75,92.7,89.2,96.1,better,false,motriskindex-families-2024-v5
mercedes-r-class,2006,1017,33.33,99.4,88.8,109.9,no different,true,motriskindex-families-2024-v5
mercedes-r-class,2007,1522,34.49,103.5,94.6,112.3,no different,true,motriskindex-families-2024-v5
mercedes-r-class,2008,1424,32.23,96.0,87.2,104.8,no different,true,motriskindex-families-2024-v5
mercedes-r-class,2009,647,33.08,99.7,86.3,113.0,no different,true,motriskindex-families-2024-v5
mercedes-r-class,2010,470,30.64,91.6,76.6,106.5,no different,true,motriskindex-families-2024-v5
mercedes-r-class,2011,746,26.14,88.5,76.1,101.0,no different,true,motriskindex-families-2024-v5
mercedes-s,2019,233,7.73,86.0,46.3,125.7,no different,true,motriskindex-families-2024-v5
mercedes-s,2020,873,10.31,115.3,91.4,139.1,no different,true,motriskindex-families-2024-v5
mercedes-s-class,1999,507,30.37,91.1,76.7,105.5,no different,true,motriskindex-families-2024-v5
mercedes-s-class,2000,1114,34.83,110.7,99.7,121.7,no different,true,motriskindex-families-2024-v5
mercedes-s-class,2001,1795,31.31,103.9,95.3,112.5,no different,true,motriskindex-families-2024-v5
mercedes-s-class,2002,2421,31.81,108.1,100.5,115.7,worse,true,motriskindex-families-2024-v5
mercedes-s-class,2003,3909,28.47,101.6,95.6,107.5,no different,true,motriskindex-families-2024-v5
mercedes-s-class,2004,3540,27.46,99.9,93.6,106.1,no different,true,motriskindex-families-2024-v5
mercedes-s-class,2005,3079,29.56,110.0,102.8,117.1,worse,true,motriskindex-families-2024-v5
mercedes-s-class,2006,6903,25.12,95.1,90.6,99.5,better,false,motriskindex-families-2024-v5
mercedes-s-class,2007,8514,26.83,103.0,98.7,107.2,no different,false,motriskindex-families-2024-v5
mercedes-s-class,2008,6185,27.13,106.9,101.8,112.0,worse,false,motriskindex-families-2024-v5
mercedes-s-class,2009,5425,27.83,113.5,107.8,119.3,worse,false,motriskindex-families-2024-v5
mercedes-s-class,2010,5469,22.67,98.8,93.3,104.3,no different,false,motriskindex-families-2024-v5
mercedes-s-class,2011,5755,21.22,99.8,94.2,105.3,no different,false,motriskindex-families-2024-v5
mercedes-s-class,2012,7579,21.96,112.9,107.5,118.3,worse,false,motriskindex-families-2024-v5
mercedes-s-class,2013,5891,19.76,113.3,106.7,119.8,worse,false,motriskindex-families-2024-v5
mercedes-s-class,2014,9855,13.1,86.2,81.5,90.9,better,false,motriskindex-families-2024-v5
mercedes-s-class,2015,13759,12.7,96.3,91.8,100.9,no different,false,motriskindex-families-2024-v5
mercedes-s-class,2016,16005,11.87,100.2,95.7,104.7,no different,false,motriskindex-families-2024-v5
mercedes-s-class,2017,13529,10.53,99.0,93.9,104.2,no different,false,motriskindex-families-2024-v5
mercedes-s-class,2018,10153,8.54,85.8,80.1,91.6,better,false,motriskindex-families-2024-v5
mercedes-s-class,2019,7309,8.06,88.0,80.9,95.1,better,false,motriskindex-families-2024-v5
mercedes-s-class,2020,522,6.51,75.1,49.8,100.3,no different,true,motriskindex-families-2024-v5
mercedes-sl,1998,502,22.51,110.1,89.8,130.4,no different,true,motriskindex-families-2024-v5
mercedes-sl,1999,794,18.01,95.8,80.1,111.5,no different,true,motriskindex-families-2024-v5
mercedes-sl,2000,1071,20.45,107.6,93.3,121.8,no different,true,motriskindex-families-2024-v5
mercedes-sl,2001,894,17.56,94.0,79.3,108.8,no different,true,motriskindex-families-2024-v5
mercedes-sl,2002,4277,19.87,106.2,99.0,113.3,no different,false,motriskindex-families-2024-v5
mercedes-sl,2003,12529,19.98,104.7,100.6,108.8,worse,false,motriskindex-families-2024-v5
mercedes-sl,2004,10173,19.02,100.3,95.8,104.8,no different,false,motriskindex-families-2024-v5
mercedes-sl,2005,6298,18.26,96.2,90.6,101.7,no different,false,motriskindex-families-2024-v5
mercedes-sl,2006,3977,18.78,100.3,93.1,107.5,no different,true,motriskindex-families-2024-v5
mercedes-sl,2007,3454,18.24,98.6,90.9,106.3,no different,true,motriskindex-families-2024-v5
mercedes-sl,2008,3912,17.59,95.9,88.7,103.0,no different,true,motriskindex-families-2024-v5
mercedes-sl,2009,2661,18.26,103.0,93.9,112.2,no different,true,motriskindex-families-2024-v5
mercedes-sl,2010,1937,18.48,106.6,95.5,117.6,no different,true,motriskindex-families-2024-v5
mercedes-sl,2011,1415,14.56,90.6,78.2,103.0,no different,true,motriskindex-families-2024-v5
mercedes-sl,2012,2337,16.39,110.4,99.3,121.4,no different,true,motriskindex-families-2024-v5
mercedes-sl,2013,6789,15.02,109.1,102.4,115.8,worse,false,motriskindex-families-2024-v5
mercedes-sl,2014,6428,12.31,100.6,93.6,107.6,no different,false,motriskindex-families-2024-v5
mercedes-sl,2015,4934,10.17,92.3,84.2,100.4,no different,false,motriskindex-families-2024-v5
mercedes-sl,2016,4690,10.47,105.1,95.8,114.4,no different,false,motriskindex-families-2024-v5
mercedes-sl,2017,3452,8.23,87.6,77.4,97.8,better,true,motriskindex-families-2024-v5
mercedes-sl,2018,1698,8.13,90.7,75.5,105.8,no different,true,motriskindex-families-2024-v5
mercedes-sl,2019,1252,7.27,89.2,70.9,107.6,no different,true,motriskindex-families-2024-v5
mercedes-sl,2020,425,7.06,93.4,60.0,126.8,no different,true,motriskindex-families-2024-v5
mercedes-slc,2016,13430,13.2,106.4,101.4,111.3,worse,false,motriskindex-families-2024-v5
mercedes-slc,2017,18344,11.7,103.5,99.2,107.9,no different,false,motriskindex-families-2024-v5
mercedes-slc,2018,6116,9.94,94.6,87.1,102.1,no different,false,motriskindex-families-2024-v5
mercedes-slc,2019,3033,7.85,81.1,70.8,91.4,better,true,motriskindex-families-2024-v5
mercedes-slc,2020,1184,8.61,93.5,75.4,111.7,no different,true,motriskindex-families-2024-v5
mercedes-slk,1999,2058,32.36,105.1,97.1,113.1,no different,true,motriskindex-families-2024-v5
mercedes-slk,2000,6728,31.72,99.5,95.3,103.7,no different,false,motriskindex-families-2024-v5
mercedes-slk,2001,10092,31.11,97.1,93.7,100.5,no different,false,motriskindex-families-2024-v5
mercedes-slk,2002,10334,30.31,95.1,91.7,98.4,better,false,motriskindex-families-2024-v5
mercedes-slk,2003,8913,33.84,105.0,101.3,108.8,worse,false,motriskindex-families-2024-v5
mercedes-slk,2004,15686,34.94,108.5,105.6,111.3,worse,false,motriskindex-families-2024-v5
mercedes-slk,2005,23960,32.03,100.3,98.1,102.6,no different,false,motriskindex-families-2024-v5
mercedes-slk,2006,17113,31.46,100.2,97.6,102.9,no different,false,motriskindex-families-2024-v5
mercedes-slk,2007,15823,31.4,102.6,99.8,105.5,no different,false,motriskindex-families-2024-v5
mercedes-slk,2008,14696,30.24,103.1,100.1,106.2,worse,false,motriskindex-families-2024-v5
mercedes-slk,2009,11542,29.29,105.6,102.0,109.2,worse,false,motriskindex-families-2024-v5
mercedes-slk,2010,9750,27.99,107.8,103.8,111.9,worse,false,motriskindex-families-2024-v5
mercedes-slk,2011,11156,21.76,90.1,86.5,93.7,better,false,motriskindex-families-2024-v5
mercedes-slk,2012,27991,21.92,101.1,98.5,103.6,no different,false,motriskindex-families-2024-v5
mercedes-slk,2013,27606,20.73,108.6,105.8,111.4,worse,false,motriskindex-families-2024-v5
mercedes-slk,2014,29492,16.84,97.9,95.2,100.7,no different,false,motriskindex-families-2024-v5
mercedes-slk,2015,28951,14.8,95.3,92.4,98.2,better,false,motriskindex-families-2024-v5
mercedes-slk,2016,7462,12.8,91.1,85.3,96.9,better,false,motriskindex-families-2024-v5
mercedes-sprinter,1998,261,49.04,115.6,95.6,135.7,no different,true,motriskindex-families-2024-v5
mercedes-sprinter,1999,556,43.53,105.8,92.4,119.1,no different,true,motriskindex-families-2024-v5
mercedes-sprinter,2000,1358,44.55,109.0,100.3,117.7,worse,true,motriskindex-families-2024-v5
mercedes-sprinter,2001,3007,40.37,99.5,93.9,105.1,no different,true,motriskindex-families-2024-v5
mercedes-sprinter,2002,4878,41.86,104.1,99.6,108.6,no different,false,motriskindex-families-2024-v5
mercedes-sprinter,2003,4933,42.45,105.6,101.0,110.1,worse,false,motriskindex-families-2024-v5
mercedes-sprinter,2004,5667,41.98,105.8,101.5,110.0,worse,false,motriskindex-families-2024-v5
mercedes-sprinter,2005,5234,39.47,101.4,97.0,105.8,no different,false,motriskindex-families-2024-v5
mercedes-sprinter,2006,4817,37.82,100.1,95.5,104.6,no different,false,motriskindex-families-2024-v5
mercedes-sprinter,2007,5461,36.82,101.0,96.6,105.4,no different,false,motriskindex-families-2024-v5
mercedes-sprinter,2008,5864,34.99,100.1,95.8,104.5,no different,false,motriskindex-families-2024-v5
mercedes-sprinter,2009,4364,30.02,90.7,85.8,95.6,better,false,motriskindex-families-2024-v5
mercedes-sprinter,2010,5792,28.63,93.2,88.7,97.7,better,false,motriskindex-families-2024-v5
mercedes-sprinter,2011,5758,28.07,98.7,93.9,103.5,no different,false,motriskindex-families-2024-v5
mercedes-sprinter,2012,6305,29.06,109.8,104.8,114.8,worse,false,motriskindex-families-2024-v5
mercedes-sprinter,2013,6003,23.87,98.9,93.8,104.0,no different,false,motriskindex-families-2024-v5
mercedes-sprinter,2014,7028,22.89,104.7,99.6,109.8,no different,false,motriskindex-families-2024-v5
mercedes-sprinter,2015,8059,18.0,92.6,87.9,97.4,better,false,motriskindex-families-2024-v5
mercedes-sprinter,2016,6212,18.87,107.1,101.0,113.3,worse,false,motriskindex-families-2024-v5
mercedes-sprinter,2017,6485,14.23,89.4,83.6,95.2,better,false,motriskindex-families-2024-v5
mercedes-sprinter,2018,4430,14.47,98.3,90.7,105.9,no different,false,motriskindex-families-2024-v5
mercedes-sprinter,2019,3109,14.7,105.4,95.7,115.1,no different,true,motriskindex-families-2024-v5
mercedes-sprinter,2020,1876,13.65,101.0,88.6,113.3,no different,true,motriskindex-families-2024-v5
mercedes-v,2015,306,16.67,93.5,67.9,119.2,no different,true,motriskindex-families-2024-v5
mercedes-v,2016,323,10.22,57.0,37.6,76.5,better,true,motriskindex-families-2024-v5
mercedes-v,2019,1169,16.42,98.5,84.6,112.5,no different,true,motriskindex-families-2024-v5
mercedes-v,2020,1243,16.73,100.7,87.1,114.4,no different,true,motriskindex-families-2024-v5
mercedes-v-class,2015,5741,19.87,105.5,99.4,111.6,no different,false,motriskindex-families-2024-v5
mercedes-v-class,2016,9197,18.04,104.3,99.3,109.3,no different,false,motriskindex-families-2024-v5
mercedes-v-class,2017,11457,16.63,100.3,95.8,104.8,no different,false,motriskindex-families-2024-v5
mercedes-v-class,2018,9797,16.4,102.9,97.8,107.9,no different,false,motriskindex-families-2024-v5
mercedes-v-class,2019,7521,14.32,95.2,89.5,100.8,no different,false,motriskindex-families-2024-v5
mercedes-v-class,2020,538,15.99,112.7,88.9,136.5,no different,true,motriskindex-families-2024-v5
mercedes-viano,2004,1137,42.57,105.2,95.8,114.6,no different,true,motriskindex-families-2024-v5
mercedes-viano,2005,1942,40.53,102.5,95.3,109.6,no different,true,motriskindex-families-2024-v5
mercedes-viano,2006,2273,39.86,103.0,96.3,109.7,no different,true,motriskindex-families-2024-v5
mercedes-viano,2007,2678,37.94,101.5,95.3,107.7,no different,true,motriskindex-families-2024-v5
mercedes-viano,2008,2914,38.16,105.5,99.3,111.7,no different,true,motriskindex-families-2024-v5
mercedes-viano,2009,2629,36.21,103.2,96.6,109.8,no different,true,motriskindex-families-2024-v5
mercedes-viano,2010,2595,33.95,100.2,93.6,106.8,no different,true,motriskindex-families-2024-v5
mercedes-viano,2011,2848,34.69,105.8,99.2,112.4,no different,true,motriskindex-families-2024-v5
mercedes-viano,2012,3523,30.77,97.6,91.8,103.4,no different,true,motriskindex-families-2024-v5
mercedes-viano,2013,3991,29.54,99.0,93.4,104.7,no different,true,motriskindex-families-2024-v5
mercedes-viano,2014,4000,27.5,98.0,92.2,103.8,no different,false,motriskindex-families-2024-v5
mercedes-viano,2015,723,30.15,112.2,97.3,127.1,no different,true,motriskindex-families-2024-v5
mercedes-vito,1999,405,48.89,94.6,81.4,107.8,no different,true,motriskindex-families-2024-v5
mercedes-vito,2000,609,53.86,106.4,94.9,117.9,no different,true,motriskindex-families-2024-v5
mercedes-vito,2001,1843,52.74,106.5,99.8,113.2,no different,true,motriskindex-families-2024-v5
mercedes-vito,2002,3737,52.53,107.5,102.7,112.3,worse,true,motriskindex-families-2024-v5
mercedes-vito,2003,4818,53.36,110.9,106.6,115.2,worse,false,motriskindex-families-2024-v5
mercedes-vito,2004,9128,50.03,105.6,102.6,108.7,worse,false,motriskindex-families-2024-v5
mercedes-vito,2005,16326,48.27,104.4,102.1,106.8,worse,false,motriskindex-families-2024-v5
mercedes-vito,2006,24778,45.35,100.8,98.9,102.7,no different,false,motriskindex-families-2024-v5
mercedes-vito,2007,28846,44.31,101.0,99.3,102.8,no different,false,motriskindex-families-2024-v5
mercedes-vito,2008,27931,42.05,99.0,97.2,100.8,no different,false,motriskindex-families-2024-v5
mercedes-vito,2009,26194,40.26,98.3,96.4,100.2,no different,false,motriskindex-families-2024-v5
mercedes-vito,2010,26285,39.74,100.8,98.8,102.7,no different,false,motriskindex-families-2024-v5
mercedes-vito,2011,22784,38.14,101.5,99.4,103.7,no different,false,motriskindex-families-2024-v5
mercedes-vito,2012,28911,36.17,101.3,99.4,103.3,no different,false,motriskindex-families-2024-v5
mercedes-vito,2013,29217,33.41,99.2,97.2,101.1,no different,false,motriskindex-families-2024-v5
mercedes-vito,2014,27962,31.56,99.9,97.8,102.0,no different,false,motriskindex-families-2024-v5
mercedes-vito,2015,31051,29.04,98.6,96.6,100.7,no different,false,motriskindex-families-2024-v5
mercedes-vito,2016,37708,28.28,104.2,102.2,106.2,worse,false,motriskindex-families-2024-v5
mercedes-vito,2017,46586,23.55,92.0,90.3,93.7,better,false,motriskindex-families-2024-v5
mercedes-vito,2018,25552,24.26,99.4,96.9,101.9,no different,false,motriskindex-families-2024-v5
mercedes-vito,2019,26775,24.46,104.8,102.3,107.4,worse,false,motriskindex-families-2024-v5
mercedes-vito,2020,8223,25.03,111.2,106.4,116.0,worse,false,motriskindex-families-2024-v5
mercedes-x,2017,586,19.8,97.8,80.0,115.6,no different,true,motriskindex-families-2024-v5
mercedes-x,2018,5076,21.02,105.5,99.2,111.8,no different,false,motriskindex-families-2024-v5
mercedes-x,2019,4840,18.93,100.7,94.2,107.2,no different,false,motriskindex-families-2024-v5
mercedes-x,2020,1236,18.12,100.4,87.2,113.5,no different,true,motriskindex-families-2024-v5
mg-3,2013,979,26.46,92.8,81.5,104.1,no different,true,motriskindex-families-2024-v5
mg-3,2014,9938,27.3,101.6,97.8,105.4,no different,false,motriskindex-families-2024-v5
mg-3,2015,14519,24.69,100.9,97.6,104.2,no different,false,motriskindex-families-2024-v5
mg-3,2016,18604,21.89,100.5,97.4,103.6,no different,false,motriskindex-families-2024-v5
mg-3,2017,15039,20.33,100.7,97.1,104.3,no different,false,motriskindex-families-2024-v5
mg-3,2018,10261,20.0,105.5,101.0,110.1,worse,false,motriskindex-families-2024-v5
mg-3,2019,10954,17.13,99.5,95.0,104.0,no different,false,motriskindex-families-2024-v5
mg-3,2020,4946,16.78,105.7,98.5,112.9,no different,false,motriskindex-families-2024-v5
mg-6,2011,1322,40.54,101.0,92.5,109.6,no different,true,motriskindex-families-2024-v5
mg-6,2012,3671,38.22,98.7,93.6,103.9,no different,true,motriskindex-families-2024-v5
mg-6,2013,1462,34.95,94.4,86.2,102.5,no different,true,motriskindex-families-2024-v5
mg-6,2014,2780,33.92,99.3,92.9,105.6,no different,true,motriskindex-families-2024-v5
mg-6,2015,2800,32.82,100.7,94.2,107.2,no different,true,motriskindex-families-2024-v5
mg-6,2016,1642,27.95,90.4,82.1,98.7,better,true,motriskindex-families-2024-v5
mg-gs,2016,3402,18.75,95.6,88.2,103.1,no different,true,motriskindex-families-2024-v5
mg-gs,2017,4975,18.09,103.4,96.7,110.2,no different,false,motriskindex-families-2024-v5
mg-gs,2018,3830,17.26,107.0,98.9,115.2,no different,true,motriskindex-families-2024-v5
mg-gs,2019,1148,18.9,134.3,116.4,152.2,worse,true,motriskindex-families-2024-v5
mg-mgf,1998,2513,40.99,104.4,98.0,110.8,no different,true,motriskindex-families-2024-v5
mg-mgf,1999,3564,40.97,106.1,100.6,111.5,worse,true,motriskindex-families-2024-v5
mg-mgf,2000,5578,37.68,98.6,94.4,102.9,no different,false,motriskindex-families-2024-v5
mg-mgf,2001,10642,35.06,92.8,89.8,95.8,better,false,motriskindex-families-2024-v5
mg-mgf,2002,779,34.92,94.9,83.6,106.2,no different,true,motriskindex-families-2024-v5
mg-tf,2002,13125,33.84,102.0,99.0,105.0,no different,false,motriskindex-families-2024-v5
mg-tf,2003,19510,34.86,103.6,101.1,106.1,worse,false,motriskindex-families-2024-v5
mg-tf,2004,18380,33.3,97.4,95.0,99.9,better,false,motriskindex-families-2024-v5
mg-tf,2005,8569,31.1,90.1,86.7,93.6,better,false,motriskindex-families-2024-v5
mg-tf,2006,1572,28.69,84.3,76.5,92.0,better,true,motriskindex-families-2024-v5
mg-tf,2008,337,31.16,91.7,74.2,109.3,no different,true,motriskindex-families-2024-v5
mg-tf,2009,589,26.49,78.5,66.2,90.8,better,true,motriskindex-families-2024-v5
mg-zr,2001,526,40.11,101.8,88.1,115.6,no different,true,motriskindex-families-2024-v5
mg-zr,2002,2334,42.29,105.0,98.4,111.5,no different,true,motriskindex-families-2024-v5
mg-zr,2003,5187,41.51,101.1,96.8,105.4,no different,false,motriskindex-families-2024-v5
mg-zr,2004,6893,41.06,97.6,94.1,101.2,no different,false,motriskindex-families-2024-v5
mg-zr,2005,4442,41.22,93.4,89.1,97.7,better,false,motriskindex-families-2024-v5
mg-zr,2006,419,40.57,94.4,80.2,108.6,no different,true,motriskindex-families-2024-v5
mg-zt,2001,578,41.87,102.2,89.3,115.1,no different,true,motriskindex-families-2024-v5
mg-zt,2002,2239,42.79,103.3,96.7,109.8,no different,true,motriskindex-families-2024-v5
mg-zt,2003,5119,42.92,103.3,99.0,107.6,no different,false,motriskindex-families-2024-v5
mg-zt,2004,7035,39.97,95.3,91.8,98.8,better,false,motriskindex-families-2024-v5
mg-zt,2005,4151,40.95,96.5,91.9,101.1,no different,false,motriskindex-families-2024-v5
mg-zt,2006,834,35.25,84.4,74.7,94.0,better,true,motriskindex-families-2024-v5
mini-clubman,2009,290,31.38,116.8,92.8,140.7,no different,true,motriskindex-families-2024-v5
mini-clubman,2010,656,31.4,124.4,107.4,141.3,worse,true,motriskindex-families-2024-v5
mini-clubman,2011,1533,28.64,119.7,108.5,130.9,worse,true,motriskindex-families-2024-v5
mini-clubman,2012,3048,24.28,106.7,99.0,114.4,no different,true,motriskindex-families-2024-v5
mini-clubman,2013,4803,21.15,103.6,97.2,110.0,no different,false,motriskindex-families-2024-v5
mini-clubman,2014,224,16.07,86.3,58.1,114.5,no different,true,motriskindex-families-2024-v5
mini-clubman,2015,8156,16.26,96.9,91.7,102.1,no different,false,motriskindex-families-2024-v5
mini-clubman,2016,53975,15.48,102.0,99.8,104.2,no different,false,motriskindex-families-2024-v5
mini-clubman,2017,42926,14.06,99.9,97.4,102.4,no different,false,motriskindex-families-2024-v5
mini-clubman,2018,25690,13.43,102.1,98.7,105.5,no different,false,motriskindex-families-2024-v5
mini-clubman,2019,822,12.53,101.4,81.8,121.0,no different,true,motriskindex-families-2024-v5
mini-countryman,2010,9134,24.37,99.5,95.4,103.6,no different,false,motriskindex-families-2024-v5
mini-countryman,2011,59510,24.06,106.7,105.0,108.5,worse,false,motriskindex-families-2024-v5
mini-countryman,2012,42892,21.3,105.2,103.1,107.4,worse,false,motriskindex-families-2024-v5
mini-countryman,2013,17530,19.16,105.2,101.6,108.7,worse,false,motriskindex-families-2024-v5
mini-countryman,2014,77828,16.14,100.9,99.1,102.6,no different,false,motriskindex-families-2024-v5
mini-countryman,2015,55551,13.68,95.8,93.6,97.9,better,false,motriskindex-families-2024-v5
mini-countryman,2016,55788,12.07,92.5,90.3,94.7,better,false,motriskindex-families-2024-v5
mini-countryman,2017,57309,11.28,93.9,91.6,96.2,better,false,motriskindex-families-2024-v5
mini-countryman,2018,56231,12.16,106.8,104.3,109.3,worse,false,motriskindex-families-2024-v5
mini-countryman,2019,42593,11.29,104.1,101.2,107.1,worse,false,motriskindex-families-2024-v5
mini-countryman,2020,16517,10.63,98.0,93.5,102.6,no different,false,motriskindex-families-2024-v5
mini-hatch,2001,21282,54.65,112.0,110.0,114.0,worse,false,motriskindex-families-2024-v5
mini-hatch,2002,85640,51.12,106.1,105.1,107.1,worse,false,motriskindex-families-2024-v5
mini-hatch,2003,119958,48.55,102.8,101.9,103.6,worse,false,motriskindex-families-2024-v5
mini-hatch,2004,152926,46.31,100.6,99.8,101.3,no different,false,motriskindex-families-2024-v5
mini-hatch,2005,176561,44.6,100.3,99.6,101.0,no different,false,motriskindex-families-2024-v5
mini-hatch,2006,160706,43.62,102.7,101.9,103.4,worse,false,motriskindex-families-2024-v5
mini-hatch,2007,201630,40.72,102.2,101.5,102.9,worse,false,motriskindex-families-2024-v5
mini-hatch,2008,189805,37.55,101.7,101.0,102.5,worse,false,motriskindex-families-2024-v5
mini-hatch,2009,197772,33.87,100.4,99.6,101.1,no different,false,motriskindex-families-2024-v5
mini-hatch,2010,207778,29.13,95.9,95.1,96.7,better,false,motriskindex-families-2024-v5
mini-hatch,2011,180925,28.02,103.7,102.8,104.6,worse,false,motriskindex-families-2024-v5
mini-hatch,2012,200019,23.36,97.8,96.9,98.7,better,false,motriskindex-families-2024-v5
mini-hatch,2013,234569,21.87,103.2,102.3,104.1,worse,false,motriskindex-families-2024-v5
mini-hatch,2014,188271,18.06,96.1,95.0,97.1,better,false,motriskindex-families-2024-v5
mini-hatch,2015,267718,15.67,95.0,94.1,96.0,better,false,motriskindex-families-2024-v5
mini-hatch,2016,268763,13.82,96.0,95.0,97.0,better,false,motriskindex-families-2024-v5
mini-hatch,2017,227252,12.81,97.1,96.0,98.2,better,false,motriskindex-families-2024-v5
mini-hatch,2018,170904,11.67,93.9,92.6,95.2,better,false,motriskindex-families-2024-v5
mini-hatch,2019,145708,10.51,93.1,91.6,94.6,better,false,motriskindex-families-2024-v5
mini-hatch,2020,63473,10.46,103.7,101.2,106.2,worse,false,motriskindex-families-2024-v5
mini-paceman,2013,3882,18.44,110.5,102.4,118.5,worse,true,motriskindex-families-2024-v5
mini-paceman,2014,22545,15.43,103.3,99.8,106.7,no different,false,motriskindex-families-2024-v5
mini-paceman,2015,12633,12.94,96.6,91.9,101.2,no different,false,motriskindex-families-2024-v5
mini-paceman,2016,8177,11.14,91.9,85.9,97.9,better,false,motriskindex-families-2024-v5
mini-paceman,2017,734,10.76,95.6,74.6,116.7,no different,true,motriskindex-families-2024-v5
mini-roadster,2013,1753,20.94,115.2,103.4,127.0,worse,true,motriskindex-families-2024-v5
mini-roadster,2014,7266,16.75,95.5,90.1,100.9,no different,false,motriskindex-families-2024-v5
mini-roadster,2015,6435,17.08,106.5,100.2,112.8,worse,false,motriskindex-families-2024-v5
mitsubishi-asx,2010,11100,33.08,106.0,102.6,109.4,worse,false,motriskindex-families-2024-v5
mitsubishi-asx,2011,13875,28.16,98.7,95.6,101.8,no different,false,motriskindex-families-2024-v5
mitsubishi-asx,2012,13494,24.5,95.1,91.9,98.4,better,false,motriskindex-families-2024-v5
mitsubishi-asx,2013,15065,24.43,106.0,102.6,109.4,worse,false,motriskindex-families-2024-v5
mitsubishi-asx,2014,23005,22.4,109.6,106.6,112.6,worse,false,motriskindex-families-2024-v5
mitsubishi-asx,2015,27639,17.9,99.7,96.9,102.5,no different,false,motriskindex-families-2024-v5
mitsubishi-asx,2016,19286,15.21,97.8,94.3,101.3,no different,false,motriskindex-families-2024-v5
mitsubishi-asx,2017,20995,13.37,95.6,92.1,99.1,better,false,motriskindex-families-2024-v5
mitsubishi-asx,2018,8959,12.23,93.4,87.8,98.9,better,false,motriskindex-families-2024-v5
mitsubishi-asx,2019,4826,10.44,85.1,77.7,92.6,better,false,motriskindex-families-2024-v5
mitsubishi-asx,2020,3059,10.98,98.5,87.9,109.0,no different,true,motriskindex-families-2024-v5
mitsubishi-colt,2001,237,48.52,95.6,78.2,113.1,no different,true,motriskindex-families-2024-v5
mitsubishi-colt,2002,386,45.34,90.1,76.7,103.4,no different,true,motriskindex-families-2024-v5
mitsubishi-colt,2003,343,44.02,88.7,74.5,102.8,no different,true,motriskindex-families-2024-v5
mitsubishi-colt,2004,3632,49.31,101.1,96.4,105.8,no different,true,motriskindex-families-2024-v5
mitsubishi-colt,2005,17897,47.9,99.9,97.8,102.0,no different,false,motriskindex-families-2024-v5
mitsubishi-colt,2006,23684,45.88,98.0,96.1,99.8,better,false,motriskindex-families-2024-v5
mitsubishi-colt,2007,29601,46.48,101.7,100.0,103.4,no different,false,motriskindex-families-2024-v5
mitsubishi-colt,2008,31948,46.42,105.3,103.6,107.0,worse,false,motriskindex-families-2024-v5
mitsubishi-colt,2009,26312,40.97,98.5,96.7,100.4,no different,false,motriskindex-families-2024-v5
mitsubishi-colt,2010,16743,37.31,96.1,93.7,98.4,better,false,motriskindex-families-2024-v5
mitsubishi-colt,2011,10633,32.3,90.9,87.8,93.9,better,false,motriskindex-families-2024-v5
mitsubishi-colt,2012,9281,30.22,92.2,88.7,95.6,better,false,motriskindex-families-2024-v5
mitsubishi-colt,2013,3217,28.44,96.9,90.6,103.2,no different,true,motriskindex-families-2024-v5
mitsubishi-eclipse,2017,402,12.19,100.0,72.0,128.0,no different,true,motriskindex-families-2024-v5
mitsubishi-eclipse,2018,22208,12.09,100.9,97.0,104.7,no different,false,motriskindex-families-2024-v5
mitsubishi-eclipse,2019,10959,12.28,107.0,101.3,112.7,worse,false,motriskindex-families-2024-v5
mitsubishi-eclipse,2020,711,12.1,115.5,91.1,140.0,no different,true,motriskindex-families-2024-v5
mitsubishi-eclipse-cross,2019,1531,10.58,86.9,73.5,100.3,no different,true,motriskindex-families-2024-v5
mitsubishi-eclipse-cross,2020,1944,10.85,95.4,82.5,108.3,no different,true,motriskindex-families-2024-v5
mitsubishi-grandis,2004,1002,53.09,103.0,94.2,111.7,no different,true,motriskindex-families-2024-v5
mitsubishi-grandis,2005,2249,48.47,96.7,91.0,102.4,no different,true,motriskindex-families-2024-v5
mitsubishi-grandis,2006,2686,48.85,97.8,92.5,103.1,no different,true,motriskindex-families-2024-v5
mitsubishi-grandis,2007,2056,48.39,98.0,91.9,104.1,no different,true,motriskindex-families-2024-v5
mitsubishi-grandis,2008,660,45.15,93.3,82.7,103.9,no different,true,motriskindex-families-2024-v5
mitsubishi-grandis,2009,854,46.37,97.1,87.6,106.7,no different,true,motriskindex-families-2024-v5
mitsubishi-l200,1998,509,52.06,112.0,98.5,125.5,no different,true,motriskindex-families-2024-v5
mitsubishi-l200,1999,936,45.3,97.6,88.3,106.9,no different,true,motriskindex-families-2024-v5
mitsubishi-l200,2000,2089,46.1,99.7,93.4,105.9,no different,true,motriskindex-families-2024-v5
mitsubishi-l200,2001,4595,45.77,98.8,94.6,103.1,no different,false,motriskindex-families-2024-v5
mitsubishi-l200,2002,9423,47.54,102.5,99.5,105.5,no different,false,motriskindex-families-2024-v5
mitsubishi-l200,2003,17811,46.53,99.8,97.6,101.9,no different,false,motriskindex-families-2024-v5
mitsubishi-l200,2004,22575,45.96,97.9,96.1,99.8,better,false,motriskindex-families-2024-v5
mitsubishi-l200,2005,28163,45.51,97.0,95.3,98.7,better,false,motriskindex-families-2024-v5
mitsubishi-l200,2006,42640,46.88,100.1,98.7,101.4,no different,false,motriskindex-families-2024-v5
mitsubishi-l200,2007,32922,46.19,99.8,98.2,101.4,no different,false,motriskindex-families-2024-v5
mitsubishi-l200,2008,20700,47.15,103.7,101.6,105.7,worse,false,motriskindex-families-2024-v5
mitsubishi-l200,2009,18304,46.16,105.0,102.7,107.2,worse,false,motriskindex-families-2024-v5
mitsubishi-l200,2010,26509,42.19,101.1,99.2,102.9,no different,false,motriskindex-families-2024-v5
mitsubishi-l200,2011,29062,40.48,104.4,102.6,106.3,worse,false,motriskindex-families-2024-v5
mitsubishi-l200,2012,20161,34.79,99.1,96.8,101.4,no different,false,motriskindex-families-2024-v5
mitsubishi-l200,2013,25247,32.31,103.2,100.9,105.4,worse,false,motriskindex-families-2024-v5
mitsubishi-l200,2014,30852,30.49,111.0,108.7,113.2,worse,false,motriskindex-families-2024-v5
mitsubishi-l200,2015,42198,25.35,105.8,103.8,107.8,worse,false,motriskindex-families-2024-v5
mitsubishi-l200,2016,42199,17.91,86.7,84.7,88.7,better,false,motriskindex-families-2024-v5
mitsubishi-l200,2017,44694,16.32,87.9,85.9,89.9,better,false,motriskindex-families-2024-v5
mitsubishi-l200,2018,33094,17.06,98.5,95.9,101.0,no different,false,motriskindex-families-2024-v5
mitsubishi-l200,2019,27709,15.78,98.0,95.0,100.9,no different,false,motriskindex-families-2024-v5
mitsubishi-l200,2020,9436,14.9,98.6,93.4,103.7,no different,false,motriskindex-families-2024-v5
mitsubishi-lancer,2001,472,19.92,60.8,48.5,73.1,better,true,motriskindex-families-2024-v5
mitsubishi-lancer,2002,210,12.86,38.8,24.2,53.4,better,true,motriskindex-families-2024-v5
mitsubishi-lancer,2003,1100,17.36,51.3,44.0,58.6,better,true,motriskindex-families-2024-v5
mitsubishi-lancer,2004,2097,15.55,45.9,40.9,50.8,better,true,motriskindex-families-2024-v5
mitsubishi-lancer,2005,8665,35.37,100.2,96.6,103.7,no different,false,motriskindex-families-2024-v5
mitsubishi-lancer,2006,8169,37.94,104.8,101.1,108.5,worse,false,motriskindex-families-2024-v5
mitsubishi-lancer,2007,6910,36.32,97.0,93.2,100.8,no different,false,motriskindex-families-2024-v5
mitsubishi-lancer,2008,10841,36.0,94.9,91.9,97.9,better,false,motriskindex-families-2024-v5
mitsubishi-lancer,2009,8426,38.56,101.6,98.1,105.1,no different,false,motriskindex-families-2024-v5
mitsubishi-lancer,2010,12290,39.41,104.2,101.3,107.2,worse,false,motriskindex-families-2024-v5
mitsubishi-lancer,2011,8733,36.46,99.7,96.2,103.2,no different,false,motriskindex-families-2024-v5
mitsubishi-mirage,2013,8905,21.59,102.8,98.2,107.4,no different,false,motriskindex-families-2024-v5
mitsubishi-mirage,2014,10714,17.89,100.6,96.1,105.1,no different,false,motriskindex-families-2024-v5
mitsubishi-mirage,2015,9168,17.22,106.1,100.9,111.3,worse,false,motriskindex-families-2024-v5
mitsubishi-mirage,2016,8380,14.34,96.9,91.4,102.3,no different,false,motriskindex-families-2024-v5
mitsubishi-mirage,2017,6641,13.33,96.3,89.9,102.6,no different,false,motriskindex-families-2024-v5
mitsubishi-mirage,2018,4189,14.08,106.8,98.2,115.4,no different,false,motriskindex-families-2024-v5
mitsubishi-mirage,2019,3414,11.8,95.0,85.7,104.2,no different,true,motriskindex-families-2024-v5
mitsubishi-mirage,2020,1459,13.64,113.7,97.9,129.5,no different,true,motriskindex-families-2024-v5
mitsubishi-outlander,2004,1428,52.03,102.2,94.9,109.6,no different,true,motriskindex-families-2024-v5
mitsubishi-outlander,2005,1175,50.3,102.5,94.3,110.8,no different,true,motriskindex-families-2024-v5
mitsubishi-outlander,2006,708,48.59,101.6,90.8,112.3,no different,true,motriskindex-families-2024-v5
mitsubishi-outlander,2007,10343,48.84,105.3,102.4,108.2,worse,false,motriskindex-families-2024-v5
mitsubishi-outlander,2008,12939,44.63,100.8,98.2,103.4,no different,false,motriskindex-families-2024-v5
mitsubishi-outlander,2009,9436,43.02,103.4,100.2,106.6,worse,false,motriskindex-families-2024-v5
mitsubishi-outlander,2010,10356,38.51,100.7,97.6,103.8,no different,false,motriskindex-families-2024-v5
mitsubishi-outlander,2011,9099,33.32,96.9,93.4,100.3,no different,false,motriskindex-families-2024-v5
mitsubishi-outlander,2012,7618,28.85,95.6,91.6,99.6,better,false,motriskindex-families-2024-v5
mitsubishi-outlander,2013,13230,31.48,120.1,116.4,123.7,worse,false,motriskindex-families-2024-v5
mitsubishi-outlander,2014,43845,24.62,109.3,107.2,111.3,worse,false,motriskindex-families-2024-v5
mitsubishi-outlander,2015,79006,20.25,103.8,102.2,105.4,worse,false,motriskindex-families-2024-v5
mitsubishi-outlander,2016,68446,15.54,92.6,90.9,94.4,better,false,motriskindex-families-2024-v5
mitsubishi-outlander,2017,47267,13.88,91.3,89.0,93.5,better,false,motriskindex-families-2024-v5
mitsubishi-outlander,2018,43318,13.43,93.6,91.2,96.0,better,false,motriskindex-families-2024-v5
mitsubishi-outlander,2019,26667,13.43,99.2,95.9,102.4,no different,false,motriskindex-families-2024-v5
mitsubishi-outlander,2020,10879,13.48,103.8,98.5,109.1,no different,false,motriskindex-families-2024-v5
mitsubishi-pajero,2003,479,35.49,102.7,87.3,118.1,no different,true,motriskindex-families-2024-v5
mitsubishi-pajero,2004,1043,34.61,99.9,89.6,110.2,no different,true,motriskindex-families-2024-v5
mitsubishi-pajero,2005,1195,34.64,98.8,89.3,108.4,no different,true,motriskindex-families-2024-v5
mitsubishi-pajero,2006,516,34.11,98.5,83.9,113.0,no different,true,motriskindex-families-2024-v5
mitsubishi-shogun,1998,1718,42.03,98.9,91.7,106.2,no different,true,motriskindex-families-2024-v5
mitsubishi-shogun,1999,1732,41.22,97.1,90.0,104.2,no different,true,motriskindex-families-2024-v5
mitsubishi-shogun,2000,1761,44.41,105.2,97.9,112.6,no different,true,motriskindex-families-2024-v5
mitsubishi-shogun,2001,3128,44.44,104.2,98.7,109.6,no different,true,motriskindex-families-2024-v5
mitsubishi-shogun,2002,6529,44.03,103.1,99.3,106.8,no different,false,motriskindex-families-2024-v5
mitsubishi-shogun,2003,11190,41.9,97.8,95.0,100.6,no different,false,motriskindex-families-2024-v5
mitsubishi-shogun,2004,17676,42.06,97.8,95.6,100.0,no different,false,motriskindex-families-2024-v5
mitsubishi-shogun,2005,16310,42.56,99.4,97.0,101.7,no different,false,motriskindex-families-2024-v5
mitsubishi-shogun,2006,13509,42.83,101.5,98.8,104.1,no different,false,motriskindex-families-2024-v5
mitsubishi-shogun,2007,13328,40.82,99.3,96.6,101.9,no different,false,motriskindex-families-2024-v5
mitsubishi-shogun,2008,6843,40.76,104.2,100.3,108.0,worse,false,motriskindex-families-2024-v5
mitsubishi-shogun,2009,4443,38.69,104.1,99.2,109.1,no different,false,motriskindex-families-2024-v5
mitsubishi-shogun,2010,6778,35.01,102.1,98.0,106.2,no different,false,motriskindex-families-2024-v5
mitsubishi-shogun,2011,6849,30.97,99.9,95.6,104.1,no different,false,motriskindex-families-2024-v5
mitsubishi-shogun,2012,4272,26.12,94.6,89.1,100.2,no different,false,motriskindex-families-2024-v5
mitsubishi-shogun,2013,5730,24.78,101.8,96.5,107.1,no different,false,motriskindex-families-2024-v5
mitsubishi-shogun,2014,9753,20.93,96.8,92.6,101.0,no different,false,motriskindex-families-2024-v5
mitsubishi-shogun,2015,11611,17.74,93.5,89.5,97.5,better,false,motriskindex-families-2024-v5
mitsubishi-shogun,2016,9781,17.14,100.9,96.1,105.7,no different,false,motriskindex-families-2024-v5
mitsubishi-shogun,2017,6230,14.93,95.2,89.1,101.3,no different,false,motriskindex-families-2024-v5
mitsubishi-shogun,2018,4649,14.26,95.7,88.4,103.0,no different,false,motriskindex-families-2024-v5
mitsubishi-shogun,2019,2225,14.79,104.8,93.4,116.1,no different,true,motriskindex-families-2024-v5
mitsubishi-shogun,2020,1326,14.93,109.9,94.6,125.2,no different,true,motriskindex-families-2024-v5
mitsubishi-shogun-pinin,2002,907,49.72,96.8,87.9,105.7,no different,true,motriskindex-families-2024-v5
mitsubishi-shogun-pinin,2003,1579,49.4,97.1,90.3,103.9,no different,true,motriskindex-families-2024-v5
mitsubishi-shogun-pinin,2004,2453,50.22,101.7,96.0,107.4,no different,true,motriskindex-families-2024-v5
mitsubishi-shogun-pinin,2005,3551,45.9,93.6,89.0,98.1,better,true,motriskindex-families-2024-v5
mitsubishi-shogun-pinin,2006,817,49.57,104.1,94.0,114.2,no different,true,motriskindex-families-2024-v5
mitsubishi-shogun-sport,2000,278,46.4,102.6,84.9,120.3,no different,true,motriskindex-families-2024-v5
mitsubishi-shogun-sport,2001,1045,43.54,97.1,88.2,106.0,no different,true,motriskindex-families-2024-v5
mitsubishi-shogun-sport,2002,2276,43.89,97.4,91.4,103.5,no different,true,motriskindex-families-2024-v5
mitsubishi-shogun-sport,2003,3423,44.2,98.6,93.6,103.5,no different,true,motriskindex-families-2024-v5
mitsubishi-shogun-sport,2004,10508,44.78,99.8,96.9,102.6,no different,false,motriskindex-families-2024-v5
mitsubishi-shogun-sport,2005,11913,43.87,97.8,95.1,100.4,no different,false,motriskindex-families-2024-v5
mitsubishi-shogun-sport,2006,9623,45.05,100.1,97.2,103.1,no different,false,motriskindex-families-2024-v5
mitsubishi-shogun-sport,2007,4203,42.99,97.0,92.5,101.5,no different,true,motriskindex-families-2024-v5
mitsubishi-space-star,2001,822,47.69,82.7,74.5,90.9,better,true,motriskindex-families-2024-v5
mitsubishi-space-star,2002,2330,55.97,97.8,92.5,103.1,no different,true,motriskindex-families-2024-v5
mitsubishi-space-star,2003,3935,56.34,98.8,94.7,103.0,no different,true,motriskindex-families-2024-v5
mitsubishi-space-star,2004,5854,55.02,98.3,94.9,101.7,no different,false,motriskindex-families-2024-v5
mitsubishi-space-star,2005,3338,53.98,95.6,91.2,100.1,no different,true,motriskindex-families-2024-v5
nissan-350z,2002,314,35.03,109.7,89.2,130.2,no different,true,motriskindex-families-2024-v5
nissan-350z,2003,2391,31.74,103.4,96.1,110.8,no different,true,motriskindex-families-2024-v5
nissan-350z,2004,8101,31.72,104.5,100.4,108.5,worse,false,motriskindex-families-2024-v5
nissan-350z,2005,7989,29.62,99.2,95.2,103.2,no different,false,motriskindex-families-2024-v5
nissan-350z,2006,5599,29.08,99.2,94.4,104.0,no different,false,motriskindex-families-2024-v5
nissan-350z,2007,4263,27.3,93.6,88.2,98.9,better,false,motriskindex-families-2024-v5
nissan-350z,2008,2567,25.87,90.1,83.3,97.0,better,true,motriskindex-families-2024-v5
nissan-350z,2009,923,21.13,75.0,64.5,85.6,better,true,motriskindex-families-2024-v5
nissan-370z,2009,1144,19.84,127.7,111.1,144.4,worse,true,motriskindex-families-2024-v5
nissan-370z,2010,3883,14.47,100.4,92.1,108.7,no different,true,motriskindex-families-2024-v5
nissan-370z,2011,1582,13.53,98.9,85.6,112.2,no different,true,motriskindex-families-2024-v5
nissan-370z,2012,436,15.37,115.4,87.8,143.1,no different,true,motriskindex-families-2024-v5
nissan-almera,1998,1216,48.68,101.3,93.1,109.4,no different,true,motriskindex-families-2024-v5
nissan-almera,1999,2039,50.71,106.9,100.4,113.4,worse,true,motriskindex-families-2024-v5
nissan-almera,2000,3225,46.42,99.4,94.3,104.4,no different,true,motriskindex-families-2024-v5
nissan-almera,2001,8974,45.84,99.2,96.1,102.2,no different,false,motriskindex-families-2024-v5
nissan-almera,2002,20865,47.36,103.0,101.0,105.0,worse,false,motriskindex-families-2024-v5
nissan-almera,2003,23416,43.52,95.1,93.3,97.0,better,false,motriskindex-families-2024-v5
nissan-almera,2004,37069,44.01,96.7,95.2,98.2,better,false,motriskindex-families-2024-v5
nissan-almera,2005,44546,45.52,99.7,98.3,101.0,no different,false,motriskindex-families-2024-v5
nissan-almera,2006,12173,43.22,95.7,93.1,98.3,better,false,motriskindex-families-2024-v5
nissan-cube,2006,265,22.64,55.8,41.7,69.9,better,true,motriskindex-families-2024-v5
nissan-cube,2007,373,30.56,78.3,64.0,92.7,better,true,motriskindex-families-2024-v5
nissan-cube,2008,650,26.92,71.0,60.5,81.5,better,true,motriskindex-families-2024-v5
nissan-cube,2009,591,28.76,77.4,65.8,89.0,better,true,motriskindex-families-2024-v5
nissan-cube,2010,5536,36.71,100.2,95.8,104.5,no different,false,motriskindex-families-2024-v5
nissan-cube,2011,612,30.39,86.0,73.6,98.4,better,true,motriskindex-families-2024-v5
nissan-cube,2012,253,10.67,30.8,19.2,42.4,better,true,motriskindex-families-2024-v5
nissan-e-nv200,2018,1190,25.13,100.5,89.1,111.9,no different,true,motriskindex-families-2024-v5
nissan-e-nv200,2019,4771,24.54,99.3,93.6,104.9,no different,false,motriskindex-families-2024-v5
nissan-e-nv200,2020,4482,28.65,114.3,108.1,120.6,worse,false,motriskindex-families-2024-v5
nissan-elgrand,2000,405,46.91,135.9,116.6,155.3,worse,true,motriskindex-families-2024-v5
nissan-elgrand,2001,375,40.53,122.2,102.8,141.6,worse,true,motriskindex-families-2024-v5
nissan-elgrand,2002,2134,36.55,112.1,104.2,119.9,worse,true,motriskindex-families-2024-v5
nissan-elgrand,2003,2973,35.76,112.9,106.2,119.7,worse,true,motriskindex-families-2024-v5
nissan-elgrand,2004,4393,30.94,100.7,95.3,106.0,no different,false,motriskindex-families-2024-v5
nissan-elgrand,2005,6503,29.34,99.5,95.0,104.0,no different,false,motriskindex-families-2024-v5
nissan-elgrand,2006,4688,28.22,98.3,93.0,103.6,no different,false,motriskindex-families-2024-v5
nissan-elgrand,2007,5726,27.12,97.9,93.0,102.7,no different,false,motriskindex-families-2024-v5
nissan-elgrand,2008,4621,26.55,98.9,93.4,104.4,no different,false,motriskindex-families-2024-v5
nissan-elgrand,2009,2000,26.65,104.1,95.2,112.9,no different,true,motriskindex-families-2024-v5
nissan-elgrand,2010,2055,23.16,94.2,85.8,102.7,no different,true,motriskindex-families-2024-v5
nissan-elgrand,2011,924,24.46,102.4,89.0,115.7,no different,true,motriskindex-families-2024-v5
nissan-elgrand,2012,469,27.72,99.7,82.6,116.9,no different,true,motriskindex-families-2024-v5
nissan-elgrand,2013,368,38.59,100.6,84.1,117.2,no different,true,motriskindex-families-2024-v5
nissan-elgrand,2014,786,35.62,90.8,80.1,101.4,no different,true,motriskindex-families-2024-v5
nissan-elgrand,2015,1903,40.99,104.6,97.3,111.9,no different,true,motriskindex-families-2024-v5
nissan-elgrand,2016,2361,41.04,105.0,98.3,111.6,no different,true,motriskindex-families-2024-v5
nissan-elgrand,2017,2810,38.72,102.5,96.4,108.6,no different,true,motriskindex-families-2024-v5
nissan-elgrand,2018,2045,36.04,102.3,94.9,109.6,no different,true,motriskindex-families-2024-v5
nissan-elgrand,2019,1646,31.83,94.2,86.1,102.2,no different,true,motriskindex-families-2024-v5
nissan-elgrand,2020,1213,34.13,105.3,95.2,115.4,no different,true,motriskindex-families-2024-v5
nissan-gt-r,2009,3885,8.24,99.2,88.4,110.1,no different,true,motriskindex-families-2024-v5
nissan-gt-r,2010,1507,8.69,101.5,84.1,118.9,no different,true,motriskindex-families-2024-v5
nissan-gt-r,2011,745,5.64,63.2,44.1,82.3,better,true,motriskindex-families-2024-v5
nissan-gt-r,2012,475,6.32,71.0,45.6,96.4,better,true,motriskindex-families-2024-v5
nissan-gt-r,2013,262,9.16,96.9,58.1,135.6,no different,true,motriskindex-families-2024-v5
nissan-juke,2010,29156,42.32,98.6,96.9,100.4,no different,false,motriskindex-families-2024-v5
nissan-juke,2011,118829,40.69,100.8,99.9,101.7,no different,false,motriskindex-families-2024-v5
nissan-juke,2012,161429,37.86,102.5,101.6,103.3,worse,false,motriskindex-families-2024-v5
nissan-juke,2013,210248,37.53,113.7,112.9,114.5,worse,false,motriskindex-families-2024-v5
nissan-juke,2014,221480,28.87,101.0,100.2,101.8,worse,false,motriskindex-families-2024-v5
nissan-juke,2015,229183,23.38,96.1,95.3,96.9,better,false,motriskindex-families-2024-v5
nissan-juke,2016,223342,19.01,94.7,93.8,95.6,better,false,motriskindex-families-2024-v5
nissan-juke,2017,195976,16.02,92.4,91.4,93.4,better,false,motriskindex-families-2024-v5
nissan-juke,2018,96466,15.26,98.2,96.6,99.7,better,false,motriskindex-families-2024-v5
nissan-juke,2019,58321,15.06,109.4,107.1,111.7,worse,false,motriskindex-families-2024-v5
nissan-juke,2020,35757,11.73,93.8,91.0,96.7,better,false,motriskindex-families-2024-v5
nissan-leaf,2011,2759,30.77,90.2,84.2,96.3,better,true,motriskindex-families-2024-v5
nissan-leaf,2012,2923,28.53,88.0,82.0,94.0,better,true,motriskindex-families-2024-v5
nissan-leaf,2013,7687,33.84,113.4,109.1,117.8,worse,false,motriskindex-families-2024-v5
nissan-leaf,2014,18566,29.35,111.7,108.7,114.6,worse,false,motriskindex-families-2024-v5
nissan-leaf,2015,24274,23.19,104.6,101.9,107.3,worse,false,motriskindex-families-2024-v5
nissan-leaf,2016,24333,19.02,105.2,102.1,108.2,worse,false,motriskindex-families-2024-v5
nissan-leaf,2017,26791,14.81,96.4,93.4,99.4,better,false,motriskindex-families-2024-v5
nissan-leaf,2018,20712,12.31,89.6,86.1,93.1,better,false,motriskindex-families-2024-v5
nissan-leaf,2019,15805,10.72,89.0,84.8,93.2,better,false,motriskindex-families-2024-v5
nissan-leaf,2020,15916,10.09,96.3,91.6,101.0,no different,false,motriskindex-families-2024-v5
nissan-micra,1998,7815,50.89,100.9,97.8,104.0,no different,false,motriskindex-families-2024-v5
nissan-micra,1999,17919,49.13,98.2,96.1,100.2,no different,false,motriskindex-families-2024-v5
nissan-micra,2000,26324,50.41,101.7,99.9,103.4,no different,false,motriskindex-families-2024-v5
nissan-micra,2001,39429,48.64,99.0,97.6,100.4,no different,false,motriskindex-families-2024-v5
nissan-micra,2002,68903,46.88,96.7,95.6,97.7,better,false,motriskindex-families-2024-v5
nissan-micra,2003,91991,48.56,101.0,100.1,102.0,worse,false,motriskindex-families-2024-v5
nissan-micra,2004,93876,48.78,103.4,102.4,104.3,worse,false,motriskindex-families-2024-v5
nissan-micra,2005,121227,48.54,105.5,104.7,106.4,worse,false,motriskindex-families-2024-v5
nissan-micra,2006,124991,43.63,98.2,97.4,99.1,better,false,motriskindex-families-2024-v5
nissan-micra,2007,88788,41.72,97.9,96.9,98.9,better,false,motriskindex-families-2024-v5
nissan-micra,2008,92711,37.99,93.5,92.6,94.5,better,false,motriskindex-families-2024-v5
nissan-micra,2009,99796,37.57,97.6,96.6,98.6,better,false,motriskindex-families-2024-v5
nissan-micra,2010,98496,36.79,102.0,100.9,103.0,worse,false,motriskindex-families-2024-v5
nissan-micra,2011,77029,33.51,99.9,98.7,101.1,no different,false,motriskindex-families-2024-v5
nissan-micra,2012,69478,33.26,107.1,105.7,108.4,worse,false,motriskindex-families-2024-v5
nissan-micra,2013,69166,28.47,100.2,98.8,101.6,no different,false,motriskindex-families-2024-v5
nissan-micra,2014,84836,23.8,93.0,91.7,94.3,better,false,motriskindex-families-2024-v5
nissan-micra,2015,78055,20.45,90.8,89.4,92.2,better,false,motriskindex-families-2024-v5
nissan-micra,2016,64555,19.41,100.6,98.9,102.4,no different,false,motriskindex-families-2024-v5
nissan-micra,2017,65232,19.79,113.5,111.5,115.4,worse,false,motriskindex-families-2024-v5
nissan-micra,2018,40531,15.99,100.7,98.3,103.2,no different,false,motriskindex-families-2024-v5
nissan-micra,2019,26066,12.2,86.4,83.4,89.5,better,false,motriskindex-families-2024-v5
nissan-micra,2020,12576,10.29,83.3,78.8,87.8,better,false,motriskindex-families-2024-v5
nissan-navara,2001,456,46.93,102.3,88.6,116.0,no different,true,motriskindex-families-2024-v5
nissan-navara,2002,999,46.25,100.6,91.4,109.8,no different,true,motriskindex-families-2024-v5
nissan-navara,2003,3097,45.27,99.1,93.9,104.3,no different,true,motriskindex-families-2024-v5
nissan-navara,2004,8407,44.03,96.2,93.1,99.3,better,false,motriskindex-families-2024-v5
nissan-navara,2005,13215,45.17,98.3,95.8,100.8,no different,false,motriskindex-families-2024-v5
nissan-navara,2006,17798,46.72,101.5,99.4,103.7,no different,false,motriskindex-families-2024-v5
nissan-navara,2007,19564,45.48,98.8,96.7,100.8,no different,false,motriskindex-families-2024-v5
nissan-navara,2008,14755,46.57,101.9,99.5,104.3,no different,false,motriskindex-families-2024-v5
nissan-navara,2009,14035,47.03,104.2,101.7,106.8,worse,false,motriskindex-families-2024-v5
nissan-navara,2010,13658,44.08,100.5,98.0,103.1,no different,false,motriskindex-families-2024-v5
nissan-navara,2011,27329,42.65,102.3,100.4,104.1,worse,false,motriskindex-families-2024-v5
nissan-navara,2012,21726,41.78,106.7,104.5,108.9,worse,false,motriskindex-families-2024-v5
nissan-navara,2013,21847,35.65,98.8,96.6,101.0,no different,false,motriskindex-families-2024-v5
nissan-navara,2014,22414,33.12,101.5,99.2,103.8,no different,false,motriskindex-families-2024-v5
nissan-navara,2015,24416,29.6,102.0,99.6,104.3,no different,false,motriskindex-families-2024-v5
nissan-navara,2016,48018,21.58,85.8,84.1,87.4,better,false,motriskindex-families-2024-v5
nissan-navara,2017,48678,23.77,104.5,102.6,106.4,worse,false,motriskindex-families-2024-v5
nissan-navara,2018,33196,23.01,108.1,105.6,110.5,worse,false,motriskindex-families-2024-v5
nissan-navara,2019,23045,19.58,100.4,97.4,103.3,no different,false,motriskindex-families-2024-v5
nissan-navara,2020,8871,18.54,104.0,98.9,109.0,no different,false,motriskindex-families-2024-v5
nissan-note,2006,64096,49.58,104.3,103.2,105.5,worse,false,motriskindex-families-2024-v5
nissan-note,2007,83129,47.88,103.7,102.6,104.7,worse,false,motriskindex-families-2024-v5
nissan-note,2008,101357,45.11,101.4,100.4,102.3,worse,false,motriskindex-families-2024-v5
nissan-note,2009,95055,41.85,99.2,98.3,100.2,no different,false,motriskindex-families-2024-v5
nissan-note,2010,89155,40.76,103.9,102.8,105.0,worse,false,motriskindex-families-2024-v5
nissan-note,2011,74468,38.72,108.3,107.1,109.6,worse,false,motriskindex-families-2024-v5
nissan-note,2012,70967,35.69,112.3,110.9,113.6,worse,false,motriskindex-families-2024-v5
nissan-note,2013,71105,30.57,110.6,109.1,112.0,worse,false,motriskindex-families-2024-v5
nissan-note,2014,132153,20.44,87.1,86.0,88.1,better,false,motriskindex-families-2024-v5
nissan-note,2015,90446,16.33,81.9,80.6,83.3,better,false,motriskindex-families-2024-v5
nissan-note,2016,65267,13.24,78.7,77.1,80.4,better,false,motriskindex-families-2024-v5
nissan-note,2017,27321,12.87,86.3,83.4,89.2,better,false,motriskindex-families-2024-v5
nissan-nv200,2009,696,43.53,89.4,79.3,99.5,better,true,motriskindex-families-2024-v5
nissan-nv200,2010,7463,45.69,95.0,91.8,98.2,better,false,motriskindex-families-2024-v5
nissan-nv200,2011,13785,47.68,100.1,97.7,102.5,no different,false,motriskindex-families-2024-v5
nissan-nv200,2012,18440,48.9,105.5,103.3,107.7,worse,false,motriskindex-families-2024-v5
nissan-nv200,2013,24135,47.09,105.4,103.5,107.3,worse,false,motriskindex-families-2024-v5
nissan-nv200,2014,18323,43.4,103.6,101.4,105.9,worse,false,motriskindex-families-2024-v5
nissan-nv200,2015,25235,38.29,98.0,96.0,100.0,no different,false,motriskindex-families-2024-v5
nissan-nv200,2016,20251,34.4,96.2,93.9,98.4,better,false,motriskindex-families-2024-v5
nissan-nv200,2017,12291,28.71,86.5,83.6,89.3,better,false,motriskindex-families-2024-v5
nissan-nv200,2018,7196,32.77,103.7,99.5,107.9,no different,false,motriskindex-families-2024-v5
nissan-nv200,2019,2425,32.33,110.4,102.6,118.1,worse,true,motriskindex-families-2024-v5
nissan-nv200,2020,290,22.76,81.3,61.7,100.9,no different,true,motriskindex-families-2024-v5
nissan-nv250,2019,227,33.48,116.0,89.9,142.0,no different,true,motriskindex-families-2024-v5
nissan-nv250,2020,1266,29.86,103.2,92.8,113.6,no different,true,motriskindex-families-2024-v5
nissan-nv300,2016,240,21.67,79.4,57.8,100.9,no different,true,motriskindex-families-2024-v5
nissan-nv300,2017,2748,26.56,100.9,93.5,108.2,no different,true,motriskindex-families-2024-v5
nissan-nv300,2018,1611,25.7,104.1,94.1,114.1,no different,true,motriskindex-families-2024-v5
nissan-nv300,2019,1062,23.63,99.8,87.4,112.1,no different,true,motriskindex-families-2024-v5
nissan-nv300,2020,730,24.38,112.7,96.2,129.3,no different,true,motriskindex-families-2024-v5
nissan-pathfinder,2005,5087,46.0,95.7,91.9,99.6,better,false,motriskindex-families-2024-v5
nissan-pathfinder,2006,8728,48.03,98.6,95.6,101.6,no different,false,motriskindex-families-2024-v5
nissan-pathfinder,2007,8978,50.14,102.3,99.3,105.2,no different,false,motriskindex-families-2024-v5
nissan-pathfinder,2008,4134,50.36,103.3,98.8,107.7,no different,false,motriskindex-families-2024-v5
nissan-pathfinder,2009,5054,51.37,107.4,103.2,111.5,worse,false,motriskindex-families-2024-v5
nissan-pathfinder,2010,3155,42.09,90.5,85.6,95.3,better,true,motriskindex-families-2024-v5
nissan-pathfinder,2011,3987,41.69,92.3,87.9,96.7,better,true,motriskindex-families-2024-v5
nissan-pathfinder,2012,2498,41.83,98.0,92.1,104.0,no different,true,motriskindex-families-2024-v5
nissan-pathfinder,2013,2420,40.08,101.1,94.8,107.5,no different,true,motriskindex-families-2024-v5
nissan-pathfinder,2014,1700,36.41,96.8,89.1,104.4,no different,true,motriskindex-families-2024-v5
nissan-pickup,2001,363,49.31,104.9,89.6,120.3,no different,true,motriskindex-families-2024-v5
nissan-pickup,2002,822,47.93,101.4,91.4,111.4,no different,true,motriskindex-families-2024-v5
nissan-pickup,2003,1920,47.86,100.4,93.9,106.9,no different,true,motriskindex-families-2024-v5
nissan-pickup,2004,3261,45.45,96.6,91.7,101.5,no different,true,motriskindex-families-2024-v5
nissan-pickup,2005,1073,44.27,96.9,88.2,105.6,no different,true,motriskindex-families-2024-v5
nissan-pickup,2006,446,43.5,94.6,81.3,107.9,no different,true,motriskindex-families-2024-v5
nissan-pickup,2007,266,41.73,91.4,74.4,108.4,no different,true,motriskindex-families-2024-v5
nissan-pixo,2009,22715,34.27,100.4,98.2,102.7,no different,false,motriskindex-families-2024-v5
nissan-pixo,2010,25689,33.33,102.5,100.3,104.7,worse,false,motriskindex-families-2024-v5
nissan-pixo,2011,12721,30.16,97.9,94.8,101.0,no different,false,motriskindex-families-2024-v5
nissan-pixo,2012,11232,27.9,96.4,93.0,99.8,better,false,motriskindex-families-2024-v5
nissan-pixo,2013,3034,26.66,99.4,92.5,106.2,no different,true,motriskindex-families-2024-v5
nissan-primastar,2002,310,57.42,105.0,89.6,120.4,no different,true,motriskindex-families-2024-v5
nissan-primastar,2003,4135,55.43,102.4,98.2,106.6,no different,false,motriskindex-families-2024-v5
nissan-primastar,2004,6702,54.45,100.0,96.8,103.3,no different,false,motriskindex-families-2024-v5
nissan-primastar,2005,8166,54.8,100.9,98.0,103.9,no different,false,motriskindex-families-2024-v5
nissan-primastar,2006,8731,53.42,98.1,95.3,100.9,no different,false,motriskindex-families-2024-v5
nissan-primastar,2007,10164,53.52,98.4,95.8,101.0,no different,false,motriskindex-families-2024-v5
nissan-primastar,2008,6716,53.34,98.4,95.2,101.7,no different,false,motriskindex-families-2024-v5
nissan-primastar,2009,5509,52.91,97.9,94.4,101.5,no different,false,motriskindex-families-2024-v5
nissan-primastar,2010,2959,53.97,100.5,95.6,105.4,no different,true,motriskindex-families-2024-v5
nissan-primastar,2011,6280,54.03,101.6,98.2,105.0,no different,false,motriskindex-families-2024-v5
nissan-primastar,2012,3183,51.65,100.0,95.2,104.8,no different,true,motriskindex-families-2024-v5
nissan-primastar,2013,3155,49.45,99.2,94.3,104.2,no different,true,motriskindex-families-2024-v5
nissan-primastar,2014,2723,46.64,97.4,92.1,102.8,no different,true,motriskindex-families-2024-v5
nissan-primera,1998,1174,45.66,96.0,87.8,104.1,no different,true,motriskindex-families-2024-v5
nissan-primera,1999,1787,44.94,94.4,87.8,100.9,no different,true,motriskindex-families-2024-v5
nissan-primera,2000,1136,46.92,99.9,91.4,108.4,no different,true,motriskindex-families-2024-v5
nissan-primera,2001,2071,44.28,93.9,87.8,99.9,better,true,motriskindex-families-2024-v5
nissan-primera,2002,4284,48.06,101.6,97.2,106.0,no different,false,motriskindex-families-2024-v5
nissan-primera,2003,5170,47.37,98.4,94.5,102.3,no different,false,motriskindex-families-2024-v5
nissan-primera,2004,6676,46.54,96.8,93.4,100.2,no different,false,motriskindex-families-2024-v5
nissan-primera,2005,8875,47.86,98.1,95.1,101.0,no different,false,motriskindex-families-2024-v5
nissan-primera,2006,5884,46.41,95.6,92.0,99.1,better,false,motriskindex-families-2024-v5
nissan-pulsar,2014,8031,27.1,105.9,101.5,110.4,worse,false,motriskindex-families-2024-v5
nissan-pulsar,2015,45915,22.69,106.0,104.0,108.0,worse,false,motriskindex-families-2024-v5
nissan-pulsar,2016,37640,17.64,100.4,98.0,102.8,no different,false,motriskindex-families-2024-v5
nissan-pulsar,2017,21514,13.72,90.4,87.1,93.7,better,false,motriskindex-families-2024-v5
nissan-pulsar,2018,8134,12.05,89.7,84.1,95.4,better,false,motriskindex-families-2024-v5
nissan-qashqai,2007,74354,55.51,101.3,100.3,102.3,worse,false,motriskindex-families-2024-v5
nissan-qashqai,2008,91491,55.37,104.1,103.2,105.0,worse,false,motriskindex-families-2024-v5
nissan-qashqai,2009,144929,55.06,108.5,107.7,109.2,worse,false,motriskindex-families-2024-v5
nissan-qashqai,2010,190221,48.52,103.1,102.4,103.7,worse,false,motriskindex-families-2024-v5
nissan-qashqai,2011,202308,44.15,103.7,103.0,104.4,worse,false,motriskindex-families-2024-v5
nissan-qashqai,2012,244022,41.35,110.0,109.3,110.7,worse,false,motriskindex-families-2024-v5
nissan-qashqai,2013,274546,34.77,108.0,107.3,108.7,worse,false,motriskindex-families-2024-v5
nissan-qashqai,2014,270333,24.21,89.8,89.1,90.5,better,false,motriskindex-families-2024-v5
nissan-qashqai,2015,338514,20.01,90.1,89.4,90.7,better,false,motriskindex-families-2024-v5
nissan-qashqai,2016,353654,16.93,94.2,93.5,95.0,better,false,motriskindex-families-2024-v5
nissan-qashqai,2017,315765,14.34,92.8,91.9,93.6,better,false,motriskindex-families-2024-v5
nissan-qashqai,2018,191750,14.11,101.7,100.5,103.0,worse,false,motriskindex-families-2024-v5
nissan-qashqai,2019,152446,11.78,96.0,94.6,97.4,better,false,motriskindex-families-2024-v5
nissan-qashqai,2020,64229,9.82,90.9,88.7,93.2,better,false,motriskindex-families-2024-v5
nissan-terrano,2001,832,47.24,94.5,85.2,103.8,no different,true,motriskindex-families-2024-v5
nissan-terrano,2002,1716,49.24,99.3,92.6,105.9,no different,true,motriskindex-families-2024-v5
nissan-terrano,2003,2964,48.04,97.5,92.4,102.5,no different,true,motriskindex-families-2024-v5
nissan-terrano,2004,4528,47.37,96.0,92.0,100.1,no different,false,motriskindex-families-2024-v5
nissan-terrano,2005,3144,48.44,97.9,93.0,102.8,no different,true,motriskindex-families-2024-v5
nissan-terrano,2006,577,51.65,106.9,94.8,119.1,no different,true,motriskindex-families-2024-v5
nissan-x-trail,2001,665,53.53,108.0,96.8,119.3,no different,true,motriskindex-families-2024-v5
nissan-x-trail,2002,4810,47.26,95.9,92.0,99.9,better,false,motriskindex-families-2024-v5
nissan-x-trail,2003,14852,49.5,100.9,98.6,103.2,no different,false,motriskindex-families-2024-v5
nissan-x-trail,2004,24863,47.98,97.6,95.8,99.3,better,false,motriskindex-families-2024-v5
nissan-x-trail,2005,35295,47.56,97.2,95.7,98.6,better,false,motriskindex-families-2024-v5
nissan-x-trail,2006,37434,49.02,101.1,99.6,102.5,no different,false,motriskindex-families-2024-v5
nissan-x-trail,2007,29714,47.63,100.2,98.6,101.9,no different,false,motriskindex-families-2024-v5
nissan-x-trail,2008,21265,46.89,101.2,99.2,103.2,no different,false,motriskindex-families-2024-v5
nissan-x-trail,2009,12790,45.04,101.6,99.0,104.2,no different,false,motriskindex-families-2024-v5
nissan-x-trail,2010,8759,43.57,104.7,101.4,108.1,worse,false,motriskindex-families-2024-v5
nissan-x-trail,2011,12684,38.65,101.0,98.1,103.8,no different,false,motriskindex-families-2024-v5
nissan-x-trail,2012,10169,32.57,95.0,91.8,98.2,better,false,motriskindex-families-2024-v5
nissan-x-trail,2013,9574,28.03,93.1,89.6,96.6,better,false,motriskindex-families-2024-v5
nissan-x-trail,2014,23188,25.76,98.8,96.3,101.3,no different,false,motriskindex-families-2024-v5
nissan-x-trail,2015,49469,23.95,106.8,104.9,108.8,worse,false,motriskindex-families-2024-v5
nissan-x-trail,2016,90412,19.85,104.7,103.2,106.3,worse,false,motriskindex-families-2024-v5
nissan-x-trail,2017,90897,16.37,97.5,96.0,99.1,better,false,motriskindex-families-2024-v5
nissan-x-trail,2018,36206,14.69,94.6,92.0,97.1,better,false,motriskindex-families-2024-v5
nissan-x-trail,2019,17016,14.35,99.6,95.7,103.6,no different,false,motriskindex-families-2024-v5
nissan-x-trail,2020,9745,12.37,93.9,88.6,99.2,better,false,motriskindex-families-2024-v5
perodua-myvi,2007,683,32.94,108.4,94.2,122.5,no different,true,motriskindex-families-2024-v5
perodua-myvi,2008,751,32.62,108.0,94.5,121.5,no different,true,motriskindex-families-2024-v5
perodua-myvi,2009,1560,29.94,103.2,93.9,112.6,no different,true,motriskindex-families-2024-v5
perodua-myvi,2010,2330,27.47,98.3,90.7,106.0,no different,true,motriskindex-families-2024-v5
perodua-myvi,2011,2349,27.2,99.8,92.0,107.5,no different,true,motriskindex-families-2024-v5
perodua-myvi,2012,1635,23.67,91.2,82.1,100.3,no different,true,motriskindex-families-2024-v5
perodua-myvi,2013,649,22.8,88.2,74.0,102.4,no different,true,motriskindex-families-2024-v5
peugeot-1007,2005,5496,43.54,103.8,99.6,107.9,no different,false,motriskindex-families-2024-v5
peugeot-1007,2006,8367,40.31,98.3,95.0,101.7,no different,false,motriskindex-families-2024-v5
peugeot-1007,2007,4760,38.97,94.1,89.8,98.4,better,false,motriskindex-families-2024-v5
peugeot-1007,2008,701,41.51,102.9,91.1,114.7,no different,true,motriskindex-families-2024-v5
peugeot-106,1998,2973,46.55,94.7,89.7,99.6,better,true,motriskindex-families-2024-v5
peugeot-106,1999,1648,50.06,100.7,93.8,107.6,no different,true,motriskindex-families-2024-v5
peugeot-106,2000,4653,49.54,100.4,96.3,104.5,no different,false,motriskindex-families-2024-v5
peugeot-106,2001,9749,48.92,99.0,96.2,101.9,no different,false,motriskindex-families-2024-v5
peugeot-106,2002,11064,48.33,98.1,95.4,100.7,no different,false,motriskindex-families-2024-v5
peugeot-106,2003,6072,45.75,93.1,89.6,96.5,better,false,motriskindex-families-2024-v5
peugeot-107,2005,15038,48.27,105.5,103.1,107.9,worse,false,motriskindex-families-2024-v5
peugeot-107,2006,58995,44.87,102.4,101.2,103.7,worse,false,motriskindex-families-2024-v5
peugeot-107,2007,69512,42.08,101.0,99.8,102.2,no different,false,motriskindex-families-2024-v5
peugeot-107,2008,81418,42.2,107.6,106.4,108.7,worse,false,motriskindex-families-2024-v5
peugeot-107,2009,83535,38.17,104.5,103.3,105.6,worse,false,motriskindex-families-2024-v5
peugeot-107,2010,89735,32.02,95.3,94.2,96.4,better,false,motriskindex-families-2024-v5
peugeot-107,2011,88659,29.88,97.6,96.4,98.8,better,false,motriskindex-families-2024-v5
peugeot-107,2012,96910,27.06,97.3,96.1,98.4,better,false,motriskindex-families-2024-v5
peugeot-107,2013,98814,24.51,97.1,95.9,98.3,better,false,motriskindex-families-2024-v5
peugeot-107,2014,52913,21.18,93.3,91.6,95.1,better,false,motriskindex-families-2024-v5
peugeot-108,2014,42996,19.85,103.7,101.5,105.9,worse,false,motriskindex-families-2024-v5
peugeot-108,2015,110084,17.81,104.1,102.6,105.6,worse,false,motriskindex-families-2024-v5
peugeot-108,2016,103216,15.24,102.3,100.7,103.9,worse,false,motriskindex-families-2024-v5
peugeot-108,2017,63420,13.01,95.4,93.3,97.5,better,false,motriskindex-families-2024-v5
peugeot-108,2018,33832,12.62,98.4,95.5,101.4,no different,false,motriskindex-families-2024-v5
peugeot-108,2019,15623,10.54,90.6,86.2,95.0,better,false,motriskindex-families-2024-v5
peugeot-108,2020,9306,9.7,95.0,88.8,101.2,no different,false,motriskindex-families-2024-v5
peugeot-2008,2013,20789,32.84,100.0,97.6,102.3,no different,false,motriskindex-families-2024-v5
peugeot-2008,2014,95536,30.14,103.1,101.9,104.3,worse,false,motriskindex-families-2024-v5
peugeot-2008,2015,103984,25.5,101.4,100.2,102.6,worse,false,motriskindex-families-2024-v5
peugeot-2008,2016,111231,21.47,101.3,100.0,102.6,no different,false,motriskindex-families-2024-v5
peugeot-2008,2017,87471,19.1,102.6,101.0,104.1,worse,false,motriskindex-families-2024-v5
peugeot-2008,2018,64148,16.49,98.2,96.3,100.1,no different,false,motriskindex-families-2024-v5
peugeot-2008,2019,46323,13.15,90.3,88.0,92.6,better,false,motriskindex-families-2024-v5
peugeot-2008,2020,23024,14.02,109.6,105.9,113.4,worse,false,motriskindex-families-2024-v5
peugeot-206,1998,554,60.11,111.6,99.6,123.6,no different,true,motriskindex-families-2024-v5
peugeot-206,1999,5661,56.9,107.2,103.5,110.9,worse,false,motriskindex-families-2024-v5
peugeot-206,2000,14788,54.63,104.1,101.9,106.4,worse,false,motriskindex-families-2024-v5
peugeot-206,2001,36753,52.66,101.1,99.7,102.5,no different,false,motriskindex-families-2024-v5
peugeot-206,2002,65339,53.95,103.8,102.7,104.8,worse,false,motriskindex-families-2024-v5
peugeot-206,2003,87450,52.14,100.7,99.7,101.6,no different,false,motriskindex-families-2024-v5
peugeot-206,2004,113839,49.32,96.1,95.3,96.9,better,false,motriskindex-families-2024-v5
peugeot-206,2005,109909,48.97,96.3,95.5,97.1,better,false,motriskindex-families-2024-v5
peugeot-206,2006,73440,48.04,96.0,95.0,97.0,better,false,motriskindex-families-2024-v5
peugeot-206,2007,26987,44.46,91.6,90.0,93.2,better,false,motriskindex-families-2024-v5
peugeot-206,2008,11486,44.47,93.9,91.3,96.5,better,false,motriskindex-families-2024-v5
peugeot-206,2009,5237,44.43,96.6,92.7,100.6,no different,false,motriskindex-families-2024-v5
peugeot-207,2006,65599,50.93,99.1,98.0,100.2,no different,false,motriskindex-families-2024-v5
peugeot-207,2007,196547,50.39,98.9,98.2,99.5,better,false,motriskindex-families-2024-v5
peugeot-207,2008,187302,51.27,102.0,101.3,102.6,worse,false,motriskindex-families-2024-v5
peugeot-207,2009,201841,50.69,103.4,102.7,104.0,worse,false,motriskindex-families-2024-v5
peugeot-207,2010,192056,46.21,97.9,97.2,98.5,better,false,motriskindex-families-2024-v5
peugeot-207,2011,152478,44.21,98.0,97.3,98.7,better,false,motriskindex-families-2024-v5
peugeot-207,2012,94072,40.18,94.8,93.8,95.8,better,false,motriskindex-families-2024-v5
peugeot-207,2013,17806,36.27,92.9,90.6,95.2,better,false,motriskindex-families-2024-v5
peugeot-207,2014,6073,27.19,79.7,75.8,83.5,better,false,motriskindex-families-2024-v5
peugeot-208,2012,90361,35.94,106.3,105.1,107.5,worse,false,motriskindex-families-2024-v5
peugeot-208,2013,205580,32.01,103.9,103.1,104.7,worse,false,motriskindex-families-2024-v5
peugeot-208,2014,177475,27.8,101.4,100.5,102.3,worse,false,motriskindex-families-2024-v5
peugeot-208,2015,168164,22.87,96.2,95.2,97.2,better,false,motriskindex-families-2024-v5
peugeot-208,2016,156546,19.16,95.9,94.8,97.0,better,false,motriskindex-families-2024-v5
peugeot-208,2017,92575,17.39,97.7,96.2,99.2,better,false,motriskindex-families-2024-v5
peugeot-208,2018,61490,15.79,98.1,96.2,100.1,no different,false,motriskindex-families-2024-v5
peugeot-208,2019,51376,13.29,95.3,93.1,97.6,better,false,motriskindex-families-2024-v5
peugeot-208,2020,26469,15.06,127.1,123.1,131.0,worse,false,motriskindex-families-2024-v5
peugeot-3008,2009,5615,52.56,109.4,105.5,113.4,worse,false,motriskindex-families-2024-v5
peugeot-3008,2010,59768,48.52,107.3,106.0,108.5,worse,false,motriskindex-families-2024-v5
peugeot-3008,2011,68632,40.65,96.1,95.0,97.3,better,false,motriskindex-families-2024-v5
peugeot-3008,2012,67569,38.22,98.1,96.9,99.3,better,false,motriskindex-families-2024-v5
peugeot-3008,2013,67525,40.13,114.3,112.9,115.6,worse,false,motriskindex-families-2024-v5
peugeot-3008,2014,50231,30.31,99.1,97.6,100.7,no different,false,motriskindex-families-2024-v5
peugeot-3008,2015,49347,25.35,97.9,96.2,99.7,better,false,motriskindex-families-2024-v5
peugeot-3008,2016,40104,23.94,111.9,109.7,114.1,worse,false,motriskindex-families-2024-v5
peugeot-3008,2017,87289,16.14,87.4,86.0,88.9,better,false,motriskindex-families-2024-v5
peugeot-3008,2018,75472,15.39,94.7,92.9,96.4,better,false,motriskindex-families-2024-v5
peugeot-3008,2019,58230,13.77,99.1,97.0,101.3,no different,false,motriskindex-families-2024-v5
peugeot-3008,2020,23751,11.94,97.4,93.8,101.0,no different,false,motriskindex-families-2024-v5
peugeot-306,1998,3033,48.7,99.6,94.5,104.6,no different,true,motriskindex-families-2024-v5
peugeot-306,1999,5473,48.46,97.5,93.8,101.2,no different,false,motriskindex-families-2024-v5
peugeot-306,2000,9731,48.65,98.0,95.2,100.8,no different,false,motriskindex-families-2024-v5
peugeot-306,2001,8719,46.2,94.1,91.2,97.0,better,false,motriskindex-families-2024-v5
peugeot-306,2002,1837,44.15,91.8,85.5,98.1,better,true,motriskindex-families-2024-v5
peugeot-307,2001,5511,56.61,102.9,99.3,106.5,no different,false,motriskindex-families-2024-v5
peugeot-307,2002,23861,55.44,100.9,99.2,102.6,no different,false,motriskindex-families-2024-v5
peugeot-307,2003,38503,55.7,101.1,99.8,102.5,no different,false,motriskindex-families-2024-v5
peugeot-307,2004,54561,55.72,101.6,100.5,102.7,worse,false,motriskindex-families-2024-v5
peugeot-307,2005,63721,53.84,99.7,98.6,100.7,no different,false,motriskindex-families-2024-v5
peugeot-307,2006,84227,50.24,95.3,94.4,96.2,better,false,motriskindex-families-2024-v5
peugeot-307,2007,83941,50.17,96.7,95.8,97.6,better,false,motriskindex-families-2024-v5
peugeot-307,2008,18039,47.18,94.4,92.4,96.4,better,false,motriskindex-families-2024-v5
peugeot-307,2009,2826,44.41,93.0,87.8,98.1,better,true,motriskindex-families-2024-v5
peugeot-308,2007,10656,52.73,106.9,104.1,109.7,worse,false,motriskindex-families-2024-v5
peugeot-308,2008,83980,50.42,105.2,104.2,106.2,worse,false,motriskindex-families-2024-v5
peugeot-308,2009,97457,47.33,103.4,102.4,104.3,worse,false,motriskindex-families-2024-v5
peugeot-308,2010,92515,43.46,100.9,99.9,101.9,no different,false,motriskindex-families-2024-v5
peugeot-308,2011,66375,35.69,89.6,88.5,90.8,better,false,motriskindex-families-2024-v5
peugeot-308,2012,67311,35.45,97.5,96.3,98.7,better,false,motriskindex-families-2024-v5
peugeot-308,2013,66502,35.44,108.6,107.2,109.9,worse,false,motriskindex-families-2024-v5
peugeot-308,2014,76497,28.12,98.1,96.7,99.4,better,false,motriskindex-families-2024-v5
peugeot-308,2015,87511,23.86,96.2,94.9,97.5,better,false,motriskindex-families-2024-v5
peugeot-308,2016,90232,21.56,101.4,99.9,102.8,no different,false,motriskindex-families-2024-v5
peugeot-308,2017,49045,17.56,91.8,89.9,93.8,better,false,motriskindex-families-2024-v5
peugeot-308,2018,34525,17.94,102.0,99.4,104.5,no different,false,motriskindex-families-2024-v5
peugeot-308,2019,21726,14.77,92.8,89.6,96.0,better,false,motriskindex-families-2024-v5
peugeot-308,2020,7547,12.35,86.2,80.7,91.7,better,false,motriskindex-families-2024-v5
peugeot-4007,2007,1283,46.61,99.8,91.8,107.8,no different,true,motriskindex-families-2024-v5
peugeot-4007,2008,2533,48.32,105.3,99.4,111.1,no different,true,motriskindex-families-2024-v5
peugeot-4007,2009,3603,43.21,96.4,91.6,101.2,no different,true,motriskindex-families-2024-v5
peugeot-4007,2010,1326,39.89,91.8,84.0,99.6,better,true,motriskindex-families-2024-v5
peugeot-4007,2011,602,38.54,91.1,79.4,102.8,no different,true,motriskindex-families-2024-v5
peugeot-406,1998,1416,45.06,94.7,87.3,102.0,no different,true,motriskindex-families-2024-v5
peugeot-406,1999,2587,45.77,97.0,91.5,102.5,no different,true,motriskindex-families-2024-v5
peugeot-406,2000,4459,47.36,99.3,95.1,103.6,no different,false,motriskindex-families-2024-v5
peugeot-406,2001,6837,47.65,98.0,94.7,101.4,no different,false,motriskindex-families-2024-v5
peugeot-406,2002,7503,47.31,96.7,93.6,99.9,better,false,motriskindex-families-2024-v5
peugeot-406,2003,7515,48.02,97.4,94.3,100.6,no different,false,motriskindex-families-2024-v5
peugeot-406,2004,2006,47.46,94.2,88.2,100.2,no different,true,motriskindex-families-2024-v5
peugeot-407,2004,4978,47.23,97.8,93.9,101.8,no different,false,motriskindex-families-2024-v5
peugeot-407,2005,17563,48.2,100.2,98.1,102.4,no different,false,motriskindex-families-2024-v5
peugeot-407,2006,24379,47.02,98.9,97.1,100.7,no different,false,motriskindex-families-2024-v5
peugeot-407,2007,21959,46.02,98.0,96.0,99.9,better,false,motriskindex-families-2024-v5
peugeot-407,2008,11652,44.65,96.4,93.8,99.0,better,false,motriskindex-families-2024-v5
peugeot-407,2009,10829,44.66,98.7,96.0,101.5,no different,false,motriskindex-families-2024-v5
peugeot-407,2010,9115,43.6,98.8,95.7,101.9,no different,false,motriskindex-families-2024-v5
peugeot-407,2011,1251,41.41,96.8,88.4,105.1,no different,true,motriskindex-families-2024-v5
peugeot-5008,2010,15824,51.21,104.2,101.9,106.4,worse,false,motriskindex-families-2024-v5
peugeot-5008,2011,13419,44.38,94.2,91.9,96.6,better,false,motriskindex-families-2024-v5
peugeot-5008,2012,13872,44.73,99.2,96.7,101.7,no different,false,motriskindex-families-2024-v5
peugeot-5008,2013,15164,45.92,109.5,107.0,112.1,worse,false,motriskindex-families-2024-v5
peugeot-5008,2014,10920,40.7,107.4,104.3,110.6,worse,false,motriskindex-families-2024-v5
peugeot-5008,2015,10955,36.02,108.3,104.9,111.7,worse,false,motriskindex-families-2024-v5
peugeot-5008,2016,10892,33.73,118.4,114.5,122.2,worse,false,motriskindex-families-2024-v5
peugeot-5008,2017,3766,25.97,100.2,94.0,106.5,no different,true,motriskindex-families-2024-v5
peugeot-5008,2018,20727,19.05,84.0,81.4,86.6,better,false,motriskindex-families-2024-v5
peugeot-5008,2019,17326,17.59,88.5,85.4,91.7,better,false,motriskindex-families-2024-v5
peugeot-5008,2020,9607,17.19,96.1,91.5,100.8,no different,false,motriskindex-families-2024-v5
peugeot-508,2011,20051,32.08,98.9,96.5,101.3,no different,false,motriskindex-families-2024-v5
peugeot-508,2012,26179,32.0,103.0,100.8,105.2,worse,false,motriskindex-families-2024-v5
peugeot-508,2013,19577,30.21,104.2,101.5,106.8,worse,false,motriskindex-families-2024-v5
peugeot-508,2014,9293,25.29,96.4,92.5,100.3,no different,false,motriskindex-families-2024-v5
peugeot-508,2015,6854,21.33,88.5,83.9,93.0,better,false,motriskindex-families-2024-v5
peugeot-508,2016,5949,20.98,94.9,89.7,100.2,no different,false,motriskindex-families-2024-v5
peugeot-508,2017,2491,17.26,83.9,76.0,91.8,better,true,motriskindex-families-2024-v5
peugeot-508,2018,1603,14.85,77.8,67.9,87.7,better,true,motriskindex-families-2024-v5
peugeot-508,2019,7457,18.69,105.3,99.7,110.8,no different,false,motriskindex-families-2024-v5
peugeot-508,2020,3240,20.15,112.6,104.0,121.2,worse,true,motriskindex-families-2024-v5
peugeot-bipper,2008,4264,48.31,106.8,102.2,111.4,worse,false,motriskindex-families-2024-v5
peugeot-bipper,2009,10297,45.66,103.6,100.7,106.6,worse,false,motriskindex-families-2024-v5
peugeot-bipper,2010,23592,40.14,94.6,92.7,96.5,better,false,motriskindex-families-2024-v5
peugeot-bipper,2011,26725,39.75,96.4,94.6,98.3,better,false,motriskindex-families-2024-v5
peugeot-bipper,2012,12163,41.49,102.9,100.0,105.7,no different,false,motriskindex-families-2024-v5
peugeot-bipper,2013,16124,39.85,100.9,98.5,103.4,no different,false,motriskindex-families-2024-v5
peugeot-bipper,2014,14968,40.17,104.4,101.7,107.0,worse,false,motriskindex-families-2024-v5
peugeot-bipper,2015,16683,37.92,103.7,101.1,106.2,worse,false,motriskindex-families-2024-v5
peugeot-bipper,2016,8671,34.51,102.7,99.0,106.4,no different,false,motriskindex-families-2024-v5
peugeot-bipper,2017,7231,29.82,93.2,89.3,97.1,better,false,motriskindex-families-2024-v5
peugeot-bipper,2018,244,32.79,107.8,84.2,131.4,no different,true,motriskindex-families-2024-v5
peugeot-boxer,1998,2412,43.2,102.9,96.6,109.1,no different,true,motriskindex-families-2024-v5
peugeot-boxer,1999,3917,41.89,103.7,98.7,108.7,no different,true,motriskindex-families-2024-v5
peugeot-boxer,2000,5498,40.63,104.4,100.1,108.7,worse,false,motriskindex-families-2024-v5
peugeot-boxer,2001,6752,40.57,106.9,102.9,110.9,worse,false,motriskindex-families-2024-v5
peugeot-boxer,2002,9560,37.33,100.9,97.6,104.2,no different,false,motriskindex-families-2024-v5
peugeot-boxer,2003,12494,33.11,93.1,90.2,95.9,better,false,motriskindex-families-2024-v5
peugeot-boxer,2004,14563,35.15,102.5,99.7,105.3,no different,false,motriskindex-families-2024-v5
peugeot-boxer,2005,15768,34.48,104.6,101.8,107.4,worse,false,motriskindex-families-2024-v5
peugeot-boxer,2006,16695,33.28,106.2,103.4,109.0,worse,false,motriskindex-families-2024-v5
peugeot-boxer,2007,15141,30.01,101.6,98.7,104.6,no different,false,motriskindex-families-2024-v5
peugeot-boxer,2008,14214,26.95,97.8,94.7,100.9,no different,false,motriskindex-families-2024-v5
peugeot-boxer,2009,11661,26.73,103.3,99.6,106.9,no different,false,motriskindex-families-2024-v5
peugeot-boxer,2010,12121,19.45,80.8,77.5,84.0,better,false,motriskindex-families-2024-v5
peugeot-boxer,2011,12875,19.61,87.0,83.6,90.3,better,false,motriskindex-families-2024-v5
peugeot-boxer,2012,14450,20.59,96.5,93.0,99.9,better,false,motriskindex-families-2024-v5
peugeot-boxer,2013,15478,21.32,104.9,101.3,108.5,worse,false,motriskindex-families-2024-v5
peugeot-boxer,2014,15778,20.72,105.8,102.2,109.4,worse,false,motriskindex-families-2024-v5
peugeot-boxer,2015,17779,19.03,101.7,98.3,105.2,no different,false,motriskindex-families-2024-v5
peugeot-boxer,2016,18157,17.39,99.9,96.4,103.4,no different,false,motriskindex-families-2024-v5
peugeot-boxer,2017,18643,16.67,103.2,99.6,106.8,no different,false,motriskindex-families-2024-v5
peugeot-boxer,2018,7723,14.02,88.4,83.1,93.6,better,false,motriskindex-families-2024-v5
peugeot-boxer,2019,5510,14.03,93.1,86.5,99.7,better,false,motriskindex-families-2024-v5
peugeot-boxer,2020,2846,13.53,95.5,86.0,105.1,no different,true,motriskindex-families-2024-v5
peugeot-expert,2000,588,50.0,92.6,82.0,103.2,no different,true,motriskindex-families-2024-v5
peugeot-expert,2001,1253,54.67,101.4,93.8,109.0,no different,true,motriskindex-families-2024-v5
peugeot-expert,2002,2512,53.3,100.1,94.8,105.5,no different,true,motriskindex-families-2024-v5
peugeot-expert,2003,4489,50.61,96.3,92.3,100.2,no different,false,motriskindex-families-2024-v5
peugeot-expert,2004,7034,52.76,100.7,97.4,103.9,no different,false,motriskindex-families-2024-v5
peugeot-expert,2005,10768,52.35,100.4,97.8,103.0,no different,false,motriskindex-families-2024-v5
peugeot-expert,2006,13164,50.34,97.8,95.4,100.1,no different,false,motriskindex-families-2024-v5
peugeot-expert,2007,18457,51.19,100.6,98.6,102.6,no different,false,motriskindex-families-2024-v5
peugeot-expert,2008,19292,51.3,102.1,100.1,104.1,worse,false,motriskindex-families-2024-v5
peugeot-expert,2009,13721,49.11,100.4,98.0,102.7,no different,false,motriskindex-families-2024-v5
peugeot-expert,2010,14719,48.11,102.1,99.7,104.5,no different,false,motriskindex-families-2024-v5
peugeot-expert,2011,16783,47.26,104.6,102.3,106.9,worse,false,motriskindex-families-2024-v5
peugeot-expert,2012,15375,42.8,100.6,98.2,103.0,no different,false,motriskindex-families-2024-v5
peugeot-expert,2013,12887,43.57,110.6,107.7,113.4,worse,false,motriskindex-families-2024-v5
peugeot-expert,2014,21544,33.77,94.9,92.7,97.1,better,false,motriskindex-families-2024-v5
peugeot-expert,2015,30057,30.77,95.9,94.0,97.9,better,false,motriskindex-families-2024-v5
peugeot-expert,2016,24779,35.82,126.3,123.7,128.9,worse,false,motriskindex-families-2024-v5
peugeot-expert,2017,23894,22.11,86.7,84.3,89.0,better,false,motriskindex-families-2024-v5
peugeot-expert,2018,20925,22.66,94.7,92.0,97.4,better,false,motriskindex-families-2024-v5
peugeot-expert,2019,19573,20.02,91.2,88.4,94.1,better,false,motriskindex-families-2024-v5
peugeot-expert,2020,7696,15.9,77.4,73.1,81.7,better,false,motriskindex-families-2024-v5
peugeot-partner,1998,390,53.08,98.8,85.3,112.3,no different,true,motriskindex-families-2024-v5
peugeot-partner,1999,807,53.78,102.0,92.4,111.6,no different,true,motriskindex-families-2024-v5
peugeot-partner,2000,1275,52.71,100.8,93.2,108.4,no different,true,motriskindex-families-2024-v5
peugeot-partner,2001,3130,52.94,101.5,96.6,106.4,no different,true,motriskindex-families-2024-v5
peugeot-partner,2002,7422,52.3,101.0,97.8,104.2,no different,false,motriskindex-families-2024-v5
peugeot-partner,2003,11706,52.96,103.1,100.5,105.7,worse,false,motriskindex-families-2024-v5
peugeot-partner,2004,13167,51.42,100.5,98.1,102.9,no different,false,motriskindex-families-2024-v5
peugeot-partner,2005,15517,50.86,100.1,97.9,102.3,no different,false,motriskindex-families-2024-v5
peugeot-partner,2006,19610,48.22,96.3,94.4,98.3,better,false,motriskindex-families-2024-v5
peugeot-partner,2007,21064,48.75,100.0,98.1,101.9,no different,false,motriskindex-families-2024-v5
peugeot-partner,2008,22571,48.06,100.9,99.0,102.8,no different,false,motriskindex-families-2024-v5
peugeot-partner,2009,28322,47.42,102.6,100.9,104.4,worse,false,motriskindex-families-2024-v5
peugeot-partner,2010,36554,46.09,103.5,102.0,105.1,worse,false,motriskindex-families-2024-v5
peugeot-partner,2011,48412,45.58,106.9,105.5,108.3,worse,false,motriskindex-families-2024-v5
peugeot-partner,2012,76405,35.97,88.6,87.5,89.6,better,false,motriskindex-families-2024-v5
peugeot-partner,2013,62445,41.57,107.5,106.2,108.8,worse,false,motriskindex-families-2024-v5
peugeot-partner,2014,90326,35.27,97.5,96.4,98.6,better,false,motriskindex-families-2024-v5
peugeot-partner,2015,83759,30.89,92.1,91.0,93.3,better,false,motriskindex-families-2024-v5
peugeot-partner,2016,84760,31.11,101.1,99.8,102.3,no different,false,motriskindex-families-2024-v5
peugeot-partner,2017,77505,29.49,102.5,101.2,103.9,worse,false,motriskindex-families-2024-v5
peugeot-partner,2018,59932,30.4,110.6,109.0,112.2,worse,false,motriskindex-families-2024-v5
peugeot-partner,2019,41426,27.81,108.3,106.3,110.3,worse,false,motriskindex-families-2024-v5
peugeot-partner,2020,21512,22.85,93.8,91.2,96.5,better,false,motriskindex-families-2024-v5
peugeot-rcz,2010,10002,39.12,105.7,102.3,109.0,worse,false,motriskindex-families-2024-v5
peugeot-rcz,2011,15883,37.08,104.9,102.2,107.6,worse,false,motriskindex-families-2024-v5
peugeot-rcz,2012,12499,32.83,99.5,96.5,102.6,no different,false,motriskindex-families-2024-v5
peugeot-rcz,2013,12965,31.05,100.9,97.8,104.1,no different,false,motriskindex-families-2024-v5
peugeot-rcz,2014,9827,25.88,92.2,88.6,95.7,better,false,motriskindex-families-2024-v5
peugeot-rcz,2015,6647,21.63,86.9,82.4,91.4,better,false,motriskindex-families-2024-v5
peugeot-rcz,2016,1269,22.3,96.6,85.3,107.8,no different,true,motriskindex-families-2024-v5
peugeot-rifter,2018,1875,17.39,94.3,84.0,104.5,no different,true,motriskindex-families-2024-v5
peugeot-rifter,2019,10106,18.22,101.1,96.5,105.7,no different,false,motriskindex-families-2024-v5
peugeot-rifter,2020,5087,19.76,110.4,103.6,117.3,worse,false,motriskindex-families-2024-v5
peugeot-traveller,2016,262,22.14,99.2,73.6,124.7,no different,true,motriskindex-families-2024-v5
peugeot-traveller,2017,2691,21.78,100.0,91.9,108.1,no different,true,motriskindex-families-2024-v5
peugeot-traveller,2018,1779,22.2,105.1,94.8,115.5,no different,true,motriskindex-families-2024-v5
peugeot-traveller,2019,415,20.24,96.4,75.8,117.1,no different,true,motriskindex-families-2024-v5
peugeot-traveller,2020,524,22.9,108.9,89.4,128.4,no different,true,motriskindex-families-2024-v5
porsche-911,1998,2213,21.37,99.4,90.5,108.4,no different,true,motriskindex-families-2024-v5
porsche-911,1999,3885,23.24,110.7,103.5,117.9,worse,true,motriskindex-families-2024-v5
porsche-911,2000,3975,21.41,106.1,98.9,113.2,no different,true,motriskindex-families-2024-v5
porsche-911,2001,7933,21.32,108.6,103.4,113.8,worse,false,motriskindex-families-2024-v5
porsche-911,2002,14566,20.23,106.0,102.2,109.9,worse,false,motriskindex-families-2024-v5
porsche-911,2003,15833,19.91,109.4,105.6,113.2,worse,false,motriskindex-families-2024-v5
porsche-911,2004,14747,17.31,100.6,96.7,104.5,no different,false,motriskindex-families-2024-v5
porsche-911,2005,17136,15.04,93.6,90.0,97.2,better,false,motriskindex-families-2024-v5
porsche-911,2006,17235,15.38,102.6,98.7,106.5,no different,false,motriskindex-families-2024-v5
porsche-911,2007,14840,12.86,92.8,88.7,97.0,better,false,motriskindex-families-2024-v5
porsche-911,2008,11300,12.25,97.3,92.2,102.5,no different,false,motriskindex-families-2024-v5
porsche-911,2009,8853,11.42,99.7,93.6,105.9,no different,false,motriskindex-families-2024-v5
porsche-911,2010,10502,9.53,92.2,86.5,97.9,better,false,motriskindex-families-2024-v5
porsche-911,2011,7759,8.16,88.6,81.7,95.5,better,false,motriskindex-families-2024-v5
porsche-911,2012,9392,8.48,102.4,95.3,109.5,no different,false,motriskindex-families-2024-v5
porsche-911,2013,7779,6.71,90.1,82.4,97.9,better,false,motriskindex-families-2024-v5
porsche-911,2014,9545,6.36,93.3,85.9,100.7,no different,false,motriskindex-families-2024-v5
porsche-911,2015,10486,5.61,90.1,82.8,97.4,better,false,motriskindex-families-2024-v5
porsche-911,2016,10584,5.39,91.2,83.7,98.7,better,false,motriskindex-families-2024-v5
porsche-911,2017,10218,5.28,92.6,84.8,100.4,no different,false,motriskindex-families-2024-v5
porsche-911,2018,9034,6.21,112.6,103.3,121.9,worse,false,motriskindex-families-2024-v5
porsche-911,2019,7188,5.34,99.7,89.7,109.7,no different,false,motriskindex-families-2024-v5
porsche-911,2020,3118,4.71,89.4,75.0,103.9,no different,true,motriskindex-families-2024-v5
porsche-boxster,1998,1820,30.71,104.3,95.7,113.0,no different,true,motriskindex-families-2024-v5
porsche-boxster,1999,3613,30.2,105.1,98.9,111.4,no different,true,motriskindex-families-2024-v5
porsche-boxster,2000,8204,27.79,100.7,96.6,104.9,no different,false,motriskindex-families-2024-v5
porsche-boxster,2001,11433,28.11,104.1,100.5,107.7,worse,false,motriskindex-families-2024-v5
porsche-boxster,2002,13858,28.41,108.6,105.2,112.0,worse,false,motriskindex-families-2024-v5
porsche-boxster,2003,15506,27.31,108.4,105.1,111.7,worse,false,motriskindex-families-2024-v5
porsche-boxster,2004,12889,25.25,107.6,103.9,111.3,worse,false,motriskindex-families-2024-v5
porsche-boxster,2005,20191,19.72,90.8,87.9,93.6,better,false,motriskindex-families-2024-v5
porsche-boxster,2006,11632,18.96,96.0,92.0,100.0,no different,false,motriskindex-families-2024-v5
porsche-boxster,2007,9837,16.42,93.3,88.7,97.8,better,false,motriskindex-families-2024-v5
porsche-boxster,2008,6647,14.5,92.9,87.0,98.8,better,false,motriskindex-families-2024-v5
porsche-boxster,2009,5127,10.43,77.2,70.7,83.7,better,false,motriskindex-families-2024-v5
porsche-boxster,2010,4854,9.74,81.4,74.0,88.7,better,false,motriskindex-families-2024-v5
porsche-boxster,2011,4648,9.88,94.8,86.2,103.5,no different,false,motriskindex-families-2024-v5
porsche-boxster,2012,6588,9.23,98.7,90.8,106.5,no different,false,motriskindex-families-2024-v5
porsche-boxster,2013,7683,8.08,97.1,89.5,104.7,no different,false,motriskindex-families-2024-v5
porsche-boxster,2014,7230,7.07,94.9,86.7,103.1,no different,false,motriskindex-families-2024-v5
porsche-boxster,2015,6449,6.3,91.2,82.4,100.1,no different,false,motriskindex-families-2024-v5
porsche-boxster,2016,7470,6.32,98.7,89.8,107.6,no different,false,motriskindex-families-2024-v5
porsche-boxster,2017,5426,5.55,91.4,81.0,101.7,no different,false,motriskindex-families-2024-v5
porsche-boxster,2018,4208,6.2,107.6,94.5,120.6,no different,false,motriskindex-families-2024-v5
porsche-boxster,2019,2755,5.34,94.9,79.6,110.3,no different,true,motriskindex-families-2024-v5
porsche-boxster,2020,873,6.07,109.2,79.8,138.6,no different,true,motriskindex-families-2024-v5
porsche-cayenne,2003,4217,28.15,99.7,94.1,105.4,no different,false,motriskindex-families-2024-v5
porsche-cayenne,2004,8144,29.16,105.5,101.2,109.7,worse,false,motriskindex-families-2024-v5
porsche-cayenne,2005,9132,27.43,102.0,98.0,106.0,no different,false,motriskindex-families-2024-v5
porsche-cayenne,2006,6085,25.23,97.9,93.0,102.8,no different,false,motriskindex-families-2024-v5
porsche-cayenne,2007,4691,25.73,105.3,99.4,111.2,no different,false,motriskindex-families-2024-v5
porsche-cayenne,2008,3756,23.3,101.1,94.4,107.8,no different,true,motriskindex-families-2024-v5
porsche-cayenne,2009,5335,24.31,113.2,107.1,119.4,worse,false,motriskindex-families-2024-v5
porsche-cayenne,2010,5669,18.54,93.8,88.2,99.5,better,false,motriskindex-families-2024-v5
porsche-cayenne,2011,7593,17.48,96.3,91.1,101.5,no different,false,motriskindex-families-2024-v5
porsche-cayenne,2012,11982,16.89,100.1,95.7,104.4,no different,false,motriskindex-families-2024-v5
porsche-cayenne,2013,13217,15.93,101.4,97.1,105.7,no different,false,motriskindex-families-2024-v5
porsche-cayenne,2014,11536,13.79,96.6,91.8,101.3,no different,false,motriskindex-families-2024-v5
porsche-cayenne,2015,14577,13.03,101.1,96.6,105.7,no different,false,motriskindex-families-2024-v5
porsche-cayenne,2016,17243,12.95,110.3,105.8,114.9,worse,false,motriskindex-families-2024-v5
porsche-cayenne,2017,9961,11.62,107.0,100.8,113.2,worse,false,motriskindex-families-2024-v5
porsche-cayenne,2018,7618,10.65,103.9,96.7,111.0,no different,false,motriskindex-families-2024-v5
porsche-cayenne,2019,9613,6.52,69.5,64.1,74.9,better,false,motriskindex-families-2024-v5
porsche-cayenne,2020,4855,6.61,74.8,66.6,83.0,better,false,motriskindex-families-2024-v5
porsche-cayman,2005,871,22.27,108.7,93.4,124.0,no different,true,motriskindex-families-2024-v5
porsche-cayman,2006,9285,21.91,110.0,105.2,114.8,worse,false,motriskindex-families-2024-v5
porsche-cayman,2007,8726,20.28,107.3,102.3,112.3,worse,false,motriskindex-families-2024-v5
porsche-cayman,2008,5458,18.63,108.6,101.9,115.2,worse,false,motriskindex-families-2024-v5
porsche-cayman,2009,4062,12.06,78.5,71.5,85.5,better,false,motriskindex-families-2024-v5
porsche-cayman,2010,3280,11.95,89.2,80.4,98.1,better,true,motriskindex-families-2024-v5
porsche-cayman,2011,3333,9.66,83.5,74.4,92.6,better,true,motriskindex-families-2024-v5
porsche-cayman,2012,2067,8.47,87.0,74.1,99.9,better,true,motriskindex-families-2024-v5
porsche-cayman,2013,6321,7.29,90.6,82.4,98.9,better,false,motriskindex-families-2024-v5
porsche-cayman,2014,7255,7.26,100.4,91.9,109.0,no different,false,motriskindex-families-2024-v5
porsche-cayman,2015,6653,5.7,89.6,80.5,98.6,better,false,motriskindex-families-2024-v5
porsche-cayman,2016,6109,5.7,94.6,84.7,104.6,no different,false,motriskindex-families-2024-v5
porsche-cayman,2017,4923,5.53,95.8,84.4,107.2,no different,false,motriskindex-families-2024-v5
porsche-cayman,2018,5092,6.52,115.2,102.8,127.6,worse,false,motriskindex-families-2024-v5
porsche-cayman,2019,3136,5.71,102.3,87.3,117.3,no different,true,motriskindex-families-2024-v5
porsche-cayman,2020,925,4.43,85.2,59.1,111.2,no different,true,motriskindex-families-2024-v5
porsche-macan,2014,7146,12.31,108.7,101.5,115.8,worse,false,motriskindex-families-2024-v5
porsche-macan,2015,21600,10.81,110.4,105.9,114.9,worse,false,motriskindex-families-2024-v5
porsche-macan,2016,25374,8.82,104.4,100.1,108.7,worse,false,motriskindex-families-2024-v5
porsche-macan,2017,28832,7.17,94.4,90.3,98.4,better,false,motriskindex-families-2024-v5
porsche-macan,2018,15756,6.78,95.1,89.4,100.8,no different,false,motriskindex-families-2024-v5
porsche-macan,2019,14145,6.39,95.3,89.1,101.6,no different,false,motriskindex-families-2024-v5
porsche-macan,2020,7213,6.17,98.0,88.9,107.1,no different,false,motriskindex-families-2024-v5
porsche-panamera,2009,328,10.06,64.5,42.5,86.6,better,true,motriskindex-families-2024-v5
porsche-panamera,2010,1328,14.16,94.3,80.8,107.8,no different,true,motriskindex-families-2024-v5
porsche-panamera,2011,1936,16.12,108.1,96.1,120.1,no different,true,motriskindex-families-2024-v5
porsche-panamera,2012,3994,15.77,109.3,100.8,117.9,worse,true,motriskindex-families-2024-v5
porsche-panamera,2013,4446,15.0,109.4,101.1,117.7,worse,false,motriskindex-families-2024-v5
porsche-panamera,2014,4554,11.97,91.3,83.6,98.9,better,false,motriskindex-families-2024-v5
porsche-panamera,2015,4075,11.98,100.3,91.4,109.2,no different,false,motriskindex-families-2024-v5
porsche-panamera,2016,2149,10.89,98.6,86.0,111.3,no different,true,motriskindex-families-2024-v5
porsche-panamera,2017,5372,8.43,83.6,75.9,91.3,better,false,motriskindex-families-2024-v5
porsche-panamera,2018,3182,10.15,106.8,95.1,118.4,no different,true,motriskindex-families-2024-v5
porsche-panamera,2019,2423,9.91,110.1,96.2,124.1,no different,true,motriskindex-families-2024-v5
porsche-panamera,2020,889,10.35,124.5,99.1,150.0,no different,true,motriskindex-families-2024-v5
renault-captur,2013,35269,34.41,115.7,113.6,117.8,worse,false,motriskindex-families-2024-v5
renault-captur,2014,110895,28.12,110.0,108.8,111.2,worse,false,motriskindex-families-2024-v5
renault-captur,2015,137879,23.68,107.8,106.7,109.0,worse,false,motriskindex-families-2024-v5
renault-captur,2016,146264,17.4,94.3,93.1,95.4,better,false,motriskindex-families-2024-v5
renault-captur,2017,101534,14.26,87.0,85.6,88.4,better,false,motriskindex-families-2024-v5
renault-captur,2018,84089,14.92,99.1,97.4,100.8,no different,false,motriskindex-families-2024-v5
renault-captur,2019,60412,12.95,96.2,94.0,98.3,better,false,motriskindex-families-2024-v5
renault-captur,2020,26878,9.79,82.3,79.2,85.5,better,false,motriskindex-families-2024-v5
renault-clio,1998,1922,54.16,102.3,96.1,108.5,no different,true,motriskindex-families-2024-v5
renault-clio,1999,5609,53.98,101.0,97.4,104.6,no different,false,motriskindex-families-2024-v5
renault-clio,2000,11936,55.47,103.3,100.9,105.8,worse,false,motriskindex-families-2024-v5
renault-clio,2001,24763,53.87,99.4,97.7,101.1,no different,false,motriskindex-families-2024-v5
renault-clio,2002,44830,53.25,97.6,96.3,98.8,better,false,motriskindex-families-2024-v5
renault-clio,2003,66052,55.66,100.5,99.4,101.5,no different,false,motriskindex-families-2024-v5
renault-clio,2004,89247,56.37,101.4,100.5,102.3,worse,false,motriskindex-families-2024-v5
renault-clio,2005,100443,55.86,100.8,100.0,101.7,no different,false,motriskindex-families-2024-v5
renault-clio,2006,151575,53.74,97.9,97.2,98.6,better,false,motriskindex-families-2024-v5
renault-clio,2007,178276,53.5,98.4,97.7,99.0,better,false,motriskindex-families-2024-v5
renault-clio,2008,130991,52.61,98.4,97.7,99.2,better,false,motriskindex-families-2024-v5
renault-clio,2009,120976,51.22,98.2,97.4,99.0,better,false,motriskindex-families-2024-v5
renault-clio,2010,163427,51.38,101.7,101.0,102.4,worse,false,motriskindex-families-2024-v5
renault-clio,2011,116495,50.68,104.9,104.1,105.8,worse,false,motriskindex-families-2024-v5
renault-clio,2012,94928,49.24,108.2,107.2,109.2,worse,false,motriskindex-families-2024-v5
renault-clio,2013,126068,38.22,91.4,90.6,92.2,better,false,motriskindex-families-2024-v5
renault-clio,2014,161761,37.63,100.3,99.5,101.1,no different,false,motriskindex-families-2024-v5
renault-clio,2015,148395,34.32,105.3,104.3,106.2,worse,false,motriskindex-families-2024-v5
renault-clio,2016,135440,27.82,100.7,99.6,101.7,no different,false,motriskindex-families-2024-v5
renault-clio,2017,102540,21.83,89.8,88.6,91.0,better,false,motriskindex-families-2024-v5
renault-clio,2018,79805,20.69,94.6,93.1,96.0,better,false,motriskindex-families-2024-v5
renault-clio,2019,51781,18.74,98.1,96.1,100.0,no different,false,motriskindex-families-2024-v5
renault-clio,2020,22018,15.69,94.2,91.1,97.4,better,false,motriskindex-families-2024-v5
renault-espace,2005,895,48.94,92.7,84.0,101.3,no different,true,motriskindex-families-2024-v5
renault-espace,2006,1193,51.3,95.8,88.2,103.4,no different,true,motriskindex-families-2024-v5
renault-espace,2007,2373,52.93,99.2,93.8,104.7,no different,true,motriskindex-families-2024-v5
renault-espace,2008,1146,47.21,91.7,84.0,99.5,better,true,motriskindex-families-2024-v5
renault-espace,2009,619,52.83,103.9,92.7,115.2,no different,true,motriskindex-families-2024-v5
renault-espace,2010,392,51.02,100.2,86.4,114.1,no different,true,motriskindex-families-2024-v5
renault-g,2010,214,47.2,96.2,77.4,114.9,no different,true,motriskindex-families-2024-v5
renault-g,2012,1832,43.67,95.5,88.9,102.2,no different,true,motriskindex-families-2024-v5
renault-g,2013,4816,43.54,98.5,94.3,102.7,no different,false,motriskindex-families-2024-v5
renault-g,2014,4992,43.23,101.4,97.1,105.7,no different,false,motriskindex-families-2024-v5
renault-g,2015,607,39.87,97.0,84.7,109.2,no different,true,motriskindex-families-2024-v5
renault-grand-espace,2004,464,46.77,88.2,76.4,99.9,better,true,motriskindex-families-2024-v5
renault-grand-espace,2005,934,50.21,93.4,85.0,101.9,no different,true,motriskindex-families-2024-v5
renault-grand-espace,2006,1159,50.73,98.4,90.4,106.4,no different,true,motriskindex-families-2024-v5
renault-grand-espace,2007,2834,51.31,99.4,94.3,104.5,no different,true,motriskindex-families-2024-v5
renault-grand-espace,2008,2370,50.42,98.5,92.9,104.0,no different,true,motriskindex-families-2024-v5
renault-grand-espace,2009,885,48.81,96.8,87.7,106.0,no different,true,motriskindex-families-2024-v5
renault-grand-espace,2010,902,47.12,94.3,85.4,103.3,no different,true,motriskindex-families-2024-v5
renault-grand-espace,2011,712,43.54,88.7,78.9,98.6,better,true,motriskindex-families-2024-v5
renault-grand-modus,2008,6580,48.1,101.3,97.8,104.8,no different,false,motriskindex-families-2024-v5
renault-grand-modus,2009,3291,45.09,97.0,92.1,102.0,no different,true,motriskindex-families-2024-v5
renault-grand-modus,2010,5981,45.21,99.1,95.3,102.8,no different,false,motriskindex-families-2024-v5
renault-grand-modus,2011,4888,44.86,100.6,96.4,104.8,no different,false,motriskindex-families-2024-v5
renault-grand-modus,2012,496,46.57,107.6,93.7,121.5,no different,true,motriskindex-families-2024-v5
renault-grand-scenic,2004,1858,58.13,102.6,96.4,108.7,no different,true,motriskindex-families-2024-v5
renault-grand-scenic,2005,11300,57.73,101.4,98.9,103.9,no different,false,motriskindex-families-2024-v5
renault-grand-scenic,2006,11944,56.38,100.1,97.7,102.5,no different,false,motriskindex-families-2024-v5
renault-grand-scenic,2007,15688,57.45,103.0,100.9,105.2,worse,false,motriskindex-families-2024-v5
renault-grand-scenic,2008,13147,55.62,102.1,99.8,104.5,no different,false,motriskindex-families-2024-v5
renault-grand-scenic,2009,11034,50.94,96.0,93.5,98.6,better,false,motriskindex-families-2024-v5
renault-grand-scenic,2010,33841,50.2,98.0,96.5,99.4,better,false,motriskindex-families-2024-v5
renault-grand-scenic,2011,28944,48.36,98.8,97.1,100.4,no different,false,motriskindex-families-2024-v5
renault-grand-scenic,2012,10568,46.0,100.6,97.8,103.4,no different,false,motriskindex-families-2024-v5
renault-grand-scenic,2013,3274,41.2,98.8,93.5,104.1,no different,true,motriskindex-families-2024-v5
renault-grand-scenic,2014,5251,37.95,100.4,96.0,104.9,no different,false,motriskindex-families-2024-v5
renault-grand-scenic,2015,8711,29.64,90.5,87.0,94.0,better,false,motriskindex-families-2024-v5
renault-grand-scenic,2016,8166,26.1,91.6,87.7,95.5,better,false,motriskindex-families-2024-v5
renault-grand-scenic,2017,5774,24.78,97.6,92.5,102.6,no different,false,motriskindex-families-2024-v5
renault-grand-scenic,2018,2732,25.04,108.4,100.2,116.5,worse,true,motriskindex-families-2024-v5
renault-grand-scenic,2019,2711,24.23,113.8,105.1,122.5,worse,true,motriskindex-families-2024-v5
renault-grand-scenic,2020,531,19.21,98.0,79.0,117.1,no different,true,motriskindex-families-2024-v5
renault-kadjar,2015,18215,22.97,100.6,97.5,103.6,no different,false,motriskindex-families-2024-v5
renault-kadjar,2016,116146,19.84,100.5,99.2,101.8,no different,false,motriskindex-families-2024-v5
renault-kadjar,2017,77839,17.25,97.4,95.8,99.1,better,false,motriskindex-families-2024-v5
renault-kadjar,2018,44803,18.46,111.2,108.8,113.6,worse,false,motriskindex-families-2024-v5
renault-kadjar,2019,35281,15.78,104.0,101.3,106.7,worse,false,motriskindex-families-2024-v5
renault-kadjar,2020,16427,14.21,105.8,101.5,110.1,worse,false,motriskindex-families-2024-v5
renault-kangoo,1999,463,54.0,102.0,89.4,114.7,no different,true,motriskindex-families-2024-v5
renault-kangoo,2000,2025,55.9,105.2,99.1,111.4,no different,true,motriskindex-families-2024-v5
renault-kangoo,2001,4908,53.59,102.0,98.1,105.9,no different,false,motriskindex-families-2024-v5
renault-kangoo,2002,9443,50.97,98.3,95.5,101.1,no different,false,motriskindex-families-2024-v5
renault-kangoo,2003,12993,53.27,102.9,100.5,105.3,worse,false,motriskindex-families-2024-v5
renault-kangoo,2004,18243,52.28,101.3,99.3,103.3,no different,false,motriskindex-families-2024-v5
renault-kangoo,2005,20144,52.25,101.8,99.9,103.8,no different,false,motriskindex-families-2024-v5
renault-kangoo,2006,21506,49.35,97.0,95.1,98.8,better,false,motriskindex-families-2024-v5
renault-kangoo,2007,25374,48.65,96.1,94.4,97.8,better,false,motriskindex-families-2024-v5
renault-kangoo,2008,21670,45.2,89.8,88.0,91.6,better,false,motriskindex-families-2024-v5
renault-kangoo,2009,15048,49.04,97.5,95.3,99.7,better,false,motriskindex-families-2024-v5
renault-kangoo,2010,32984,51.95,104.2,102.6,105.7,worse,false,motriskindex-families-2024-v5
renault-kangoo,2011,35899,50.56,103.0,101.5,104.5,worse,false,motriskindex-families-2024-v5
renault-kangoo,2012,21594,47.45,99.6,97.6,101.5,no different,false,motriskindex-families-2024-v5
renault-kangoo,2013,15092,47.02,102.8,100.5,105.2,worse,false,motriskindex-families-2024-v5
renault-kangoo,2014,20961,42.89,99.1,97.1,101.2,no different,false,motriskindex-families-2024-v5
renault-kangoo,2015,25616,39.35,98.0,96.1,100.0,no different,false,motriskindex-families-2024-v5
renault-kangoo,2016,21459,36.16,98.8,96.6,101.0,no different,false,motriskindex-families-2024-v5
renault-kangoo,2017,13256,36.76,108.1,105.1,111.2,worse,false,motriskindex-families-2024-v5
renault-kangoo,2018,10159,34.51,106.5,103.0,110.0,worse,false,motriskindex-families-2024-v5
renault-kangoo,2019,9651,30.09,98.7,95.1,102.2,no different,false,motriskindex-families-2024-v5
renault-kangoo,2020,4102,25.16,87.6,82.2,92.9,better,false,motriskindex-families-2024-v5
renault-koleos,2008,1968,45.99,94.0,87.9,100.1,no different,true,motriskindex-families-2024-v5
renault-koleos,2009,7238,48.72,100.4,97.1,103.7,no different,false,motriskindex-families-2024-v5
renault-koleos,2010,463,44.71,94.9,82.0,107.8,no different,true,motriskindex-families-2024-v5
renault-koleos,2017,3488,15.94,103.6,95.0,112.2,no different,true,motriskindex-families-2024-v5
renault-koleos,2018,3795,14.28,100.0,91.6,108.5,no different,true,motriskindex-families-2024-v5
renault-koleos,2019,2987,14.03,103.9,93.9,113.8,no different,true,motriskindex-families-2024-v5
renault-koleos,2020,979,13.38,105.6,87.5,123.7,no different,true,motriskindex-families-2024-v5
renault-laguna,2001,574,51.39,99.4,88.1,110.8,no different,true,motriskindex-families-2024-v5
renault-laguna,2002,2035,49.29,94.8,89.0,100.7,no different,true,motriskindex-families-2024-v5
renault-laguna,2003,3823,51.58,100.4,96.0,104.8,no different,true,motriskindex-families-2024-v5
renault-laguna,2004,5705,52.16,101.7,98.1,105.4,no different,false,motriskindex-families-2024-v5
renault-laguna,2005,6177,52.47,102.2,98.7,105.8,no different,false,motriskindex-families-2024-v5
renault-laguna,2006,6901,50.44,99.5,96.2,102.8,no different,false,motriskindex-families-2024-v5
renault-laguna,2007,11575,51.33,103.2,100.6,105.8,worse,false,motriskindex-families-2024-v5
renault-laguna,2008,18316,47.31,97.0,95.0,99.0,better,false,motriskindex-families-2024-v5
renault-laguna,2009,9754,46.92,98.2,95.4,101.1,no different,false,motriskindex-families-2024-v5
renault-laguna,2010,12895,45.69,98.3,95.7,100.8,no different,false,motriskindex-families-2024-v5
renault-laguna,2011,10662,41.53,92.1,89.3,94.8,better,false,motriskindex-families-2024-v5
renault-laguna,2012,1525,41.7,95.6,88.1,103.0,no different,true,motriskindex-families-2024-v5
renault-master,1999,350,49.71,95.9,81.7,110.2,no different,true,motriskindex-families-2024-v5
renault-master,2000,949,52.69,106.4,97.0,115.7,no different,true,motriskindex-families-2024-v5
renault-master,2001,1678,52.26,108.8,101.6,116.0,worse,true,motriskindex-families-2024-v5
renault-master,2002,2321,49.81,107.9,101.7,114.1,worse,true,motriskindex-families-2024-v5
renault-master,2003,3077,45.21,101.6,96.2,106.9,no different,true,motriskindex-families-2024-v5
renault-master,2004,3899,47.01,110.4,105.3,115.5,worse,true,motriskindex-families-2024-v5
renault-master,2005,4778,40.25,98.0,93.7,102.4,no different,false,motriskindex-families-2024-v5
renault-master,2006,7621,36.18,90.9,87.6,94.3,better,false,motriskindex-families-2024-v5
renault-master,2007,8716,35.99,93.6,90.4,96.9,better,false,motriskindex-families-2024-v5
renault-master,2008,6869,38.8,104.0,100.0,107.9,no different,false,motriskindex-families-2024-v5
renault-master,2009,4596,37.6,104.1,99.2,109.1,no different,false,motriskindex-families-2024-v5
renault-master,2010,4379,38.73,111.5,106.2,116.8,worse,false,motriskindex-families-2024-v5
renault-master,2011,4229,36.75,112.0,106.4,117.5,worse,false,motriskindex-families-2024-v5
renault-master,2012,4144,30.21,98.0,92.6,103.4,no different,false,motriskindex-families-2024-v5
renault-master,2013,3856,25.21,88.2,82.6,93.7,better,true,motriskindex-families-2024-v5
renault-master,2014,3465,24.21,91.4,85.2,97.5,better,true,motriskindex-families-2024-v5
renault-master,2015,4481,24.35,98.8,92.9,104.7,no different,false,motriskindex-families-2024-v5
renault-master,2016,4563,23.6,102.1,96.0,108.2,no different,false,motriskindex-families-2024-v5
renault-master,2017,3251,20.24,92.6,85.5,99.7,better,true,motriskindex-families-2024-v5
renault-master,2018,2916,19.99,94.8,87.1,102.5,no different,true,motriskindex-families-2024-v5
renault-master,2019,2133,21.61,105.5,95.9,115.1,no different,true,motriskindex-families-2024-v5
renault-master,2020,1031,22.02,108.7,94.6,122.9,no different,true,motriskindex-families-2024-v5
renault-megane,1998,609,45.65,95.9,84.6,107.2,no different,true,motriskindex-families-2024-v5
renault-megane,1999,1531,46.31,96.7,89.5,103.8,no different,true,motriskindex-families-2024-v5
renault-megane,2000,4372,49.11,102.0,97.7,106.3,no different,false,motriskindex-families-2024-v5
renault-megane,2001,11848,46.79,95.5,93.0,98.0,better,false,motriskindex-families-2024-v5
renault-megane,2002,17833,46.2,92.0,90.1,94.0,better,false,motriskindex-families-2024-v5
renault-megane,2003,11860,52.07,99.1,96.6,101.5,no different,false,motriskindex-families-2024-v5
renault-megane,2004,20615,56.68,104.2,102.3,106.1,worse,false,motriskindex-families-2024-v5
renault-megane,2005,37033,55.14,100.6,99.2,102.0,no different,false,motriskindex-families-2024-v5
renault-megane,2006,51492,55.79,102.2,101.1,103.4,worse,false,motriskindex-families-2024-v5
renault-megane,2007,70565,54.17,100.5,99.5,101.5,no different,false,motriskindex-families-2024-v5
renault-megane,2008,56151,52.13,98.6,97.4,99.7,better,false,motriskindex-families-2024-v5
renault-megane,2009,68369,51.01,98.8,97.7,99.8,better,false,motriskindex-families-2024-v5
renault-megane,2010,113425,49.68,99.3,98.4,100.1,no different,false,motriskindex-families-2024-v5
renault-megane,2011,90320,47.3,98.9,98.0,99.9,better,false,motriskindex-families-2024-v5
renault-megane,2012,59173,44.74,99.5,98.3,100.7,no different,false,motriskindex-families-2024-v5
renault-megane,2013,46271,42.79,102.5,101.1,104.0,worse,false,motriskindex-families-2024-v5
renault-megane,2014,44747,41.98,110.2,108.7,111.8,worse,false,motriskindex-families-2024-v5
renault-megane,2015,40415,33.32,98.0,96.4,99.7,better,false,motriskindex-families-2024-v5
renault-megane,2016,29765,24.85,83.8,81.9,85.7,better,false,motriskindex-families-2024-v5
renault-megane,2017,25461,22.54,84.3,82.2,86.5,better,false,motriskindex-families-2024-v5
renault-megane,2018,8131,22.1,88.9,84.8,93.0,better,false,motriskindex-families-2024-v5
renault-megane,2019,7665,20.59,90.7,86.3,95.2,better,false,motriskindex-families-2024-v5
renault-megane,2020,2192,19.16,93.2,84.3,102.1,no different,true,motriskindex-families-2024-v5
renault-modus,2004,6917,55.6,104.2,100.9,107.5,worse,false,motriskindex-families-2024-v5
renault-modus,2005,24598,54.05,102.3,100.6,104.1,worse,false,motriskindex-families-2024-v5
renault-modus,2006,17527,52.15,100.4,98.3,102.4,no different,false,motriskindex-families-2024-v5
renault-modus,2007,13793,48.5,95.4,93.1,97.6,better,false,motriskindex-families-2024-v5
renault-modus,2008,12724,48.35,98.2,95.7,100.6,no different,false,motriskindex-families-2024-v5
renault-modus,2009,6391,43.19,91.1,87.7,94.5,better,false,motriskindex-families-2024-v5
renault-modus,2010,10311,44.24,96.8,94.0,99.6,better,false,motriskindex-families-2024-v5
renault-modus,2011,8231,44.0,101.1,97.8,104.4,no different,false,motriskindex-families-2024-v5
renault-modus,2012,679,45.51,108.9,96.8,121.0,no different,true,motriskindex-families-2024-v5
renault-scenic,1999,812,45.69,93.2,83.8,102.7,no different,true,motriskindex-families-2024-v5
renault-scenic,2000,4857,50.36,102.3,98.3,106.4,no different,false,motriskindex-families-2024-v5
renault-scenic,2001,10818,47.98,96.1,93.5,98.7,better,false,motriskindex-families-2024-v5
renault-scenic,2002,16693,48.43,95.3,93.3,97.4,better,false,motriskindex-families-2024-v5
renault-scenic,2003,18349,49.52,95.2,93.2,97.1,better,false,motriskindex-families-2024-v5
renault-scenic,2004,13811,54.85,101.9,99.6,104.2,no different,false,motriskindex-families-2024-v5
renault-scenic,2005,17591,54.81,102.6,100.6,104.7,worse,false,motriskindex-families-2024-v5
renault-scenic,2006,30815,52.37,99.0,97.5,100.6,no different,false,motriskindex-families-2024-v5
renault-scenic,2007,38938,53.95,103.0,101.6,104.4,worse,false,motriskindex-families-2024-v5
renault-scenic,2008,28127,52.65,103.3,101.7,105.0,worse,false,motriskindex-families-2024-v5
renault-scenic,2009,15598,45.72,93.3,91.1,95.4,better,false,motriskindex-families-2024-v5
renault-scenic,2010,44415,45.3,97.0,95.7,98.4,better,false,motriskindex-families-2024-v5
renault-scenic,2011,29322,42.48,96.6,94.9,98.3,better,false,motriskindex-families-2024-v5
renault-scenic,2012,17625,40.31,98.8,96.5,101.1,no different,false,motriskindex-families-2024-v5
renault-scenic,2013,18517,38.51,103.8,101.4,106.2,worse,false,motriskindex-families-2024-v5
renault-scenic,2014,19385,35.95,108.4,105.8,110.9,worse,false,motriskindex-families-2024-v5
renault-scenic,2015,18555,25.81,90.4,87.8,93.0,better,false,motriskindex-families-2024-v5
renault-scenic,2016,8669,19.81,82.1,78.2,86.0,better,false,motriskindex-families-2024-v5
renault-scenic,2017,8141,18.72,87.8,83.4,92.2,better,false,motriskindex-families-2024-v5
renault-scenic,2018,2508,16.35,84.6,76.4,92.8,better,true,motriskindex-families-2024-v5
renault-scenic,2019,887,15.11,90.5,75.2,105.9,no different,true,motriskindex-families-2024-v5
renault-trafic,2001,524,53.24,100.2,88.5,112.0,no different,true,motriskindex-families-2024-v5
renault-trafic,2002,5803,53.52,100.7,97.2,104.3,no different,false,motriskindex-families-2024-v5
renault-trafic,2003,12467,54.25,101.3,98.9,103.7,no different,false,motriskindex-families-2024-v5
renault-trafic,2004,19054,54.8,102.0,100.0,103.9,no different,false,motriskindex-families-2024-v5
renault-trafic,2005,23733,53.06,98.6,96.9,100.4,no different,false,motriskindex-families-2024-v5
renault-trafic,2006,30845,54.0,100.4,98.9,102.0,no different,false,motriskindex-families-2024-v5
renault-trafic,2007,32689,53.29,99.2,97.7,100.6,no different,false,motriskindex-families-2024-v5
renault-trafic,2008,29788,51.59,96.7,95.1,98.2,better,false,motriskindex-families-2024-v5
renault-trafic,2009,20973,52.1,98.4,96.6,100.3,no different,false,motriskindex-families-2024-v5
renault-trafic,2010,35150,52.59,101.4,99.9,102.8,no different,false,motriskindex-families-2024-v5
renault-trafic,2011,40998,53.9,107.4,106.0,108.9,worse,false,motriskindex-families-2024-v5
renault-trafic,2012,28942,49.96,104.6,102.9,106.3,worse,false,motriskindex-families-2024-v5
renault-trafic,2013,27121,46.46,104.1,102.3,105.9,worse,false,motriskindex-families-2024-v5
renault-trafic,2014,42549,42.37,103.6,102.1,105.1,worse,false,motriskindex-families-2024-v5
renault-trafic,2015,66856,35.6,97.5,96.2,98.7,better,false,motriskindex-families-2024-v5
renault-trafic,2016,75822,30.5,95.2,93.9,96.4,better,false,motriskindex-families-2024-v5
renault-trafic,2017,48620,28.28,97.3,95.7,98.9,better,false,motriskindex-families-2024-v5
renault-trafic,2018,29491,27.33,101.2,99.0,103.4,no different,false,motriskindex-families-2024-v5
renault-trafic,2019,24625,24.59,99.8,97.3,102.3,no different,false,motriskindex-families-2024-v5
renault-trafic,2020,8828,21.09,93.7,89.5,98.0,better,false,motriskindex-families-2024-v5
renault-twingo,2007,3441,46.61,99.9,95.0,104.8,no different,true,motriskindex-families-2024-v5
renault-twingo,2008,20386,47.56,104.3,102.2,106.3,worse,false,motriskindex-families-2024-v5
renault-twingo,2009,10874,40.92,92.7,90.0,95.4,better,false,motriskindex-families-2024-v5
renault-twingo,2010,27281,42.32,100.0,98.2,101.8,no different,false,motriskindex-families-2024-v5
renault-twingo,2011,15890,42.84,107.7,105.2,110.3,worse,false,motriskindex-families-2024-v5
renault-twingo,2012,7939,36.92,101.4,97.7,105.1,no different,false,motriskindex-families-2024-v5
renault-twingo,2013,6118,35.06,107.4,102.8,111.9,worse,false,motriskindex-families-2024-v5
renault-twingo,2014,5639,27.52,94.7,90.0,99.4,better,false,motriskindex-families-2024-v5
renault-twingo,2015,31044,25.09,99.2,97.0,101.4,no different,false,motriskindex-families-2024-v5
renault-twingo,2016,18049,20.42,97.6,94.4,100.7,no different,false,motriskindex-families-2024-v5
renault-twingo,2017,7324,15.03,81.2,76.4,86.0,better,false,motriskindex-families-2024-v5
renault-twingo,2018,3230,16.1,94.9,86.8,103.1,no different,true,motriskindex-families-2024-v5
renault-twingo,2019,691,11.72,76.2,59.6,92.8,better,true,motriskindex-families-2024-v5
renault-wind,2010,4418,40.47,98.5,94.0,103.1,no different,false,motriskindex-families-2024-v5
renault-wind,2011,8383,41.55,100.6,97.3,103.9,no different,false,motriskindex-families-2024-v5
renault-wind,2012,206,32.04,78.4,59.5,97.3,better,true,motriskindex-families-2024-v5
renault-zoe,2013,1631,35.74,97.6,89.7,105.5,no different,true,motriskindex-families-2024-v5
renault-zoe,2014,5042,33.74,96.8,92.2,101.4,no different,false,motriskindex-families-2024-v5
renault-zoe,2015,10538,31.21,101.5,98.0,104.9,no different,false,motriskindex-families-2024-v5
renault-zoe,2016,9371,26.61,100.7,96.7,104.6,no different,false,motriskindex-families-2024-v5
renault-zoe,2017,5585,26.93,113.6,107.9,119.4,worse,false,motriskindex-families-2024-v5
renault-zoe,2018,7355,25.55,115.5,110.2,120.7,worse,false,motriskindex-families-2024-v5
renault-zoe,2019,6967,21.52,114.2,108.4,119.9,worse,false,motriskindex-families-2024-v5
renault-zoe,2020,12108,12.14,81.8,77.6,85.9,better,false,motriskindex-families-2024-v5
rover-25,2000,4097,41.79,99.3,94.6,104.0,no different,false,motriskindex-families-2024-v5
rover-25,2001,7487,43.85,102.7,99.2,106.2,no different,false,motriskindex-families-2024-v5
rover-25,2002,7926,41.53,96.6,93.3,99.9,better,false,motriskindex-families-2024-v5
rover-25,2003,8940,41.57,96.6,93.5,99.7,better,false,motriskindex-families-2024-v5
rover-25,2004,7155,43.17,98.2,94.7,101.7,no different,false,motriskindex-families-2024-v5
rover-25,2005,4404,40.87,91.2,87.0,95.4,better,false,motriskindex-families-2024-v5
rover-25,2006,485,41.03,95.0,81.8,108.1,no different,true,motriskindex-families-2024-v5
rover-45,2000,2499,46.3,102.3,96.4,108.2,no different,true,motriskindex-families-2024-v5
rover-45,2001,3907,45.3,98.6,94.0,103.2,no different,true,motriskindex-families-2024-v5
rover-45,2002,4478,47.23,100.4,96.2,104.7,no different,false,motriskindex-families-2024-v5
rover-45,2003,5540,46.12,97.8,94.0,101.6,no different,false,motriskindex-families-2024-v5
rover-45,2004,5692,44.45,94.0,90.4,97.7,better,false,motriskindex-families-2024-v5
rover-45,2005,2650,45.13,97.3,91.8,102.8,no different,true,motriskindex-families-2024-v5
rover-75,1999,923,43.23,97.8,88.2,107.4,no different,true,motriskindex-families-2024-v5
rover-75,2000,3190,43.92,98.7,93.5,103.9,no different,true,motriskindex-families-2024-v5
rover-75,2001,6975,44.43,98.7,95.2,102.2,no different,false,motriskindex-families-2024-v5
rover-75,2002,14349,45.49,100.6,98.1,103.0,no different,false,motriskindex-families-2024-v5
rover-75,2003,18090,44.75,98.3,96.2,100.5,no different,false,motriskindex-families-2024-v5
rover-75,2004,21478,46.19,99.6,97.6,101.6,no different,false,motriskindex-families-2024-v5
rover-75,2005,9793,43.5,93.0,90.3,95.8,better,false,motriskindex-families-2024-v5
rover-75,2006,1285,40.78,89.2,81.6,96.8,better,true,motriskindex-families-2024-v5
rover-mini,1998,1968,34.81,98.4,91.0,105.8,no different,true,motriskindex-families-2024-v5
rover-mini,1999,2354,34.32,100.2,93.3,107.1,no different,true,motriskindex-families-2024-v5
rover-mini,2000,4835,32.82,95.8,91.1,100.6,no different,false,motriskindex-families-2024-v5
rover-mini,2001,1976,31.28,90.8,83.7,98.0,better,true,motriskindex-families-2024-v5
saab-9-3,1998,1448,43.23,105.1,96.9,113.4,no different,true,motriskindex-families-2024-v5
saab-9-3,1999,3216,41.73,100.4,95.1,105.8,no different,true,motriskindex-families-2024-v5
saab-9-3,2000,5075,41.81,101.2,96.9,105.5,no different,false,motriskindex-families-2024-v5
saab-9-3,2001,6482,39.49,95.4,91.7,99.1,better,false,motriskindex-families-2024-v5
saab-9-3,2002,8029,40.84,98.7,95.3,102.1,no different,false,motriskindex-families-2024-v5
saab-9-3,2003,10208,43.31,103.5,100.5,106.6,worse,false,motriskindex-families-2024-v5
saab-9-3,2004,23549,43.88,105.3,103.3,107.4,worse,false,motriskindex-families-2024-v5
saab-9-3,2005,36256,42.77,103.4,101.8,105.0,worse,false,motriskindex-families-2024-v5
saab-9-3,2006,53981,42.55,104.3,103.0,105.7,worse,false,motriskindex-families-2024-v5
saab-9-3,2007,62259,39.31,98.3,97.1,99.5,better,false,motriskindex-families-2024-v5
saab-9-3,2008,49029,37.23,95.4,94.0,96.7,better,false,motriskindex-families-2024-v5
saab-9-3,2009,27559,35.31,93.7,91.9,95.6,better,false,motriskindex-families-2024-v5
saab-9-3,2010,23965,32.59,89.8,87.8,91.8,better,false,motriskindex-families-2024-v5
saab-9-3,2011,16112,32.51,94.1,91.5,96.6,better,false,motriskindex-families-2024-v5
saab-9-3,2012,1024,26.17,78.6,69.2,88.0,better,true,motriskindex-families-2024-v5
saab-9-5,1998,519,38.73,87.1,75.1,99.2,better,true,motriskindex-families-2024-v5
saab-9-5,1999,1329,43.19,101.3,93.0,109.5,no different,true,motriskindex-families-2024-v5
saab-9-5,2000,2235,39.46,93.2,87.1,99.4,better,true,motriskindex-families-2024-v5
saab-9-5,2001,3027,38.42,92.8,87.5,98.1,better,true,motriskindex-families-2024-v5
saab-9-5,2002,4511,44.05,106.3,101.6,111.0,worse,false,motriskindex-families-2024-v5
saab-9-5,2003,4909,43.74,106.3,101.8,110.8,worse,false,motriskindex-families-2024-v5
saab-9-5,2004,7803,42.66,103.9,100.4,107.5,worse,false,motriskindex-families-2024-v5
saab-9-5,2005,9209,41.96,103.4,100.1,106.6,worse,false,motriskindex-families-2024-v5
saab-9-5,2006,9869,38.09,96.5,93.4,99.6,better,false,motriskindex-families-2024-v5
saab-9-5,2007,9199,36.7,94.7,91.6,97.9,better,false,motriskindex-families-2024-v5
saab-9-5,2008,7461,35.53,95.2,91.5,98.8,better,false,motriskindex-families-2024-v5
saab-9-5,2009,4588,34.44,96.0,91.3,100.7,no different,false,motriskindex-families-2024-v5
saab-9-5,2010,4257,29.06,85.5,80.7,90.3,better,false,motriskindex-families-2024-v5
saab-9-5,2011,2263,29.03,89.8,82.9,96.6,better,true,motriskindex-families-2024-v5
seat-alhambra,2001,564,54.43,95.4,84.7,106.0,no different,true,motriskindex-families-2024-v5
seat-alhambra,2002,1548,57.24,100.8,94.2,107.4,no different,true,motriskindex-families-2024-v5
seat-alhambra,2003,3155,56.39,100.0,95.4,104.7,no different,true,motriskindex-families-2024-v5
seat-alhambra,2004,5059,53.43,96.3,92.7,100.0,no different,false,motriskindex-families-2024-v5
seat-alhambra,2005,4034,52.88,96.4,92.3,100.5,no different,true,motriskindex-families-2024-v5
seat-alhambra,2006,4133,52.46,99.6,95.4,103.8,no different,true,motriskindex-families-2024-v5
seat-alhambra,2007,4195,52.63,105.3,100.9,109.7,worse,false,motriskindex-families-2024-v5
seat-alhambra,2008,4108,51.61,110.2,105.5,114.9,worse,false,motriskindex-families-2024-v5
seat-alhambra,2009,2736,48.83,114.3,108.2,120.5,worse,true,motriskindex-families-2024-v5
seat-alhambra,2010,2525,41.39,105.7,99.3,112.1,no different,true,motriskindex-families-2024-v5
seat-alhambra,2011,7792,34.0,97.1,93.4,100.8,no different,false,motriskindex-families-2024-v5
seat-alhambra,2012,9053,30.47,98.4,94.7,102.0,no different,false,motriskindex-families-2024-v5
seat-alhambra,2013,9782,28.15,102.7,98.9,106.5,no different,false,motriskindex-families-2024-v5
seat-alhambra,2014,11684,25.42,105.0,101.3,108.8,worse,false,motriskindex-families-2024-v5
seat-alhambra,2015,13480,22.95,106.1,102.4,109.9,worse,false,motriskindex-families-2024-v5
seat-alhambra,2016,25522,19.52,98.2,95.5,101.0,no different,false,motriskindex-families-2024-v5
seat-alhambra,2017,31168,17.65,95.7,93.2,98.2,better,false,motriskindex-families-2024-v5
seat-alhambra,2018,10189,16.14,92.4,87.9,96.9,better,false,motriskindex-families-2024-v5
seat-alhambra,2019,8157,14.98,89.5,84.5,94.5,better,false,motriskindex-families-2024-v5
seat-alhambra,2020,1670,14.73,89.5,78.3,100.6,no different,true,motriskindex-families-2024-v5
seat-altea,2004,3300,52.36,105.5,100.5,110.4,worse,true,motriskindex-families-2024-v5
seat-altea,2005,7681,49.92,102.3,99.1,105.6,no different,false,motriskindex-families-2024-v5
seat-altea,2006,13345,48.66,102.8,100.3,105.3,worse,false,motriskindex-families-2024-v5
seat-altea,2007,20236,45.92,100.0,98.0,102.1,no different,false,motriskindex-families-2024-v5
seat-altea,2008,16290,44.75,100.8,98.5,103.1,no different,false,motriskindex-families-2024-v5
seat-altea,2009,12522,42.28,100.8,98.1,103.5,no different,false,motriskindex-families-2024-v5
seat-altea,2010,9607,39.7,101.4,98.2,104.6,no different,false,motriskindex-families-2024-v5
seat-altea,2011,8864,33.21,92.7,89.4,96.1,better,false,motriskindex-families-2024-v5
seat-altea,2012,10647,29.36,90.8,87.6,94.0,better,false,motriskindex-families-2024-v5
seat-altea,2013,9378,28.53,98.5,94.8,102.3,no different,false,motriskindex-families-2024-v5
seat-altea,2014,4861,23.62,93.6,88.2,99.0,better,false,motriskindex-families-2024-v5
seat-altea,2015,2857,20.58,93.4,85.9,101.0,no different,true,motriskindex-families-2024-v5
seat-arona,2017,3054,18.01,103.7,95.0,112.3,no different,true,motriskindex-families-2024-v5
seat-arona,2018,48781,15.25,104.3,101.9,106.7,worse,false,motriskindex-families-2024-v5
seat-arona,2019,44793,11.81,96.6,94.0,99.2,better,false,motriskindex-families-2024-v5
seat-arona,2020,21659,11.33,105.2,101.0,109.4,worse,false,motriskindex-families-2024-v5
seat-arosa,1999,460,42.39,92.8,79.8,105.9,no different,true,motriskindex-families-2024-v5
seat-arosa,2000,888,40.43,88.3,79.2,97.4,better,true,motriskindex-families-2024-v5
seat-arosa,2001,1855,44.64,98.1,91.4,104.8,no different,true,motriskindex-families-2024-v5
seat-arosa,2002,3569,45.33,99.2,94.3,104.0,no different,true,motriskindex-families-2024-v5
seat-arosa,2003,4648,45.44,98.8,94.6,103.0,no different,false,motriskindex-families-2024-v5
seat-arosa,2004,5481,45.21,97.7,93.9,101.6,no different,false,motriskindex-families-2024-v5
seat-arosa,2005,322,40.06,88.6,73.3,103.9,no different,true,motriskindex-families-2024-v5
seat-ateca,2016,11347,11.08,92.4,87.3,97.5,better,false,motriskindex-families-2024-v5
seat-ateca,2017,51211,11.87,104.2,101.6,106.8,worse,false,motriskindex-families-2024-v5
seat-ateca,2018,36424,12.11,111.3,108.0,114.6,worse,false,motriskindex-families-2024-v5
seat-ateca,2019,33118,9.64,93.7,90.4,96.9,better,false,motriskindex-families-2024-v5
seat-ateca,2020,15838,9.63,95.2,90.4,100.0,no different,false,motriskindex-families-2024-v5
seat-exeo,2009,4935,32.79,95.9,91.2,100.5,no different,false,motriskindex-families-2024-v5
seat-exeo,2010,9291,33.85,102.9,99.3,106.5,no different,false,motriskindex-families-2024-v5
seat-exeo,2011,10421,32.33,103.2,99.7,106.6,no different,false,motriskindex-families-2024-v5
seat-exeo,2012,6495,27.68,95.2,90.8,99.6,better,false,motriskindex-families-2024-v5
seat-exeo,2013,3210,25.76,96.3,89.8,102.9,no different,true,motriskindex-families-2024-v5
seat-ibiza,1999,432,39.35,76.0,64.6,87.4,better,true,motriskindex-families-2024-v5
seat-ibiza,2000,833,45.02,87.3,78.5,96.2,better,true,motriskindex-families-2024-v5
seat-ibiza,2001,1845,46.12,89.5,83.5,95.5,better,true,motriskindex-families-2024-v5
seat-ibiza,2002,4551,49.62,95.6,91.7,99.6,better,false,motriskindex-families-2024-v5
seat-ibiza,2003,12836,52.65,101.3,98.9,103.8,no different,false,motriskindex-families-2024-v5
seat-ibiza,2004,15289,51.59,99.7,97.5,101.9,no different,false,motriskindex-families-2024-v5
seat-ibiza,2005,18488,52.01,101.9,99.9,104.0,no different,false,motriskindex-families-2024-v5
seat-ibiza,2006,29438,50.31,100.9,99.2,102.5,no different,false,motriskindex-families-2024-v5
seat-ibiza,2007,37647,51.64,106.9,105.4,108.4,worse,false,motriskindex-families-2024-v5
seat-ibiza,2008,45554,50.15,108.1,106.7,109.5,worse,false,motriskindex-families-2024-v5
seat-ibiza,2009,64787,44.56,101.0,99.8,102.2,no different,false,motriskindex-families-2024-v5
seat-ibiza,2010,74696,40.4,97.2,96.1,98.3,better,false,motriskindex-families-2024-v5
seat-ibiza,2011,92290,37.31,95.9,94.9,96.9,better,false,motriskindex-families-2024-v5
seat-ibiza,2012,88098,34.55,95.7,94.6,96.8,better,false,motriskindex-families-2024-v5
seat-ibiza,2013,103511,33.8,101.5,100.4,102.5,worse,false,motriskindex-families-2024-v5
seat-ibiza,2014,120529,30.27,100.4,99.4,101.4,no different,false,motriskindex-families-2024-v5
seat-ibiza,2015,110437,27.65,103.7,102.6,104.9,worse,false,motriskindex-families-2024-v5
seat-ibiza,2016,111754,24.02,105.5,104.2,106.7,worse,false,motriskindex-families-2024-v5
seat-ibiza,2017,83203,21.36,104.2,102.6,105.7,worse,false,motriskindex-families-2024-v5
seat-ibiza,2018,52506,17.37,92.5,90.6,94.4,better,false,motriskindex-families-2024-v5
seat-ibiza,2019,39592,12.48,76.1,73.9,78.2,better,false,motriskindex-families-2024-v5
seat-ibiza,2020,16691,13.02,92.6,88.7,96.5,better,false,motriskindex-families-2024-v5
seat-leon,2000,820,47.07,111.6,100.5,122.7,worse,true,motriskindex-families-2024-v5
seat-leon,2001,3341,45.65,106.2,100.9,111.6,worse,true,motriskindex-families-2024-v5
seat-leon,2002,7003,44.24,101.6,98.0,105.2,no different,false,motriskindex-families-2024-v5
seat-leon,2003,12368,44.36,101.4,98.7,104.1,no different,false,motriskindex-families-2024-v5
seat-leon,2004,15199,42.96,98.1,95.7,100.5,no different,false,motriskindex-families-2024-v5
seat-leon,2005,17970,44.82,103.0,100.8,105.3,worse,false,motriskindex-families-2024-v5
seat-leon,2006,30008,45.34,105.6,103.8,107.4,worse,false,motriskindex-families-2024-v5
seat-leon,2007,40443,41.35,99.3,97.8,100.8,no different,false,motriskindex-families-2024-v5
seat-leon,2008,37877,40.35,101.6,100.0,103.2,no different,false,motriskindex-families-2024-v5
seat-leon,2009,36174,39.4,106.3,104.5,108.0,worse,false,motriskindex-families-2024-v5
seat-leon,2010,40356,36.93,108.5,106.8,110.3,worse,false,motriskindex-families-2024-v5
seat-leon,2011,44258,32.59,106.1,104.4,107.8,worse,false,motriskindex-families-2024-v5
seat-leon,2012,58021,28.81,105.4,103.8,107.0,worse,false,motriskindex-families-2024-v5
seat-leon,2013,72945,23.27,96.6,95.1,98.0,better,false,motriskindex-families-2024-v5
seat-leon,2014,115712,19.34,91.2,90.0,92.4,better,false,motriskindex-families-2024-v5
seat-leon,2015,105329,17.29,92.2,90.9,93.6,better,false,motriskindex-families-2024-v5
seat-leon,2016,97267,16.35,97.7,96.2,99.2,better,false,motriskindex-families-2024-v5
seat-leon,2017,97255,14.58,94.4,92.9,96.0,better,false,motriskindex-families-2024-v5
seat-leon,2018,85811,15.05,103.0,101.3,104.8,worse,false,motriskindex-families-2024-v5
seat-leon,2019,59282,15.7,114.7,112.3,117.0,worse,false,motriskindex-families-2024-v5
seat-leon,2020,27624,13.21,102.7,99.4,106.1,no different,false,motriskindex-families-2024-v5
seat-mii,2012,10713,26.24,107.5,103.5,111.5,worse,false,motriskindex-families-2024-v5
seat-mii,2013,21297,23.95,105.7,102.8,108.6,worse,false,motriskindex-families-2024-v5
seat-mii,2014,18739,19.13,92.0,89.0,95.0,better,false,motriskindex-families-2024-v5
seat-mii,2015,16223,19.11,100.0,96.5,103.5,no different,false,motriskindex-families-2024-v5
seat-mii,2016,13470,18.23,108.2,103.9,112.5,worse,false,motriskindex-families-2024-v5
seat-mii,2017,7777,14.79,94.9,89.4,100.4,no different,false,motriskindex-families-2024-v5
seat-mii,2018,5080,13.94,94.6,87.7,101.6,no different,false,motriskindex-families-2024-v5
seat-mii,2019,3992,10.42,76.8,69.4,84.2,better,true,motriskindex-families-2024-v5
seat-mii,2020,559,12.88,104.9,80.7,129.2,no different,true,motriskindex-families-2024-v5
seat-tarraco,2019,12746,15.2,105.6,100.9,110.3,worse,false,motriskindex-families-2024-v5
seat-tarraco,2020,4265,13.81,101.4,93.2,109.5,no different,false,motriskindex-families-2024-v5
seat-toledo,2004,625,46.88,93.0,82.4,103.7,no different,true,motriskindex-families-2024-v5
seat-toledo,2005,1873,49.87,96.2,90.0,102.3,no different,true,motriskindex-families-2024-v5
seat-toledo,2006,1577,50.98,101.2,94.2,108.2,no different,true,motriskindex-families-2024-v5
seat-toledo,2007,652,48.93,100.5,89.5,111.5,no different,true,motriskindex-families-2024-v5
seat-toledo,2012,615,29.59,92.9,79.4,106.4,no different,true,motriskindex-families-2024-v5
seat-toledo,2013,7363,32.58,107.5,103.2,111.8,worse,false,motriskindex-families-2024-v5
seat-toledo,2014,6627,27.77,98.6,94.1,103.1,no different,false,motriskindex-families-2024-v5
seat-toledo,2015,5481,27.37,107.3,101.9,112.8,worse,false,motriskindex-families-2024-v5
seat-toledo,2016,4025,22.41,99.8,93.3,106.3,no different,false,motriskindex-families-2024-v5
seat-toledo,2017,4058,19.44,93.4,86.9,100.0,no different,false,motriskindex-families-2024-v5
seat-toledo,2018,4634,16.55,84.8,78.8,90.9,better,false,motriskindex-families-2024-v5
seat-toledo,2019,267,12.36,70.0,46.1,93.9,better,true,motriskindex-families-2024-v5
skoda-citigo,2012,22769,20.15,94.8,92.1,97.6,better,false,motriskindex-families-2024-v5
skoda-citigo,2013,42155,19.52,97.3,95.2,99.4,better,false,motriskindex-families-2024-v5
skoda-citigo,2014,55403,18.65,98.4,96.5,100.3,no different,false,motriskindex-families-2024-v5
skoda-citigo,2015,48422,18.63,106.1,103.9,108.3,worse,false,motriskindex-families-2024-v5
skoda-citigo,2016,46926,18.59,118.8,116.3,121.3,worse,false,motriskindex-families-2024-v5
skoda-citigo,2017,33023,14.19,98.6,95.8,101.5,no different,false,motriskindex-families-2024-v5
skoda-citigo,2018,21529,12.41,91.1,87.7,94.6,better,false,motriskindex-families-2024-v5
skoda-citigo,2019,13728,8.69,69.9,65.9,73.9,better,false,motriskindex-families-2024-v5
skoda-citigo,2020,566,10.07,91.9,68.1,115.8,no different,true,motriskindex-families-2024-v5
skoda-fabia,2000,3701,49.39,99.3,94.8,103.9,no different,true,motriskindex-families-2024-v5
skoda-fabia,2001,15563,49.03,99.1,96.9,101.3,no different,false,motriskindex-families-2024-v5
skoda-fabia,2002,23426,48.66,98.8,97.0,100.6,no different,false,motriskindex-families-2024-v5
skoda-fabia,2003,31356,49.65,101.1,99.5,102.7,no different,false,motriskindex-families-2024-v5
skoda-fabia,2004,42683,49.7,102.6,101.2,103.9,worse,false,motriskindex-families-2024-v5
skoda-fabia,2005,54395,48.17,101.8,100.5,103.0,worse,false,motriskindex-families-2024-v5
skoda-fabia,2006,62843,46.73,102.5,101.4,103.7,worse,false,motriskindex-families-2024-v5
skoda-fabia,2007,67636,44.75,103.1,101.9,104.2,worse,false,motriskindex-families-2024-v5
skoda-fabia,2008,76614,43.37,106.5,105.3,107.6,worse,false,motriskindex-families-2024-v5
skoda-fabia,2009,91422,38.81,103.1,102.0,104.2,worse,false,motriskindex-families-2024-v5
skoda-fabia,2010,73647,32.58,95.7,94.5,96.9,better,false,motriskindex-families-2024-v5
skoda-fabia,2011,78473,29.59,96.6,95.3,97.8,better,false,motriskindex-families-2024-v5
skoda-fabia,2012,88760,26.71,97.4,96.2,98.7,better,false,motriskindex-families-2024-v5
skoda-fabia,2013,115826,22.82,93.4,92.3,94.6,better,false,motriskindex-families-2024-v5
skoda-fabia,2014,90506,20.39,94.5,93.1,95.9,better,false,motriskindex-families-2024-v5
skoda-fabia,2015,107802,17.5,91.8,90.4,93.1,better,false,motriskindex-families-2024-v5
skoda-fabia,2016,117033,17.29,102.0,100.6,103.4,worse,false,motriskindex-families-2024-v5
skoda-fabia,2017,95233,16.13,104.1,102.5,105.8,worse,false,motriskindex-families-2024-v5
skoda-fabia,2018,67695,16.02,110.6,108.5,112.7,worse,false,motriskindex-families-2024-v5
skoda-fabia,2019,44506,13.53,101.2,98.7,103.8,no different,false,motriskindex-families-2024-v5
skoda-fabia,2020,19004,12.88,102.2,98.2,106.3,no different,false,motriskindex-families-2024-v5
skoda-kamiq,2019,2077,9.44,93.4,80.3,106.5,no different,true,motriskindex-families-2024-v5
skoda-kamiq,2020,14097,10.06,99.2,94.0,104.3,no different,false,motriskindex-families-2024-v5
skoda-karoq,2017,329,10.03,100.7,66.3,135.0,no different,true,motriskindex-families-2024-v5
skoda-karoq,2018,56207,10.09,102.4,99.8,105.1,no different,false,motriskindex-families-2024-v5
skoda-karoq,2019,43844,9.03,95.6,92.6,98.5,better,false,motriskindex-families-2024-v5
skoda-karoq,2020,25127,10.46,111.9,107.6,116.2,worse,false,motriskindex-families-2024-v5
skoda-kodiaq,2017,32329,10.14,92.5,89.4,95.7,better,false,motriskindex-families-2024-v5
skoda-kodiaq,2018,30673,10.17,98.4,95.0,101.9,no different,false,motriskindex-families-2024-v5
skoda-kodiaq,2019,26608,11.09,113.1,109.0,117.2,worse,false,motriskindex-families-2024-v5
skoda-kodiaq,2020,14786,10.45,113.0,107.4,118.7,worse,false,motriskindex-families-2024-v5
skoda-octavia,1999,606,47.03,105.8,93.6,118.1,no different,true,motriskindex-families-2024-v5
skoda-octavia,2000,2021,46.02,102.6,96.0,109.2,no different,true,motriskindex-families-2024-v5
skoda-octavia,2001,6455,45.75,101.5,97.8,105.2,no different,false,motriskindex-families-2024-v5
skoda-octavia,2002,11217,44.0,97.2,94.5,100.0,no different,false,motriskindex-families-2024-v5
skoda-octavia,2003,15843,45.86,101.0,98.6,103.3,no different,false,motriskindex-families-2024-v5
skoda-octavia,2004,19998,46.62,103.0,100.9,105.1,worse,false,motriskindex-families-2024-v5
skoda-octavia,2005,28544,46.16,103.7,102.0,105.5,worse,false,motriskindex-families-2024-v5
skoda-octavia,2006,42995,44.59,103.0,101.6,104.5,worse,false,motriskindex-families-2024-v5
skoda-octavia,2007,48257,42.28,101.5,100.1,102.9,worse,false,motriskindex-families-2024-v5
skoda-octavia,2008,43792,40.83,103.4,101.9,104.9,worse,false,motriskindex-families-2024-v5
skoda-octavia,2009,49185,37.0,100.5,99.0,102.0,no different,false,motriskindex-families-2024-v5
skoda-octavia,2010,66267,34.99,103.4,102.1,104.8,worse,false,motriskindex-families-2024-v5
skoda-octavia,2011,77014,31.58,102.9,101.6,104.2,worse,false,motriskindex-families-2024-v5
skoda-octavia,2012,74840,30.57,111.9,110.5,113.4,worse,false,motriskindex-families-2024-v5
skoda-octavia,2013,70704,23.3,96.8,95.3,98.3,better,false,motriskindex-families-2024-v5
skoda-octavia,2014,105534,19.04,91.1,89.8,92.3,better,false,motriskindex-families-2024-v5
skoda-octavia,2015,118738,17.13,94.7,93.4,96.0,better,false,motriskindex-families-2024-v5
skoda-octavia,2016,126633,14.74,94.8,93.4,96.2,better,false,motriskindex-families-2024-v5
skoda-octavia,2017,98754,12.9,92.8,91.2,94.4,better,false,motriskindex-families-2024-v5
skoda-octavia,2018,67633,12.38,96.6,94.5,98.7,better,false,motriskindex-families-2024-v5
skoda-octavia,2019,60255,12.88,109.2,106.8,111.7,worse,false,motriskindex-families-2024-v5
skoda-octavia,2020,24228,11.35,102.2,98.4,106.0,no different,false,motriskindex-families-2024-v5
skoda-rapid,2012,936,30.77,115.0,101.8,128.3,worse,true,motriskindex-families-2024-v5
skoda-rapid,2013,19816,25.73,101.4,98.6,104.2,no different,false,motriskindex-families-2024-v5
skoda-rapid,2014,33534,22.59,96.9,94.7,99.1,better,false,motriskindex-families-2024-v5
skoda-rapid,2015,19819,21.53,100.2,97.2,103.2,no different,false,motriskindex-families-2024-v5
skoda-rapid,2016,25502,20.23,105.6,102.7,108.5,worse,false,motriskindex-families-2024-v5
skoda-rapid,2017,21257,18.18,103.7,100.4,107.0,worse,false,motriskindex-families-2024-v5
skoda-rapid,2018,8657,16.81,101.5,96.3,106.7,no different,false,motriskindex-families-2024-v5
skoda-rapid,2019,1479,12.04,78.4,66.8,89.9,better,true,motriskindex-families-2024-v5
skoda-roomster,2006,2722,49.16,105.2,99.6,110.8,no different,true,motriskindex-families-2024-v5
skoda-roomster,2007,17539,47.69,105.8,103.5,108.0,worse,false,motriskindex-families-2024-v5
skoda-roomster,2008,14497,44.96,107.1,104.5,109.7,worse,false,motriskindex-families-2024-v5
skoda-roomster,2009,7517,41.76,109.0,105.2,112.8,worse,false,motriskindex-families-2024-v5
skoda-roomster,2010,8602,32.17,94.0,90.5,97.5,better,false,motriskindex-families-2024-v5
skoda-roomster,2011,10115,27.79,92.1,88.7,95.5,better,false,motriskindex-families-2024-v5
skoda-roomster,2012,14962,26.47,100.3,97.2,103.5,no different,false,motriskindex-families-2024-v5
skoda-roomster,2013,16260,20.99,94.0,90.8,97.1,better,false,motriskindex-families-2024-v5
skoda-roomster,2014,16695,17.39,90.9,87.6,94.2,better,false,motriskindex-families-2024-v5
skoda-roomster,2015,10372,15.58,92.2,87.7,96.7,better,false,motriskindex-families-2024-v5
skoda-scala,2019,4692,10.98,96.6,88.3,105.0,no different,false,motriskindex-families-2024-v5
skoda-scala,2020,6639,11.16,103.4,96.0,110.9,no different,false,motriskindex-families-2024-v5
skoda-superb,2004,939,42.28,96.9,87.4,106.4,no different,true,motriskindex-families-2024-v5
skoda-superb,2005,1681,44.02,105.4,97.8,113.0,no different,true,motriskindex-families-2024-v5
skoda-superb,2006,1637,42.39,106.3,98.4,114.3,no different,true,motriskindex-families-2024-v5
skoda-superb,2007,1857,40.5,104.8,97.3,112.3,no different,true,motriskindex-families-2024-v5
skoda-superb,2008,2804,36.95,99.7,93.6,105.7,no different,true,motriskindex-families-2024-v5
skoda-superb,2009,7096,35.72,101.5,97.6,105.5,no different,false,motriskindex-families-2024-v5
skoda-superb,2010,12565,34.21,104.0,100.9,107.1,worse,false,motriskindex-families-2024-v5
skoda-superb,2011,18589,31.3,103.1,100.4,105.7,worse,false,motriskindex-families-2024-v5
skoda-superb,2012,25795,28.5,103.3,100.9,105.7,worse,false,motriskindex-families-2024-v5
skoda-superb,2013,23877,25.28,102.7,100.1,105.3,worse,false,motriskindex-families-2024-v5
skoda-superb,2014,29299,22.23,101.3,98.8,103.7,no different,false,motriskindex-families-2024-v5
skoda-superb,2015,29483,20.19,104.3,101.6,106.9,worse,false,motriskindex-families-2024-v5
skoda-superb,2016,52284,15.6,91.8,89.8,93.8,better,false,motriskindex-families-2024-v5
skoda-superb,2017,49883,14.22,92.0,89.8,94.1,better,false,motriskindex-families-2024-v5
skoda-superb,2018,31038,14.91,102.4,99.5,105.4,no different,false,motriskindex-families-2024-v5
skoda-superb,2019,20922,15.22,110.8,106.9,114.6,worse,false,motriskindex-families-2024-v5
skoda-superb,2020,9971,14.74,113.3,107.5,119.1,worse,false,motriskindex-families-2024-v5
skoda-yeti,2009,3473,33.08,105.7,99.6,111.8,no different,true,motriskindex-families-2024-v5
skoda-yeti,2010,23447,31.79,110.8,108.3,113.3,worse,false,motriskindex-families-2024-v5
skoda-yeti,2011,32215,26.82,103.6,101.4,105.8,worse,false,motriskindex-families-2024-v5
skoda-yeti,2012,40891,23.81,103.1,101.1,105.2,worse,false,motriskindex-families-2024-v5
skoda-yeti,2013,62312,19.26,94.4,92.7,96.1,better,false,motriskindex-families-2024-v5
skoda-yeti,2014,74048,17.58,98.8,97.1,100.5,no different,false,motriskindex-families-2024-v5
skoda-yeti,2015,76076,15.85,101.6,99.7,103.4,no different,false,motriskindex-families-2024-v5
skoda-yeti,2016,79572,14.34,101.6,99.7,103.4,no different,false,motriskindex-families-2024-v5
skoda-yeti,2017,60255,12.53,96.9,94.7,99.0,better,false,motriskindex-families-2024-v5
smart-city-review-c3a2a143,2000,530,42.26,98.8,85.9,111.7,no different,true,motriskindex-families-2024-v5
smart-city-review-c3a2a143,2001,1588,42.32,98.7,91.3,106.2,no different,true,motriskindex-families-2024-v5
smart-city-review-c3a2a143,2002,7014,42.79,99.9,96.3,103.5,no different,false,motriskindex-families-2024-v5
smart-city-review-c3a2a143,2003,9682,42.59,99.7,96.6,102.7,no different,false,motriskindex-families-2024-v5
smart-city-review-c3a2a143,2004,7221,41.56,97.0,93.5,100.5,no different,false,motriskindex-families-2024-v5
smart-city-review-c3a2a143,2005,4096,42.19,97.9,93.3,102.5,no different,false,motriskindex-families-2024-v5
smart-city-review-c3a2a143,2006,4700,43.0,99.2,94.8,103.5,no different,false,motriskindex-families-2024-v5
smart-city-review-c3a2a143,2007,3510,43.87,101.0,95.9,106.0,no different,true,motriskindex-families-2024-v5
smart-city-review-c3a2a143,2008,573,33.33,78.2,67.2,89.3,better,true,motriskindex-families-2024-v5
smart-city-review-c3a2a143,2009,529,35.16,82.6,70.7,94.5,better,true,motriskindex-families-2024-v5
smart-city-review-c3a2a143,2010,277,34.3,81.0,64.7,97.3,better,true,motriskindex-families-2024-v5
smart-forfour,2004,3594,46.94,103.3,98.4,108.3,no different,true,motriskindex-families-2024-v5
smart-forfour,2005,10374,44.19,99.2,96.3,102.1,no different,false,motriskindex-families-2024-v5
smart-forfour,2006,8887,42.68,96.7,93.6,99.7,better,false,motriskindex-families-2024-v5
smart-forfour,2007,702,41.03,95.2,84.2,106.2,no different,true,motriskindex-families-2024-v5
smart-forfour,2015,33221,25.38,105.6,103.3,107.9,worse,false,motriskindex-families-2024-v5
smart-forfour,2016,31503,21.19,102.7,100.2,105.1,worse,false,motriskindex-families-2024-v5
smart-forfour,2017,25286,18.1,98.2,95.3,101.0,no different,false,motriskindex-families-2024-v5
smart-forfour,2018,15417,16.29,94.4,90.7,98.1,better,false,motriskindex-families-2024-v5
smart-forfour,2019,5911,14.7,92.3,86.2,98.4,better,false,motriskindex-families-2024-v5
smart-fortwo,2002,558,44.44,106.2,93.0,119.4,no different,true,motriskindex-families-2024-v5
smart-fortwo,2003,1343,41.7,101.5,93.1,109.9,no different,true,motriskindex-families-2024-v5
smart-fortwo,2004,5368,40.16,99.7,95.5,103.9,no different,false,motriskindex-families-2024-v5
smart-fortwo,2005,6098,43.31,109.7,105.5,113.9,worse,false,motriskindex-families-2024-v5
smart-fortwo,2006,7185,40.19,104.7,100.9,108.5,worse,false,motriskindex-families-2024-v5
smart-fortwo,2007,14353,38.64,103.3,100.6,106.1,worse,false,motriskindex-families-2024-v5
smart-fortwo,2008,29795,37.51,103.3,101.4,105.2,worse,false,motriskindex-families-2024-v5
smart-fortwo,2009,36100,35.88,103.2,101.4,105.0,worse,false,motriskindex-families-2024-v5
smart-fortwo,2010,34072,35.04,106.4,104.5,108.4,worse,false,motriskindex-families-2024-v5
smart-fortwo,2011,23700,29.11,95.2,92.9,97.4,better,false,motriskindex-families-2024-v5
smart-fortwo,2012,16141,25.65,91.8,89.1,94.6,better,false,motriskindex-families-2024-v5
smart-fortwo,2013,20631,24.14,96.1,93.5,98.8,better,false,motriskindex-families-2024-v5
smart-fortwo,2014,22779,20.69,93.9,91.3,96.6,better,false,motriskindex-families-2024-v5
smart-fortwo,2015,13197,17.22,90.6,86.8,94.3,better,false,motriskindex-families-2024-v5
smart-fortwo,2016,34193,15.91,98.9,96.2,101.5,no different,false,motriskindex-families-2024-v5
smart-fortwo,2017,25276,13.8,96.5,93.3,99.7,better,false,motriskindex-families-2024-v5
smart-fortwo,2018,13525,13.52,102.3,97.6,107.0,no different,false,motriskindex-families-2024-v5
smart-fortwo,2019,5751,11.08,94.1,86.8,101.4,no different,false,motriskindex-families-2024-v5
smart-roadster-review-389672ba,2003,1568,35.52,110.6,101.4,119.8,worse,true,motriskindex-families-2024-v5
smart-roadster-review-389672ba,2004,5781,33.13,101.8,97.2,106.3,no different,false,motriskindex-families-2024-v5
smart-roadster-review-389672ba,2005,2963,30.75,92.5,86.5,98.5,better,true,motriskindex-families-2024-v5
smart-roadster-review-389672ba,2006,877,32.73,100.5,88.9,112.1,no different,true,motriskindex-families-2024-v5
smart-roadster-review-389672ba,2007,203,29.06,88.3,65.8,110.9,no different,true,motriskindex-families-2024-v5
ssangyong-korando,2011,456,44.74,106.1,91.6,120.7,no different,true,motriskindex-families-2024-v5
ssangyong-korando,2012,3349,42.64,105.3,99.8,110.8,no different,true,motriskindex-families-2024-v5
ssangyong-korando,2013,3344,39.89,104.2,98.6,109.8,no different,true,motriskindex-families-2024-v5
ssangyong-korando,2014,5895,35.71,102.5,98.2,106.9,no different,false,motriskindex-families-2024-v5
ssangyong-korando,2015,8658,31.65,102.4,98.6,106.3,no different,false,motriskindex-families-2024-v5
ssangyong-korando,2016,7375,27.36,101.8,97.3,106.2,no different,false,motriskindex-families-2024-v5
ssangyong-korando,2017,4886,21.76,89.8,84.4,95.2,better,false,motriskindex-families-2024-v5
ssangyong-korando,2018,3044,21.55,96.1,88.7,103.4,no different,true,motriskindex-families-2024-v5
ssangyong-korando,2019,2081,18.21,91.0,81.8,100.1,no different,true,motriskindex-families-2024-v5
ssangyong-korando,2020,1473,18.13,101.5,89.3,113.6,no different,true,motriskindex-families-2024-v5
ssangyong-musso,2016,338,42.01,112.2,93.7,130.6,no different,true,motriskindex-families-2024-v5
ssangyong-musso,2017,1351,38.93,107.0,97.9,116.2,no different,true,motriskindex-families-2024-v5
ssangyong-musso,2018,1757,38.93,107.8,99.7,115.8,no different,true,motriskindex-families-2024-v5
ssangyong-musso,2019,1673,34.91,97.8,89.9,105.7,no different,true,motriskindex-families-2024-v5
ssangyong-musso,2020,756,29.23,85.8,74.5,97.1,better,true,motriskindex-families-2024-v5
ssangyong-rexton,2005,1017,47.89,94.8,86.4,103.3,no different,true,motriskindex-families-2024-v5
ssangyong-rexton,2006,459,49.02,102.0,88.7,115.3,no different,true,motriskindex-families-2024-v5
ssangyong-rexton,2007,290,47.59,100.9,84.0,117.7,no different,true,motriskindex-families-2024-v5
ssangyong-rexton,2009,318,47.8,103.0,86.6,119.3,no different,true,motriskindex-families-2024-v5
ssangyong-rexton,2012,403,44.91,112.0,95.7,128.3,no different,true,motriskindex-families-2024-v5
ssangyong-rexton,2014,1915,41.72,113.8,105.9,121.7,worse,true,motriskindex-families-2024-v5
ssangyong-rexton,2015,2444,36.91,104.9,98.1,111.7,no different,true,motriskindex-families-2024-v5
ssangyong-rexton,2016,2246,30.68,97.4,90.1,104.7,no different,true,motriskindex-families-2024-v5
ssangyong-rexton,2017,2374,28.14,96.5,89.1,103.8,no different,true,motriskindex-families-2024-v5
ssangyong-rexton,2018,1376,20.42,73.4,64.8,82.0,better,true,motriskindex-families-2024-v5
ssangyong-rexton,2019,984,18.7,72.9,62.4,83.4,better,true,motriskindex-families-2024-v5
ssangyong-rexton,2020,424,21.46,91.5,72.7,110.3,no different,true,motriskindex-families-2024-v5
ssangyong-rodius,2012,246,47.15,111.3,91.0,131.5,no different,true,motriskindex-families-2024-v5
ssangyong-rodius,2013,431,46.87,117.3,101.1,133.5,worse,true,motriskindex-families-2024-v5
ssangyong-rodius,2014,994,38.33,100.4,90.3,110.5,no different,true,motriskindex-families-2024-v5
ssangyong-rodius,2015,2007,38.07,105.8,98.3,113.3,no different,true,motriskindex-families-2024-v5
ssangyong-rodius,2016,3753,33.92,100.7,95.2,106.2,no different,true,motriskindex-families-2024-v5
ssangyong-rodius,2017,3374,32.01,102.3,96.2,108.4,no different,true,motriskindex-families-2024-v5
ssangyong-rodius,2018,2039,28.89,97.0,89.1,104.8,no different,true,motriskindex-families-2024-v5
ssangyong-tivoli,2015,5901,27.88,100.4,95.6,105.3,no different,false,motriskindex-families-2024-v5
ssangyong-tivoli,2016,12350,24.45,99.1,95.6,102.7,no different,false,motriskindex-families-2024-v5
ssangyong-tivoli,2017,6787,23.25,103.2,98.1,108.3,no different,false,motriskindex-families-2024-v5
ssangyong-tivoli,2018,4324,22.62,106.1,99.4,112.7,no different,false,motriskindex-families-2024-v5
ssangyong-tivoli,2019,2293,19.89,101.2,91.9,110.5,no different,true,motriskindex-families-2024-v5
ssangyong-tivoli,2020,1017,19.27,107.2,92.2,122.2,no different,true,motriskindex-families-2024-v5
subaru-forester,1999,634,45.43,109.3,96.7,121.9,no different,true,motriskindex-families-2024-v5
subaru-forester,2000,1050,43.14,102.6,93.1,112.0,no different,true,motriskindex-families-2024-v5
subaru-forester,2001,1709,43.94,105.8,98.3,113.4,no different,true,motriskindex-families-2024-v5
subaru-forester,2002,2655,43.54,105.0,99.0,111.1,no different,true,motriskindex-families-2024-v5
subaru-forester,2003,5989,42.34,103.3,99.3,107.3,no different,false,motriskindex-families-2024-v5
subaru-forester,2004,6978,39.11,96.6,93.0,100.2,no different,false,motriskindex-families-2024-v5
subaru-forester,2005,8309,38.06,94.0,90.7,97.3,better,false,motriskindex-families-2024-v5
subaru-forester,2006,7000,40.19,100.8,97.1,104.5,no different,false,motriskindex-families-2024-v5
subaru-forester,2007,6084,37.48,96.3,92.3,100.2,no different,false,motriskindex-families-2024-v5
subaru-forester,2008,4008,37.15,98.7,93.7,103.7,no different,false,motriskindex-families-2024-v5
subaru-forester,2009,3576,39.88,110.3,104.6,116.0,worse,true,motriskindex-families-2024-v5
subaru-forester,2010,5634,35.45,104.0,99.4,108.5,no different,false,motriskindex-families-2024-v5
subaru-forester,2011,5639,31.65,100.1,95.5,104.8,no different,false,motriskindex-families-2024-v5
subaru-forester,2012,2761,30.17,105.3,98.1,112.4,no different,true,motriskindex-families-2024-v5
subaru-forester,2013,5206,24.32,95.4,90.2,100.7,no different,false,motriskindex-families-2024-v5
subaru-forester,2014,7082,21.51,97.6,92.7,102.5,no different,false,motriskindex-families-2024-v5
subaru-forester,2015,5986,19.55,105.4,99.4,111.5,no different,false,motriskindex-families-2024-v5
subaru-forester,2016,7187,15.9,104.9,98.8,111.0,no different,false,motriskindex-families-2024-v5
subaru-forester,2017,4739,12.34,94.5,86.8,102.1,no different,false,motriskindex-families-2024-v5
subaru-forester,2018,3779,10.51,91.5,82.5,100.6,no different,true,motriskindex-families-2024-v5
subaru-forester,2019,3346,9.18,93.2,82.7,103.6,no different,true,motriskindex-families-2024-v5
subaru-forester,2020,494,11.74,140.3,104.2,176.4,worse,true,motriskindex-families-2024-v5
subaru-impreza,1998,1455,31.27,103.6,94.1,113.2,no different,true,motriskindex-families-2024-v5
subaru-impreza,1999,3137,29.55,99.0,92.6,105.4,no different,true,motriskindex-families-2024-v5
subaru-impreza,2000,4836,28.97,97.2,92.1,102.3,no different,false,motriskindex-families-2024-v5
subaru-impreza,2001,6418,34.09,114.3,109.5,119.1,worse,false,motriskindex-families-2024-v5
subaru-impreza,2002,8306,31.44,105.2,101.1,109.2,worse,false,motriskindex-families-2024-v5
subaru-impreza,2003,12636,30.48,102.0,98.8,105.2,no different,false,motriskindex-families-2024-v5
subaru-impreza,2004,12482,27.82,93.3,90.2,96.4,better,false,motriskindex-families-2024-v5
subaru-impreza,2005,15286,28.37,95.3,92.5,98.2,better,false,motriskindex-families-2024-v5
subaru-impreza,2006,12157,28.95,98.3,95.0,101.5,no different,false,motriskindex-families-2024-v5
subaru-impreza,2007,12984,29.27,100.6,97.4,103.8,no different,false,motriskindex-families-2024-v5
subaru-impreza,2008,7326,28.3,99.7,95.4,104.0,no different,false,motriskindex-families-2024-v5
subaru-impreza,2009,5259,25.67,92.4,87.4,97.3,better,false,motriskindex-families-2024-v5
subaru-impreza,2010,5354,26.09,97.6,92.5,102.8,no different,false,motriskindex-families-2024-v5
subaru-impreza,2011,882,23.24,89.4,77.1,101.6,no different,true,motriskindex-families-2024-v5
subaru-impreza,2012,234,13.25,52.0,33.7,70.3,better,true,motriskindex-families-2024-v5
subaru-impreza,2014,272,23.16,97.4,73.4,121.5,no different,true,motriskindex-families-2024-v5
subaru-legacy,2000,678,46.61,108.8,96.8,120.8,no different,true,motriskindex-families-2024-v5
subaru-legacy,2001,1004,46.51,108.3,98.5,118.2,no different,true,motriskindex-families-2024-v5
subaru-legacy,2002,1090,44.04,105.5,96.1,115.0,no different,true,motriskindex-families-2024-v5
subaru-legacy,2003,1992,44.53,106.3,99.3,113.3,no different,true,motriskindex-families-2024-v5
subaru-legacy,2004,4074,41.46,100.5,95.7,105.3,no different,false,motriskindex-families-2024-v5
subaru-legacy,2005,4969,40.49,98.9,94.5,103.2,no different,false,motriskindex-families-2024-v5
subaru-legacy,2006,4927,40.73,101.9,97.5,106.4,no different,false,motriskindex-families-2024-v5
subaru-legacy,2007,3300,37.82,97.2,91.8,102.6,no different,true,motriskindex-families-2024-v5
subaru-legacy,2008,2857,38.75,102.8,96.8,108.9,no different,true,motriskindex-families-2024-v5
subaru-legacy,2009,2990,33.58,93.7,87.9,99.5,better,true,motriskindex-families-2024-v5
subaru-legacy,2010,3167,33.5,98.0,92.1,103.9,no different,true,motriskindex-families-2024-v5
subaru-legacy,2011,2938,30.6,95.1,88.9,101.4,no different,true,motriskindex-families-2024-v5
subaru-legacy,2012,1337,29.09,94.1,84.8,103.5,no different,true,motriskindex-families-2024-v5
subaru-legacy,2013,768,29.43,99.4,86.4,112.3,no different,true,motriskindex-families-2024-v5
subaru-outback,2004,1098,43.72,98.2,89.4,107.0,no different,true,motriskindex-families-2024-v5
subaru-outback,2005,1910,46.65,107.7,100.7,114.8,worse,true,motriskindex-families-2024-v5
subaru-outback,2006,2906,41.74,99.5,93.9,105.1,no different,true,motriskindex-families-2024-v5
subaru-outback,2007,2795,41.36,100.7,94.9,106.5,no different,true,motriskindex-families-2024-v5
subaru-outback,2008,1870,41.39,104.2,96.9,111.6,no different,true,motriskindex-families-2024-v5
subaru-outback,2009,2442,38.57,101.4,94.9,107.9,no different,true,motriskindex-families-2024-v5
subaru-outback,2010,3278,33.47,95.7,90.0,101.4,no different,true,motriskindex-families-2024-v5
subaru-outback,2011,3423,31.7,101.1,95.1,107.2,no different,true,motriskindex-families-2024-v5
subaru-outback,2012,1905,28.35,103.4,94.7,112.2,no different,true,motriskindex-families-2024-v5
subaru-outback,2013,1705,26.51,112.2,101.9,122.6,worse,true,motriskindex-families-2024-v5
subaru-outback,2014,1428,21.08,106.9,94.8,119.0,no different,true,motriskindex-families-2024-v5
subaru-outback,2015,4761,16.09,99.7,92.6,106.7,no different,false,motriskindex-families-2024-v5
subaru-outback,2016,4582,13.12,98.6,90.8,106.5,no different,false,motriskindex-families-2024-v5
subaru-outback,2017,2420,10.37,87.7,76.8,98.5,better,true,motriskindex-families-2024-v5
subaru-outback,2018,2616,10.86,97.0,85.8,108.3,no different,true,motriskindex-families-2024-v5
subaru-outback,2019,1792,10.04,100.3,85.6,114.9,no different,true,motriskindex-families-2024-v5
subaru-outback,2020,499,9.62,103.4,74.2,132.7,no different,true,motriskindex-families-2024-v5
subaru-xv,2012,3353,28.12,105.7,98.9,112.4,no different,true,motriskindex-families-2024-v5
subaru-xv,2013,3532,24.58,105.4,98.4,112.4,no different,true,motriskindex-families-2024-v5
subaru-xv,2014,3769,20.91,104.0,96.7,111.3,no different,true,motriskindex-families-2024-v5
subaru-xv,2015,3816,16.4,96.1,88.6,103.6,no different,true,motriskindex-families-2024-v5
subaru-xv,2016,4424,14.81,107.1,98.9,115.3,no different,false,motriskindex-families-2024-v5
subaru-xv,2017,3109,12.93,108.6,98.0,119.2,no different,true,motriskindex-families-2024-v5
subaru-xv,2018,4371,9.36,88.3,79.8,96.9,better,false,motriskindex-families-2024-v5
subaru-xv,2019,2865,7.64,81.3,70.5,92.1,better,true,motriskindex-families-2024-v5
subaru-xv,2020,658,6.99,88.9,63.2,114.6,no different,true,motriskindex-families-2024-v5
suzuki-alto,2001,267,55.06,102.4,85.8,118.9,no different,true,motriskindex-families-2024-v5
suzuki-alto,2002,251,51.39,95.1,78.7,111.6,no different,true,motriskindex-families-2024-v5
suzuki-alto,2003,4677,54.71,100.7,96.8,104.6,no different,false,motriskindex-families-2024-v5
suzuki-alto,2004,10659,53.71,102.9,100.3,105.6,worse,false,motriskindex-families-2024-v5
suzuki-alto,2005,12050,54.05,108.0,105.3,110.6,worse,false,motriskindex-families-2024-v5
suzuki-alto,2006,6816,53.26,114.1,110.4,117.8,worse,false,motriskindex-families-2024-v5
suzuki-alto,2009,35135,35.73,94.8,93.2,96.5,better,false,motriskindex-families-2024-v5
suzuki-alto,2010,28561,35.07,101.1,99.1,103.1,no different,false,motriskindex-families-2024-v5
suzuki-alto,2011,28739,31.57,99.2,97.2,101.3,no different,false,motriskindex-families-2024-v5
suzuki-alto,2012,29025,29.93,101.0,98.9,103.1,no different,false,motriskindex-families-2024-v5
suzuki-alto,2013,72722,27.2,98.4,97.0,99.8,better,false,motriskindex-families-2024-v5
suzuki-alto,2014,78179,25.79,99.3,97.9,100.7,no different,false,motriskindex-families-2024-v5
suzuki-alto,2015,11146,23.52,97.8,94.1,101.6,no different,false,motriskindex-families-2024-v5
suzuki-baleno,2016,11525,19.86,96.3,92.4,100.3,no different,false,motriskindex-families-2024-v5
suzuki-baleno,2017,11879,20.1,107.1,102.8,111.4,worse,false,motriskindex-families-2024-v5
suzuki-baleno,2018,5838,19.3,110.5,104.0,116.9,worse,false,motriskindex-families-2024-v5
suzuki-baleno,2019,3237,13.35,87.9,79.6,96.2,better,true,motriskindex-families-2024-v5
suzuki-carry,1999,304,44.74,92.7,77.1,108.3,no different,true,motriskindex-families-2024-v5
suzuki-carry,2000,1171,44.32,93.4,85.4,101.5,no different,true,motriskindex-families-2024-v5
suzuki-carry,2001,1949,44.33,94.4,88.1,100.7,no different,true,motriskindex-families-2024-v5
suzuki-carry,2002,3821,47.16,101.4,96.7,106.1,no different,true,motriskindex-families-2024-v5
suzuki-carry,2003,5568,47.59,102.7,98.8,106.6,no different,false,motriskindex-families-2024-v5
suzuki-carry,2004,7477,45.04,98.3,95.0,101.6,no different,false,motriskindex-families-2024-v5
suzuki-carry,2005,7183,44.03,96.6,93.2,99.9,better,false,motriskindex-families-2024-v5
suzuki-carry,2006,315,46.03,103.6,86.7,120.5,no different,true,motriskindex-families-2024-v5
suzuki-celerio,2015,43523,15.58,105.5,103.0,108.0,worse,false,motriskindex-families-2024-v5
suzuki-celerio,2016,47327,12.77,99.1,96.6,101.6,no different,false,motriskindex-families-2024-v5
suzuki-celerio,2017,33038,11.71,98.4,95.3,101.5,no different,false,motriskindex-families-2024-v5
suzuki-celerio,2018,16512,11.73,103.3,98.7,107.9,no different,false,motriskindex-families-2024-v5
suzuki-celerio,2019,6327,9.64,89.3,82.3,96.4,better,false,motriskindex-families-2024-v5
suzuki-grand-vitara,1998,323,42.72,97.5,81.2,113.7,no different,true,motriskindex-families-2024-v5
suzuki-grand-vitara,1999,1011,41.25,93.6,84.6,102.6,no different,true,motriskindex-families-2024-v5
suzuki-grand-vitara,2000,2103,44.51,101.2,94.7,107.7,no different,true,motriskindex-families-2024-v5
suzuki-grand-vitara,2001,5188,44.37,100.4,96.3,104.5,no different,false,motriskindex-families-2024-v5
suzuki-grand-vitara,2002,9553,44.39,101.2,98.1,104.2,no different,false,motriskindex-families-2024-v5
suzuki-grand-vitara,2003,13276,44.14,100.3,97.7,102.9,no different,false,motriskindex-families-2024-v5
suzuki-grand-vitara,2004,18195,43.01,99.3,97.1,101.5,no different,false,motriskindex-families-2024-v5
suzuki-grand-vitara,2005,18643,42.48,100.7,98.4,102.9,no different,false,motriskindex-families-2024-v5
suzuki-grand-vitara,2006,16785,42.03,103.4,101.0,105.8,worse,false,motriskindex-families-2024-v5
suzuki-grand-vitara,2007,19142,38.55,100.3,98.0,102.5,no different,false,motriskindex-families-2024-v5
suzuki-grand-vitara,2008,15493,35.85,99.6,97.0,102.2,no different,false,motriskindex-families-2024-v5
suzuki-grand-vitara,2009,12849,32.62,98.2,95.3,101.2,no different,false,motriskindex-families-2024-v5
suzuki-grand-vitara,2010,11645,29.15,95.7,92.5,98.9,better,false,motriskindex-families-2024-v5
suzuki-grand-vitara,2011,9217,26.6,97.2,93.4,101.1,no different,false,motriskindex-families-2024-v5
suzuki-grand-vitara,2012,6899,24.37,99.2,94.5,104.0,no different,false,motriskindex-families-2024-v5
suzuki-grand-vitara,2013,7028,19.49,90.4,85.6,95.2,better,false,motriskindex-families-2024-v5
suzuki-grand-vitara,2014,3140,13.54,73.3,66.4,80.3,better,true,motriskindex-families-2024-v5
suzuki-grand-vitara,2015,256,13.28,78.6,52.2,105.1,no different,true,motriskindex-families-2024-v5
suzuki-ignis,2000,460,47.83,105.1,91.2,118.9,no different,true,motriskindex-families-2024-v5
suzuki-ignis,2001,3811,45.42,101.1,96.4,105.9,no different,true,motriskindex-families-2024-v5
suzuki-ignis,2002,5866,45.58,102.0,98.2,105.9,no different,false,motriskindex-families-2024-v5
suzuki-ignis,2003,8250,43.66,98.3,95.1,101.5,no different,false,motriskindex-families-2024-v5
suzuki-ignis,2004,11024,43.22,97.8,95.0,100.6,no different,false,motriskindex-families-2024-v5
suzuki-ignis,2005,10344,44.55,102.6,99.6,105.5,no different,false,motriskindex-families-2024-v5
suzuki-ignis,2006,7475,42.03,98.5,95.0,101.9,no different,false,motriskindex-families-2024-v5
suzuki-ignis,2007,8334,38.92,94.2,90.9,97.4,better,false,motriskindex-families-2024-v5
suzuki-ignis,2016,1253,16.76,119.6,103.4,135.8,worse,true,motriskindex-families-2024-v5
suzuki-ignis,2017,31795,14.68,109.0,105.9,112.1,worse,false,motriskindex-families-2024-v5
suzuki-ignis,2018,23780,12.61,102.0,98.3,105.6,no different,false,motriskindex-families-2024-v5
suzuki-ignis,2019,11096,10.55,95.7,90.2,101.1,no different,false,motriskindex-families-2024-v5
suzuki-ignis,2020,8027,8.18,90.1,83.2,97.0,better,false,motriskindex-families-2024-v5
suzuki-jimny,1998,210,37.62,91.4,71.2,111.5,no different,true,motriskindex-families-2024-v5
suzuki-jimny,1999,1509,43.01,105.3,97.2,113.4,no different,true,motriskindex-families-2024-v5
suzuki-jimny,2000,4026,39.82,98.4,93.6,103.2,no different,false,motriskindex-families-2024-v5
suzuki-jimny,2001,6318,40.42,100.7,96.7,104.6,no different,false,motriskindex-families-2024-v5
suzuki-jimny,2002,10264,39.9,99.8,96.7,102.8,no different,false,motriskindex-families-2024-v5
suzuki-jimny,2003,12998,40.16,100.6,97.9,103.4,no different,false,motriskindex-families-2024-v5
suzuki-jimny,2004,14680,38.73,97.9,95.3,100.4,no different,false,motriskindex-families-2024-v5
suzuki-jimny,2005,12309,40.19,103.6,100.7,106.5,worse,false,motriskindex-families-2024-v5
suzuki-jimny,2006,11143,40.16,106.3,103.2,109.4,worse,false,motriskindex-families-2024-v5
suzuki-jimny,2007,11247,36.02,100.6,97.5,103.7,no different,false,motriskindex-families-2024-v5
suzuki-jimny,2008,7656,30.46,90.7,87.0,94.4,better,false,motriskindex-families-2024-v5
suzuki-jimny,2009,5239,27.12,87.1,82.5,91.6,better,false,motriskindex-families-2024-v5
suzuki-jimny,2010,4170,28.61,99.6,94.0,105.3,no different,false,motriskindex-families-2024-v5
suzuki-jimny,2011,4620,26.73,101.5,95.8,107.1,no different,false,motriskindex-families-2024-v5
suzuki-jimny,2012,5530,24.09,101.1,95.7,106.6,no different,false,motriskindex-families-2024-v5
suzuki-jimny,2013,5423,19.88,90.1,84.7,95.4,better,false,motriskindex-families-2024-v5
suzuki-jimny,2014,5288,20.5,102.7,96.6,108.9,no different,false,motriskindex-families-2024-v5
suzuki-jimny,2015,5949,19.57,111.0,104.6,117.3,worse,false,motriskindex-families-2024-v5
suzuki-jimny,2016,6335,16.2,107.6,101.0,114.2,worse,false,motriskindex-families-2024-v5
suzuki-jimny,2017,4975,14.27,105.7,97.9,113.5,no different,false,motriskindex-families-2024-v5
suzuki-jimny,2018,1991,12.91,103.9,91.2,116.6,no different,true,motriskindex-families-2024-v5
suzuki-jimny,2019,3563,6.09,57.7,50.0,65.4,better,true,motriskindex-families-2024-v5
suzuki-jimny,2020,1775,8.17,92.4,77.4,107.4,no different,true,motriskindex-families-2024-v5
suzuki-liana,2002,743,49.39,97.4,87.5,107.4,no different,true,motriskindex-families-2024-v5
suzuki-liana,2003,1258,51.11,100.8,93.0,108.6,no different,true,motriskindex-families-2024-v5
suzuki-liana,2004,2623,50.71,98.3,93.0,103.6,no different,true,motriskindex-families-2024-v5
suzuki-liana,2005,3002,50.67,97.5,92.6,102.4,no different,true,motriskindex-families-2024-v5
suzuki-liana,2006,2023,50.77,99.0,93.0,105.1,no different,true,motriskindex-families-2024-v5
suzuki-liana,2007,2113,47.66,93.3,87.6,99.1,better,true,motriskindex-families-2024-v5
suzuki-splash,2008,12333,44.88,104.4,101.7,107.2,worse,false,motriskindex-families-2024-v5
suzuki-splash,2009,16742,43.22,106.6,104.2,109.1,worse,false,motriskindex-families-2024-v5
suzuki-splash,2010,9202,40.46,108.3,104.8,111.7,worse,false,motriskindex-families-2024-v5
suzuki-splash,2011,9546,37.25,109.4,105.8,113.0,worse,false,motriskindex-families-2024-v5
suzuki-splash,2012,22647,28.37,94.5,92.2,96.8,better,false,motriskindex-families-2024-v5
suzuki-splash,2013,21047,24.26,93.4,90.8,95.9,better,false,motriskindex-families-2024-v5
suzuki-splash,2014,18694,20.24,92.3,89.3,95.2,better,false,motriskindex-families-2024-v5
suzuki-splash,2015,299,19.73,100.3,74.7,125.9,no different,true,motriskindex-families-2024-v5
suzuki-swift,2001,627,47.21,89.3,79.2,99.5,better,true,motriskindex-families-2024-v5
suzuki-swift,2002,1825,49.1,93.9,87.7,100.0,no different,true,motriskindex-families-2024-v5
suzuki-swift,2003,778,46.53,90.7,81.4,100.1,no different,true,motriskindex-families-2024-v5
suzuki-swift,2005,12644,51.43,104.0,101.5,106.6,worse,false,motriskindex-families-2024-v5
suzuki-swift,2006,35040,49.87,103.3,101.7,104.8,worse,false,motriskindex-families-2024-v5
suzuki-swift,2007,56923,47.73,102.1,100.9,103.3,worse,false,motriskindex-families-2024-v5
suzuki-swift,2008,55082,47.21,106.1,104.8,107.4,worse,false,motriskindex-families-2024-v5
suzuki-swift,2009,48494,44.17,106.0,104.6,107.4,worse,false,motriskindex-families-2024-v5
suzuki-swift,2010,40028,40.05,104.9,103.2,106.5,worse,false,motriskindex-families-2024-v5
suzuki-swift,2011,39423,33.1,96.5,94.9,98.2,better,false,motriskindex-families-2024-v5
suzuki-swift,2012,55714,28.75,95.0,93.5,96.5,better,false,motriskindex-families-2024-v5
suzuki-swift,2013,53423,25.18,96.1,94.5,97.7,better,false,motriskindex-families-2024-v5
suzuki-swift,2014,61127,21.74,96.0,94.3,97.6,better,false,motriskindex-families-2024-v5
suzuki-swift,2015,75054,18.91,97.4,95.8,99.0,better,false,motriskindex-families-2024-v5
suzuki-swift,2016,63681,16.81,103.1,101.1,105.0,worse,false,motriskindex-families-2024-v5
suzuki-swift,2017,42277,13.77,94.1,91.7,96.5,better,false,motriskindex-families-2024-v5
suzuki-swift,2018,41234,13.2,97.6,95.0,100.2,no different,false,motriskindex-families-2024-v5
suzuki-swift,2019,33528,11.17,90.3,87.4,93.2,better,false,motriskindex-families-2024-v5
suzuki-swift,2020,16184,9.25,85.1,80.8,89.4,better,false,motriskindex-families-2024-v5
suzuki-sx4,2006,7919,51.27,106.9,103.6,110.2,worse,false,motriskindex-families-2024-v5
suzuki-sx4,2007,18030,47.03,100.4,98.3,102.6,no different,false,motriskindex-families-2024-v5
suzuki-sx4,2008,18660,44.81,99.2,97.1,101.4,no different,false,motriskindex-families-2024-v5
suzuki-sx4,2009,13765,44.63,104.6,102.0,107.3,worse,false,motriskindex-families-2024-v5
suzuki-sx4,2010,13255,41.17,104.5,101.7,107.3,worse,false,motriskindex-families-2024-v5
suzuki-sx4,2011,14201,38.83,109.1,106.3,112.0,worse,false,motriskindex-families-2024-v5
suzuki-sx4,2012,12278,38.61,122.9,119.4,126.4,worse,false,motriskindex-families-2024-v5
suzuki-sx4,2013,20443,28.94,106.7,103.9,109.4,worse,false,motriskindex-families-2024-v5
suzuki-sx4,2014,39367,20.72,90.5,88.5,92.5,better,false,motriskindex-families-2024-v5
suzuki-sx4,2015,22918,17.06,88.4,85.6,91.2,better,false,motriskindex-families-2024-v5
suzuki-sx4,2016,20632,14.95,91.1,87.9,94.3,better,false,motriskindex-families-2024-v5
suzuki-sx4,2017,17180,13.31,91.9,88.2,95.7,better,false,motriskindex-families-2024-v5
suzuki-sx4,2018,11009,12.25,92.7,87.7,97.6,better,false,motriskindex-families-2024-v5
suzuki-sx4,2019,6161,10.13,83.8,77.3,90.4,better,false,motriskindex-families-2024-v5
suzuki-sx4,2020,770,9.35,84.7,65.1,104.2,no different,true,motriskindex-families-2024-v5
suzuki-vitara,1999,771,41.89,94.8,84.4,105.1,no different,true,motriskindex-families-2024-v5
suzuki-vitara,2000,425,44.47,105.2,90.2,120.2,no different,true,motriskindex-families-2024-v5
suzuki-vitara,2002,228,47.37,115.9,94.1,137.8,no different,true,motriskindex-families-2024-v5
suzuki-vitara,2015,33542,14.81,96.0,93.4,98.7,better,false,motriskindex-families-2024-v5
suzuki-vitara,2016,66706,14.1,102.5,100.4,104.6,worse,false,motriskindex-families-2024-v5
suzuki-vitara,2017,60118,13.93,110.4,108.1,112.8,worse,false,motriskindex-families-2024-v5
suzuki-vitara,2018,49081,12.69,107.5,104.8,110.2,worse,false,motriskindex-families-2024-v5
suzuki-vitara,2019,38979,9.84,91.3,88.4,94.2,better,false,motriskindex-families-2024-v5
suzuki-vitara,2020,10648,8.02,80.2,74.8,85.6,better,false,motriskindex-families-2024-v5
suzuki-wagon-r,1999,345,50.43,100.3,85.4,115.2,no different,true,motriskindex-families-2024-v5
suzuki-wagon-r,2000,3211,50.23,103.5,98.5,108.6,no different,true,motriskindex-families-2024-v5
suzuki-wagon-r,2001,6823,49.14,103.2,99.7,106.7,no different,false,motriskindex-families-2024-v5
suzuki-wagon-r,2002,11022,50.49,107.8,105.0,110.7,worse,false,motriskindex-families-2024-v5
suzuki-wagon-r,2003,13662,44.64,98.7,96.2,101.1,no different,false,motriskindex-families-2024-v5
suzuki-wagon-r,2004,12972,41.33,94.7,92.2,97.2,better,false,motriskindex-families-2024-v5
suzuki-wagon-r,2005,10180,39.71,94.3,91.4,97.2,better,false,motriskindex-families-2024-v5
suzuki-wagon-r,2006,4681,36.83,92.5,88.1,96.9,better,false,motriskindex-families-2024-v5
suzuki-wagon-r,2007,3971,37.09,96.7,91.8,101.6,no different,true,motriskindex-families-2024-v5
tesla-model-3,2019,29180,15.99,98.6,95.8,101.4,no different,false,motriskindex-families-2024-v5
tesla-model-3,2020,42681,17.38,108.9,106.5,111.4,worse,false,motriskindex-families-2024-v5
tesla-model-s,2014,3684,20.49,100.0,92.9,107.1,no different,true,motriskindex-families-2024-v5
tesla-model-s,2015,7643,17.28,95.6,90.4,100.8,no different,false,motriskindex-families-2024-v5
tesla-model-s,2016,13455,16.08,99.9,95.7,104.1,no different,false,motriskindex-families-2024-v5
tesla-model-s,2017,12499,14.35,97.5,93.0,102.1,no different,false,motriskindex-families-2024-v5
tesla-model-s,2018,7162,14.34,103.8,97.4,110.1,no different,false,motriskindex-families-2024-v5
tesla-model-s,2019,3569,15.1,115.9,106.1,125.6,worse,true,motriskindex-families-2024-v5
tesla-model-s,2020,1720,19.01,152.6,136.1,169.2,worse,true,motriskindex-families-2024-v5
tesla-model-x,2017,10195,15.21,91.6,87.0,96.1,better,false,motriskindex-families-2024-v5
tesla-model-x,2018,5337,16.92,106.5,99.6,113.5,no different,false,motriskindex-families-2024-v5
tesla-model-x,2019,3402,16.67,111.4,102.3,120.6,worse,true,motriskindex-families-2024-v5
tesla-model-x,2020,2616,18.23,131.5,119.7,143.3,worse,true,motriskindex-families-2024-v5
toyota-alphard,2002,932,26.82,99.6,87.3,111.9,no different,true,motriskindex-families-2024-v5
toyota-alphard,2003,2583,28.07,106.1,98.4,113.8,no different,true,motriskindex-families-2024-v5
toyota-alphard,2004,4610,28.48,108.9,103.0,114.8,worse,false,motriskindex-families-2024-v5
toyota-alphard,2005,4153,26.32,105.1,98.8,111.3,no different,false,motriskindex-families-2024-v5
toyota-alphard,2006,5106,24.07,99.8,94.2,105.3,no different,false,motriskindex-families-2024-v5
toyota-alphard,2007,4817,21.26,89.8,84.3,95.3,better,false,motriskindex-families-2024-v5
toyota-alphard,2008,3068,21.81,94.0,86.9,101.1,no different,true,motriskindex-families-2024-v5
toyota-alphard,2009,699,16.74,73.0,59.8,86.2,better,true,motriskindex-families-2024-v5
toyota-alphard,2010,683,20.94,94.3,78.9,109.8,no different,true,motriskindex-families-2024-v5
toyota-alphard,2014,225,32.44,104.9,80.9,129.0,no different,true,motriskindex-families-2024-v5
toyota-alphard,2015,1034,35.11,113.4,101.8,125.1,worse,true,motriskindex-families-2024-v5
toyota-alphard,2016,1969,32.35,104.3,96.2,112.4,no different,true,motriskindex-families-2024-v5
toyota-alphard,2017,2277,32.32,103.2,95.8,110.7,no different,true,motriskindex-families-2024-v5
toyota-alphard,2018,1975,30.94,100.6,92.6,108.6,no different,true,motriskindex-families-2024-v5
toyota-alphard,2019,1312,30.18,99.2,89.4,108.9,no different,true,motriskindex-families-2024-v5
toyota-alphard,2020,1018,33.1,109.9,98.2,121.6,no different,true,motriskindex-families-2024-v5
toyota-auris,2006,356,35.67,92.5,76.4,108.6,no different,true,motriskindex-families-2024-v5
toyota-auris,2007,78387,37.53,100.5,99.4,101.7,no different,false,motriskindex-families-2024-v5
toyota-auris,2008,78707,36.77,103.7,102.5,104.8,worse,false,motriskindex-families-2024-v5
toyota-auris,2009,70950,34.1,102.5,101.2,103.8,worse,false,motriskindex-families-2024-v5
toyota-auris,2010,59126,31.93,103.5,102.0,105.0,worse,false,motriskindex-families-2024-v5
toyota-auris,2011,57390,30.97,109.5,107.9,111.1,worse,false,motriskindex-families-2024-v5
toyota-auris,2012,51171,28.27,110.6,108.8,112.4,worse,false,motriskindex-families-2024-v5
toyota-auris,2013,84877,20.14,87.9,86.6,89.3,better,false,motriskindex-families-2024-v5
toyota-auris,2014,104667,19.65,94.6,93.3,95.9,better,false,motriskindex-families-2024-v5
toyota-auris,2015,105935,17.9,95.1,93.8,96.5,better,false,motriskindex-families-2024-v5
toyota-auris,2016,95244,16.71,98.7,97.2,100.2,no different,false,motriskindex-families-2024-v5
toyota-auris,2017,73683,15.38,97.6,95.8,99.4,better,false,motriskindex-families-2024-v5
toyota-auris,2018,55626,16.31,108.5,106.2,110.7,worse,false,motriskindex-families-2024-v5
toyota-auris,2019,3776,17.19,120.4,111.1,129.6,worse,true,motriskindex-families-2024-v5
toyota-avensis,1998,2193,42.68,94.8,88.8,100.9,no different,true,motriskindex-families-2024-v5
toyota-avensis,1999,4083,44.38,99.0,94.4,103.5,no different,false,motriskindex-families-2024-v5
toyota-avensis,2000,5418,44.06,99.5,95.5,103.5,no different,false,motriskindex-families-2024-v5
toyota-avensis,2001,7902,43.81,99.5,96.2,102.8,no different,false,motriskindex-families-2024-v5
toyota-avensis,2002,11089,44.84,102.8,99.9,105.6,no different,false,motriskindex-families-2024-v5
toyota-avensis,2003,22519,43.6,100.6,98.6,102.6,no different,false,motriskindex-families-2024-v5
toyota-avensis,2004,30868,42.33,98.4,96.7,100.0,no different,false,motriskindex-families-2024-v5
toyota-avensis,2005,37402,42.48,100.9,99.3,102.5,no different,false,motriskindex-families-2024-v5
toyota-avensis,2006,44720,41.58,101.0,99.6,102.5,no different,false,motriskindex-families-2024-v5
toyota-avensis,2007,46417,41.56,104.8,103.3,106.3,worse,false,motriskindex-families-2024-v5
toyota-avensis,2008,43138,39.83,105.4,103.8,106.9,worse,false,motriskindex-families-2024-v5
toyota-avensis,2009,39163,33.77,95.2,93.6,96.8,better,false,motriskindex-families-2024-v5
toyota-avensis,2010,40551,31.36,95.3,93.7,97.0,better,false,motriskindex-families-2024-v5
toyota-avensis,2011,31220,28.49,94.8,92.8,96.8,better,false,motriskindex-families-2024-v5
toyota-avensis,2012,33306,25.61,94.3,92.3,96.3,better,false,motriskindex-families-2024-v5
toyota-avensis,2013,21489,23.78,97.9,95.2,100.6,no different,false,motriskindex-families-2024-v5
toyota-avensis,2014,20391,22.09,102.1,99.1,105.1,no different,false,motriskindex-families-2024-v5
toyota-avensis,2015,21137,18.52,96.2,93.2,99.2,better,false,motriskindex-families-2024-v5
toyota-avensis,2016,23031,15.47,91.7,88.7,94.7,better,false,motriskindex-families-2024-v5
toyota-avensis,2017,13723,13.78,89.5,85.5,93.6,better,false,motriskindex-families-2024-v5
toyota-avensis,2018,4848,15.84,109.8,102.0,117.5,worse,false,motriskindex-families-2024-v5
toyota-aygo,2005,11000,48.93,107.0,104.2,109.9,worse,false,motriskindex-families-2024-v5
toyota-aygo,2006,57298,44.97,102.9,101.6,104.1,worse,false,motriskindex-families-2024-v5
toyota-aygo,2007,64503,42.02,100.9,99.7,102.1,no different,false,motriskindex-families-2024-v5
toyota-aygo,2008,75034,41.62,106.2,105.0,107.4,worse,false,motriskindex-families-2024-v5
toyota-aygo,2009,79722,36.53,100.6,99.5,101.8,no different,false,motriskindex-families-2024-v5
toyota-aygo,2010,73558,32.43,98.3,97.0,99.5,better,false,motriskindex-families-2024-v5
toyota-aygo,2011,78565,30.38,102.8,101.5,104.1,worse,false,motriskindex-families-2024-v5
toyota-aygo,2012,90314,27.63,105.9,104.5,107.2,worse,false,motriskindex-families-2024-v5
toyota-aygo,2013,92109,24.35,106.8,105.4,108.2,worse,false,motriskindex-families-2024-v5
toyota-aygo,2014,116690,20.31,103.0,101.6,104.3,worse,false,motriskindex-families-2024-v5
toyota-aygo,2015,139528,15.63,92.6,91.4,93.8,better,false,motriskindex-families-2024-v5
toyota-aygo,2016,134043,13.29,92.3,91.0,93.7,better,false,motriskindex-families-2024-v5
toyota-aygo,2017,112187,11.94,92.5,90.9,94.0,better,false,motriskindex-families-2024-v5
toyota-aygo,2018,88808,11.9,99.8,97.9,101.7,no different,false,motriskindex-families-2024-v5
toyota-aygo,2019,67178,10.48,97.8,95.5,100.0,no different,false,motriskindex-families-2024-v5
toyota-aygo,2020,33469,9.09,95.4,92.1,98.8,better,false,motriskindex-families-2024-v5
toyota-c-hr,2016,2870,12.44,86.2,77.3,95.2,better,true,motriskindex-families-2024-v5
toyota-c-hr,2017,73121,13.73,98.9,97.0,100.8,no different,false,motriskindex-families-2024-v5
toyota-c-hr,2018,74588,14.41,108.9,106.9,111.0,worse,false,motriskindex-families-2024-v5
toyota-c-hr,2019,53778,11.89,100.4,98.0,102.9,no different,false,motriskindex-families-2024-v5
toyota-c-hr,2020,32969,10.48,103.1,99.6,106.5,no different,false,motriskindex-families-2024-v5
toyota-camry,2019,1358,7.36,103.3,83.1,123.5,no different,true,motriskindex-families-2024-v5
toyota-camry,2020,766,6.14,98.1,70.0,126.1,no different,true,motriskindex-families-2024-v5
toyota-celica,1998,1165,41.29,97.9,89.2,106.6,no different,true,motriskindex-families-2024-v5
toyota-celica,1999,1570,41.66,98.4,90.8,105.9,no different,true,motriskindex-families-2024-v5
toyota-celica,2000,3176,44.84,106.4,100.9,111.9,worse,true,motriskindex-families-2024-v5
toyota-celica,2001,7074,41.25,97.7,94.1,101.2,no different,false,motriskindex-families-2024-v5
toyota-celica,2002,9232,41.2,98.0,94.9,101.1,no different,false,motriskindex-families-2024-v5
toyota-celica,2003,11548,43.3,102.3,99.5,105.1,no different,false,motriskindex-families-2024-v5
toyota-celica,2004,12183,42.9,101.0,98.3,103.8,no different,false,motriskindex-families-2024-v5
toyota-celica,2005,9987,40.93,97.3,94.3,100.3,no different,false,motriskindex-families-2024-v5
toyota-celica,2006,6539,37.64,90.7,87.1,94.3,better,false,motriskindex-families-2024-v5
toyota-celica,2007,420,34.29,84.0,70.3,97.7,better,true,motriskindex-families-2024-v5
toyota-corolla,1998,5098,45.29,104.1,99.9,108.4,no different,false,motriskindex-families-2024-v5
toyota-corolla,1999,8284,40.69,94.6,91.4,97.8,better,false,motriskindex-families-2024-v5
toyota-corolla,2000,10381,40.46,95.4,92.5,98.3,better,false,motriskindex-families-2024-v5
toyota-corolla,2001,17480,37.97,90.5,88.3,92.7,better,false,motriskindex-families-2024-v5
toyota-corolla,2002,36881,42.29,102.0,100.4,103.6,worse,false,motriskindex-families-2024-v5
toyota-corolla,2003,51795,42.3,102.9,101.5,104.2,worse,false,motriskindex-families-2024-v5
toyota-corolla,2004,66160,41.69,102.9,101.7,104.1,worse,false,motriskindex-families-2024-v5
toyota-corolla,2005,94630,38.95,98.6,97.6,99.6,better,false,motriskindex-families-2024-v5
toyota-corolla,2006,98169,37.44,96.9,96.0,97.9,better,false,motriskindex-families-2024-v5
toyota-corolla,2007,35758,36.99,98.2,96.6,99.9,better,false,motriskindex-families-2024-v5
toyota-corolla,2008,24423,36.26,98.8,96.7,100.8,no different,false,motriskindex-families-2024-v5
toyota-corolla,2009,8771,34.76,98.1,94.6,101.6,no different,false,motriskindex-families-2024-v5
toyota-corolla,2010,516,32.17,93.8,79.5,108.1,no different,true,motriskindex-families-2024-v5
toyota-corolla,2019,48637,11.31,104.6,101.9,107.4,worse,false,motriskindex-families-2024-v5
toyota-corolla,2020,37298,10.72,100.3,97.2,103.4,no different,false,motriskindex-families-2024-v5
toyota-estima,2002,752,42.95,132.7,118.2,147.1,worse,true,motriskindex-families-2024-v5
toyota-estima,2003,1055,41.04,127.1,115.2,139.1,worse,true,motriskindex-families-2024-v5
toyota-estima,2004,1241,32.72,114.1,103.0,125.2,worse,true,motriskindex-families-2024-v5
toyota-estima,2005,1162,32.62,121.7,109.4,133.9,worse,true,motriskindex-families-2024-v5
toyota-estima,2006,4390,25.22,96.7,91.0,102.4,no different,false,motriskindex-families-2024-v5
toyota-estima,2007,4503,25.81,102.9,97.0,108.8,no different,false,motriskindex-families-2024-v5
toyota-estima,2008,5613,22.02,96.6,91.2,101.9,no different,false,motriskindex-families-2024-v5
toyota-estima,2009,5372,20.01,94.7,89.0,100.4,no different,false,motriskindex-families-2024-v5
toyota-estima,2010,5032,19.97,99.8,93.7,106.0,no different,false,motriskindex-families-2024-v5
toyota-estima,2011,4139,19.38,99.3,92.5,106.2,no different,true,motriskindex-families-2024-v5
toyota-estima,2012,4128,18.05,97.4,90.4,104.4,no different,false,motriskindex-families-2024-v5
toyota-estima,2013,4404,19.32,99.2,92.5,105.9,no different,false,motriskindex-families-2024-v5
toyota-estima,2014,3953,20.64,95.2,88.7,101.8,no different,true,motriskindex-families-2024-v5
toyota-estima,2015,3138,25.3,112.1,104.3,119.9,worse,true,motriskindex-families-2024-v5
toyota-estima,2016,3828,24.69,105.8,99.1,112.5,no different,true,motriskindex-families-2024-v5
toyota-estima,2017,3100,24.26,100.3,93.1,107.4,no different,true,motriskindex-families-2024-v5
toyota-estima,2018,2562,25.18,97.4,89.9,104.9,no different,true,motriskindex-families-2024-v5
toyota-estima,2019,2475,24.4,92.2,84.9,99.6,better,true,motriskindex-families-2024-v5
toyota-estima,2020,1332,29.13,109.0,98.1,119.8,no different,true,motriskindex-families-2024-v5
toyota-gt86,2012,7354,16.9,100.8,95.2,106.4,no different,false,motriskindex-families-2024-v5
toyota-gt86,2013,9503,15.3,101.2,96.0,106.4,no different,false,motriskindex-families-2024-v5
toyota-gt86,2014,5670,14.25,101.5,94.5,108.5,no different,false,motriskindex-families-2024-v5
toyota-gt86,2015,4322,13.7,107.3,98.6,115.9,no different,false,motriskindex-families-2024-v5
toyota-gt86,2016,3854,10.61,94.5,85.4,103.7,no different,true,motriskindex-families-2024-v5
toyota-gt86,2017,3320,9.73,94.4,84.1,104.7,no different,true,motriskindex-families-2024-v5
toyota-gt86,2018,1859,9.36,97.5,83.0,112.0,no different,true,motriskindex-families-2024-v5
toyota-gt86,2019,1034,7.74,87.7,68.5,107.0,no different,true,motriskindex-families-2024-v5
toyota-gt86,2020,497,5.03,67.9,41.3,94.5,better,true,motriskindex-families-2024-v5
toyota-hiace,1998,1694,42.38,101.5,94.0,108.9,no different,true,motriskindex-families-2024-v5
toyota-hiace,1999,2229,41.0,99.0,92.6,105.4,no different,true,motriskindex-families-2024-v5
toyota-hiace,2000,3843,42.05,103.4,98.4,108.5,no different,true,motriskindex-families-2024-v5
toyota-hiace,2001,5265,39.75,99.0,94.8,103.3,no different,false,motriskindex-families-2024-v5
toyota-hiace,2002,6565,39.1,99.3,95.5,103.2,no different,false,motriskindex-families-2024-v5
toyota-hiace,2003,7439,40.33,104.0,100.3,107.7,worse,false,motriskindex-families-2024-v5
toyota-hiace,2004,8280,38.53,102.2,98.7,105.8,no different,false,motriskindex-families-2024-v5
toyota-hiace,2005,8916,36.04,98.2,94.8,101.6,no different,false,motriskindex-families-2024-v5
toyota-hiace,2006,9942,35.62,100.3,97.0,103.6,no different,false,motriskindex-families-2024-v5
toyota-hiace,2007,12317,32.87,96.0,93.1,99.0,better,false,motriskindex-families-2024-v5
toyota-hiace,2008,10699,32.12,97.0,93.8,100.3,no different,false,motriskindex-families-2024-v5
toyota-hiace,2009,5898,31.08,97.3,92.9,101.8,no different,false,motriskindex-families-2024-v5
toyota-hiace,2010,5453,31.07,100.1,95.3,104.8,no different,false,motriskindex-families-2024-v5
toyota-hiace,2011,3423,30.35,100.3,94.2,106.4,no different,true,motriskindex-families-2024-v5
toyota-hiace,2012,672,29.76,101.5,87.4,115.5,no different,true,motriskindex-families-2024-v5
toyota-hiace,2013,340,31.47,109.1,88.4,129.7,no different,true,motriskindex-families-2024-v5
toyota-hiace,2014,200,30.5,107.7,80.7,134.7,no different,true,motriskindex-families-2024-v5
toyota-hiace,2015,208,35.1,124.2,95.7,152.7,no different,true,motriskindex-families-2024-v5
toyota-hilux,1998,1916,47.55,100.6,94.1,107.2,no different,true,motriskindex-families-2024-v5
toyota-hilux,1999,2434,46.18,99.3,93.5,105.1,no different,true,motriskindex-families-2024-v5
toyota-hilux,2000,2927,46.22,100.8,95.4,106.2,no different,true,motriskindex-families-2024-v5
toyota-hilux,2001,3729,45.8,100.7,96.0,105.5,no different,true,motriskindex-families-2024-v5
toyota-hilux,2002,6657,46.3,102.5,98.9,106.1,no different,false,motriskindex-families-2024-v5
toyota-hilux,2003,7095,45.44,101.2,97.7,104.7,no different,false,motriskindex-families-2024-v5
toyota-hilux,2004,9815,45.64,102.1,99.1,105.1,no different,false,motriskindex-families-2024-v5
toyota-hilux,2005,7903,42.9,96.8,93.6,100.1,no different,false,motriskindex-families-2024-v5
toyota-hilux,2006,8026,43.47,99.1,95.8,102.3,no different,false,motriskindex-families-2024-v5
toyota-hilux,2007,13744,41.98,97.5,94.9,100.0,no different,false,motriskindex-families-2024-v5
toyota-hilux,2008,14546,41.7,99.3,96.8,101.8,no different,false,motriskindex-families-2024-v5
toyota-hilux,2009,12851,41.41,101.8,99.0,104.5,no different,false,motriskindex-families-2024-v5
toyota-hilux,2010,17399,39.84,101.7,99.3,104.0,no different,false,motriskindex-families-2024-v5
toyota-hilux,2011,25323,38.65,103.6,101.6,105.7,worse,false,motriskindex-families-2024-v5
toyota-hilux,2012,25688,34.86,99.9,97.8,101.9,no different,false,motriskindex-families-2024-v5
toyota-hilux,2013,26897,32.84,102.0,99.9,104.1,no different,false,motriskindex-families-2024-v5
toyota-hilux,2014,31658,29.71,101.3,99.2,103.3,no different,false,motriskindex-families-2024-v5
toyota-hilux,2015,35992,28.0,105.5,103.5,107.6,worse,false,motriskindex-families-2024-v5
toyota-hilux,2016,28743,23.56,100.7,98.3,103.1,no different,false,motriskindex-families-2024-v5
toyota-hilux,2017,28268,17.89,84.3,81.9,86.6,better,false,motriskindex-families-2024-v5
toyota-hilux,2018,22332,19.28,96.3,93.4,99.2,better,false,motriskindex-families-2024-v5
toyota-hilux,2019,15591,18.67,100.6,96.9,104.2,no different,false,motriskindex-families-2024-v5
toyota-hilux,2020,9843,18.57,106.7,101.8,111.6,worse,false,motriskindex-families-2024-v5
toyota-iq,2009,38393,24.68,102.7,100.6,104.8,worse,false,motriskindex-families-2024-v5
toyota-iq,2010,22823,22.95,101.2,98.4,103.9,no different,false,motriskindex-families-2024-v5
toyota-iq,2011,15181,21.46,101.4,97.9,104.9,no different,false,motriskindex-families-2024-v5
toyota-iq,2012,14059,19.19,97.8,94.1,101.5,no different,false,motriskindex-families-2024-v5
toyota-iq,2013,7887,16.85,94.3,89.3,99.4,better,false,motriskindex-families-2024-v5
toyota-iq,2014,5041,13.53,83.5,77.2,89.7,better,false,motriskindex-families-2024-v5
toyota-land-cruiser,1998,2709,38.46,98.4,92.4,104.3,no different,true,motriskindex-families-2024-v5
toyota-land-cruiser,1999,3666,40.4,104.5,99.2,109.8,no different,true,motriskindex-families-2024-v5
toyota-land-cruiser,2000,4128,38.13,100.2,95.2,105.1,no different,false,motriskindex-families-2024-v5
toyota-land-cruiser,2001,6356,37.11,97.9,93.9,101.8,no different,false,motriskindex-families-2024-v5
toyota-land-cruiser,2002,7641,37.64,100.2,96.5,103.8,no different,false,motriskindex-families-2024-v5
toyota-land-cruiser,2003,9888,37.36,100.3,97.1,103.6,no different,false,motriskindex-families-2024-v5
toyota-land-cruiser,2004,12445,38.06,102.1,99.2,105.0,no different,false,motriskindex-families-2024-v5
toyota-land-cruiser,2005,11723,35.91,98.8,95.8,101.8,no different,false,motriskindex-families-2024-v5
toyota-land-cruiser,2006,8385,36.09,102.9,99.2,106.6,no different,false,motriskindex-families-2024-v5
toyota-land-cruiser,2007,6838,33.37,99.8,95.7,103.9,no different,false,motriskindex-families-2024-v5
toyota-land-cruiser,2008,4045,30.8,98.4,93.0,103.9,no different,false,motriskindex-families-2024-v5
toyota-land-cruiser,2009,2644,29.99,104.5,97.2,111.8,no different,true,motriskindex-families-2024-v5
toyota-land-cruiser,2010,4009,23.0,90.3,84.4,96.1,better,false,motriskindex-families-2024-v5
toyota-land-cruiser,2011,2842,22.48,98.4,90.7,106.0,no different,true,motriskindex-families-2024-v5
toyota-land-cruiser,2012,2557,18.54,91.8,83.5,100.0,no different,true,motriskindex-families-2024-v5
toyota-land-cruiser,2013,2576,16.38,91.3,82.6,100.0,no different,true,motriskindex-families-2024-v5
toyota-land-cruiser,2014,4320,14.21,87.3,80.4,94.2,better,false,motriskindex-families-2024-v5
toyota-land-cruiser,2015,4401,15.41,101.6,94.0,109.3,no different,false,motriskindex-families-2024-v5
toyota-land-cruiser,2016,3694,13.97,100.1,91.5,108.8,no different,true,motriskindex-families-2024-v5
toyota-land-cruiser,2017,2330,13.18,100.3,89.1,111.6,no different,true,motriskindex-families-2024-v5
toyota-land-cruiser,2018,2581,12.51,97.2,86.6,107.8,no different,true,motriskindex-families-2024-v5
toyota-land-cruiser,2019,1877,12.41,99.8,87.0,112.6,no different,true,motriskindex-families-2024-v5
toyota-land-cruiser,2020,830,11.69,98.8,79.1,118.5,no different,true,motriskindex-families-2024-v5
toyota-mr2,1998,643,42.46,109.9,96.8,122.9,no different,true,motriskindex-families-2024-v5
toyota-mr2,1999,859,37.83,100.5,89.6,111.4,no different,true,motriskindex-families-2024-v5
toyota-mr2,2000,4740,39.24,104.9,100.1,109.6,worse,false,motriskindex-families-2024-v5
toyota-mr2,2001,5629,39.08,105.3,100.9,109.7,worse,false,motriskindex-families-2024-v5
toyota-mr2,2002,7389,39.55,107.6,103.7,111.5,worse,false,motriskindex-families-2024-v5
toyota-mr2,2003,8336,36.22,99.2,95.6,102.7,no different,false,motriskindex-families-2024-v5
toyota-mr2,2004,7688,34.47,95.8,92.2,99.5,better,false,motriskindex-families-2024-v5
toyota-mr2,2005,5410,32.87,93.6,89.2,97.9,better,false,motriskindex-families-2024-v5
toyota-mr2,2006,4783,29.17,86.9,82.4,91.5,better,false,motriskindex-families-2024-v5
toyota-mr2,2007,226,34.07,102.0,79.2,124.8,no different,true,motriskindex-families-2024-v5
toyota-previa,1998,571,51.14,103.7,91.8,115.6,no different,true,motriskindex-families-2024-v5
toyota-previa,1999,480,50.83,103.2,90.3,116.2,no different,true,motriskindex-families-2024-v5
toyota-previa,2000,1753,50.09,103.1,96.2,109.9,no different,true,motriskindex-families-2024-v5
toyota-previa,2001,4067,49.5,103.1,98.6,107.6,no different,false,motriskindex-families-2024-v5
toyota-previa,2002,4594,47.1,98.8,94.7,103.0,no different,false,motriskindex-families-2024-v5
toyota-previa,2003,5763,47.35,99.9,96.1,103.6,no different,false,motriskindex-families-2024-v5
toyota-previa,2004,5960,47.1,99.8,96.1,103.5,no different,false,motriskindex-families-2024-v5
toyota-previa,2005,5357,44.32,95.7,91.8,99.5,better,false,motriskindex-families-2024-v5
toyota-previa,2006,4167,43.36,94.6,90.2,99.0,better,false,motriskindex-families-2024-v5
toyota-previa,2007,208,44.71,100.4,80.0,120.8,no different,true,motriskindex-families-2024-v5
toyota-prius,2001,513,34.7,86.4,73.7,99.1,better,true,motriskindex-families-2024-v5
toyota-prius,2002,370,36.49,93.0,77.3,108.6,no different,true,motriskindex-families-2024-v5
toyota-prius,2003,906,38.85,101.3,90.7,111.9,no different,true,motriskindex-families-2024-v5
toyota-prius,2004,6230,38.59,103.1,99.0,107.2,no different,false,motriskindex-families-2024-v5
toyota-prius,2005,16301,36.88,101.3,98.7,103.8,no different,false,motriskindex-families-2024-v5
toyota-prius,2006,23311,37.33,105.1,102.9,107.3,worse,false,motriskindex-families-2024-v5
toyota-prius,2007,42045,34.67,101.5,99.8,103.1,no different,false,motriskindex-families-2024-v5
toyota-prius,2008,42644,32.38,99.7,98.0,101.4,no different,false,motriskindex-families-2024-v5
toyota-prius,2009,43646,31.32,102.9,101.2,104.6,worse,false,motriskindex-families-2024-v5
toyota-prius,2010,63774,29.88,105.2,103.7,106.7,worse,false,motriskindex-families-2024-v5
toyota-prius,2011,50026,28.13,108.4,106.6,110.2,worse,false,motriskindex-families-2024-v5
toyota-prius,2012,56639,23.54,100.6,98.8,102.3,no different,false,motriskindex-families-2024-v5
toyota-prius,2013,58145,21.37,101.4,99.7,103.2,no different,false,motriskindex-families-2024-v5
toyota-prius,2014,66349,19.29,100.1,98.4,101.8,no different,false,motriskindex-families-2024-v5
toyota-prius,2015,69223,18.92,106.3,104.5,108.1,worse,false,motriskindex-families-2024-v5
toyota-prius,2016,77143,14.19,88.9,87.2,90.6,better,false,motriskindex-families-2024-v5
toyota-prius,2017,62396,11.96,80.8,79.0,82.7,better,false,motriskindex-families-2024-v5
toyota-prius,2018,51183,12.36,89.3,87.1,91.5,better,false,motriskindex-families-2024-v5
toyota-prius,2019,48741,14.17,108.0,105.5,110.6,worse,false,motriskindex-families-2024-v5
toyota-prius,2020,17030,13.95,109.3,104.9,113.7,worse,false,motriskindex-families-2024-v5
toyota-proace,2013,1130,43.98,103.2,94.2,112.3,no different,true,motriskindex-families-2024-v5
toyota-proace,2014,5109,44.41,111.0,106.4,115.6,worse,false,motriskindex-families-2024-v5
toyota-proace,2015,6821,43.97,120.5,116.2,124.8,worse,false,motriskindex-families-2024-v5
toyota-proace,2016,3696,34.9,108.4,102.5,114.3,worse,true,motriskindex-families-2024-v5
toyota-proace,2017,9189,23.91,82.2,78.8,85.6,better,false,motriskindex-families-2024-v5
toyota-proace,2018,8538,26.69,97.5,93.5,101.5,no different,false,motriskindex-families-2024-v5
toyota-proace,2019,5657,24.41,93.8,88.8,98.7,better,false,motriskindex-families-2024-v5
toyota-proace,2020,3567,24.25,98.2,91.6,104.7,no different,true,motriskindex-families-2024-v5
toyota-rav4,1998,3307,42.61,100.5,95.2,105.7,no different,true,motriskindex-families-2024-v5
toyota-rav4,1999,3763,42.81,103.3,98.3,108.3,no different,true,motriskindex-families-2024-v5
toyota-rav4,2000,5777,41.96,103.4,99.3,107.5,no different,false,motriskindex-families-2024-v5
toyota-rav4,2001,14923,41.11,102.5,99.9,105.0,no different,false,motriskindex-families-2024-v5
toyota-rav4,2002,29409,40.24,101.1,99.3,102.9,no different,false,motriskindex-families-2024-v5
toyota-rav4,2003,39233,39.59,100.5,99.0,102.1,no different,false,motriskindex-families-2024-v5
toyota-rav4,2004,47043,37.32,96.2,94.8,97.7,better,false,motriskindex-families-2024-v5
toyota-rav4,2005,50197,35.88,94.4,93.0,95.8,better,false,motriskindex-families-2024-v5
toyota-rav4,2006,42972,38.28,103.5,101.9,105.0,worse,false,motriskindex-families-2024-v5
toyota-rav4,2007,43903,37.74,105.9,104.3,107.6,worse,false,motriskindex-families-2024-v5
toyota-rav4,2008,34802,35.48,106.0,104.1,107.9,worse,false,motriskindex-families-2024-v5
toyota-rav4,2009,21555,31.29,101.4,99.0,103.8,no different,false,motriskindex-families-2024-v5
toyota-rav4,2010,25352,27.47,97.6,95.3,99.8,better,false,motriskindex-families-2024-v5
toyota-rav4,2011,23653,24.78,98.5,96.0,101.1,no different,false,motriskindex-families-2024-v5
toyota-rav4,2012,20996,21.23,95.5,92.7,98.3,better,false,motriskindex-families-2024-v5
toyota-rav4,2013,37067,18.02,92.6,90.4,94.8,better,false,motriskindex-families-2024-v5
toyota-rav4,2014,38033,17.28,100.7,98.3,103.1,no different,false,motriskindex-families-2024-v5
toyota-rav4,2015,33987,15.93,105.3,102.5,108.1,worse,false,motriskindex-families-2024-v5
toyota-rav4,2016,46987,12.29,94.6,92.1,97.0,better,false,motriskindex-families-2024-v5
toyota-rav4,2017,41548,12.42,105.2,102.3,108.1,worse,false,motriskindex-families-2024-v5
toyota-rav4,2018,29757,12.41,112.2,108.6,115.8,worse,false,motriskindex-families-2024-v5
toyota-rav4,2019,28051,8.02,80.0,76.7,83.3,better,false,motriskindex-families-2024-v5
toyota-rav4,2020,24440,8.07,90.9,86.8,94.9,better,false,motriskindex-families-2024-v5
toyota-starlet,1998,4463,38.32,95.5,91.0,100.0,no different,false,motriskindex-families-2024-v5
toyota-starlet,1999,2687,37.25,95.6,89.7,101.5,no different,true,motriskindex-families-2024-v5
toyota-urban-cruiser,2009,7660,28.5,101.2,97.0,105.4,no different,false,motriskindex-families-2024-v5
toyota-urban-cruiser,2010,7343,27.29,103.2,98.7,107.7,no different,false,motriskindex-families-2024-v5
toyota-urban-cruiser,2011,6153,24.82,100.0,95.0,105.0,no different,false,motriskindex-families-2024-v5
toyota-urban-cruiser,2012,3556,20.98,91.2,84.6,97.7,better,true,motriskindex-families-2024-v5
toyota-vellfire,2008,276,17.75,102.3,73.7,131.0,no different,true,motriskindex-families-2024-v5
toyota-vellfire,2009,500,15.0,88.0,68.1,108.0,no different,true,motriskindex-families-2024-v5
toyota-vellfire,2010,955,17.49,103.2,87.6,118.9,no different,true,motriskindex-families-2024-v5
toyota-verso,2007,239,34.31,93.5,73.3,113.8,no different,true,motriskindex-families-2024-v5
toyota-verso,2008,459,37.47,105.1,89.4,120.8,no different,true,motriskindex-families-2024-v5
toyota-verso,2009,12604,34.43,100.3,97.3,103.2,no different,false,motriskindex-families-2024-v5
toyota-verso,2010,20041,35.68,109.4,106.8,111.9,worse,false,motriskindex-families-2024-v5
toyota-verso,2011,24619,30.56,100.1,97.8,102.3,no different,false,motriskindex-families-2024-v5
toyota-verso,2012,18706,30.33,108.2,105.4,111.0,worse,false,motriskindex-families-2024-v5
toyota-verso,2013,20269,25.25,98.9,96.1,101.6,no different,false,motriskindex-families-2024-v5
toyota-verso,2014,18437,22.54,97.2,94.2,100.1,no different,false,motriskindex-families-2024-v5
toyota-verso,2015,19679,19.56,93.5,90.6,96.5,better,false,motriskindex-families-2024-v5
toyota-verso,2016,21511,17.87,96.9,93.9,100.0,no different,false,motriskindex-families-2024-v5
toyota-verso,2017,12251,14.75,87.4,83.4,91.4,better,false,motriskindex-families-2024-v5
toyota-verso,2018,3405,15.89,98.4,90.1,106.7,no different,true,motriskindex-families-2024-v5
toyota-yaris,1999,9529,49.35,104.5,101.5,107.5,worse,false,motriskindex-families-2024-v5
toyota-yaris,2000,30502,47.08,100.8,99.2,102.5,no different,false,motriskindex-families-2024-v5
toyota-yaris,2001,61021,44.54,96.4,95.3,97.6,better,false,motriskindex-families-2024-v5
toyota-yaris,2002,84794,44.09,96.5,95.5,97.5,better,false,motriskindex-families-2024-v5
toyota-yaris,2003,102702,45.96,101.2,100.3,102.1,worse,false,motriskindex-families-2024-v5
toyota-yaris,2004,113570,45.75,102.7,101.8,103.6,worse,false,motriskindex-families-2024-v5
toyota-yaris,2005,129060,43.81,101.1,100.3,102.0,worse,false,motriskindex-families-2024-v5
toyota-yaris,2006,123325,43.21,103.5,102.6,104.3,worse,false,motriskindex-families-2024-v5
toyota-yaris,2007,141938,41.49,104.2,103.4,105.1,worse,false,motriskindex-families-2024-v5
toyota-yaris,2008,146930,39.7,105.8,104.9,106.6,worse,false,motriskindex-families-2024-v5
toyota-yaris,2009,154582,32.33,92.9,92.1,93.7,better,false,motriskindex-families-2024-v5
toyota-yaris,2010,115747,31.83,99.4,98.4,100.4,no different,false,motriskindex-families-2024-v5
toyota-yaris,2011,98317,27.29,93.8,92.6,94.9,better,false,motriskindex-families-2024-v5
toyota-yaris,2012,165119,27.27,104.2,103.2,105.1,worse,false,motriskindex-families-2024-v5
toyota-yaris,2013,173275,24.81,106.8,105.8,107.8,worse,false,motriskindex-families-2024-v5
toyota-yaris,2014,173965,21.58,105.2,104.2,106.3,worse,false,motriskindex-families-2024-v5
toyota-yaris,2015,185344,16.52,91.3,90.3,92.3,better,false,motriskindex-families-2024-v5
toyota-yaris,2016,172193,14.26,91.7,90.5,92.8,better,false,motriskindex-families-2024-v5
toyota-yaris,2017,140032,13.55,96.3,95.0,97.7,better,false,motriskindex-families-2024-v5
toyota-yaris,2018,113018,12.89,99.3,97.6,100.9,no different,false,motriskindex-families-2024-v5
toyota-yaris,2019,85231,11.33,94.7,92.8,96.6,better,false,motriskindex-families-2024-v5
toyota-yaris,2020,41596,10.42,95.1,92.2,97.9,better,false,motriskindex-families-2024-v5
tvr-chimaera,1998,1142,16.99,93.5,80.4,106.7,no different,true,motriskindex-families-2024-v5
tvr-chimaera,1999,1307,14.84,83.7,71.9,95.4,better,true,motriskindex-families-2024-v5
tvr-chimaera,2000,522,13.03,76.0,57.9,94.0,better,true,motriskindex-families-2024-v5
vauxhall-adam,2012,246,27.24,86.1,65.5,106.8,no different,true,motriskindex-families-2024-v5
vauxhall-adam,2013,46272,30.72,102.4,100.7,104.1,worse,false,motriskindex-families-2024-v5
vauxhall-adam,2014,80291,28.38,102.4,101.1,103.8,worse,false,motriskindex-families-2024-v5
vauxhall-adam,2015,64966,25.01,99.0,97.5,100.5,no different,false,motriskindex-families-2024-v5
vauxhall-adam,2016,56817,22.67,101.3,99.6,103.1,no different,false,motriskindex-families-2024-v5
vauxhall-adam,2017,39564,19.82,97.4,95.2,99.5,better,false,motriskindex-families-2024-v5
vauxhall-adam,2018,21951,19.33,101.2,98.2,104.3,no different,false,motriskindex-families-2024-v5
vauxhall-adam,2019,14505,18.19,102.0,98.1,105.9,no different,false,motriskindex-families-2024-v5
vauxhall-agila,2000,2596,46.34,104.2,98.4,110.1,no different,true,motriskindex-families-2024-v5
vauxhall-agila,2001,6184,43.9,100.0,96.2,103.7,no different,false,motriskindex-families-2024-v5
vauxhall-agila,2002,7053,44.11,102.2,98.6,105.8,no different,false,motriskindex-families-2024-v5
vauxhall-agila,2003,12296,42.29,99.0,96.3,101.7,no different,false,motriskindex-families-2024-v5
vauxhall-agila,2004,10911,39.98,93.9,91.1,96.6,better,false,motriskindex-families-2024-v5
vauxhall-agila,2005,10467,40.3,95.7,92.9,98.6,better,false,motriskindex-families-2024-v5
vauxhall-agila,2006,9422,37.17,89.3,86.3,92.3,better,false,motriskindex-families-2024-v5
vauxhall-agila,2007,7893,36.8,90.0,86.8,93.3,better,false,motriskindex-families-2024-v5
vauxhall-agila,2008,20464,43.18,108.4,106.2,110.7,worse,false,motriskindex-families-2024-v5
vauxhall-agila,2009,36790,41.34,108.1,106.4,109.8,worse,false,motriskindex-families-2024-v5
vauxhall-agila,2010,24445,36.98,103.5,101.4,105.7,worse,false,motriskindex-families-2024-v5
vauxhall-agila,2011,26784,34.36,104.3,102.2,106.5,worse,false,motriskindex-families-2024-v5
vauxhall-agila,2012,24681,28.0,95.2,92.9,97.4,better,false,motriskindex-families-2024-v5
vauxhall-agila,2013,21250,23.34,91.3,88.8,93.9,better,false,motriskindex-families-2024-v5
vauxhall-agila,2014,21327,19.01,87.6,84.9,90.3,better,false,motriskindex-families-2024-v5
vauxhall-agila,2015,1067,15.65,80.5,68.3,92.8,better,true,motriskindex-families-2024-v5
vauxhall-ampera,2012,2037,25.63,98.2,89.8,106.6,no different,true,motriskindex-families-2024-v5
vauxhall-ampera,2013,1373,25.86,103.7,92.9,114.5,no different,true,motriskindex-families-2024-v5
vauxhall-ampera,2014,2895,23.73,101.4,93.8,109.0,no different,true,motriskindex-families-2024-v5
vauxhall-ampera,2015,474,20.46,92.8,74.3,111.2,no different,true,motriskindex-families-2024-v5
vauxhall-antara,2007,3325,47.55,97.6,92.8,102.4,no different,true,motriskindex-families-2024-v5
vauxhall-antara,2008,5196,47.27,99.3,95.4,103.2,no different,false,motriskindex-families-2024-v5
vauxhall-antara,2009,5941,47.69,103.2,99.4,107.0,no different,false,motriskindex-families-2024-v5
vauxhall-antara,2010,1870,47.22,104.9,97.9,111.8,no different,true,motriskindex-families-2024-v5
vauxhall-antara,2011,6035,44.76,103.0,99.1,106.9,no different,false,motriskindex-families-2024-v5
vauxhall-antara,2012,39602,41.28,99.7,98.1,101.2,no different,false,motriskindex-families-2024-v5
vauxhall-antara,2013,44296,39.32,100.2,98.7,101.7,no different,false,motriskindex-families-2024-v5
vauxhall-antara,2014,16562,36.19,99.8,97.3,102.4,no different,false,motriskindex-families-2024-v5
vauxhall-antara,2015,12861,32.44,98.9,95.9,101.9,no different,false,motriskindex-families-2024-v5
vauxhall-antara,2016,5065,29.18,102.2,96.9,107.4,no different,false,motriskindex-families-2024-v5
vauxhall-astra,1998,4226,49.38,100.6,96.3,104.9,no different,false,motriskindex-families-2024-v5
vauxhall-astra,1999,10978,49.64,102.0,99.3,104.7,no different,false,motriskindex-families-2024-v5
vauxhall-astra,2000,21528,48.46,99.5,97.6,101.4,no different,false,motriskindex-families-2024-v5
vauxhall-astra,2001,38830,47.95,97.9,96.4,99.3,better,false,motriskindex-families-2024-v5
vauxhall-astra,2002,70849,49.48,100.8,99.7,101.8,no different,false,motriskindex-families-2024-v5
vauxhall-astra,2003,89240,48.5,98.3,97.4,99.2,better,false,motriskindex-families-2024-v5
vauxhall-astra,2004,101494,50.04,101.4,100.6,102.3,worse,false,motriskindex-families-2024-v5
vauxhall-astra,2005,179639,50.23,102.8,102.2,103.5,worse,false,motriskindex-families-2024-v5
vauxhall-astra,2006,242757,49.46,103.4,102.8,104.0,worse,false,motriskindex-families-2024-v5
vauxhall-astra,2007,354465,47.13,101.8,101.3,102.3,worse,false,motriskindex-families-2024-v5
vauxhall-astra,2008,328616,45.34,102.3,101.8,102.8,worse,false,motriskindex-families-2024-v5
vauxhall-astra,2009,286926,44.35,105.3,104.7,105.8,worse,false,motriskindex-families-2024-v5
vauxhall-astra,2010,370204,38.64,97.4,96.9,97.9,better,false,motriskindex-families-2024-v5
vauxhall-astra,2011,308760,35.41,96.0,95.4,96.6,better,false,motriskindex-families-2024-v5
vauxhall-astra,2012,308110,33.2,96.7,96.1,97.3,better,false,motriskindex-families-2024-v5
vauxhall-astra,2013,334358,30.79,98.8,98.2,99.4,better,false,motriskindex-families-2024-v5
vauxhall-astra,2014,318200,29.43,107.6,106.9,108.2,worse,false,motriskindex-families-2024-v5
vauxhall-astra,2015,290848,23.95,100.8,100.1,101.6,worse,false,motriskindex-families-2024-v5
vauxhall-astra,2016,344624,17.71,87.8,87.1,88.5,better,false,motriskindex-families-2024-v5
vauxhall-astra,2017,248372,15.72,88.1,87.3,89.0,better,false,motriskindex-families-2024-v5
vauxhall-astra,2018,121748,15.95,97.5,96.1,98.9,better,false,motriskindex-families-2024-v5
vauxhall-astra,2019,64013,14.4,98.7,96.7,100.7,no different,false,motriskindex-families-2024-v5
vauxhall-astra,2020,4897,10.86,83.7,76.6,90.8,better,false,motriskindex-families-2024-v5
vauxhall-astravan,2002,357,59.66,119.5,103.4,135.5,worse,true,motriskindex-families-2024-v5
vauxhall-astravan,2003,1848,51.3,102.6,96.0,109.1,no different,true,motriskindex-families-2024-v5
vauxhall-astravan,2004,10411,50.96,101.6,98.9,104.4,no different,false,motriskindex-families-2024-v5
vauxhall-astravan,2005,15009,51.8,103.6,101.3,105.9,worse,false,motriskindex-families-2024-v5
vauxhall-astravan,2006,14780,48.65,98.7,96.4,101.0,no different,false,motriskindex-families-2024-v5
vauxhall-astravan,2007,8206,45.56,95.2,92.1,98.2,better,false,motriskindex-families-2024-v5
vauxhall-astravan,2008,7897,46.36,98.8,95.6,102.0,no different,false,motriskindex-families-2024-v5
vauxhall-astravan,2009,3810,44.28,97.4,92.8,102.1,no different,true,motriskindex-families-2024-v5
vauxhall-astravan,2010,5605,40.73,93.0,89.2,96.9,better,false,motriskindex-families-2024-v5
vauxhall-astravan,2011,5555,38.4,92.9,88.9,96.8,better,false,motriskindex-families-2024-v5
vauxhall-astravan,2012,2199,36.29,93.0,86.6,99.5,better,true,motriskindex-families-2024-v5
vauxhall-cascada,2013,4803,24.44,100.6,94.8,106.3,no different,false,motriskindex-families-2024-v5
vauxhall-cascada,2014,4317,25.16,107.7,101.3,114.1,worse,false,motriskindex-families-2024-v5
vauxhall-cascada,2015,3453,20.88,99.4,92.1,106.7,no different,true,motriskindex-families-2024-v5
vauxhall-cascada,2016,3089,16.74,89.0,81.3,96.7,better,true,motriskindex-families-2024-v5
vauxhall-cascada,2017,1073,15.19,86.6,73.3,99.9,better,true,motriskindex-families-2024-v5
vauxhall-combo,1998,241,46.89,83.4,68.0,98.7,better,true,motriskindex-families-2024-v5
vauxhall-combo,1999,449,42.98,77.8,66.8,88.8,better,true,motriskindex-families-2024-v5
vauxhall-combo,2000,538,51.3,92.5,81.5,103.4,no different,true,motriskindex-families-2024-v5
vauxhall-combo,2001,1086,51.29,92.6,84.9,100.3,no different,true,motriskindex-families-2024-v5
vauxhall-combo,2002,7420,55.54,100.4,97.3,103.5,no different,false,motriskindex-families-2024-v5
vauxhall-combo,2003,19618,56.13,101.1,99.2,103.0,no different,false,motriskindex-families-2024-v5
vauxhall-combo,2004,24540,56.62,102.6,100.9,104.3,worse,false,motriskindex-families-2024-v5
vauxhall-combo,2005,27636,54.35,99.9,98.3,101.5,no different,false,motriskindex-families-2024-v5
vauxhall-combo,2006,35753,54.42,102.7,101.3,104.2,worse,false,motriskindex-families-2024-v5
vauxhall-combo,2007,41738,53.02,103.6,102.3,105.0,worse,false,motriskindex-families-2024-v5
vauxhall-combo,2008,47474,50.17,102.1,100.8,103.4,worse,false,motriskindex-families-2024-v5
vauxhall-combo,2009,31944,47.25,100.8,99.2,102.4,no different,false,motriskindex-families-2024-v5
vauxhall-combo,2010,49269,39.08,87.4,86.2,88.6,better,false,motriskindex-families-2024-v5
vauxhall-combo,2011,52455,38.15,88.6,87.4,89.9,better,false,motriskindex-families-2024-v5
vauxhall-combo,2012,21334,47.14,113.3,111.1,115.5,worse,false,motriskindex-families-2024-v5
vauxhall-combo,2013,23155,42.54,105.9,103.8,107.9,worse,false,motriskindex-families-2024-v5
vauxhall-combo,2014,33299,39.29,103.2,101.4,105.0,worse,false,motriskindex-families-2024-v5
vauxhall-combo,2015,34848,37.02,101.7,100.0,103.5,no different,false,motriskindex-families-2024-v5
vauxhall-combo,2016,33027,35.27,102.2,100.4,104.1,worse,false,motriskindex-families-2024-v5
vauxhall-combo,2017,20467,32.64,99.8,97.4,102.2,no different,false,motriskindex-families-2024-v5
vauxhall-combo,2018,12261,30.89,98.6,95.5,101.7,no different,false,motriskindex-families-2024-v5
vauxhall-combo,2019,47762,28.13,95.4,93.8,97.0,better,false,motriskindex-families-2024-v5
vauxhall-combo,2020,24229,31.99,110.6,108.2,113.1,worse,false,motriskindex-families-2024-v5
vauxhall-corsa,1998,5166,45.37,88.4,84.8,92.0,better,false,motriskindex-families-2024-v5
vauxhall-corsa,1999,8511,45.4,87.7,84.9,90.5,better,false,motriskindex-families-2024-v5
vauxhall-corsa,2000,14776,49.21,94.3,92.1,96.4,better,false,motriskindex-families-2024-v5
vauxhall-corsa,2001,42643,53.89,102.0,100.7,103.3,worse,false,motriskindex-families-2024-v5
vauxhall-corsa,2002,68578,53.3,101.3,100.3,102.4,worse,false,motriskindex-families-2024-v5
vauxhall-corsa,2003,97869,53.55,102.1,101.2,103.0,worse,false,motriskindex-families-2024-v5
vauxhall-corsa,2004,114776,53.9,103.4,102.6,104.2,worse,false,motriskindex-families-2024-v5
vauxhall-corsa,2005,140750,53.97,105.2,104.5,106.0,worse,false,motriskindex-families-2024-v5
vauxhall-corsa,2006,177398,52.35,104.6,103.9,105.3,worse,false,motriskindex-families-2024-v5
vauxhall-corsa,2007,307947,48.45,99.9,99.4,100.4,no different,false,motriskindex-families-2024-v5
vauxhall-corsa,2008,373281,46.86,99.8,99.3,100.3,no different,false,motriskindex-families-2024-v5
vauxhall-corsa,2009,365430,44.86,98.9,98.4,99.4,better,false,motriskindex-families-2024-v5
vauxhall-corsa,2010,369962,43.4,100.0,99.5,100.5,no different,false,motriskindex-families-2024-v5
vauxhall-corsa,2011,386347,39.61,96.5,96.0,96.9,better,false,motriskindex-families-2024-v5
vauxhall-corsa,2012,437869,38.28,99.3,98.8,99.7,better,false,motriskindex-families-2024-v5
vauxhall-corsa,2013,426635,37.7,106.2,105.7,106.7,worse,false,motriskindex-families-2024-v5
vauxhall-corsa,2014,464836,35.08,111.0,110.5,111.6,worse,false,motriskindex-families-2024-v5
vauxhall-corsa,2015,536862,26.79,94.4,93.9,94.9,better,false,motriskindex-families-2024-v5
vauxhall-corsa,2016,460519,22.65,92.4,91.9,93.0,better,false,motriskindex-families-2024-v5
vauxhall-corsa,2017,274467,19.88,90.1,89.3,90.8,better,false,motriskindex-families-2024-v5
vauxhall-corsa,2018,213504,19.76,95.8,94.9,96.7,better,false,motriskindex-families-2024-v5
vauxhall-corsa,2019,128102,19.14,99.8,98.6,101.1,no different,false,motriskindex-families-2024-v5
vauxhall-corsavan,2003,706,51.13,96.6,86.6,106.5,no different,true,motriskindex-families-2024-v5
vauxhall-corsavan,2004,646,49.07,93.9,83.6,104.3,no different,true,motriskindex-families-2024-v5
vauxhall-corsavan,2005,1318,55.39,107.7,99.9,115.5,no different,true,motriskindex-families-2024-v5
vauxhall-corsavan,2006,3092,53.62,106.5,101.4,111.7,worse,true,motriskindex-families-2024-v5
vauxhall-corsavan,2007,4584,49.06,99.6,95.4,103.7,no different,false,motriskindex-families-2024-v5
vauxhall-corsavan,2008,6112,48.2,99.0,95.5,102.6,no different,false,motriskindex-families-2024-v5
vauxhall-corsavan,2009,4272,43.59,93.5,89.2,97.7,better,false,motriskindex-families-2024-v5
vauxhall-corsavan,2010,4031,44.53,99.5,94.9,104.1,no different,false,motriskindex-families-2024-v5
vauxhall-corsavan,2011,4510,42.28,98.0,93.6,102.4,no different,false,motriskindex-families-2024-v5
vauxhall-corsavan,2012,2122,42.79,103.0,96.3,109.7,no different,true,motriskindex-families-2024-v5
vauxhall-crossland,2017,12972,16.05,96.6,92.4,100.7,no different,false,motriskindex-families-2024-v5
vauxhall-crossland,2018,51312,15.31,103.3,101.0,105.6,worse,false,motriskindex-families-2024-v5
vauxhall-crossland,2019,49416,12.31,97.1,94.6,99.5,better,false,motriskindex-families-2024-v5
vauxhall-crossland,2020,37103,12.76,112.8,109.6,116.1,worse,false,motriskindex-families-2024-v5
vauxhall-grandland,2017,200,10.0,67.7,38.0,97.4,better,true,motriskindex-families-2024-v5
vauxhall-grandland,2018,65175,15.96,109.8,107.7,112.0,worse,false,motriskindex-families-2024-v5
vauxhall-grandland,2019,68903,12.48,98.2,96.1,100.3,no different,false,motriskindex-families-2024-v5
vauxhall-grandland,2020,37256,11.28,97.1,94.1,100.0,no different,false,motriskindex-families-2024-v5
vauxhall-insignia,2008,1112,35.25,92.6,83.4,101.8,no different,true,motriskindex-families-2024-v5
vauxhall-insignia,2009,98662,37.66,101.8,100.8,102.9,worse,false,motriskindex-families-2024-v5
vauxhall-insignia,2010,124585,35.3,99.0,98.1,99.9,better,false,motriskindex-families-2024-v5
vauxhall-insignia,2011,180209,33.92,98.6,97.8,99.4,better,false,motriskindex-families-2024-v5
vauxhall-insignia,2012,144437,33.47,101.6,100.7,102.6,worse,false,motriskindex-families-2024-v5
vauxhall-insignia,2013,139082,31.17,100.6,99.7,101.6,no different,false,motriskindex-families-2024-v5
vauxhall-insignia,2014,160967,29.36,101.6,100.7,102.5,worse,false,motriskindex-families-2024-v5
vauxhall-insignia,2015,180036,26.91,101.1,100.2,102.0,worse,false,motriskindex-families-2024-v5
vauxhall-insignia,2016,140214,25.43,106.8,105.7,107.9,worse,false,motriskindex-families-2024-v5
vauxhall-insignia,2017,82528,19.95,90.9,89.5,92.2,better,false,motriskindex-families-2024-v5
vauxhall-insignia,2018,52433,18.03,87.9,86.1,89.7,better,false,motriskindex-families-2024-v5
vauxhall-insignia,2019,24926,18.35,96.1,93.4,98.9,better,false,motriskindex-families-2024-v5
vauxhall-insignia,2020,2705,15.97,89.5,81.1,97.9,better,true,motriskindex-families-2024-v5
vauxhall-meriva,2003,6045,54.95,98.8,95.5,102.2,no different,false,motriskindex-families-2024-v5
vauxhall-meriva,2004,26884,56.55,102.4,100.8,104.1,worse,false,motriskindex-families-2024-v5
vauxhall-meriva,2005,31961,56.22,103.5,102.0,105.0,worse,false,motriskindex-families-2024-v5
vauxhall-meriva,2006,43305,54.39,104.4,103.0,105.7,worse,false,motriskindex-families-2024-v5
vauxhall-meriva,2007,45818,52.93,106.4,105.1,107.7,worse,false,motriskindex-families-2024-v5
vauxhall-meriva,2008,47454,50.84,108.4,107.0,109.7,worse,false,motriskindex-families-2024-v5
vauxhall-meriva,2009,42966,48.44,111.1,109.6,112.6,worse,false,motriskindex-families-2024-v5
vauxhall-meriva,2010,73265,39.89,99.9,98.8,101.1,no different,false,motriskindex-families-2024-v5
vauxhall-meriva,2011,101366,32.01,88.9,87.9,89.8,better,false,motriskindex-families-2024-v5
vauxhall-meriva,2012,58567,29.08,89.9,88.6,91.3,better,false,motriskindex-families-2024-v5
vauxhall-meriva,2013,49164,28.38,99.5,97.9,101.2,no different,false,motriskindex-families-2024-v5
vauxhall-meriva,2014,46886,22.0,89.7,87.9,91.4,better,false,motriskindex-families-2024-v5
vauxhall-meriva,2015,50276,19.81,95.7,93.8,97.6,better,false,motriskindex-families-2024-v5
vauxhall-meriva,2016,39437,17.14,99.5,97.2,101.9,no different,false,motriskindex-families-2024-v5
vauxhall-meriva,2017,23345,15.29,101.4,98.1,104.7,no different,false,motriskindex-families-2024-v5
vauxhall-mokka,2012,4978,30.07,92.2,87.5,96.9,better,false,motriskindex-families-2024-v5
vauxhall-mokka,2013,77678,28.87,96.0,94.7,97.2,better,false,motriskindex-families-2024-v5
vauxhall-mokka,2014,192890,25.94,96.2,95.4,97.0,better,false,motriskindex-families-2024-v5
vauxhall-mokka,2015,260745,24.18,102.8,102.0,103.6,worse,false,motriskindex-families-2024-v5
vauxhall-mokka,2016,241467,21.82,110.8,109.9,111.8,worse,false,motriskindex-families-2024-v5
vauxhall-mokka,2017,191677,17.01,98.1,97.0,99.2,better,false,motriskindex-families-2024-v5
vauxhall-mokka,2018,128532,15.11,96.7,95.3,98.1,better,false,motriskindex-families-2024-v5
vauxhall-mokka,2019,68513,14.62,107.8,105.7,109.9,worse,false,motriskindex-families-2024-v5
vauxhall-movano,2012,280,31.43,83.5,66.1,101.0,no different,true,motriskindex-families-2024-v5
vauxhall-movano,2013,544,26.65,76.6,64.2,89.1,better,true,motriskindex-families-2024-v5
vauxhall-movano,2014,1064,27.91,84.8,75.2,94.4,better,true,motriskindex-families-2024-v5
vauxhall-movano,2015,1050,28.0,90.2,79.9,100.5,no different,true,motriskindex-families-2024-v5
vauxhall-movano,2016,3421,29.82,101.7,95.5,108.0,no different,true,motriskindex-families-2024-v5
vauxhall-movano,2017,1571,25.72,93.6,84.5,102.8,no different,true,motriskindex-families-2024-v5
vauxhall-movano,2018,774,29.84,117.4,102.2,132.5,worse,true,motriskindex-families-2024-v5
vauxhall-movano,2019,699,32.9,136.1,118.5,153.7,worse,true,motriskindex-families-2024-v5
vauxhall-movano,2020,516,25.78,112.6,93.4,131.7,no different,true,motriskindex-families-2024-v5
vauxhall-omega,2000,643,40.28,112.0,98.3,125.6,no different,true,motriskindex-families-2024-v5
vauxhall-omega,2001,1740,37.36,99.2,91.6,106.9,no different,true,motriskindex-families-2024-v5
vauxhall-omega,2002,2722,37.58,97.6,91.6,103.5,no different,true,motriskindex-families-2024-v5
vauxhall-omega,2003,3259,37.07,95.7,90.3,101.1,no different,true,motriskindex-families-2024-v5
vauxhall-signum,2003,747,50.47,106.1,95.4,116.8,no different,true,motriskindex-families-2024-v5
vauxhall-signum,2004,2468,52.23,108.1,102.2,114.0,worse,true,motriskindex-families-2024-v5
vauxhall-signum,2005,3384,47.93,100.5,95.6,105.4,no different,true,motriskindex-families-2024-v5
vauxhall-signum,2006,5837,45.43,95.0,91.4,98.7,better,false,motriskindex-families-2024-v5
vauxhall-signum,2007,3442,46.11,95.3,90.6,100.0,no different,true,motriskindex-families-2024-v5
vauxhall-tigra,2004,2502,50.52,100.5,95.0,106.1,no different,true,motriskindex-families-2024-v5
vauxhall-tigra,2005,10357,50.62,100.3,97.6,103.0,no different,false,motriskindex-families-2024-v5
vauxhall-tigra,2006,14610,50.01,100.0,97.7,102.3,no different,false,motriskindex-families-2024-v5
vauxhall-tigra,2007,12903,49.0,98.9,96.5,101.4,no different,false,motriskindex-families-2024-v5
vauxhall-tigra,2008,9992,48.25,98.8,96.1,101.6,no different,false,motriskindex-families-2024-v5
vauxhall-tigra,2009,12141,46.08,96.8,94.3,99.4,better,false,motriskindex-families-2024-v5
vauxhall-vectra,1998,1067,45.27,99.1,90.3,107.9,no different,true,motriskindex-families-2024-v5
vauxhall-vectra,1999,2393,44.76,96.1,90.3,101.8,no different,true,motriskindex-families-2024-v5
vauxhall-vectra,2000,4426,45.53,96.5,92.3,100.8,no different,false,motriskindex-families-2024-v5
vauxhall-vectra,2001,6980,46.66,98.4,95.1,101.8,no different,false,motriskindex-families-2024-v5
vauxhall-vectra,2002,8565,47.74,99.4,96.3,102.4,no different,false,motriskindex-families-2024-v5
vauxhall-vectra,2003,12375,50.97,104.2,101.6,106.8,worse,false,motriskindex-families-2024-v5
vauxhall-vectra,2004,21400,51.0,103.4,101.4,105.3,worse,false,motriskindex-families-2024-v5
vauxhall-vectra,2005,33483,50.66,101.8,100.2,103.3,worse,false,motriskindex-families-2024-v5
vauxhall-vectra,2006,60064,48.64,98.0,96.9,99.1,better,false,motriskindex-families-2024-v5
vauxhall-vectra,2007,95404,48.46,97.7,96.8,98.6,better,false,motriskindex-families-2024-v5
vauxhall-vectra,2008,99861,47.78,96.4,95.6,97.3,better,false,motriskindex-families-2024-v5
vauxhall-vectra,2009,16449,46.6,94.7,92.6,96.8,better,false,motriskindex-families-2024-v5
vauxhall-viva,2015,31019,15.72,96.6,93.9,99.3,better,false,motriskindex-families-2024-v5
vauxhall-viva,2016,83711,14.18,102.3,100.5,104.1,worse,false,motriskindex-families-2024-v5
vauxhall-viva,2017,50910,12.88,102.9,100.5,105.4,worse,false,motriskindex-families-2024-v5
vauxhall-viva,2018,22098,12.13,102.4,98.6,106.3,no different,false,motriskindex-families-2024-v5
vauxhall-viva,2019,12459,11.34,101.9,96.6,107.2,no different,false,motriskindex-families-2024-v5
vauxhall-vivaro,2001,743,52.76,97.2,87.6,106.8,no different,true,motriskindex-families-2024-v5
vauxhall-vivaro,2002,7400,54.99,101.5,98.4,104.6,no different,false,motriskindex-families-2024-v5
vauxhall-vivaro,2003,18873,55.47,101.7,99.8,103.7,no different,false,motriskindex-families-2024-v5
vauxhall-vivaro,2004,34189,55.17,100.7,99.3,102.2,no different,false,motriskindex-families-2024-v5
vauxhall-vivaro,2005,48074,54.32,98.8,97.6,99.9,better,false,motriskindex-families-2024-v5
vauxhall-vivaro,2006,57642,55.49,100.9,99.8,102.0,no different,false,motriskindex-families-2024-v5
vauxhall-vivaro,2007,64130,54.16,98.8,97.7,99.8,better,false,motriskindex-families-2024-v5
vauxhall-vivaro,2008,62324,53.05,97.2,96.2,98.3,better,false,motriskindex-families-2024-v5
vauxhall-vivaro,2009,29122,53.04,98.3,96.8,99.9,better,false,motriskindex-families-2024-v5
vauxhall-vivaro,2010,43632,54.56,103.5,102.2,104.8,worse,false,motriskindex-families-2024-v5
vauxhall-vivaro,2011,69960,54.44,107.0,105.9,108.1,worse,false,motriskindex-families-2024-v5
vauxhall-vivaro,2012,56047,51.18,105.8,104.6,107.1,worse,false,motriskindex-families-2024-v5
vauxhall-vivaro,2013,64789,47.48,105.4,104.3,106.6,worse,false,motriskindex-families-2024-v5
vauxhall-vivaro,2014,79263,42.09,102.5,101.4,103.6,worse,false,motriskindex-families-2024-v5
vauxhall-vivaro,2015,136862,34.72,94.6,93.8,95.5,better,false,motriskindex-families-2024-v5
vauxhall-vivaro,2016,119239,30.7,94.6,93.7,95.6,better,false,motriskindex-families-2024-v5
vauxhall-vivaro,2017,66187,28.25,96.1,94.7,97.5,better,false,motriskindex-families-2024-v5
vauxhall-vivaro,2018,46507,26.28,96.4,94.7,98.1,better,false,motriskindex-families-2024-v5
vauxhall-vivaro,2019,29599,25.64,102.8,100.5,105.1,worse,false,motriskindex-families-2024-v5
vauxhall-vivaro,2020,19969,25.44,109.6,106.6,112.6,worse,false,motriskindex-families-2024-v5
vauxhall-zafira,1999,996,54.82,106.2,97.3,115.1,no different,true,motriskindex-families-2024-v5
vauxhall-zafira,2000,4042,53.93,104.4,100.0,108.8,no different,false,motriskindex-families-2024-v5
vauxhall-zafira,2001,10388,51.62,100.1,97.4,102.8,no different,false,motriskindex-families-2024-v5
vauxhall-zafira,2002,23148,51.61,99.8,98.0,101.6,no different,false,motriskindex-families-2024-v5
vauxhall-zafira,2003,36660,52.58,101.4,100.0,102.8,no different,false,motriskindex-families-2024-v5
vauxhall-zafira,2004,60949,51.76,99.5,98.4,100.6,no different,false,motriskindex-families-2024-v5
vauxhall-zafira,2005,69414,52.25,101.7,100.6,102.7,worse,false,motriskindex-families-2024-v5
vauxhall-zafira,2006,101331,50.01,99.0,98.1,99.9,better,false,motriskindex-families-2024-v5
vauxhall-zafira,2007,130616,49.23,100.2,99.4,100.9,no different,false,motriskindex-families-2024-v5
vauxhall-zafira,2008,141020,47.7,101.0,100.3,101.8,worse,false,motriskindex-families-2024-v5
vauxhall-zafira,2009,83169,46.02,102.7,101.6,103.7,worse,false,motriskindex-families-2024-v5
vauxhall-zafira,2010,133143,43.5,103.3,102.5,104.2,worse,false,motriskindex-families-2024-v5
vauxhall-zafira,2011,96176,39.48,101.0,100.0,102.0,no different,false,motriskindex-families-2024-v5
vauxhall-zafira,2012,111499,35.74,99.6,98.6,100.6,no different,false,motriskindex-families-2024-v5
vauxhall-zafira,2013,180988,31.41,96.6,95.8,97.4,better,false,motriskindex-families-2024-v5
vauxhall-zafira,2014,173539,28.3,96.7,95.8,97.5,better,false,motriskindex-families-2024-v5
vauxhall-zafira,2015,89723,23.9,92.2,91.0,93.5,better,false,motriskindex-families-2024-v5
vauxhall-zafira,2016,73738,21.46,94.9,93.4,96.4,better,false,motriskindex-families-2024-v5
vauxhall-zafira,2017,63662,19.11,92.9,91.3,94.6,better,false,motriskindex-families-2024-v5
vauxhall-zafira,2018,20274,19.64,102.9,99.7,106.1,no different,false,motriskindex-families-2024-v5
volkswagen-amarok,2011,3625,35.34,111.3,105.2,117.4,worse,true,motriskindex-families-2024-v5
volkswagen-amarok,2012,7776,32.63,112.7,108.3,117.1,worse,false,motriskindex-families-2024-v5
volkswagen-amarok,2013,11268,26.22,98.9,95.4,102.5,no different,false,motriskindex-families-2024-v5
volkswagen-amarok,2014,13921,23.25,96.3,93.0,99.6,better,false,motriskindex-families-2024-v5
volkswagen-amarok,2015,17264,21.28,99.3,96.1,102.5,no different,false,motriskindex-families-2024-v5
volkswagen-amarok,2016,15519,18.44,97.8,94.2,101.4,no different,false,motriskindex-families-2024-v5
volkswagen-amarok,2017,12037,16.95,99.7,95.4,104.0,no different,false,motriskindex-families-2024-v5
volkswagen-amarok,2018,11246,16.58,105.1,100.3,109.8,worse,false,motriskindex-families-2024-v5
volkswagen-amarok,2019,9642,14.34,99.0,93.8,104.2,no different,false,motriskindex-families-2024-v5
volkswagen-amarok,2020,3452,13.47,100.4,91.3,109.5,no different,true,motriskindex-families-2024-v5
volkswagen-arteon,2017,2689,12.09,91.3,81.4,101.3,no different,true,motriskindex-families-2024-v5
volkswagen-arteon,2018,8517,13.58,105.6,99.5,111.7,no different,false,motriskindex-families-2024-v5
volkswagen-arteon,2019,7160,12.65,100.2,93.7,106.7,no different,false,motriskindex-families-2024-v5
volkswagen-arteon,2020,2976,14.08,112.7,101.9,123.5,worse,true,motriskindex-families-2024-v5
volkswagen-beetle,1999,246,47.56,86.7,71.0,102.4,no different,true,motriskindex-families-2024-v5
volkswagen-beetle,2000,8246,55.69,102.2,99.3,105.2,no different,false,motriskindex-families-2024-v5
volkswagen-beetle,2001,12321,52.89,98.2,95.9,100.6,no different,false,motriskindex-families-2024-v5
volkswagen-beetle,2002,14574,52.71,99.1,96.9,101.3,no different,false,motriskindex-families-2024-v5
volkswagen-beetle,2003,25135,52.8,100.4,98.7,102.1,no different,false,motriskindex-families-2024-v5
volkswagen-beetle,2004,31156,52.16,100.5,98.9,102.0,no different,false,motriskindex-families-2024-v5
volkswagen-beetle,2005,26250,48.13,94.8,93.2,96.5,better,false,motriskindex-families-2024-v5
volkswagen-beetle,2006,23044,48.19,97.8,96.0,99.6,better,false,motriskindex-families-2024-v5
volkswagen-beetle,2007,20114,49.0,103.8,101.7,105.8,worse,false,motriskindex-families-2024-v5
volkswagen-beetle,2008,15850,46.03,103.1,100.8,105.5,worse,false,motriskindex-families-2024-v5
volkswagen-beetle,2009,11285,42.99,102.6,99.8,105.5,no different,false,motriskindex-families-2024-v5
volkswagen-beetle,2010,13050,38.56,99.2,96.4,101.9,no different,false,motriskindex-families-2024-v5
volkswagen-beetle,2011,4102,36.84,102.6,97.4,107.8,no different,false,motriskindex-families-2024-v5
volkswagen-beetle,2012,13497,31.55,95.4,92.6,98.3,better,false,motriskindex-families-2024-v5
volkswagen-beetle,2013,26626,30.27,99.7,97.5,101.9,no different,false,motriskindex-families-2024-v5
volkswagen-beetle,2014,21718,27.61,99.8,97.3,102.3,no different,false,motriskindex-families-2024-v5
volkswagen-beetle,2015,19594,24.58,99.7,96.9,102.5,no different,false,motriskindex-families-2024-v5
volkswagen-beetle,2016,13648,21.61,103.0,99.3,106.7,no different,false,motriskindex-families-2024-v5
volkswagen-beetle,2017,7877,18.05,95.8,90.8,100.8,no different,false,motriskindex-families-2024-v5
volkswagen-beetle,2018,3658,15.94,91.9,84.5,99.4,better,true,motriskindex-families-2024-v5
volkswagen-bora,1999,1506,47.68,108.1,100.2,116.0,worse,true,motriskindex-families-2024-v5
volkswagen-bora,2000,3724,45.86,103.6,98.6,108.5,no different,true,motriskindex-families-2024-v5
volkswagen-bora,2001,5224,43.42,98.6,94.5,102.6,no different,false,motriskindex-families-2024-v5
volkswagen-bora,2002,9487,43.86,99.0,96.0,102.0,no different,false,motriskindex-families-2024-v5
volkswagen-bora,2003,10677,44.14,97.7,94.9,100.5,no different,false,motriskindex-families-2024-v5
volkswagen-bora,2004,11091,44.57,97.6,94.9,100.3,no different,false,motriskindex-families-2024-v5
volkswagen-bora,2005,12647,44.14,96.7,94.1,99.2,better,false,motriskindex-families-2024-v5
volkswagen-bora,2006,1320,43.86,98.3,90.3,106.3,no different,true,motriskindex-families-2024-v5
volkswagen-caddy,2000,914,48.91,104.4,94.8,114.1,no different,true,motriskindex-families-2024-v5
volkswagen-caddy,2001,1086,51.66,111.7,102.5,121.0,worse,true,motriskindex-families-2024-v5
volkswagen-caddy,2002,2219,47.54,104.9,98.5,111.2,no different,true,motriskindex-families-2024-v5
volkswagen-caddy,2003,2692,46.58,104.1,98.4,109.9,no different,true,motriskindex-families-2024-v5
volkswagen-caddy,2004,9559,46.86,106.6,103.4,109.7,worse,false,motriskindex-families-2024-v5
volkswagen-caddy,2005,14602,45.23,104.1,101.6,106.7,worse,false,motriskindex-families-2024-v5
volkswagen-caddy,2006,21202,44.11,103.7,101.6,105.8,worse,false,motriskindex-families-2024-v5
volkswagen-caddy,2007,31473,42.06,101.1,99.4,102.9,no different,false,motriskindex-families-2024-v5
volkswagen-caddy,2008,36033,39.73,98.7,97.1,100.3,no different,false,motriskindex-families-2024-v5
volkswagen-caddy,2009,43071,39.52,102.1,100.5,103.6,worse,false,motriskindex-families-2024-v5
volkswagen-caddy,2010,57437,38.88,105.5,104.1,106.9,worse,false,motriskindex-families-2024-v5
volkswagen-caddy,2011,75277,33.84,97.5,96.3,98.7,better,false,motriskindex-families-2024-v5
volkswagen-caddy,2012,61058,31.47,96.9,95.5,98.3,better,false,motriskindex-families-2024-v5
volkswagen-caddy,2013,76403,29.07,96.6,95.3,97.9,better,false,motriskindex-families-2024-v5
volkswagen-caddy,2014,72951,27.16,97.3,96.0,98.7,better,false,motriskindex-families-2024-v5
volkswagen-caddy,2015,73831,25.87,99.9,98.5,101.3,no different,false,motriskindex-families-2024-v5
volkswagen-caddy,2016,79372,26.51,111.2,109.7,112.7,worse,false,motriskindex-families-2024-v5
volkswagen-caddy,2017,61523,23.42,104.5,102.8,106.2,worse,false,motriskindex-families-2024-v5
volkswagen-caddy,2018,43634,19.25,89.3,87.4,91.2,better,false,motriskindex-families-2024-v5
volkswagen-caddy,2019,31963,20.09,97.0,94.6,99.4,better,false,motriskindex-families-2024-v5
volkswagen-caddy,2020,13282,18.98,95.3,91.6,99.0,better,false,motriskindex-families-2024-v5
volkswagen-california,2010,1306,24.89,105.4,94.0,116.9,no different,true,motriskindex-families-2024-v5
volkswagen-california,2011,1924,22.87,101.6,92.1,111.1,no different,true,motriskindex-families-2024-v5
volkswagen-california,2012,3492,23.48,108.7,101.3,116.2,worse,true,motriskindex-families-2024-v5
volkswagen-california,2013,3545,18.22,92.7,85.5,99.8,better,true,motriskindex-families-2024-v5
volkswagen-california,2014,4412,19.38,106.1,99.0,113.2,no different,false,motriskindex-families-2024-v5
volkswagen-california,2015,5402,16.88,103.0,96.4,109.7,no different,false,motriskindex-families-2024-v5
volkswagen-california,2016,5008,15.04,106.0,98.4,113.5,no different,false,motriskindex-families-2024-v5
volkswagen-california,2017,6745,12.2,94.7,88.3,101.2,no different,false,motriskindex-families-2024-v5
volkswagen-california,2018,4620,11.84,99.3,90.9,107.6,no different,false,motriskindex-families-2024-v5
volkswagen-california,2019,3814,10.91,99.9,90.3,109.5,no different,true,motriskindex-families-2024-v5
volkswagen-california,2020,1328,8.73,91.5,74.8,108.1,no different,true,motriskindex-families-2024-v5
volkswagen-caravelle,1998,891,48.6,102.5,92.8,112.1,no different,true,motriskindex-families-2024-v5
volkswagen-caravelle,1999,1362,47.65,102.0,94.1,109.8,no different,true,motriskindex-families-2024-v5
volkswagen-caravelle,2000,2387,45.33,98.6,92.7,104.4,no different,true,motriskindex-families-2024-v5
volkswagen-caravelle,2001,3502,45.86,99.4,94.5,104.2,no different,true,motriskindex-families-2024-v5
volkswagen-caravelle,2002,4327,44.37,96.8,92.5,101.1,no different,false,motriskindex-families-2024-v5
volkswagen-caravelle,2003,3700,47.19,102.0,97.2,106.8,no different,true,motriskindex-families-2024-v5
volkswagen-caravelle,2004,3176,45.31,98.9,93.8,104.0,no different,true,motriskindex-families-2024-v5
volkswagen-caravelle,2005,4151,45.87,101.7,97.2,106.3,no different,false,motriskindex-families-2024-v5
volkswagen-caravelle,2006,3708,46.04,105.1,100.1,110.1,worse,true,motriskindex-families-2024-v5
volkswagen-caravelle,2007,3581,42.08,100.8,95.8,105.9,no different,true,motriskindex-families-2024-v5
volkswagen-caravelle,2008,3405,41.64,105.3,99.8,110.8,no different,true,motriskindex-families-2024-v5
volkswagen-caravelle,2009,2438,38.76,106.2,99.4,113.0,no different,true,motriskindex-families-2024-v5
volkswagen-caravelle,2010,3666,32.87,97.3,91.8,102.8,no different,true,motriskindex-families-2024-v5
volkswagen-caravelle,2011,3964,29.06,94.0,88.6,99.4,better,true,motriskindex-families-2024-v5
volkswagen-caravelle,2012,4860,26.81,95.0,89.8,100.1,no different,false,motriskindex-families-2024-v5
volkswagen-caravelle,2013,4189,23.47,90.8,85.1,96.5,better,false,motriskindex-families-2024-v5
volkswagen-caravelle,2014,3697,22.86,96.8,90.2,103.3,no different,true,motriskindex-families-2024-v5
volkswagen-caravelle,2015,4282,23.33,107.5,100.9,114.2,worse,false,motriskindex-families-2024-v5
volkswagen-caravelle,2016,6040,20.99,108.2,102.2,114.1,worse,false,motriskindex-families-2024-v5
volkswagen-caravelle,2017,5025,17.31,96.4,90.0,102.8,no different,false,motriskindex-families-2024-v5
volkswagen-caravelle,2018,2682,18.53,107.7,98.3,117.2,no different,true,motriskindex-families-2024-v5
volkswagen-caravelle,2019,2462,15.15,93.8,84.3,103.4,no different,true,motriskindex-families-2024-v5
volkswagen-caravelle,2020,1328,13.93,94.3,80.7,107.9,no different,true,motriskindex-families-2024-v5
volkswagen-cc,2010,307,32.9,114.0,91.7,136.2,no different,true,motriskindex-families-2024-v5
volkswagen-cc,2011,1335,29.96,108.2,97.6,118.8,no different,true,motriskindex-families-2024-v5
volkswagen-cc,2012,15063,26.77,100.5,97.4,103.6,no different,false,motriskindex-families-2024-v5
volkswagen-cc,2013,20538,26.59,105.5,102.7,108.3,worse,false,motriskindex-families-2024-v5
volkswagen-cc,2014,21816,24.46,105.0,102.2,107.9,worse,false,motriskindex-families-2024-v5
volkswagen-cc,2015,17040,19.68,93.5,90.3,96.6,better,false,motriskindex-families-2024-v5
volkswagen-cc,2016,11625,16.6,88.1,84.2,92.1,better,false,motriskindex-families-2024-v5
volkswagen-cc,2017,1296,14.97,85.2,73.2,97.2,better,true,motriskindex-families-2024-v5
volkswagen-crafter,2006,341,40.47,107.5,89.6,125.4,no different,true,motriskindex-families-2024-v5
volkswagen-crafter,2007,2195,37.81,100.8,93.9,107.6,no different,true,motriskindex-families-2024-v5
volkswagen-crafter,2008,1880,37.55,101.0,93.5,108.4,no different,true,motriskindex-families-2024-v5
volkswagen-crafter,2009,1012,36.76,99.4,89.3,109.5,no different,true,motriskindex-families-2024-v5
volkswagen-crafter,2010,1499,36.09,101.7,93.1,110.2,no different,true,motriskindex-families-2024-v5
volkswagen-crafter,2011,1370,34.96,103.8,94.5,113.0,no different,true,motriskindex-families-2024-v5
volkswagen-crafter,2012,2578,36.31,112.8,105.6,120.0,worse,true,motriskindex-families-2024-v5
volkswagen-crafter,2013,2420,33.02,106.7,99.3,114.1,no different,true,motriskindex-families-2024-v5
volkswagen-crafter,2014,2976,27.82,97.1,90.5,103.7,no different,true,motriskindex-families-2024-v5
volkswagen-crafter,2015,2783,24.51,96.1,88.9,103.3,no different,true,motriskindex-families-2024-v5
volkswagen-crafter,2016,1637,24.01,99.0,89.2,108.8,no different,true,motriskindex-families-2024-v5
volkswagen-crafter,2017,905,21.1,91.1,78.2,104.0,no different,true,motriskindex-families-2024-v5
volkswagen-crafter,2018,1053,17.0,77.2,65.9,88.5,better,true,motriskindex-families-2024-v5
volkswagen-crafter,2019,718,16.02,84.2,68.8,99.5,better,true,motriskindex-families-2024-v5
volkswagen-e-golf,2018,955,14.14,107.9,89.7,126.1,no different,true,motriskindex-families-2024-v5
volkswagen-e-golf,2019,10902,13.2,101.8,96.6,107.1,no different,false,motriskindex-families-2024-v5
volkswagen-e-golf,2020,5151,13.45,106.3,98.4,114.2,no different,false,motriskindex-families-2024-v5
volkswagen-eos,2006,9255,39.85,103.9,100.6,107.3,worse,false,motriskindex-families-2024-v5
volkswagen-eos,2007,23248,38.48,103.7,101.5,105.8,worse,false,motriskindex-families-2024-v5
volkswagen-eos,2008,18988,34.01,96.0,93.6,98.3,better,false,motriskindex-families-2024-v5
volkswagen-eos,2009,8975,33.17,98.6,95.0,102.1,no different,false,motriskindex-families-2024-v5
volkswagen-eos,2010,12968,32.77,103.5,100.3,106.6,worse,false,motriskindex-families-2024-v5
volkswagen-eos,2011,8482,26.27,90.8,87.0,94.5,better,false,motriskindex-families-2024-v5
volkswagen-eos,2012,2311,22.28,85.6,78.2,93.0,better,true,motriskindex-families-2024-v5
volkswagen-eos,2013,2759,19.79,86.9,79.6,94.2,better,true,motriskindex-families-2024-v5
volkswagen-eos,2014,1685,17.69,83.9,74.4,93.5,better,true,motriskindex-families-2024-v5
volkswagen-eos,2015,938,15.25,81.5,68.1,94.8,better,true,motriskindex-families-2024-v5
volkswagen-fox,2006,21157,46.16,95.7,93.8,97.6,better,false,motriskindex-families-2024-v5
volkswagen-fox,2007,35595,48.37,101.4,99.9,102.9,no different,false,motriskindex-families-2024-v5
volkswagen-fox,2008,30723,48.27,103.4,101.7,105.0,worse,false,motriskindex-families-2024-v5
volkswagen-fox,2009,31742,45.43,100.4,98.7,102.0,no different,false,motriskindex-families-2024-v5
volkswagen-fox,2010,49450,43.53,99.7,98.4,101.0,no different,false,motriskindex-families-2024-v5
volkswagen-fox,2011,15028,38.32,93.3,90.9,95.7,better,false,motriskindex-families-2024-v5
volkswagen-fox,2012,454,32.6,82.5,69.2,95.7,better,true,motriskindex-families-2024-v5
volkswagen-golf,1998,6857,47.6,100.4,97.0,103.8,no different,false,motriskindex-families-2024-v5
volkswagen-golf,1999,20503,48.05,101.4,99.4,103.4,no different,false,motriskindex-families-2024-v5
volkswagen-golf,2000,39713,47.59,100.7,99.3,102.2,no different,false,motriskindex-families-2024-v5
volkswagen-golf,2001,76647,47.45,100.4,99.3,101.4,no different,false,motriskindex-families-2024-v5
volkswagen-golf,2002,141077,46.18,98.4,97.7,99.2,better,false,motriskindex-families-2024-v5
volkswagen-golf,2003,157560,45.54,97.5,96.8,98.3,better,false,motriskindex-families-2024-v5
volkswagen-golf,2004,144911,50.26,108.9,108.1,109.7,worse,false,motriskindex-families-2024-v5
volkswagen-golf,2005,198389,46.86,104.3,103.6,105.0,worse,false,motriskindex-families-2024-v5
volkswagen-golf,2006,249580,45.32,104.6,104.0,105.2,worse,false,motriskindex-families-2024-v5
volkswagen-golf,2007,311043,41.07,99.6,99.0,100.1,no different,false,motriskindex-families-2024-v5
volkswagen-golf,2008,293088,38.49,99.6,99.0,100.1,no different,false,motriskindex-families-2024-v5
volkswagen-golf,2009,294997,34.14,95.6,95.0,96.2,better,false,motriskindex-families-2024-v5
volkswagen-golf,2010,293491,34.29,105.9,105.2,106.5,worse,false,motriskindex-families-2024-v5
volkswagen-golf,2011,319049,31.07,107.6,106.9,108.2,worse,false,motriskindex-families-2024-v5
volkswagen-golf,2012,321291,26.74,105.5,104.8,106.2,worse,false,motriskindex-families-2024-v5
volkswagen-golf,2013,338866,21.08,96.0,95.3,96.7,better,false,motriskindex-families-2024-v5
volkswagen-golf,2014,394938,17.9,94.9,94.2,95.6,better,false,motriskindex-families-2024-v5
volkswagen-golf,2015,413521,14.94,90.8,90.1,91.6,better,false,motriskindex-families-2024-v5
volkswagen-golf,2016,400418,13.93,93.9,93.1,94.7,better,false,motriskindex-families-2024-v5
volkswagen-golf,2017,372479,12.77,93.6,92.7,94.4,better,false,motriskindex-families-2024-v5
volkswagen-golf,2018,251734,12.92,100.4,99.3,101.5,no different,false,motriskindex-families-2024-v5
volkswagen-golf,2019,147669,10.59,86.2,84.9,87.6,better,false,motriskindex-families-2024-v5
volkswagen-golf,2020,13995,8.72,70.5,66.6,74.5,better,false,motriskindex-families-2024-v5
volkswagen-jetta,2005,311,41.48,101.4,83.9,118.9,no different,true,motriskindex-families-2024-v5
volkswagen-jetta,2006,15528,41.78,103.3,100.8,105.8,worse,false,motriskindex-families-2024-v5
volkswagen-jetta,2007,19158,39.52,100.5,98.2,102.7,no different,false,motriskindex-families-2024-v5
volkswagen-jetta,2008,13044,37.73,98.3,95.6,101.1,no different,false,motriskindex-families-2024-v5
volkswagen-jetta,2009,8508,34.83,94.9,91.5,98.3,better,false,motriskindex-families-2024-v5
volkswagen-jetta,2010,4946,34.25,97.1,92.5,101.8,no different,false,motriskindex-families-2024-v5
volkswagen-jetta,2011,6640,33.73,100.5,96.4,104.7,no different,false,motriskindex-families-2024-v5
volkswagen-jetta,2012,8229,31.49,100.1,96.2,103.9,no different,false,motriskindex-families-2024-v5
volkswagen-jetta,2013,7319,29.58,100.5,96.3,104.8,no different,false,motriskindex-families-2024-v5
volkswagen-jetta,2014,6768,27.7,101.3,96.7,105.8,no different,false,motriskindex-families-2024-v5
volkswagen-jetta,2015,7574,23.88,95.4,91.0,99.7,better,false,motriskindex-families-2024-v5
volkswagen-jetta,2016,5145,21.5,97.3,91.6,103.1,no different,false,motriskindex-families-2024-v5
volkswagen-jetta,2017,1951,19.37,94.9,85.4,104.5,no different,true,motriskindex-families-2024-v5
volkswagen-lupo,1999,2200,43.45,100.5,94.2,106.9,no different,true,motriskindex-families-2024-v5
volkswagen-lupo,2000,5639,41.89,97.7,93.8,101.7,no different,false,motriskindex-families-2024-v5
volkswagen-lupo,2001,8206,43.18,100.7,97.3,104.0,no different,false,motriskindex-families-2024-v5
volkswagen-lupo,2002,12362,44.06,103.6,100.9,106.4,worse,false,motriskindex-families-2024-v5
volkswagen-lupo,2003,8271,41.47,98.0,94.8,101.3,no different,false,motriskindex-families-2024-v5
volkswagen-lupo,2004,8089,39.19,94.1,90.9,97.4,better,false,motriskindex-families-2024-v5
volkswagen-lupo,2005,3088,35.27,86.8,81.6,91.9,better,true,motriskindex-families-2024-v5
volkswagen-passat,1998,1976,48.23,102.0,95.5,108.5,no different,true,motriskindex-families-2024-v5
volkswagen-passat,1999,3725,50.39,107.5,102.7,112.4,worse,true,motriskindex-families-2024-v5
volkswagen-passat,2000,5348,49.87,107.9,103.8,112.0,worse,false,motriskindex-families-2024-v5
volkswagen-passat,2001,12340,47.09,102.7,100.0,105.3,no different,false,motriskindex-families-2024-v5
volkswagen-passat,2002,22605,45.94,101.1,99.2,103.1,no different,false,motriskindex-families-2024-v5
volkswagen-passat,2003,33703,44.75,99.9,98.3,101.5,no different,false,motriskindex-families-2024-v5
volkswagen-passat,2004,38725,43.94,99.7,98.2,101.2,no different,false,motriskindex-families-2024-v5
volkswagen-passat,2005,48329,44.03,101.7,100.3,103.1,worse,false,motriskindex-families-2024-v5
volkswagen-passat,2006,65864,44.77,106.3,105.0,107.5,worse,false,motriskindex-families-2024-v5
volkswagen-passat,2007,85981,40.79,100.3,99.3,101.4,no different,false,motriskindex-families-2024-v5
volkswagen-passat,2008,84877,38.67,98.9,97.9,100.0,no different,false,motriskindex-families-2024-v5
volkswagen-passat,2009,89098,36.65,98.3,97.2,99.4,better,false,motriskindex-families-2024-v5
volkswagen-passat,2010,82866,35.89,102.4,101.2,103.5,worse,false,motriskindex-families-2024-v5
volkswagen-passat,2011,114070,32.09,99.1,98.1,100.1,no different,false,motriskindex-families-2024-v5
volkswagen-passat,2012,95118,30.08,101.9,100.7,103.1,worse,false,motriskindex-families-2024-v5
volkswagen-passat,2013,79848,27.19,102.1,100.8,103.5,worse,false,motriskindex-families-2024-v5
volkswagen-passat,2014,94832,24.37,103.0,101.7,104.4,worse,false,motriskindex-families-2024-v5
volkswagen-passat,2015,100863,19.48,93.3,92.0,94.6,better,false,motriskindex-families-2024-v5
volkswagen-passat,2016,97150,18.14,95.8,94.4,97.3,better,false,motriskindex-families-2024-v5
volkswagen-passat,2017,77107,15.75,90.2,88.6,91.8,better,false,motriskindex-families-2024-v5
volkswagen-passat,2018,45612,15.62,95.1,92.9,97.3,better,false,motriskindex-families-2024-v5
volkswagen-passat,2019,23088,13.48,86.3,83.3,89.3,better,false,motriskindex-families-2024-v5
volkswagen-passat,2020,12158,12.18,78.9,74.9,83.0,better,false,motriskindex-families-2024-v5
volkswagen-polo,1998,3619,42.8,84.4,80.2,88.6,better,true,motriskindex-families-2024-v5
volkswagen-polo,1999,8328,41.33,80.5,77.8,83.2,better,false,motriskindex-families-2024-v5
volkswagen-polo,2000,24300,47.47,92.1,90.5,93.8,better,false,motriskindex-families-2024-v5
volkswagen-polo,2001,39343,48.8,94.2,92.9,95.6,better,false,motriskindex-families-2024-v5
volkswagen-polo,2002,66893,53.43,103.3,102.2,104.4,worse,false,motriskindex-families-2024-v5
volkswagen-polo,2003,104930,53.09,102.4,101.6,103.3,worse,false,motriskindex-families-2024-v5
volkswagen-polo,2004,120028,52.87,103.0,102.2,103.8,worse,false,motriskindex-families-2024-v5
volkswagen-polo,2005,132675,52.08,103.6,102.9,104.4,worse,false,motriskindex-families-2024-v5
volkswagen-polo,2006,153443,49.13,100.9,100.2,101.7,worse,false,motriskindex-families-2024-v5
volkswagen-polo,2007,165482,45.85,98.1,97.4,98.8,better,false,motriskindex-families-2024-v5
volkswagen-polo,2008,171619,44.96,101.1,100.4,101.8,worse,false,motriskindex-families-2024-v5
volkswagen-polo,2009,152172,42.04,100.3,99.5,101.1,no different,false,motriskindex-families-2024-v5
volkswagen-polo,2010,237487,39.24,100.1,99.5,100.8,no different,false,motriskindex-families-2024-v5
volkswagen-polo,2011,245780,37.49,103.6,103.0,104.3,worse,false,motriskindex-families-2024-v5
volkswagen-polo,2012,227326,33.53,101.5,100.7,102.2,worse,false,motriskindex-families-2024-v5
volkswagen-polo,2013,233977,31.49,105.2,104.4,105.9,worse,false,motriskindex-families-2024-v5
volkswagen-polo,2014,266904,27.38,102.8,102.0,103.5,worse,false,motriskindex-families-2024-v5
volkswagen-polo,2015,310372,21.11,91.6,90.9,92.3,better,false,motriskindex-families-2024-v5
volkswagen-polo,2016,312007,17.6,91.0,90.2,91.7,better,false,motriskindex-families-2024-v5
volkswagen-polo,2017,242165,16.41,96.0,95.0,96.9,better,false,motriskindex-families-2024-v5
volkswagen-polo,2018,175177,16.31,103.7,102.5,104.9,worse,false,motriskindex-families-2024-v5
volkswagen-polo,2019,110664,14.46,105.7,104.1,107.4,worse,false,motriskindex-families-2024-v5
volkswagen-polo,2020,27786,11.37,98.2,94.8,101.7,no different,false,motriskindex-families-2024-v5
volkswagen-scirocco,2008,6534,37.76,99.6,95.7,103.5,no different,false,motriskindex-families-2024-v5
volkswagen-scirocco,2009,34977,37.12,100.8,99.0,102.5,no different,false,motriskindex-families-2024-v5
volkswagen-scirocco,2010,40296,37.32,106.2,104.5,107.9,worse,false,motriskindex-families-2024-v5
volkswagen-scirocco,2011,37601,34.66,106.1,104.3,108.0,worse,false,motriskindex-families-2024-v5
volkswagen-scirocco,2012,26747,29.49,98.7,96.5,100.9,no different,false,motriskindex-families-2024-v5
volkswagen-scirocco,2013,26948,26.76,98.6,96.3,100.9,no different,false,motriskindex-families-2024-v5
volkswagen-scirocco,2014,22793,23.94,98.6,96.0,101.2,no different,false,motriskindex-families-2024-v5
volkswagen-scirocco,2015,33285,20.3,94.7,92.5,97.0,better,false,motriskindex-families-2024-v5
volkswagen-scirocco,2016,32062,18.16,93.4,91.0,95.8,better,false,motriskindex-families-2024-v5
volkswagen-scirocco,2017,24528,17.12,94.6,91.8,97.5,better,false,motriskindex-families-2024-v5
volkswagen-scirocco,2018,2700,16.19,94.6,85.7,103.4,no different,true,motriskindex-families-2024-v5
volkswagen-sharan,2000,483,56.52,105.1,92.6,117.5,no different,true,motriskindex-families-2024-v5
volkswagen-sharan,2001,1169,54.23,98.5,90.9,106.2,no different,true,motriskindex-families-2024-v5
volkswagen-sharan,2002,2606,54.22,99.2,94.1,104.4,no different,true,motriskindex-families-2024-v5
volkswagen-sharan,2003,4160,54.83,101.4,97.2,105.5,no different,true,motriskindex-families-2024-v5
volkswagen-sharan,2004,6181,53.24,99.7,96.3,103.1,no different,false,motriskindex-families-2024-v5
volkswagen-sharan,2005,8631,51.64,97.8,94.9,100.7,no different,false,motriskindex-families-2024-v5
volkswagen-sharan,2006,7733,52.27,102.6,99.4,105.8,no different,false,motriskindex-families-2024-v5
volkswagen-sharan,2007,7835,51.23,106.7,103.4,110.0,worse,false,motriskindex-families-2024-v5
volkswagen-sharan,2008,5469,49.37,110.6,106.5,114.8,worse,false,motriskindex-families-2024-v5
volkswagen-sharan,2009,4138,48.67,118.2,113.0,123.3,worse,false,motriskindex-families-2024-v5
volkswagen-sharan,2010,5076,40.98,108.7,104.0,113.4,worse,false,motriskindex-families-2024-v5
volkswagen-sharan,2011,12504,31.45,91.0,88.1,93.8,better,false,motriskindex-families-2024-v5
volkswagen-sharan,2012,11837,29.95,97.3,94.1,100.5,no different,false,motriskindex-families-2024-v5
volkswagen-sharan,2013,13769,28.0,103.0,99.7,106.2,no different,false,motriskindex-families-2024-v5
volkswagen-sharan,2014,18132,24.84,104.1,101.0,107.1,worse,false,motriskindex-families-2024-v5
volkswagen-sharan,2015,19971,21.4,101.4,98.4,104.4,no different,false,motriskindex-families-2024-v5
volkswagen-sharan,2016,20401,18.22,95.0,91.9,98.0,better,false,motriskindex-families-2024-v5
volkswagen-sharan,2017,18344,16.62,94.0,90.6,97.3,better,false,motriskindex-families-2024-v5
volkswagen-sharan,2018,13473,15.03,91.2,87.3,95.2,better,false,motriskindex-families-2024-v5
volkswagen-sharan,2019,19769,14.16,92.4,89.0,95.8,better,false,motriskindex-families-2024-v5
volkswagen-sharan,2020,3265,15.59,103.1,94.2,112.1,no different,true,motriskindex-families-2024-v5
volkswagen-t-cross,2019,20215,10.08,98.1,93.8,102.3,no different,false,motriskindex-families-2024-v5
volkswagen-t-cross,2020,15142,10.16,108.5,103.1,113.9,worse,false,motriskindex-families-2024-v5
volkswagen-t-roc,2018,63286,10.46,113.0,110.3,115.7,worse,false,motriskindex-families-2024-v5
volkswagen-t-roc,2019,63941,8.4,95.7,93.2,98.3,better,false,motriskindex-families-2024-v5
volkswagen-t-roc,2020,34076,8.09,96.7,93.1,100.3,no different,false,motriskindex-families-2024-v5
volkswagen-tiguan,2008,29656,35.88,102.2,100.2,104.1,worse,false,motriskindex-families-2024-v5
volkswagen-tiguan,2009,40605,35.08,105.2,103.5,107.0,worse,false,motriskindex-families-2024-v5
volkswagen-tiguan,2010,42312,33.59,108.1,106.3,109.9,worse,false,motriskindex-families-2024-v5
volkswagen-tiguan,2011,42593,29.96,106.3,104.4,108.1,worse,false,motriskindex-families-2024-v5
volkswagen-tiguan,2012,55903,25.91,103.8,102.1,105.5,worse,false,motriskindex-families-2024-v5
volkswagen-tiguan,2013,74976,21.88,100.5,98.9,102.0,no different,false,motriskindex-families-2024-v5
volkswagen-tiguan,2014,93460,19.27,103.2,101.7,104.7,worse,false,motriskindex-families-2024-v5
volkswagen-tiguan,2015,121074,15.51,97.0,95.6,98.4,better,false,motriskindex-families-2024-v5
volkswagen-tiguan,2016,113339,12.79,90.1,88.7,91.6,better,false,motriskindex-families-2024-v5
volkswagen-tiguan,2017,141181,12.49,96.5,95.0,97.9,better,false,motriskindex-families-2024-v5
volkswagen-tiguan,2018,120635,13.67,112.1,110.4,113.8,worse,false,motriskindex-families-2024-v5
volkswagen-tiguan,2019,109929,11.33,97.5,95.8,99.2,better,false,motriskindex-families-2024-v5
volkswagen-tiguan,2020,50224,11.4,98.5,96.0,101.1,no different,false,motriskindex-families-2024-v5
volkswagen-touareg,2003,1615,35.11,94.9,87.1,102.7,no different,true,motriskindex-families-2024-v5
volkswagen-touareg,2004,6289,37.19,101.4,97.3,105.5,no different,false,motriskindex-families-2024-v5
volkswagen-touareg,2005,10641,37.2,101.3,98.1,104.4,no different,false,motriskindex-families-2024-v5
volkswagen-touareg,2006,13990,35.6,98.5,95.8,101.2,no different,false,motriskindex-families-2024-v5
volkswagen-touareg,2007,15140,36.06,102.5,99.8,105.2,no different,false,motriskindex-families-2024-v5
volkswagen-touareg,2008,10628,35.88,107.3,103.9,110.7,worse,false,motriskindex-families-2024-v5
volkswagen-touareg,2009,7666,34.22,109.9,105.7,114.1,worse,false,motriskindex-families-2024-v5
volkswagen-touareg,2010,4842,29.88,103.7,98.3,109.0,no different,false,motriskindex-families-2024-v5
volkswagen-touareg,2011,10886,24.45,93.1,89.6,96.6,better,false,motriskindex-families-2024-v5
volkswagen-touareg,2012,11924,21.07,88.1,84.7,91.6,better,false,motriskindex-families-2024-v5
volkswagen-touareg,2013,14543,18.94,87.0,83.7,90.2,better,false,motriskindex-families-2024-v5
volkswagen-touareg,2014,19131,16.7,83.4,80.5,86.3,better,false,motriskindex-families-2024-v5
volkswagen-touareg,2015,25359,20.17,110.3,107.3,113.4,worse,false,motriskindex-families-2024-v5
volkswagen-touareg,2016,23644,19.9,119.5,116.1,123.0,worse,false,motriskindex-families-2024-v5
volkswagen-touareg,2017,17560,17.7,113.9,109.9,117.9,worse,false,motriskindex-families-2024-v5
volkswagen-touareg,2018,6294,11.42,77.0,71.4,82.7,better,false,motriskindex-families-2024-v5
volkswagen-touareg,2019,9070,11.11,81.3,76.2,86.3,better,false,motriskindex-families-2024-v5
volkswagen-touareg,2020,4015,9.89,80.4,72.5,88.4,better,false,motriskindex-families-2024-v5
volkswagen-touran,2003,3789,48.77,101.0,96.4,105.6,no different,true,motriskindex-families-2024-v5
volkswagen-touran,2004,23591,49.35,103.7,101.8,105.6,worse,false,motriskindex-families-2024-v5
volkswagen-touran,2005,33095,48.33,103.0,101.4,104.6,worse,false,motriskindex-families-2024-v5
volkswagen-touran,2006,38915,48.01,105.2,103.7,106.7,worse,false,motriskindex-families-2024-v5
volkswagen-touran,2007,45310,42.42,96.8,95.5,98.2,better,false,motriskindex-families-2024-v5
volkswagen-touran,2008,37520,42.29,101.3,99.7,102.9,no different,false,motriskindex-families-2024-v5
volkswagen-touran,2009,37176,40.87,104.0,102.4,105.7,worse,false,motriskindex-families-2024-v5
volkswagen-touran,2010,32954,38.96,106.0,104.2,107.9,worse,false,motriskindex-families-2024-v5
volkswagen-touran,2011,36929,31.83,94.4,92.7,96.1,better,false,motriskindex-families-2024-v5
volkswagen-touran,2012,34462,28.7,94.1,92.3,96.0,better,false,motriskindex-families-2024-v5
volkswagen-touran,2013,31715,26.43,96.9,94.8,98.9,better,false,motriskindex-families-2024-v5
volkswagen-touran,2014,29344,22.87,94.8,92.6,97.1,better,false,motriskindex-families-2024-v5
volkswagen-touran,2015,22975,19.68,92.6,89.9,95.3,better,false,motriskindex-families-2024-v5
volkswagen-touran,2016,21942,18.12,94.3,91.4,97.2,better,false,motriskindex-families-2024-v5
volkswagen-touran,2017,22499,17.22,97.8,94.8,100.9,no different,false,motriskindex-families-2024-v5
volkswagen-touran,2018,15112,18.14,110.2,106.1,114.4,worse,false,motriskindex-families-2024-v5
volkswagen-touran,2019,8536,13.89,88.9,83.8,93.9,better,false,motriskindex-families-2024-v5
volkswagen-touran,2020,4515,12.16,78.2,71.6,84.7,better,false,motriskindex-families-2024-v5
volkswagen-transporter,1998,8448,48.18,98.0,95.0,101.0,no different,false,motriskindex-families-2024-v5
volkswagen-transporter,1999,13141,47.72,99.1,96.7,101.6,no different,false,motriskindex-families-2024-v5
volkswagen-transporter,2000,20118,47.76,101.4,99.4,103.4,no different,false,motriskindex-families-2024-v5
volkswagen-transporter,2001,33898,47.15,101.1,99.6,102.7,no different,false,motriskindex-families-2024-v5
volkswagen-transporter,2002,39533,45.86,99.6,98.2,101.1,no different,false,motriskindex-families-2024-v5
volkswagen-transporter,2003,42695,45.93,100.8,99.4,102.2,no different,false,motriskindex-families-2024-v5
volkswagen-transporter,2004,55640,46.39,103.1,101.8,104.3,worse,false,motriskindex-families-2024-v5
volkswagen-transporter,2005,60880,44.92,101.6,100.4,102.8,worse,false,motriskindex-families-2024-v5
volkswagen-transporter,2006,68968,44.39,103.0,101.8,104.1,worse,false,motriskindex-families-2024-v5
volkswagen-transporter,2007,81098,42.41,102.0,100.9,103.0,worse,false,motriskindex-families-2024-v5
volkswagen-transporter,2008,76460,41.17,103.8,102.6,104.9,worse,false,motriskindex-families-2024-v5
volkswagen-transporter,2009,54890,38.81,103.6,102.2,105.0,worse,false,motriskindex-families-2024-v5
volkswagen-transporter,2010,64392,33.38,95.7,94.4,96.9,better,false,motriskindex-families-2024-v5
volkswagen-transporter,2011,71865,30.49,94.5,93.2,95.7,better,false,motriskindex-families-2024-v5
volkswagen-transporter,2012,73629,28.78,96.7,95.4,98.0,better,false,motriskindex-families-2024-v5
volkswagen-transporter,2013,85351,26.03,95.3,94.0,96.5,better,false,motriskindex-families-2024-v5
volkswagen-transporter,2014,94208,25.57,102.2,100.9,103.4,worse,false,motriskindex-families-2024-v5
volkswagen-transporter,2015,105934,23.22,101.7,100.4,102.9,worse,false,motriskindex-families-2024-v5
volkswagen-transporter,2016,116586,20.41,97.4,96.2,98.7,better,false,motriskindex-families-2024-v5
volkswagen-transporter,2017,100386,19.5,99.3,98.0,100.7,no different,false,motriskindex-families-2024-v5
volkswagen-transporter,2018,76987,18.7,100.3,98.7,102.0,no different,false,motriskindex-families-2024-v5
volkswagen-transporter,2019,54896,17.7,101.0,99.0,103.1,no different,false,motriskindex-families-2024-v5
volkswagen-transporter,2020,28105,17.47,105.0,102.1,107.9,worse,false,motriskindex-families-2024-v5
volkswagen-up,2012,82741,21.14,98.7,97.2,100.1,no different,false,motriskindex-families-2024-v5
volkswagen-up,2013,118455,19.75,99.3,98.0,100.5,no different,false,motriskindex-families-2024-v5
volkswagen-up,2014,125350,18.03,97.3,96.0,98.5,better,false,motriskindex-families-2024-v5
volkswagen-up,2015,97405,18.69,109.7,108.1,111.3,worse,false,motriskindex-families-2024-v5
volkswagen-up,2016,76786,17.62,116.9,114.9,118.9,worse,false,motriskindex-families-2024-v5
volkswagen-up,2017,67903,13.63,97.7,95.7,99.7,better,false,motriskindex-families-2024-v5
volkswagen-up,2018,51689,12.4,94.2,91.9,96.5,better,false,motriskindex-families-2024-v5
volkswagen-up,2019,24973,8.58,71.6,68.5,74.6,better,false,motriskindex-families-2024-v5
volkswagen-up,2020,6596,8.63,81.4,74.7,88.1,better,false,motriskindex-families-2024-v5
volvo-c30,2006,787,39.9,91.9,81.8,102.1,no different,true,motriskindex-families-2024-v5
volvo-c30,2007,16659,41.62,98.1,95.8,100.4,no different,false,motriskindex-families-2024-v5
volvo-c30,2008,22558,43.82,105.3,103.2,107.3,worse,false,motriskindex-families-2024-v5
volvo-c30,2009,35981,40.37,100.5,98.9,102.1,no different,false,motriskindex-families-2024-v5
volvo-c30,2010,33693,38.83,99.8,98.1,101.5,no different,false,motriskindex-families-2024-v5
volvo-c30,2011,20341,38.25,102.5,100.2,104.8,worse,false,motriskindex-families-2024-v5
volvo-c30,2012,18154,32.89,93.2,90.8,95.6,better,false,motriskindex-families-2024-v5
volvo-c30,2013,6069,30.35,91.9,87.7,96.1,better,false,motriskindex-families-2024-v5
volvo-c70,2000,566,38.16,96.0,83.2,108.8,no different,true,motriskindex-families-2024-v5
volvo-c70,2001,1273,39.36,96.7,88.2,105.2,no different,true,motriskindex-families-2024-v5
volvo-c70,2002,1927,38.92,95.1,88.3,101.9,no different,true,motriskindex-families-2024-v5
volvo-c70,2003,3488,38.27,93.3,88.3,98.3,better,true,motriskindex-families-2024-v5
volvo-c70,2004,4153,39.35,96.1,91.4,100.7,no different,false,motriskindex-families-2024-v5
volvo-c70,2005,3239,38.31,91.7,86.6,96.8,better,true,motriskindex-families-2024-v5
volvo-c70,2006,7933,44.13,104.2,100.8,107.7,worse,false,motriskindex-families-2024-v5
volvo-c70,2007,8464,42.64,100.5,97.2,103.8,no different,false,motriskindex-families-2024-v5
volvo-c70,2008,7594,43.96,103.8,100.3,107.4,worse,false,motriskindex-families-2024-v5
volvo-c70,2009,5820,42.03,102.3,98.3,106.4,no different,false,motriskindex-families-2024-v5
volvo-c70,2010,4643,38.06,96.1,91.6,100.6,no different,false,motriskindex-families-2024-v5
volvo-c70,2011,3027,35.94,95.1,89.5,100.8,no different,true,motriskindex-families-2024-v5
volvo-c70,2012,1417,30.84,85.1,77.1,93.1,better,true,motriskindex-families-2024-v5
volvo-c70,2013,962,27.55,79.3,69.8,88.9,better,true,motriskindex-families-2024-v5
volvo-s40,1998,859,50.99,98.7,89.4,107.9,no different,true,motriskindex-families-2024-v5
volvo-s40,1999,1413,51.17,99.4,92.2,106.7,no different,true,motriskindex-families-2024-v5
volvo-s40,2000,2356,46.82,93.8,88.3,99.3,better,true,motriskindex-families-2024-v5
volvo-s40,2001,3474,47.29,96.7,92.1,101.4,no different,true,motriskindex-families-2024-v5
volvo-s40,2002,5242,48.97,101.7,97.8,105.6,no different,false,motriskindex-families-2024-v5
volvo-s40,2003,7423,50.61,106.8,103.3,110.2,worse,false,motriskindex-families-2024-v5
volvo-s40,2004,12121,48.78,104.6,101.9,107.3,worse,false,motriskindex-families-2024-v5
volvo-s40,2005,14965,45.01,98.9,96.5,101.2,no different,false,motriskindex-families-2024-v5
volvo-s40,2006,15515,41.52,93.4,91.2,95.7,better,false,motriskindex-families-2024-v5
volvo-s40,2007,15558,41.56,95.8,93.4,98.1,better,false,motriskindex-families-2024-v5
volvo-s40,2008,23065,42.43,100.0,98.0,102.0,no different,false,motriskindex-families-2024-v5
volvo-s40,2009,17663,40.2,98.0,95.7,100.3,no different,false,motriskindex-families-2024-v5
volvo-s40,2010,14269,39.62,99.9,97.3,102.5,no different,false,motriskindex-families-2024-v5
volvo-s40,2011,9827,39.28,102.5,99.3,105.8,no different,false,motriskindex-families-2024-v5
volvo-s40,2012,8219,35.52,96.2,92.8,99.7,better,false,motriskindex-families-2024-v5
volvo-s40,2013,209,38.28,107.7,84.1,131.4,no different,true,motriskindex-families-2024-v5
volvo-s60,2000,202,41.58,96.1,75.5,116.6,no different,true,motriskindex-families-2024-v5
volvo-s60,2001,2801,45.73,105.8,100.0,111.6,no different,true,motriskindex-families-2024-v5
volvo-s60,2002,7196,43.4,100.6,97.1,104.1,no different,false,motriskindex-families-2024-v5
volvo-s60,2003,9577,45.49,104.3,101.2,107.4,worse,false,motriskindex-families-2024-v5
volvo-s60,2004,10811,43.68,101.2,98.3,104.0,no different,false,motriskindex-families-2024-v5
volvo-s60,2005,11511,40.16,95.0,92.3,97.7,better,false,motriskindex-families-2024-v5
volvo-s60,2006,8403,39.58,98.0,94.6,101.3,no different,false,motriskindex-families-2024-v5
volvo-s60,2007,4887,39.62,103.9,99.3,108.6,no different,false,motriskindex-families-2024-v5
volvo-s60,2008,2621,37.66,105.4,98.9,112.0,no different,true,motriskindex-families-2024-v5
volvo-s60,2009,377,36.07,108.9,90.6,127.2,no different,true,motriskindex-families-2024-v5
volvo-s60,2010,4344,24.91,81.8,77.0,86.7,better,false,motriskindex-families-2024-v5
volvo-s60,2011,12157,26.68,95.0,91.7,98.2,better,false,motriskindex-families-2024-v5
volvo-s60,2012,11394,28.01,108.1,104.3,111.8,worse,false,motriskindex-families-2024-v5
volvo-s60,2013,9029,23.97,100.1,95.9,104.3,no different,false,motriskindex-families-2024-v5
volvo-s60,2014,9044,21.93,100.0,95.6,104.4,no different,false,motriskindex-families-2024-v5
volvo-s60,2015,7865,19.78,99.1,94.2,104.1,no different,false,motriskindex-families-2024-v5
volvo-s60,2016,7405,18.39,104.0,98.5,109.5,no different,false,motriskindex-families-2024-v5
volvo-s60,2017,5766,15.61,96.9,90.6,103.2,no different,false,motriskindex-families-2024-v5
volvo-s60,2018,3640,15.16,100.3,91.9,108.7,no different,true,motriskindex-families-2024-v5
volvo-s60,2019,3449,11.1,79.6,71.7,87.6,better,true,motriskindex-families-2024-v5
volvo-s60,2020,2211,11.4,89.8,78.7,100.9,no different,true,motriskindex-families-2024-v5
volvo-s80,1999,453,42.6,99.0,85.0,113.0,no different,true,motriskindex-families-2024-v5
volvo-s80,2000,896,44.64,105.5,95.1,115.8,no different,true,motriskindex-families-2024-v5
volvo-s80,2001,1965,44.63,104.9,98.0,111.9,no different,true,motriskindex-families-2024-v5
volvo-s80,2002,3216,43.19,103.8,98.3,109.2,no different,true,motriskindex-families-2024-v5
volvo-s80,2003,4204,41.15,101.7,96.9,106.5,no different,false,motriskindex-families-2024-v5
volvo-s80,2004,4001,40.24,103.3,98.2,108.3,no different,false,motriskindex-families-2024-v5
volvo-s80,2005,4024,39.09,105.1,99.9,110.2,no different,false,motriskindex-families-2024-v5
volvo-s80,2006,3079,32.58,92.5,86.8,98.2,better,true,motriskindex-families-2024-v5
volvo-s80,2007,5765,31.1,94.1,89.7,98.5,better,false,motriskindex-families-2024-v5
volvo-s80,2008,4898,29.81,96.1,91.2,101.0,no different,false,motriskindex-families-2024-v5
volvo-s80,2009,3155,29.19,99.0,92.6,105.4,no different,true,motriskindex-families-2024-v5
volvo-s80,2010,3913,26.91,96.2,90.4,102.0,no different,true,motriskindex-families-2024-v5
volvo-s80,2011,2752,25.94,97.6,90.5,104.8,no different,true,motriskindex-families-2024-v5
volvo-s80,2012,2254,25.95,105.5,96.9,114.0,no different,true,motriskindex-families-2024-v5
volvo-s80,2013,2699,21.86,93.6,86.1,101.2,no different,true,motriskindex-families-2024-v5
volvo-s80,2014,2383,17.96,83.6,75.7,91.5,better,true,motriskindex-families-2024-v5
volvo-s80,2015,2408,15.37,81.3,73.0,89.6,better,true,motriskindex-families-2024-v5
volvo-s80,2016,900,13.33,76.5,62.8,90.2,better,true,motriskindex-families-2024-v5
volvo-s90,2016,1444,13.64,112.1,96.4,127.7,no different,true,motriskindex-families-2024-v5
volvo-s90,2017,7234,11.68,98.6,91.9,105.2,no different,false,motriskindex-families-2024-v5
volvo-s90,2018,10156,11.12,100.0,94.2,105.9,no different,false,motriskindex-families-2024-v5
volvo-s90,2019,6525,11.62,109.5,101.7,117.3,worse,false,motriskindex-families-2024-v5
volvo-s90,2020,2065,11.23,109.5,95.4,123.6,no different,true,motriskindex-families-2024-v5
volvo-v40,1998,812,58.0,109.0,99.2,118.9,no different,true,motriskindex-families-2024-v5
volvo-v40,1999,1685,54.66,103.5,96.8,110.1,no different,true,motriskindex-families-2024-v5
volvo-v40,2000,2754,50.84,96.0,91.0,101.1,no different,true,motriskindex-families-2024-v5
volvo-v40,2001,5411,50.14,94.8,91.2,98.4,better,false,motriskindex-families-2024-v5
volvo-v40,2002,8082,52.25,97.5,94.6,100.5,no different,false,motriskindex-families-2024-v5
volvo-v40,2003,10688,53.93,99.5,97.0,102.1,no different,false,motriskindex-families-2024-v5
volvo-v40,2004,8110,53.79,98.1,95.2,101.1,no different,false,motriskindex-families-2024-v5
volvo-v40,2012,14681,31.16,101.7,98.8,104.7,no different,false,motriskindex-families-2024-v5
volvo-v40,2013,69389,28.55,99.9,98.5,101.3,no different,false,motriskindex-families-2024-v5
volvo-v40,2014,98220,28.39,106.7,105.5,108.0,worse,false,motriskindex-families-2024-v5
volvo-v40,2015,94701,25.94,108.0,106.7,109.4,worse,false,motriskindex-families-2024-v5
volvo-v40,2016,93137,20.7,98.4,97.1,99.8,better,false,motriskindex-families-2024-v5
volvo-v40,2017,71519,17.46,91.4,89.8,93.0,better,false,motriskindex-families-2024-v5
volvo-v40,2018,52113,16.7,93.7,91.8,95.7,better,false,motriskindex-families-2024-v5
volvo-v40,2019,24939,14.54,91.3,88.3,94.3,better,false,motriskindex-families-2024-v5
volvo-v50,2004,8543,49.01,103.0,99.8,106.1,no different,false,motriskindex-families-2024-v5
volvo-v50,2005,19717,48.42,102.7,100.6,104.8,worse,false,motriskindex-families-2024-v5
volvo-v50,2006,23064,44.36,95.8,94.0,97.7,better,false,motriskindex-families-2024-v5
volvo-v50,2007,22663,44.73,98.3,96.4,100.2,no different,false,motriskindex-families-2024-v5
volvo-v50,2008,39994,45.6,102.3,100.8,103.8,worse,false,motriskindex-families-2024-v5
volvo-v50,2009,32847,42.55,98.2,96.6,99.8,better,false,motriskindex-families-2024-v5
volvo-v50,2010,32168,41.49,99.0,97.3,100.7,no different,false,motriskindex-families-2024-v5
volvo-v50,2011,27200,41.46,101.8,99.9,103.7,no different,false,motriskindex-families-2024-v5
volvo-v50,2012,19402,38.06,96.1,93.9,98.3,better,false,motriskindex-families-2024-v5
volvo-v60,2010,1266,25.12,84.4,75.1,93.7,better,true,motriskindex-families-2024-v5
volvo-v60,2011,15981,28.83,100.7,97.8,103.6,no different,false,motriskindex-families-2024-v5
volvo-v60,2012,28200,30.01,111.2,108.8,113.5,worse,false,motriskindex-families-2024-v5
volvo-v60,2013,21694,24.59,99.4,96.8,102.1,no different,false,motriskindex-families-2024-v5
volvo-v60,2014,22380,22.35,99.0,96.3,101.8,no different,false,motriskindex-families-2024-v5
volvo-v60,2015,20159,19.63,96.2,93.2,99.2,better,false,motriskindex-families-2024-v5
volvo-v60,2016,23144,18.53,100.5,97.5,103.5,no different,false,motriskindex-families-2024-v5
volvo-v60,2017,16650,17.33,102.3,98.6,106.0,no different,false,motriskindex-families-2024-v5
volvo-v60,2018,15483,14.67,93.7,89.8,97.6,better,false,motriskindex-families-2024-v5
volvo-v60,2019,14506,14.04,95.9,91.8,100.1,no different,false,motriskindex-families-2024-v5
volvo-v60,2020,6155,13.01,93.5,87.1,100.0,no different,false,motriskindex-families-2024-v5
volvo-v70,1998,3090,48.41,98.7,93.7,103.7,no different,true,motriskindex-families-2024-v5
volvo-v70,1999,5294,45.81,94.5,90.7,98.3,better,false,motriskindex-families-2024-v5
volvo-v70,2000,9575,46.07,95.9,93.1,98.8,better,false,motriskindex-families-2024-v5
volvo-v70,2001,13600,49.27,103.8,101.3,106.3,worse,false,motriskindex-families-2024-v5
volvo-v70,2002,21057,48.71,103.8,101.8,105.8,worse,false,motriskindex-families-2024-v5
volvo-v70,2003,21421,47.89,104.0,101.9,106.0,worse,false,motriskindex-families-2024-v5
volvo-v70,2004,23397,46.71,104.0,102.1,106.0,worse,false,motriskindex-families-2024-v5
volvo-v70,2005,25394,42.95,99.4,97.6,101.3,no different,false,motriskindex-families-2024-v5
volvo-v70,2006,19445,41.94,102.4,100.2,104.6,worse,false,motriskindex-families-2024-v5
volvo-v70,2007,18898,38.26,98.9,96.6,101.1,no different,false,motriskindex-families-2024-v5
volvo-v70,2008,22538,31.76,88.3,86.2,90.3,better,false,motriskindex-families-2024-v5
volvo-v70,2009,23984,33.78,101.1,98.9,103.3,no different,false,motriskindex-families-2024-v5
volvo-v70,2010,18074,29.71,96.3,93.8,98.9,better,false,motriskindex-families-2024-v5
volvo-v70,2011,12992,27.47,96.8,93.6,100.0,no different,false,motriskindex-families-2024-v5
volvo-v70,2012,9596,27.51,105.0,101.0,109.0,worse,false,motriskindex-families-2024-v5
volvo-v70,2013,10292,23.8,99.9,96.0,103.9,no different,false,motriskindex-families-2024-v5
volvo-v70,2014,11910,20.34,94.2,90.4,97.9,better,false,motriskindex-families-2024-v5
volvo-v70,2015,12191,16.86,86.9,83.1,90.6,better,false,motriskindex-families-2024-v5
volvo-v70,2016,4603,15.34,87.7,81.3,94.2,better,false,motriskindex-families-2024-v5
volvo-v90,2016,2605,16.08,101.1,91.4,110.8,no different,true,motriskindex-families-2024-v5
volvo-v90,2017,15291,12.67,89.7,85.7,93.7,better,false,motriskindex-families-2024-v5
volvo-v90,2018,15928,13.66,101.9,97.6,106.1,no different,false,motriskindex-families-2024-v5
volvo-v90,2019,12175,14.87,116.9,111.5,122.3,worse,false,motriskindex-families-2024-v5
volvo-v90,2020,3775,14.23,118.8,108.7,128.8,worse,true,motriskindex-families-2024-v5
volvo-xc40,2018,26548,10.46,101.4,97.7,105.2,no different,false,motriskindex-families-2024-v5
volvo-xc40,2019,45698,10.6,109.8,106.7,112.9,worse,false,motriskindex-families-2024-v5
volvo-xc40,2020,49189,9.23,100.2,97.3,103.1,no different,false,motriskindex-families-2024-v5
volvo-xc60,2008,1540,26.82,88.7,80.1,97.2,better,true,motriskindex-families-2024-v5
volvo-xc60,2009,19606,29.22,98.4,95.9,101.0,no different,false,motriskindex-families-2024-v5
volvo-xc60,2010,26751,29.8,103.3,101.0,105.6,worse,false,motriskindex-families-2024-v5
volvo-xc60,2011,27870,28.78,104.4,102.1,106.6,worse,false,motriskindex-families-2024-v5
volvo-xc60,2012,29837,28.42,109.4,107.0,111.7,worse,false,motriskindex-families-2024-v5
volvo-xc60,2013,31239,24.56,102.8,100.5,105.1,worse,false,motriskindex-families-2024-v5
volvo-xc60,2014,53469,22.68,105.4,103.6,107.3,worse,false,motriskindex-families-2024-v5
volvo-xc60,2015,76216,19.26,101.4,99.8,103.1,no different,false,motriskindex-families-2024-v5
volvo-xc60,2016,89148,18.29,110.4,108.7,112.1,worse,false,motriskindex-families-2024-v5
volvo-xc60,2017,78825,13.99,94.7,93.0,96.5,better,false,motriskindex-families-2024-v5
volvo-xc60,2018,43496,10.94,81.0,78.7,83.3,better,false,motriskindex-families-2024-v5
volvo-xc60,2019,34080,11.0,88.6,85.7,91.4,better,false,motriskindex-families-2024-v5
volvo-xc60,2020,16107,9.44,80.6,76.6,84.7,better,false,motriskindex-families-2024-v5
volvo-xc70,2002,666,46.1,101.7,90.3,113.1,no different,true,motriskindex-families-2024-v5
volvo-xc70,2003,3633,47.98,108.2,103.2,113.3,worse,true,motriskindex-families-2024-v5
volvo-xc70,2004,5697,46.55,108.2,104.1,112.3,worse,false,motriskindex-families-2024-v5
volvo-xc70,2005,8976,41.87,102.1,98.8,105.3,no different,false,motriskindex-families-2024-v5
volvo-xc70,2006,8149,40.93,105.2,101.6,108.7,worse,false,motriskindex-families-2024-v5
volvo-xc70,2007,8607,37.83,103.7,100.1,107.2,worse,false,motriskindex-families-2024-v5
volvo-xc70,2008,6346,29.51,87.2,83.3,91.2,better,false,motriskindex-families-2024-v5
volvo-xc70,2009,6400,27.97,89.6,85.5,93.8,better,false,motriskindex-families-2024-v5
volvo-xc70,2010,8744,28.11,97.5,93.6,101.4,no different,false,motriskindex-families-2024-v5
volvo-xc70,2011,11227,26.9,100.4,96.8,104.0,no different,false,motriskindex-families-2024-v5
volvo-xc70,2012,8183,27.12,110.1,105.6,114.7,worse,false,motriskindex-families-2024-v5
volvo-xc70,2013,9492,22.88,100.5,96.3,104.7,no different,false,motriskindex-families-2024-v5
volvo-xc70,2014,10423,19.46,92.2,88.2,96.2,better,false,motriskindex-families-2024-v5
volvo-xc70,2015,9670,17.46,90.0,85.7,94.3,better,false,motriskindex-families-2024-v5
volvo-xc70,2016,6213,18.73,104.8,98.8,110.8,no different,false,motriskindex-families-2024-v5
volvo-xc90,2003,8072,48.58,105.0,101.7,108.3,worse,false,motriskindex-families-2024-v5
volvo-xc90,2004,21276,46.86,103.0,101.0,105.0,worse,false,motriskindex-families-2024-v5
volvo-xc90,2005,25671,45.32,101.8,99.9,103.6,no different,false,motriskindex-families-2024-v5
volvo-xc90,2006,20028,43.25,99.7,97.6,101.8,no different,false,motriskindex-families-2024-v5
volvo-xc90,2007,18738,42.97,102.7,100.4,104.9,worse,false,motriskindex-families-2024-v5
volvo-xc90,2008,11080,39.73,99.0,96.0,101.9,no different,false,motriskindex-families-2024-v5
volvo-xc90,2009,21390,38.22,99.4,97.2,101.5,no different,false,motriskindex-families-2024-v5
volvo-xc90,2010,37448,37.45,102.7,101.0,104.4,worse,false,motriskindex-families-2024-v5
volvo-xc90,2011,26142,36.0,106.3,104.1,108.4,worse,false,motriskindex-families-2024-v5
volvo-xc90,2012,17902,28.8,93.7,91.1,96.2,better,false,motriskindex-families-2024-v5
volvo-xc90,2013,14572,26.45,95.8,92.8,98.8,better,false,motriskindex-families-2024-v5
volvo-xc90,2014,13824,24.55,101.1,97.7,104.5,no different,false,motriskindex-families-2024-v5
volvo-xc90,2015,16349,18.92,90.7,87.5,93.9,better,false,motriskindex-families-2024-v5
volvo-xc90,2016,31704,17.3,98.3,95.7,100.9,no different,false,motriskindex-families-2024-v5
volvo-xc90,2017,29290,14.07,90.4,87.6,93.2,better,false,motriskindex-families-2024-v5
volvo-xc90,2018,25312,13.69,94.7,91.5,97.9,better,false,motriskindex-families-2024-v5
volvo-xc90,2019,21896,13.57,102.5,98.8,106.2,no different,false,motriskindex-families-2024-v5
volvo-xc90,2020,9929,12.63,101.4,95.8,107.0,no different,false,motriskindex-families-2024-v5
