family,model_year,n,fail_pct,vs_own_age_norm,ci95_low,ci95_high,verdict,rough_estimate,dataset_release_id
abarth-124,2016,1794,8.58,86.3,72.7,99.9,better,true,motriskindex-families-2024-v4
abarth-124,2017,4465,10.12,107.6,97.6,117.5,no different,false,motriskindex-families-2024-v4
abarth-124,2018,6599,8.88,99.7,91.6,107.7,no different,false,motriskindex-families-2024-v4
abarth-124,2019,1280,8.36,99.0,80.2,117.7,no different,true,motriskindex-families-2024-v4
abarth-500,2009,8747,34.93,100.0,96.5,103.6,no different,false,motriskindex-families-2024-v4
abarth-500,2010,10776,34.75,102.1,98.9,105.4,no different,false,motriskindex-families-2024-v4
abarth-500,2011,10071,33.93,102.5,99.0,105.9,no different,false,motriskindex-families-2024-v4
abarth-500,2012,8570,32.35,101.9,98.1,105.7,no different,false,motriskindex-families-2024-v4
abarth-500,2013,6133,29.51,97.0,92.5,101.5,no different,false,motriskindex-families-2024-v4
abarth-500,2014,8746,27.75,97.3,93.4,101.2,no different,false,motriskindex-families-2024-v4
abarth-500,2015,8188,24.29,94.1,90.0,98.3,better,false,motriskindex-families-2024-v4
abarth-500,2016,590,21.19,87.2,71.9,102.5,no different,true,motriskindex-families-2024-v4
abarth-595,2012,1776,28.6,101.6,92.8,110.5,no different,true,motriskindex-families-2024-v4
abarth-595,2013,5566,28.14,107.4,102.0,112.7,worse,false,motriskindex-families-2024-v4
abarth-595,2014,6172,24.08,100.8,95.7,105.9,no different,false,motriskindex-families-2024-v4
abarth-595,2015,18629,23.54,109.3,106.0,112.5,worse,false,motriskindex-families-2024-v4
abarth-595,2016,36534,19.85,106.0,103.6,108.5,worse,false,motriskindex-families-2024-v4
abarth-595,2017,33300,16.8,98.6,96.0,101.2,no different,false,motriskindex-families-2024-v4
abarth-595,2018,28458,15.18,95.5,92.7,98.4,better,false,motriskindex-families-2024-v4
abarth-595,2019,14456,13.12,91.3,87.2,95.4,better,false,motriskindex-families-2024-v4
abarth-595,2020,6482,11.6,90.1,83.7,96.6,better,false,motriskindex-families-2024-v4
alfa-romeo-147,2001,988,47.57,101.2,92.1,110.4,no different,true,motriskindex-families-2024-v4
alfa-romeo-147,2002,3244,51.85,107.7,102.6,112.9,worse,true,motriskindex-families-2024-v4
alfa-romeo-147,2003,4992,45.71,93.6,89.7,97.4,better,false,motriskindex-families-2024-v4
alfa-romeo-147,2004,4330,48.08,97.5,93.3,101.7,no different,false,motriskindex-families-2024-v4
alfa-romeo-147,2005,4886,48.06,97.5,93.6,101.4,no different,false,motriskindex-families-2024-v4
alfa-romeo-147,2006,5014,49.66,100.6,96.7,104.6,no different,false,motriskindex-families-2024-v4
alfa-romeo-147,2007,6386,47.73,98.5,95.0,102.0,no different,false,motriskindex-families-2024-v4
alfa-romeo-147,2008,7090,45.87,96.0,92.7,99.3,better,false,motriskindex-families-2024-v4
alfa-romeo-147,2009,2910,43.4,91.5,86.5,96.6,better,true,motriskindex-families-2024-v4
alfa-romeo-156,1999,434,48.39,109.5,94.7,124.3,no different,true,motriskindex-families-2024-v4
alfa-romeo-156,2000,1376,47.09,102.7,94.8,110.7,no different,true,motriskindex-families-2024-v4
alfa-romeo-156,2001,2388,46.4,99.5,93.6,105.3,no different,true,motriskindex-families-2024-v4
alfa-romeo-156,2002,3176,46.91,100.2,95.1,105.3,no different,true,motriskindex-families-2024-v4
alfa-romeo-156,2003,4072,46.17,95.0,90.7,99.3,better,false,motriskindex-families-2024-v4
alfa-romeo-156,2004,4130,48.62,94.9,90.7,99.0,better,false,motriskindex-families-2024-v4
alfa-romeo-156,2005,3561,51.17,98.9,94.4,103.5,no different,true,motriskindex-families-2024-v4
alfa-romeo-156,2006,238,34.45,68.5,53.7,83.4,better,true,motriskindex-families-2024-v4
alfa-romeo-159,2006,5438,46.67,101.7,97.7,105.6,no different,false,motriskindex-families-2024-v4
alfa-romeo-159,2007,14091,45.51,100.1,97.6,102.5,no different,false,motriskindex-families-2024-v4
alfa-romeo-159,2008,12239,44.94,99.9,97.2,102.5,no different,false,motriskindex-families-2024-v4
alfa-romeo-159,2009,11684,44.1,99.8,97.1,102.6,no different,false,motriskindex-families-2024-v4
alfa-romeo-159,2010,8852,40.3,94.9,91.8,98.0,better,false,motriskindex-families-2024-v4
alfa-romeo-159,2011,5678,38.64,95.4,91.4,99.4,better,false,motriskindex-families-2024-v4
alfa-romeo-159,2012,887,34.39,88.4,78.5,98.3,better,true,motriskindex-families-2024-v4
alfa-romeo-brera,2006,5204,40.85,105.2,100.7,109.6,worse,false,motriskindex-families-2024-v4
alfa-romeo-brera,2007,5252,41.51,106.4,102.0,110.9,worse,false,motriskindex-families-2024-v4
alfa-romeo-brera,2008,6369,37.21,98.4,94.5,102.4,no different,false,motriskindex-families-2024-v4
alfa-romeo-brera,2009,5159,31.42,86.1,81.9,90.2,better,false,motriskindex-families-2024-v4
alfa-romeo-brera,2010,955,27.12,76.2,66.9,85.5,better,true,motriskindex-families-2024-v4
alfa-romeo-giulia,2016,1566,17.24,111.0,97.7,124.2,no different,true,motriskindex-families-2024-v4
alfa-romeo-giulia,2017,19043,16.83,112.3,108.4,116.2,worse,false,motriskindex-families-2024-v4
alfa-romeo-giulia,2018,11379,13.67,94.5,89.8,99.2,better,false,motriskindex-families-2024-v4
alfa-romeo-giulia,2019,7510,11.96,87.0,81.4,92.7,better,false,motriskindex-families-2024-v4
alfa-romeo-giulia,2020,2452,13.05,98.2,87.4,108.9,no different,true,motriskindex-families-2024-v4
alfa-romeo-giulietta,2010,22192,37.33,99.8,97.6,101.9,no different,false,motriskindex-families-2024-v4
alfa-romeo-giulietta,2011,64934,37.45,106.2,104.8,107.5,worse,false,motriskindex-families-2024-v4
alfa-romeo-giulietta,2012,40426,33.06,102.0,100.2,103.7,worse,false,motriskindex-families-2024-v4
alfa-romeo-giulietta,2013,35298,30.1,102.9,100.9,104.9,worse,false,motriskindex-families-2024-v4
alfa-romeo-giulietta,2014,35047,23.93,92.4,90.4,94.4,better,false,motriskindex-families-2024-v4
alfa-romeo-giulietta,2015,33602,21.39,95.3,93.1,97.5,better,false,motriskindex-families-2024-v4
alfa-romeo-giulietta,2016,31124,18.02,94.5,92.0,96.9,better,false,motriskindex-families-2024-v4
alfa-romeo-giulietta,2017,14527,14.72,87.5,83.7,91.2,better,false,motriskindex-families-2024-v4
alfa-romeo-giulietta,2018,5887,14.57,94.7,88.4,101.0,no different,false,motriskindex-families-2024-v4
alfa-romeo-giulietta,2019,2573,12.83,92.6,82.6,102.6,no different,true,motriskindex-families-2024-v4
alfa-romeo-giulietta,2020,1533,14.74,116.1,101.0,131.3,worse,true,motriskindex-families-2024-v4
alfa-romeo-gt,1998,816,43.38,94.6,84.7,104.5,no different,true,motriskindex-families-2024-v4
alfa-romeo-gt,1999,1746,46.05,102.4,95.4,109.5,no different,true,motriskindex-families-2024-v4
alfa-romeo-gt,2000,1700,44.71,98.7,91.7,105.8,no different,true,motriskindex-families-2024-v4
alfa-romeo-gt,2001,2048,36.82,84.6,78.6,90.7,better,true,motriskindex-families-2024-v4
alfa-romeo-gt,2002,1864,37.18,85.0,78.7,91.3,better,true,motriskindex-families-2024-v4
alfa-romeo-gt,2003,1031,40.06,89.2,80.6,97.8,better,true,motriskindex-families-2024-v4
alfa-romeo-gt,2004,3091,45.1,96.5,91.4,101.5,no different,true,motriskindex-families-2024-v4
alfa-romeo-gt,2005,4858,48.25,98.9,94.9,102.9,no different,false,motriskindex-families-2024-v4
alfa-romeo-gt,2006,4636,49.61,99.1,95.0,103.1,no different,false,motriskindex-families-2024-v4
alfa-romeo-gt,2007,8134,49.4,98.5,95.5,101.5,no different,false,motriskindex-families-2024-v4
alfa-romeo-gt,2008,7854,48.33,97.4,94.3,100.5,no different,false,motriskindex-families-2024-v4
alfa-romeo-gt,2009,1917,43.82,89.1,83.1,95.2,better,true,motriskindex-families-2024-v4
alfa-romeo-gt,2010,1006,45.03,94.0,85.4,102.7,no different,true,motriskindex-families-2024-v4
alfa-romeo-mito,2009,50303,42.43,103.3,101.9,104.7,worse,false,motriskindex-families-2024-v4
alfa-romeo-mito,2010,42647,40.02,100.5,99.0,102.1,no different,false,motriskindex-families-2024-v4
alfa-romeo-mito,2011,34453,36.82,95.6,93.9,97.2,better,false,motriskindex-families-2024-v4
alfa-romeo-mito,2012,27515,36.23,97.7,95.8,99.6,better,false,motriskindex-families-2024-v4
alfa-romeo-mito,2013,19848,35.6,101.2,98.8,103.6,no different,false,motriskindex-families-2024-v4
alfa-romeo-mito,2014,19336,34.14,104.8,102.3,107.3,worse,false,motriskindex-families-2024-v4
alfa-romeo-mito,2015,17551,29.81,103.6,100.8,106.4,worse,false,motriskindex-families-2024-v4
alfa-romeo-mito,2016,16604,20.94,86.4,83.5,89.3,better,false,motriskindex-families-2024-v4
alfa-romeo-mito,2017,7011,20.03,93.6,88.7,98.5,better,false,motriskindex-families-2024-v4
alfa-romeo-mito,2018,2882,18.63,96.9,88.7,105.1,no different,true,motriskindex-families-2024-v4
alfa-romeo-spider,1998,942,37.79,94.3,84.5,104.1,no different,true,motriskindex-families-2024-v4
alfa-romeo-spider,1999,1576,41.5,105.8,97.7,113.9,no different,true,motriskindex-families-2024-v4
alfa-romeo-spider,2000,1640,40.24,103.2,95.3,111.1,no different,true,motriskindex-families-2024-v4
alfa-romeo-spider,2001,2776,35.59,92.5,86.7,98.3,better,true,motriskindex-families-2024-v4
alfa-romeo-spider,2002,1371,34.43,92.0,83.7,100.3,no different,true,motriskindex-families-2024-v4
alfa-romeo-spider,2003,1092,38.46,109.5,99.0,119.9,no different,true,motriskindex-families-2024-v4
alfa-romeo-spider,2004,788,32.74,98.1,86.2,110.1,no different,true,motriskindex-families-2024-v4
alfa-romeo-spider,2005,691,29.96,94.4,81.6,107.3,no different,true,motriskindex-families-2024-v4
alfa-romeo-spider,2007,6487,31.09,105.6,100.9,110.2,worse,false,motriskindex-families-2024-v4
alfa-romeo-spider,2008,6546,26.73,93.3,89.0,97.7,better,false,motriskindex-families-2024-v4
alfa-romeo-spider,2009,1162,25.56,90.4,80.2,100.7,no different,true,motriskindex-families-2024-v4
alfa-romeo-spider,2010,737,20.76,74.6,62.8,86.4,better,true,motriskindex-families-2024-v4
alfa-romeo-stelvio,2017,1638,11.6,99.5,85.4,113.7,no different,true,motriskindex-families-2024-v4
alfa-romeo-stelvio,2018,7490,12.39,109.9,102.8,116.9,worse,false,motriskindex-families-2024-v4
alfa-romeo-stelvio,2019,6081,10.74,99.8,92.2,107.5,no different,false,motriskindex-families-2024-v4
alfa-romeo-stelvio,2020,1972,9.38,89.2,76.3,102.0,no different,true,motriskindex-families-2024-v4
aston-martin-db11,2016,1046,5.93,110.7,83.2,138.3,no different,true,motriskindex-families-2024-v4
aston-martin-db11,2017,7048,5.75,111.2,100.4,122.0,worse,false,motriskindex-families-2024-v4
aston-martin-db11,2018,4574,4.35,86.2,74.2,98.2,better,false,motriskindex-families-2024-v4
aston-martin-db11,2019,2538,5.52,110.9,92.5,129.2,no different,true,motriskindex-families-2024-v4
aston-martin-db11,2020,775,3.35,69.7,42.9,96.5,better,true,motriskindex-families-2024-v4
aston-martin-db7,1998,668,14.97,92.3,74.2,110.4,no different,true,motriskindex-families-2024-v4
aston-martin-db7,1999,988,23.68,147.9,129.0,166.9,worse,true,motriskindex-families-2024-v4
aston-martin-db7,2000,2314,16.51,107.7,96.9,118.6,no different,true,motriskindex-families-2024-v4
aston-martin-db7,2001,3016,15.78,101.3,92.2,110.4,no different,true,motriskindex-families-2024-v4
aston-martin-db7,2002,2774,14.35,95.6,86.2,104.9,no different,true,motriskindex-families-2024-v4
aston-martin-db7,2003,2473,13.79,89.6,80.1,99.1,better,true,motriskindex-families-2024-v4
aston-martin-db7,2004,980,10.1,66.6,53.5,79.8,better,true,motriskindex-families-2024-v4
aston-martin-db9,2004,2722,14.77,122.4,110.5,134.4,worse,true,motriskindex-families-2024-v4
aston-martin-db9,2005,11633,12.1,100.9,95.6,106.1,no different,false,motriskindex-families-2024-v4
aston-martin-db9,2006,6694,12.35,104.1,97.0,111.2,no different,false,motriskindex-families-2024-v4
aston-martin-db9,2007,7406,11.84,100.3,93.6,106.9,no different,false,motriskindex-families-2024-v4
aston-martin-db9,2008,5104,10.05,85.6,78.2,93.0,better,false,motriskindex-families-2024-v4
aston-martin-db9,2009,2556,8.53,78.0,67.7,88.4,better,true,motriskindex-families-2024-v4
aston-martin-db9,2010,1700,10.94,103.5,88.7,118.4,no different,true,motriskindex-families-2024-v4
aston-martin-db9,2011,778,10.03,105.6,82.1,129.0,no different,true,motriskindex-families-2024-v4
aston-martin-db9,2012,599,10.35,115.7,86.9,144.5,no different,true,motriskindex-families-2024-v4
aston-martin-db9,2013,1222,9.17,120.5,98.2,142.8,no different,true,motriskindex-families-2024-v4
aston-martin-db9,2014,1252,7.75,117.9,94.4,141.4,no different,true,motriskindex-families-2024-v4
aston-martin-db9,2015,1692,6.62,99.1,80.7,117.4,no different,true,motriskindex-families-2024-v4
aston-martin-db9,2016,1183,5.49,84.3,63.8,104.8,no different,true,motriskindex-families-2024-v4
aston-martin-dbs,2008,388,7.22,72.1,45.4,98.9,better,true,motriskindex-families-2024-v4
aston-martin-dbs,2009,1258,10.17,98.3,81.3,115.4,no different,true,motriskindex-families-2024-v4
aston-martin-dbs,2010,1104,6.34,63.7,48.7,78.6,better,true,motriskindex-families-2024-v4
aston-martin-dbs,2011,712,9.55,98.4,75.0,121.8,no different,true,motriskindex-families-2024-v4
aston-martin-dbs,2012,367,8.45,87.3,56.6,118.1,no different,true,motriskindex-families-2024-v4
aston-martin-dbs,2018,244,3.28,114.9,35.3,194.4,no different,true,motriskindex-families-2024-v4
aston-martin-dbs,2019,1252,3.04,107.6,73.4,141.8,no different,true,motriskindex-families-2024-v4
aston-martin-dbs,2020,616,2.92,99.2,53.3,145.0,no different,true,motriskindex-families-2024-v4
aston-martin-v8,2005,684,12.87,120.6,95.4,145.7,no different,true,motriskindex-families-2024-v4
aston-martin-v8,2006,10344,11.51,109.0,102.8,115.2,worse,false,motriskindex-families-2024-v4
aston-martin-v8,2007,8239,10.09,96.1,89.6,102.6,no different,false,motriskindex-families-2024-v4
aston-martin-v8,2008,5514,10.48,99.4,91.3,107.5,no different,false,motriskindex-families-2024-v4
aston-martin-v8,2009,4154,8.26,78.9,70.5,87.2,better,true,motriskindex-families-2024-v4
aston-martin-v8,2010,2336,10.66,91.0,79.7,102.3,no different,true,motriskindex-families-2024-v4
aston-martin-v8,2011,1568,10.46,90.6,76.7,104.5,no different,true,motriskindex-families-2024-v4
aston-martin-v8,2012,901,10.88,90.3,72.4,108.2,no different,true,motriskindex-families-2024-v4
aston-martin-vanquish,2013,1082,7.21,111.8,87.0,136.6,no different,true,motriskindex-families-2024-v4
aston-martin-vanquish,2014,1322,8.47,139.6,113.7,165.4,worse,true,motriskindex-families-2024-v4
aston-martin-vanquish,2015,2044,7.63,120.7,101.8,139.7,worse,true,motriskindex-families-2024-v4
aston-martin-vanquish,2016,1692,7.62,125.3,103.7,147.0,worse,true,motriskindex-families-2024-v4
aston-martin-vanquish,2017,2046,5.13,87.1,70.5,103.8,no different,true,motriskindex-families-2024-v4
aston-martin-vanquish,2018,1153,2.6,46.2,29.7,62.7,better,true,motriskindex-families-2024-v4
aston-martin-vanquish,2019,248,5.65,99.3,47.3,151.4,no different,true,motriskindex-families-2024-v4
aston-martin-vantage,2005,298,14.09,141.9,99.0,184.8,no different,true,motriskindex-families-2024-v4
aston-martin-vantage,2006,2988,10.51,101.6,90.4,112.9,no different,true,motriskindex-families-2024-v4
aston-martin-vantage,2007,1768,9.16,91.6,77.5,105.7,no different,true,motriskindex-families-2024-v4
aston-martin-vantage,2008,1052,9.22,89.3,71.5,107.1,no different,true,motriskindex-families-2024-v4
aston-martin-vantage,2009,972,6.58,60.6,45.8,75.5,better,true,motriskindex-families-2024-v4
aston-martin-vantage,2010,755,10.33,95.0,73.9,116.1,no different,true,motriskindex-families-2024-v4
aston-martin-vantage,2011,598,9.03,92.8,68.1,117.6,no different,true,motriskindex-families-2024-v4
aston-martin-vantage,2012,1256,11.31,127.0,106.1,147.8,worse,true,motriskindex-families-2024-v4
aston-martin-vantage,2013,3100,8.84,105.4,92.9,117.9,no different,true,motriskindex-families-2024-v4
aston-martin-vantage,2014,4071,9.41,117.1,105.3,128.8,worse,true,motriskindex-families-2024-v4
aston-martin-vantage,2015,4075,7.12,96.7,85.6,107.9,no different,true,motriskindex-families-2024-v4
aston-martin-vantage,2016,4298,7.68,107.2,95.6,118.8,no different,true,motriskindex-families-2024-v4
aston-martin-vantage,2017,2944,5.84,83.6,71.1,96.1,better,true,motriskindex-families-2024-v4
aston-martin-vantage,2018,3324,6.11,89.7,77.4,102.1,no different,true,motriskindex-families-2024-v4
aston-martin-vantage,2019,3566,5.55,86.1,74.1,98.1,better,true,motriskindex-families-2024-v4
aston-martin-vantage,2020,608,5.1,81.1,52.6,109.7,no different,true,motriskindex-families-2024-v4
audi-a1,2010,16130,32.8,104.4,101.6,107.3,worse,false,motriskindex-families-2024-v4
audi-a1,2011,183808,30.3,104.5,103.6,105.3,worse,false,motriskindex-families-2024-v4
audi-a1,2012,206083,26.85,101.6,100.8,102.5,worse,false,motriskindex-families-2024-v4
audi-a1,2013,247116,24.12,102.0,101.2,102.9,worse,false,motriskindex-families-2024-v4
audi-a1,2014,254985,19.99,96.7,95.8,97.5,better,false,motriskindex-families-2024-v4
audi-a1,2015,264287,16.65,93.6,92.7,94.4,better,false,motriskindex-families-2024-v4
audi-a1,2016,284589,15.52,102.7,101.8,103.7,worse,false,motriskindex-families-2024-v4
audi-a1,2017,220930,13.75,103.1,102.0,104.3,worse,false,motriskindex-families-2024-v4
audi-a1,2018,141191,12.7,105.0,103.5,106.5,worse,false,motriskindex-families-2024-v4
audi-a1,2019,103549,10.56,97.9,96.0,99.7,better,false,motriskindex-families-2024-v4
audi-a1,2020,40425,10.0,101.2,98.1,104.4,no different,false,motriskindex-families-2024-v4
audi-a2,2000,1286,46.97,100.5,92.5,108.5,no different,true,motriskindex-families-2024-v4
audi-a2,2001,18320,46.38,100.0,97.9,102.1,no different,false,motriskindex-families-2024-v4
audi-a2,2002,24147,47.36,102.0,100.1,103.8,worse,false,motriskindex-families-2024-v4
audi-a2,2003,19050,46.17,100.2,98.1,102.3,no different,false,motriskindex-families-2024-v4
audi-a2,2004,21084,43.59,95.3,93.3,97.2,better,false,motriskindex-families-2024-v4
audi-a2,2005,12225,43.21,95.3,92.7,97.8,better,false,motriskindex-families-2024-v4
audi-a3,1998,2832,45.55,97.4,92.1,102.8,no different,true,motriskindex-families-2024-v4
audi-a3,1999,5394,45.16,96.6,92.8,100.5,no different,false,motriskindex-families-2024-v4
audi-a3,2000,10796,45.05,96.2,93.5,98.9,better,false,motriskindex-families-2024-v4
audi-a3,2001,17750,46.13,98.7,96.5,100.8,no different,false,motriskindex-families-2024-v4
audi-a3,2002,26613,48.2,103.6,101.8,105.4,worse,false,motriskindex-families-2024-v4
audi-a3,2003,38392,48.37,104.5,103.0,106.0,worse,false,motriskindex-families-2024-v4
audi-a3,2004,80982,47.83,105.1,104.1,106.1,worse,false,motriskindex-families-2024-v4
audi-a3,2005,152609,45.31,102.4,101.7,103.2,worse,false,motriskindex-families-2024-v4
audi-a3,2006,199179,44.08,103.2,102.5,103.8,worse,false,motriskindex-families-2024-v4
audi-a3,2007,222630,41.13,100.6,99.9,101.2,no different,false,motriskindex-families-2024-v4
audi-a3,2008,261685,38.72,100.1,99.4,100.7,no different,false,motriskindex-families-2024-v4
audi-a3,2009,286014,35.3,98.0,97.4,98.6,better,false,motriskindex-families-2024-v4
audi-a3,2010,303507,34.22,104.0,103.4,104.7,worse,false,motriskindex-families-2024-v4
audi-a3,2011,254178,30.73,104.4,103.7,105.2,worse,false,motriskindex-families-2024-v4
audi-a3,2012,295578,27.57,106.6,105.8,107.3,worse,false,motriskindex-families-2024-v4
audi-a3,2013,311245,22.15,99.1,98.4,99.9,better,false,motriskindex-families-2024-v4
audi-a3,2014,440283,18.28,96.0,95.3,96.6,better,false,motriskindex-families-2024-v4
audi-a3,2015,472672,15.43,94.5,93.8,95.2,better,false,motriskindex-families-2024-v4
audi-a3,2016,445660,13.11,91.8,91.1,92.6,better,false,motriskindex-families-2024-v4
audi-a3,2017,332990,11.68,90.4,89.5,91.2,better,false,motriskindex-families-2024-v4
audi-a3,2018,195011,11.76,97.3,96.0,98.5,better,false,motriskindex-families-2024-v4
audi-a3,2019,106711,11.59,101.5,99.7,103.3,no different,false,motriskindex-families-2024-v4
audi-a3,2020,13943,11.35,101.8,96.8,106.9,no different,false,motriskindex-families-2024-v4
audi-a4,1998,4986,44.28,99.2,95.1,103.4,no different,false,motriskindex-families-2024-v4
audi-a4,1999,9886,46.25,104.7,101.7,107.8,worse,false,motriskindex-families-2024-v4
audi-a4,2000,16196,44.68,102.5,100.1,104.9,worse,false,motriskindex-families-2024-v4
audi-a4,2001,22088,44.73,103.5,101.4,105.5,worse,false,motriskindex-families-2024-v4
audi-a4,2002,53411,44.17,103.5,102.2,104.8,worse,false,motriskindex-families-2024-v4
audi-a4,2003,92899,42.79,102.2,101.2,103.2,worse,false,motriskindex-families-2024-v4
audi-a4,2004,134368,41.96,102.6,101.8,103.5,worse,false,motriskindex-families-2024-v4
audi-a4,2005,151455,39.68,100.1,99.3,100.9,no different,false,motriskindex-families-2024-v4
audi-a4,2006,209477,37.5,98.3,97.6,99.0,better,false,motriskindex-families-2024-v4
audi-a4,2007,228381,36.13,99.0,98.4,99.7,better,false,motriskindex-families-2024-v4
audi-a4,2008,214335,35.03,101.5,100.8,102.2,worse,false,motriskindex-families-2024-v4
audi-a4,2009,165330,31.54,97.6,96.8,98.5,better,false,motriskindex-families-2024-v4
audi-a4,2010,157871,28.99,96.6,95.7,97.5,better,false,motriskindex-families-2024-v4
audi-a4,2011,162461,26.82,97.0,96.1,97.9,better,false,motriskindex-families-2024-v4
audi-a4,2012,157703,24.5,96.7,95.8,97.7,better,false,motriskindex-families-2024-v4
audi-a4,2013,184289,22.59,98.5,97.5,99.4,better,false,motriskindex-families-2024-v4
audi-a4,2014,193161,20.93,102.3,101.3,103.3,worse,false,motriskindex-families-2024-v4
audi-a4,2015,188881,19.06,105.5,104.4,106.6,worse,false,motriskindex-families-2024-v4
audi-a4,2016,256031,15.61,98.8,97.8,99.7,better,false,motriskindex-families-2024-v4
audi-a4,2017,212118,13.1,92.0,90.9,93.0,better,false,motriskindex-families-2024-v4
audi-a4,2018,99683,13.18,100.1,98.4,101.8,no different,false,motriskindex-families-2024-v4
audi-a4,2019,66621,12.76,105.6,103.3,107.8,worse,false,motriskindex-families-2024-v4
audi-a4,2020,18305,11.87,104.8,100.4,109.2,worse,false,motriskindex-families-2024-v4
audi-a5,2007,18682,26.9,91.0,88.5,93.5,better,false,motriskindex-families-2024-v4
audi-a5,2008,54504,30.67,106.0,104.4,107.6,worse,false,motriskindex-families-2024-v4
audi-a5,2009,74353,28.35,101.6,100.2,102.9,worse,false,motriskindex-families-2024-v4
audi-a5,2010,121795,27.09,102.1,101.0,103.2,worse,false,motriskindex-families-2024-v4
audi-a5,2011,113268,24.96,100.3,99.1,101.4,no different,false,motriskindex-families-2024-v4
audi-a5,2012,108088,22.87,98.9,97.7,100.2,no different,false,motriskindex-families-2024-v4
audi-a5,2013,122047,21.49,101.0,99.8,102.3,no different,false,motriskindex-families-2024-v4
audi-a5,2014,121106,19.27,100.3,99.0,101.6,no different,false,motriskindex-families-2024-v4
audi-a5,2015,117910,17.53,102.1,100.7,103.5,worse,false,motriskindex-families-2024-v4
audi-a5,2016,95504,15.85,104.7,103.0,106.4,worse,false,motriskindex-families-2024-v4
audi-a5,2017,140528,12.39,90.2,88.8,91.5,better,false,motriskindex-families-2024-v4
audi-a5,2018,83149,12.3,95.8,94.0,97.7,better,false,motriskindex-families-2024-v4
audi-a5,2019,50689,12.01,101.9,99.3,104.4,no different,false,motriskindex-families-2024-v4
audi-a5,2020,14892,12.68,115.7,110.5,121.0,worse,false,motriskindex-families-2024-v4
audi-a6,1998,1070,48.6,108.0,98.7,117.2,no different,true,motriskindex-families-2024-v4
audi-a6,1999,2730,47.25,105.5,99.8,111.3,no different,true,motriskindex-families-2024-v4
audi-a6,2000,4360,45.6,105.7,101.1,110.4,worse,false,motriskindex-families-2024-v4
audi-a6,2001,5532,43.75,104.1,99.9,108.2,no different,false,motriskindex-families-2024-v4
audi-a6,2002,11341,43.49,106.4,103.4,109.4,worse,false,motriskindex-families-2024-v4
audi-a6,2003,16733,41.25,104.2,101.8,106.7,worse,false,motriskindex-families-2024-v4
audi-a6,2004,23815,40.18,106.0,103.9,108.2,worse,false,motriskindex-families-2024-v4
audi-a6,2005,38083,36.37,100.2,98.5,101.9,no different,false,motriskindex-families-2024-v4
audi-a6,2006,58645,33.65,96.7,95.4,98.1,better,false,motriskindex-families-2024-v4
audi-a6,2007,91501,33.59,101.1,100.0,102.3,no different,false,motriskindex-families-2024-v4
audi-a6,2008,84899,32.6,104.2,103.0,105.5,worse,false,motriskindex-families-2024-v4
audi-a6,2009,56110,29.99,103.2,101.7,104.8,worse,false,motriskindex-families-2024-v4
audi-a6,2010,82331,27.82,104.4,103.0,105.7,worse,false,motriskindex-families-2024-v4
audi-a6,2011,84788,24.59,102.4,101.0,103.8,worse,false,motriskindex-families-2024-v4
audi-a6,2012,96972,19.6,92.1,90.8,93.4,better,false,motriskindex-families-2024-v4
audi-a6,2013,120690,17.7,94.7,93.4,96.0,better,false,motriskindex-families-2024-v4
audi-a6,2014,123798,16.49,100.9,99.6,102.3,no different,false,motriskindex-families-2024-v4
audi-a6,2015,131144,13.61,94.5,93.1,95.9,better,false,motriskindex-families-2024-v4
audi-a6,2016,156075,12.81,100.0,98.6,101.3,no different,false,motriskindex-families-2024-v4
audi-a6,2017,95440,11.11,94.5,92.7,96.3,better,false,motriskindex-families-2024-v4
audi-a6,2018,60573,11.03,99.0,96.6,101.4,no different,false,motriskindex-families-2024-v4
audi-a6,2019,47044,10.41,98.6,95.8,101.3,no different,false,motriskindex-families-2024-v4
audi-a6,2020,11368,9.14,89.4,84.0,94.9,better,false,motriskindex-families-2024-v4
audi-a7,2010,1464,17.62,94.1,82.6,105.5,no different,true,motriskindex-families-2024-v4
audi-a7,2011,19500,18.15,100.3,97.0,103.6,no different,false,motriskindex-families-2024-v4
audi-a7,2012,15640,17.57,101.0,97.2,104.7,no different,false,motriskindex-families-2024-v4
audi-a7,2013,22004,17.91,107.7,104.4,111.1,worse,false,motriskindex-families-2024-v4
audi-a7,2014,22041,15.83,101.7,98.3,105.1,no different,false,motriskindex-families-2024-v4
audi-a7,2015,23298,14.3,97.6,94.3,100.9,no different,false,motriskindex-families-2024-v4
audi-a7,2016,27148,14.55,104.6,101.3,107.9,worse,false,motriskindex-families-2024-v4
audi-a7,2017,16272,11.95,90.5,86.5,94.5,better,false,motriskindex-families-2024-v4
audi-a7,2018,9948,11.29,88.9,83.7,94.1,better,false,motriskindex-families-2024-v4
audi-a7,2019,7588,11.62,94.5,88.3,100.8,no different,false,motriskindex-families-2024-v4
audi-a7,2020,1996,12.27,100.5,87.9,113.1,no different,true,motriskindex-families-2024-v4
audi-a8,2001,626,35.78,141.1,122.7,159.6,worse,true,motriskindex-families-2024-v4
audi-a8,2002,1014,37.87,142.6,128.4,156.9,worse,true,motriskindex-families-2024-v4
audi-a8,2003,1638,30.89,118.9,108.5,129.2,worse,true,motriskindex-families-2024-v4
audi-a8,2004,3708,27.72,108.4,101.8,115.1,worse,true,motriskindex-families-2024-v4
audi-a8,2005,5630,27.28,108.1,102.7,113.5,worse,false,motriskindex-families-2024-v4
audi-a8,2006,5814,24.49,101.0,95.8,106.3,no different,false,motriskindex-families-2024-v4
audi-a8,2007,8513,23.8,105.0,100.5,109.6,worse,false,motriskindex-families-2024-v4
audi-a8,2008,9622,21.24,101.7,97.3,106.1,no different,false,motriskindex-families-2024-v4
audi-a8,2009,4826,19.52,107.3,100.5,114.2,worse,false,motriskindex-families-2024-v4
audi-a8,2010,6275,15.39,94.4,88.4,100.3,no different,false,motriskindex-families-2024-v4
audi-a8,2011,9517,12.65,88.5,83.5,93.5,better,false,motriskindex-families-2024-v4
audi-a8,2012,8986,11.52,91.3,85.7,96.8,better,false,motriskindex-families-2024-v4
audi-a8,2013,8875,10.29,94.2,88.1,100.3,no different,false,motriskindex-families-2024-v4
audi-a8,2014,10323,8.59,86.8,81.1,92.5,better,false,motriskindex-families-2024-v4
audi-a8,2015,11407,9.66,106.7,100.4,113.0,worse,false,motriskindex-families-2024-v4
audi-a8,2016,10404,8.22,96.0,89.6,102.4,no different,false,motriskindex-families-2024-v4
audi-a8,2017,6583,8.13,100.7,92.1,109.2,no different,false,motriskindex-families-2024-v4
audi-a8,2018,7007,7.61,96.8,88.6,105.0,no different,false,motriskindex-families-2024-v4
audi-a8,2019,3807,6.41,83.5,73.0,93.9,better,true,motriskindex-families-2024-v4
audi-a8,2020,1208,8.61,113.1,91.4,134.9,no different,true,motriskindex-families-2024-v4
audi-e-tron,2019,5011,9.68,101.9,92.8,110.9,no different,false,motriskindex-families-2024-v4
audi-e-tron,2020,15912,9.41,99.8,94.7,104.8,no different,false,motriskindex-families-2024-v4
audi-q2,2016,7467,8.96,90.8,83.9,97.7,better,false,motriskindex-families-2024-v4
audi-q2,2017,114999,8.74,95.3,93.5,97.2,better,false,motriskindex-families-2024-v4
audi-q2,2018,102534,8.81,102.7,100.6,104.8,worse,false,motriskindex-families-2024-v4
audi-q2,2019,83276,8.48,106.9,104.4,109.4,worse,false,motriskindex-families-2024-v4
audi-q2,2020,44853,8.88,118.0,114.3,121.6,worse,false,motriskindex-families-2024-v4
audi-q3,2011,5430,22.25,90.3,85.2,95.4,better,false,motriskindex-families-2024-v4
audi-q3,2012,74247,23.49,104.9,103.3,106.4,worse,false,motriskindex-families-2024-v4
audi-q3,2013,129454,20.66,104.3,103.1,105.6,worse,false,motriskindex-families-2024-v4
audi-q3,2014,152563,17.41,101.9,100.6,103.1,worse,false,motriskindex-families-2024-v4
audi-q3,2015,157832,14.55,100.2,98.9,101.5,no different,false,motriskindex-families-2024-v4
audi-q3,2016,185975,12.72,103.6,102.3,104.9,worse,false,motriskindex-families-2024-v4
audi-q3,2017,154913,10.19,93.9,92.4,95.4,better,false,motriskindex-families-2024-v4
audi-q3,2018,89927,10.1,102.6,100.5,104.8,worse,false,motriskindex-families-2024-v4
audi-q3,2019,71141,8.01,90.0,87.6,92.3,better,false,motriskindex-families-2024-v4
audi-q3,2020,38578,7.37,88.7,85.5,92.0,better,false,motriskindex-families-2024-v4
audi-q5,2008,2124,30.51,104.8,96.7,112.9,no different,true,motriskindex-families-2024-v4
audi-q5,2009,44701,29.54,108.4,106.6,110.3,worse,false,motriskindex-families-2024-v4
audi-q5,2010,42349,25.74,103.7,101.7,105.6,worse,false,motriskindex-families-2024-v4
audi-q5,2011,62038,23.31,103.5,101.8,105.2,worse,false,motriskindex-families-2024-v4
audi-q5,2012,51901,19.88,98.0,96.1,99.9,better,false,motriskindex-families-2024-v4
audi-q5,2013,69180,17.57,97.0,95.3,98.7,better,false,motriskindex-families-2024-v4
audi-q5,2014,96976,15.91,99.4,97.8,101.0,no different,false,motriskindex-families-2024-v4
audi-q5,2015,118375,13.43,94.6,93.2,96.1,better,false,motriskindex-families-2024-v4
audi-q5,2016,127326,11.35,90.7,89.2,92.2,better,false,motriskindex-families-2024-v4
audi-q5,2017,98589,14.52,127.8,125.7,129.9,worse,false,motriskindex-families-2024-v4
audi-q5,2018,95263,10.41,98.8,96.9,100.8,no different,false,motriskindex-families-2024-v4
audi-q5,2019,62473,8.7,89.7,87.3,92.1,better,false,motriskindex-families-2024-v4
audi-q5,2020,27690,8.32,91.1,87.4,94.9,better,false,motriskindex-families-2024-v4
audi-q7,2006,18517,26.93,98.5,95.8,101.3,no different,false,motriskindex-families-2024-v4
audi-q7,2007,42752,26.7,100.7,98.9,102.6,no different,false,motriskindex-families-2024-v4
audi-q7,2008,29113,27.97,110.6,108.2,113.0,worse,false,motriskindex-families-2024-v4
audi-q7,2009,15247,26.23,110.9,107.5,114.3,worse,false,motriskindex-families-2024-v4
audi-q7,2010,17646,21.63,98.3,95.2,101.4,no different,false,motriskindex-families-2024-v4
audi-q7,2011,20885,18.26,90.2,87.3,93.0,better,false,motriskindex-families-2024-v4
audi-q7,2012,26354,17.11,90.8,88.1,93.4,better,false,motriskindex-families-2024-v4
audi-q7,2013,36335,16.35,93.2,90.8,95.5,better,false,motriskindex-families-2024-v4
audi-q7,2014,36087,15.3,92.9,90.4,95.3,better,false,motriskindex-families-2024-v4
audi-q7,2015,36009,14.96,97.3,94.7,99.9,better,false,motriskindex-families-2024-v4
audi-q7,2016,55104,15.39,107.6,105.3,109.9,worse,false,motriskindex-families-2024-v4
audi-q7,2017,51916,13.87,103.3,100.9,105.6,worse,false,motriskindex-families-2024-v4
audi-q7,2018,34426,13.96,109.5,106.4,112.6,worse,false,motriskindex-families-2024-v4
audi-q7,2019,23073,10.74,90.5,86.9,94.1,better,false,motriskindex-families-2024-v4
audi-q7,2020,11352,11.48,102.0,96.5,107.6,no different,false,motriskindex-families-2024-v4
audi-q8,2018,4223,8.93,101.4,91.2,111.7,no different,false,motriskindex-families-2024-v4
audi-q8,2019,8818,9.13,103.7,96.5,110.9,no different,false,motriskindex-families-2024-v4
audi-q8,2020,2660,8.65,101.4,88.3,114.5,no different,true,motriskindex-families-2024-v4
audi-r8,2007,3048,16.54,116.9,106.7,127.1,worse,true,motriskindex-families-2024-v4
audi-r8,2008,6213,13.97,98.6,92.0,105.1,no different,false,motriskindex-families-2024-v4
audi-r8,2009,3249,13.2,95.7,86.7,104.8,no different,true,motriskindex-families-2024-v4
audi-r8,2010,3832,13.2,98.2,89.6,106.7,no different,true,motriskindex-families-2024-v4
audi-r8,2011,3390,13.13,102.7,93.2,112.3,no different,true,motriskindex-families-2024-v4
audi-r8,2012,1994,13.09,109.5,96.2,122.8,no different,true,motriskindex-families-2024-v4
audi-r8,2013,2711,10.44,97.1,85.8,108.4,no different,true,motriskindex-families-2024-v4
audi-r8,2014,2744,6.92,72.3,62.0,82.6,better,true,motriskindex-families-2024-v4
audi-r8,2015,2302,10.08,112.4,97.9,126.8,no different,true,motriskindex-families-2024-v4
audi-r8,2016,3924,6.73,84.0,73.9,94.1,better,true,motriskindex-families-2024-v4
audi-r8,2017,3063,6.59,88.6,76.4,100.8,no different,true,motriskindex-families-2024-v4
audi-r8,2018,1929,6.95,98.5,81.8,115.2,no different,true,motriskindex-families-2024-v4
audi-r8,2019,691,5.79,83.9,57.9,109.9,no different,true,motriskindex-families-2024-v4
audi-r8,2020,341,6.45,96.5,56.1,136.8,no different,true,motriskindex-families-2024-v4
audi-rs4,2006,4066,18.54,96.7,89.8,103.6,no different,false,motriskindex-families-2024-v4
audi-rs4,2007,5060,19.8,101.1,94.8,107.3,no different,false,motriskindex-families-2024-v4
audi-rs4,2014,842,12.59,95.8,77.6,114.0,no different,true,motriskindex-families-2024-v4
audi-s3,2000,538,31.97,90.4,76.9,104.0,no different,true,motriskindex-families-2024-v4
audi-s3,2001,976,35.45,102.1,91.3,112.9,no different,true,motriskindex-families-2024-v4
audi-s3,2002,1832,34.83,97.7,90.1,105.3,no different,true,motriskindex-families-2024-v4
audi-s3,2003,1392,39.22,117.9,108.0,127.7,worse,true,motriskindex-families-2024-v4
audi-s3,2006,230,33.04,114.8,89.0,140.6,no different,true,motriskindex-families-2024-v4
audi-s3,2007,3951,28.55,103.6,97.5,109.6,no different,true,motriskindex-families-2024-v4
audi-s3,2008,3352,24.64,94.4,87.9,100.8,no different,true,motriskindex-families-2024-v4
audi-s3,2009,2993,25.16,101.6,94.3,108.8,no different,true,motriskindex-families-2024-v4
audi-s3,2010,3997,25.27,108.7,102.0,115.4,worse,true,motriskindex-families-2024-v4
audi-s3,2011,3145,21.56,102.5,94.8,110.2,no different,true,motriskindex-families-2024-v4
audi-s3,2012,1943,18.79,102.5,92.0,113.0,no different,true,motriskindex-families-2024-v4
audi-s3,2013,2447,13.77,88.1,78.7,97.5,better,true,motriskindex-families-2024-v4
audi-s3,2014,7559,12.03,88.0,82.3,93.8,better,false,motriskindex-families-2024-v4
audi-s3,2015,1357,10.69,88.7,74.2,103.1,no different,true,motriskindex-families-2024-v4
audi-s3,2016,662,10.27,98.0,74.7,121.3,no different,true,motriskindex-families-2024-v4
audi-s3,2017,354,10.73,109.3,74.5,144.0,no different,true,motriskindex-families-2024-v4
audi-s3,2020,1796,7.91,100.1,83.6,116.5,no different,true,motriskindex-families-2024-v4
audi-s4,2005,744,24.73,92.7,79.3,106.1,no different,true,motriskindex-families-2024-v4
audi-s4,2006,612,29.74,116.4,99.5,133.3,no different,true,motriskindex-families-2024-v4
audi-s4,2007,412,28.64,114.2,93.6,134.8,no different,true,motriskindex-families-2024-v4
audi-s4,2009,411,18.25,75.2,58.1,92.2,better,true,motriskindex-families-2024-v4
audi-s4,2010,610,17.05,88.5,71.5,105.5,no different,true,motriskindex-families-2024-v4
audi-s4,2019,808,8.91,105.7,81.3,130.1,no different,true,motriskindex-families-2024-v4
audi-s4,2020,2093,8.55,102.1,87.1,117.0,no different,true,motriskindex-families-2024-v4
audi-s5,2007,1098,22.59,101.6,89.0,114.3,no different,true,motriskindex-families-2024-v4
audi-s5,2008,3178,23.85,109.0,101.3,116.8,worse,true,motriskindex-families-2024-v4
audi-s5,2009,1913,23.68,115.1,104.5,125.7,worse,true,motriskindex-families-2024-v4
audi-s5,2010,3225,19.94,95.5,88.1,102.9,no different,true,motriskindex-families-2024-v4
audi-s5,2011,2485,17.75,92.8,84.2,101.5,no different,true,motriskindex-families-2024-v4
audi-s5,2012,1387,15.43,85.0,73.6,96.4,better,true,motriskindex-families-2024-v4
audi-s5,2013,806,13.4,78.2,63.4,92.9,better,true,motriskindex-families-2024-v4
audi-s5,2014,508,13.98,84.4,64.8,104.0,no different,true,motriskindex-families-2024-v4
audi-sq5,2013,776,10.82,94.0,73.9,114.1,no different,true,motriskindex-families-2024-v4
audi-sq5,2014,3612,11.52,99.1,89.6,108.7,no different,true,motriskindex-families-2024-v4
audi-sq5,2015,424,12.74,119.7,87.8,151.7,no different,true,motriskindex-families-2024-v4
audi-sq5,2019,479,3.76,47.6,25.6,69.7,better,true,motriskindex-families-2024-v4
audi-sq5,2020,1313,6.78,99.7,79.0,120.4,no different,true,motriskindex-families-2024-v4
audi-sq7,2019,592,11.15,100.1,76.0,124.3,no different,true,motriskindex-families-2024-v4
audi-sq7,2020,1670,12.34,103.0,89.0,117.1,no different,true,motriskindex-families-2024-v4
audi-tt,1999,4064,44.34,98.7,94.1,103.2,no different,false,motriskindex-families-2024-v4
audi-tt,2000,22738,44.9,101.1,99.1,103.0,no different,false,motriskindex-families-2024-v4
audi-tt,2001,42418,45.41,102.9,101.5,104.4,worse,false,motriskindex-families-2024-v4
audi-tt,2002,61902,45.66,104.5,103.3,105.7,worse,false,motriskindex-families-2024-v4
audi-tt,2003,66694,43.51,101.9,100.7,103.1,worse,false,motriskindex-families-2024-v4
audi-tt,2004,62266,41.61,101.5,100.2,102.7,worse,false,motriskindex-families-2024-v4
audi-tt,2005,46188,41.0,105.2,103.7,106.7,worse,false,motriskindex-families-2024-v4
audi-tt,2006,36332,38.4,105.7,103.9,107.4,worse,false,motriskindex-families-2024-v4
audi-tt,2007,93341,32.29,96.6,95.5,97.7,better,false,motriskindex-families-2024-v4
audi-tt,2008,83298,29.59,98.2,97.0,99.5,better,false,motriskindex-families-2024-v4
audi-tt,2009,68944,27.08,100.5,99.1,101.9,no different,false,motriskindex-families-2024-v4
audi-tt,2010,72650,23.89,100.9,99.4,102.4,no different,false,motriskindex-families-2024-v4
audi-tt,2011,71977,19.26,93.8,92.3,95.4,better,false,motriskindex-families-2024-v4
audi-tt,2012,62520,15.73,89.1,87.3,90.9,better,false,motriskindex-families-2024-v4
audi-tt,2013,70239,14.03,92.4,90.6,94.2,better,false,motriskindex-families-2024-v4
audi-tt,2014,43945,13.09,100.3,97.7,102.9,no different,false,motriskindex-families-2024-v4
audi-tt,2015,95821,11.53,101.0,99.1,102.9,no different,false,motriskindex-families-2024-v4
audi-tt,2016,103297,10.11,98.7,96.8,100.6,no different,false,motriskindex-families-2024-v4
audi-tt,2017,71463,8.66,91.7,89.4,94.0,better,false,motriskindex-families-2024-v4
audi-tt,2018,29765,8.66,97.0,93.2,100.7,no different,false,motriskindex-families-2024-v4
audi-tt,2019,23448,8.06,94.7,90.5,99.0,better,false,motriskindex-families-2024-v4
audi-tt,2020,9329,8.96,107.7,100.4,115.0,worse,false,motriskindex-families-2024-v4
bentley-arnage,1998,480,18.33,130.1,102.9,157.3,worse,true,motriskindex-families-2024-v4
bentley-arnage,1999,896,20.31,144.9,123.9,166.0,worse,true,motriskindex-families-2024-v4
bentley-arnage,2000,1856,17.13,113.0,100.6,125.4,worse,true,motriskindex-families-2024-v4
bentley-arnage,2001,2386,14.0,87.1,77.8,96.5,better,true,motriskindex-families-2024-v4
bentley-arnage,2002,1613,17.3,110.2,97.3,123.2,no different,true,motriskindex-families-2024-v4
bentley-arnage,2003,955,12.67,78.1,64.2,92.1,better,true,motriskindex-families-2024-v4
bentley-arnage,2004,526,12.55,72.4,55.0,89.9,better,true,motriskindex-families-2024-v4
bentley-arnage,2005,393,14.25,77.0,56.8,97.2,better,true,motriskindex-families-2024-v4
bentley-bentayga,2016,4072,5.89,107.1,93.5,120.6,no different,false,motriskindex-families-2024-v4
bentley-bentayga,2017,5504,5.0,93.3,82.3,104.3,no different,false,motriskindex-families-2024-v4
bentley-bentayga,2018,3881,5.8,108.4,94.2,122.6,no different,true,motriskindex-families-2024-v4
bentley-bentayga,2019,1983,5.55,104.6,85.0,124.1,no different,true,motriskindex-families-2024-v4
bentley-bentayga,2020,1201,3.5,69.1,48.2,90.1,better,true,motriskindex-families-2024-v4
bentley-continental,2004,13392,14.73,112.3,107.3,117.2,worse,false,motriskindex-families-2024-v4
bentley-continental,2005,14070,13.27,104.0,99.3,108.7,no different,false,motriskindex-families-2024-v4
bentley-continental,2006,12990,12.36,101.4,96.4,106.4,no different,false,motriskindex-families-2024-v4
bentley-continental,2007,15687,10.54,90.3,85.9,94.6,better,false,motriskindex-families-2024-v4
bentley-continental,2008,10222,10.95,98.8,93.0,104.6,no different,false,motriskindex-families-2024-v4
bentley-continental,2009,4887,9.35,92.1,83.6,100.5,no different,false,motriskindex-families-2024-v4
bentley-continental,2010,6166,9.75,103.6,95.3,111.9,no different,false,motriskindex-families-2024-v4
bentley-continental,2011,6329,8.66,99.6,91.3,108.0,no different,false,motriskindex-families-2024-v4
bentley-continental,2012,8262,8.76,108.0,100.2,115.9,worse,false,motriskindex-families-2024-v4
bentley-continental,2013,8092,7.38,99.6,91.7,107.6,no different,false,motriskindex-families-2024-v4
bentley-continental,2014,8578,6.88,99.6,91.6,107.6,no different,false,motriskindex-families-2024-v4
bentley-continental,2015,9124,5.78,88.9,81.3,96.5,better,false,motriskindex-families-2024-v4
bentley-continental,2016,9501,5.67,93.8,85.9,101.7,no different,false,motriskindex-families-2024-v4
bentley-continental,2017,6365,5.12,89.6,79.9,99.4,better,false,motriskindex-families-2024-v4
bentley-continental,2018,4374,5.49,99.6,87.0,112.1,no different,false,motriskindex-families-2024-v4
bentley-continental,2019,4106,5.21,98.8,85.5,112.0,no different,false,motriskindex-families-2024-v4
bentley-continental,2020,1918,4.9,98.1,78.3,118.0,no different,true,motriskindex-families-2024-v4
bmw-3-series,1998,14726,40.59,102.3,99.7,104.9,no different,false,motriskindex-families-2024-v4
bmw-3-series,1999,32382,42.38,106.8,105.0,108.6,worse,false,motriskindex-families-2024-v4
bmw-3-series,2000,47544,41.32,104.5,103.1,106.0,worse,false,motriskindex-families-2024-v4
bmw-3-series,2001,93018,41.18,104.7,103.7,105.8,worse,false,motriskindex-families-2024-v4
bmw-3-series,2002,144761,39.67,101.7,100.9,102.6,worse,false,motriskindex-families-2024-v4
bmw-3-series,2003,187291,39.26,102.0,101.2,102.7,worse,false,motriskindex-families-2024-v4
bmw-3-series,2004,179614,39.79,105.4,104.6,106.2,worse,false,motriskindex-families-2024-v4
bmw-3-series,2005,212561,36.75,100.4,99.7,101.1,no different,false,motriskindex-families-2024-v4
bmw-3-series,2006,303449,33.33,94.4,93.8,95.0,better,false,motriskindex-families-2024-v4
bmw-3-series,2007,391150,31.99,94.1,93.6,94.6,better,false,motriskindex-families-2024-v4
bmw-3-series,2008,326246,32.06,98.1,97.5,98.6,better,false,motriskindex-families-2024-v4
bmw-3-series,2009,301876,31.98,102.5,101.9,103.2,worse,false,motriskindex-families-2024-v4
bmw-3-series,2010,338256,30.3,103.0,102.4,103.7,worse,false,motriskindex-families-2024-v4
bmw-3-series,2011,355343,28.04,102.6,101.9,103.2,worse,false,motriskindex-families-2024-v4
bmw-3-series,2012,392435,27.21,108.6,107.9,109.2,worse,false,motriskindex-families-2024-v4
bmw-3-series,2013,399370,22.44,100.1,99.4,100.7,no different,false,motriskindex-families-2024-v4
bmw-3-series,2014,368309,19.73,100.2,99.5,100.9,no different,false,motriskindex-families-2024-v4
bmw-3-series,2015,360230,15.6,91.0,90.2,91.7,better,false,motriskindex-families-2024-v4
bmw-3-series,2016,363162,13.27,87.5,86.7,88.3,better,false,motriskindex-families-2024-v4
bmw-3-series,2017,306251,11.8,85.9,85.0,86.8,better,false,motriskindex-families-2024-v4
bmw-3-series,2018,181153,11.97,93.5,92.3,94.8,better,false,motriskindex-families-2024-v4
bmw-3-series,2019,132349,13.15,109.1,107.5,110.7,worse,false,motriskindex-families-2024-v4
bmw-3-series,2020,67903,14.85,125.9,123.5,128.4,worse,false,motriskindex-families-2024-v4
bmw-i3,2013,1264,13.13,87.2,73.9,100.4,no different,true,motriskindex-families-2024-v4
bmw-i3,2014,13420,14.09,100.6,96.1,105.1,no different,false,motriskindex-families-2024-v4
bmw-i3,2015,21553,13.11,103.7,99.8,107.5,no different,false,motriskindex-families-2024-v4
bmw-i3,2016,24012,11.39,97.3,93.6,100.9,no different,false,motriskindex-families-2024-v4
bmw-i3,2017,30149,10.35,94.1,90.8,97.4,better,false,motriskindex-families-2024-v4
bmw-i3,2018,21757,10.51,100.6,96.4,104.7,no different,false,motriskindex-families-2024-v4
bmw-i3,2019,20820,10.63,106.8,102.3,111.2,worse,false,motriskindex-families-2024-v4
bmw-i3,2020,12570,11.14,112.5,106.6,118.4,worse,false,motriskindex-families-2024-v4
bmw-i8,2014,2048,11.13,99.0,86.1,111.8,no different,true,motriskindex-families-2024-v4
bmw-i8,2015,7324,11.05,103.7,96.6,110.9,no different,false,motriskindex-families-2024-v4
bmw-i8,2016,5272,10.28,98.8,90.5,107.1,no different,false,motriskindex-families-2024-v4
bmw-i8,2017,2326,9.03,89.9,77.7,102.0,no different,true,motriskindex-families-2024-v4
bmw-i8,2018,2783,9.38,96.2,84.5,107.9,no different,true,motriskindex-families-2024-v4
bmw-i8,2019,1289,8.92,96.9,79.2,114.6,no different,true,motriskindex-families-2024-v4
bmw-i8,2020,218,8.72,95.6,52.6,138.6,no different,true,motriskindex-families-2024-v4
bmw-m2,2016,7951,11.39,107.5,100.5,114.5,worse,false,motriskindex-families-2024-v4
bmw-m2,2017,11729,9.03,90.4,84.9,95.8,better,false,motriskindex-families-2024-v4
bmw-m2,2018,10360,10.28,108.2,101.7,114.7,worse,false,motriskindex-families-2024-v4
bmw-m2,2019,1242,10.14,114.6,94.6,134.6,no different,true,motriskindex-families-2024-v4
bmw-m2,2020,566,7.42,88.7,61.9,115.5,no different,true,motriskindex-families-2024-v4
bmw-m3,1998,1052,25.86,127.1,112.0,142.2,worse,true,motriskindex-families-2024-v4
bmw-m3,1999,910,27.91,136.6,119.8,153.4,worse,true,motriskindex-families-2024-v4
bmw-m3,2001,3618,23.71,115.8,108.0,123.5,worse,true,motriskindex-families-2024-v4
bmw-m3,2002,15152,23.11,111.5,107.8,115.2,worse,false,motriskindex-families-2024-v4
bmw-m3,2003,23801,21.48,102.1,99.3,104.9,no different,false,motriskindex-families-2024-v4
bmw-m3,2004,16934,20.27,97.3,94.1,100.6,no different,false,motriskindex-families-2024-v4
bmw-m3,2005,11736,19.87,98.8,94.8,102.8,no different,false,motriskindex-families-2024-v4
bmw-m3,2006,4039,17.75,93.0,86.2,99.8,better,true,motriskindex-families-2024-v4
bmw-m3,2007,5253,15.08,85.6,79.6,91.5,better,false,motriskindex-families-2024-v4
bmw-m3,2008,13345,15.13,92.9,88.9,97.0,better,false,motriskindex-families-2024-v4
bmw-m3,2009,8174,13.92,92.3,86.9,97.6,better,false,motriskindex-families-2024-v4
bmw-m3,2010,7315,13.49,96.4,90.4,102.4,no different,false,motriskindex-families-2024-v4
bmw-m3,2011,7940,12.96,97.2,91.3,103.1,no different,false,motriskindex-families-2024-v4
bmw-m3,2012,6858,11.32,88.2,82.0,94.4,better,false,motriskindex-families-2024-v4
bmw-m3,2013,5363,11.0,88.6,81.4,95.7,better,false,motriskindex-families-2024-v4
bmw-m3,2014,2636,12.82,105.8,94.6,117.1,no different,true,motriskindex-families-2024-v4
bmw-m3,2015,6539,12.22,105.9,98.5,113.2,no different,false,motriskindex-families-2024-v4
bmw-m3,2016,8875,11.41,100.5,94.3,106.7,no different,false,motriskindex-families-2024-v4
bmw-m3,2017,9569,11.65,106.5,100.2,112.7,worse,false,motriskindex-families-2024-v4
bmw-m3,2018,6589,9.74,91.4,84.3,98.5,better,false,motriskindex-families-2024-v4
bmw-m4,2014,11023,13.3,99.3,94.2,104.4,no different,false,motriskindex-families-2024-v4
bmw-m4,2015,21996,13.77,105.0,101.3,108.8,worse,false,motriskindex-families-2024-v4
bmw-m4,2016,20295,13.05,100.2,96.4,104.1,no different,false,motriskindex-families-2024-v4
bmw-m4,2017,19279,11.99,95.7,91.8,99.6,better,false,motriskindex-families-2024-v4
bmw-m4,2018,14723,12.66,104.6,99.8,109.3,no different,false,motriskindex-families-2024-v4
bmw-m4,2019,9152,11.89,101.5,95.5,107.5,no different,false,motriskindex-families-2024-v4
bmw-m4,2020,3609,11.83,100.7,91.2,110.3,no different,true,motriskindex-families-2024-v4
bmw-m5,1999,662,24.77,104.2,88.3,120.2,no different,true,motriskindex-families-2024-v4
bmw-m5,2000,2274,26.21,109.3,100.6,118.1,worse,true,motriskindex-families-2024-v4
bmw-m5,2001,2888,22.44,94.9,87.6,102.2,no different,true,motriskindex-families-2024-v4
bmw-m5,2002,1970,22.49,97.6,88.5,106.7,no different,true,motriskindex-families-2024-v4
bmw-m5,2003,422,14.93,68.1,51.3,84.9,better,true,motriskindex-families-2024-v4
bmw-m5,2005,3135,17.58,90.9,83.3,98.5,better,true,motriskindex-families-2024-v4
bmw-m5,2006,3280,17.1,96.0,88.1,104.0,no different,true,motriskindex-families-2024-v4
bmw-m5,2007,2901,14.62,85.1,77.0,93.2,better,true,motriskindex-families-2024-v4
bmw-m5,2008,1072,12.97,79.6,66.4,92.8,better,true,motriskindex-families-2024-v4
bmw-m5,2009,202,13.86,84.7,53.3,116.1,no different,true,motriskindex-families-2024-v4
bmw-m5,2011,931,11.92,87.6,71.3,103.8,no different,true,motriskindex-families-2024-v4
bmw-m5,2012,3788,12.54,97.7,88.9,106.5,no different,true,motriskindex-families-2024-v4
bmw-m5,2013,6048,13.06,106.5,99.1,113.9,no different,false,motriskindex-families-2024-v4
bmw-m5,2014,5412,10.9,94.2,86.6,101.8,no different,false,motriskindex-families-2024-v4
bmw-m5,2015,4092,10.51,101.5,91.9,111.1,no different,false,motriskindex-families-2024-v4
bmw-m5,2016,4158,8.9,91.0,81.8,100.3,no different,false,motriskindex-families-2024-v4
bmw-m5,2019,213,11.27,141.4,84.8,197.9,no different,true,motriskindex-families-2024-v4
bmw-m6,2012,316,12.66,99.8,68.8,130.7,no different,true,motriskindex-families-2024-v4
bmw-m6,2013,1068,9.93,82.9,67.1,98.7,better,true,motriskindex-families-2024-v4
bmw-m6,2014,2170,10.97,93.1,81.2,104.9,no different,true,motriskindex-families-2024-v4
bmw-m6,2015,2458,12.12,110.7,98.1,123.3,no different,true,motriskindex-families-2024-v4
bmw-m6,2016,2341,9.82,96.4,83.9,108.8,no different,true,motriskindex-families-2024-v4
bmw-m6,2017,1482,6.61,70.0,56.2,83.9,better,true,motriskindex-families-2024-v4
bmw-m6,2018,448,6.25,70.0,44.1,95.9,better,true,motriskindex-families-2024-v4
bmw-x1,2009,5134,29.51,104.2,99.0,109.5,no different,false,motriskindex-families-2024-v4
bmw-x1,2010,56274,26.21,97.3,95.7,98.8,better,false,motriskindex-families-2024-v4
bmw-x1,2011,69164,25.26,100.7,99.2,102.2,no different,false,motriskindex-families-2024-v4
bmw-x1,2012,61839,24.33,106.6,104.9,108.3,worse,false,motriskindex-families-2024-v4
bmw-x1,2013,80512,21.38,104.9,103.3,106.4,worse,false,motriskindex-families-2024-v4
bmw-x1,2014,87299,20.49,114.8,113.1,116.5,worse,false,motriskindex-families-2024-v4
bmw-x1,2015,51680,15.73,102.0,99.8,104.3,no different,false,motriskindex-families-2024-v4
bmw-x1,2016,139887,11.69,87.5,86.2,88.8,better,false,motriskindex-families-2024-v4
bmw-x1,2017,132701,11.19,93.4,91.9,94.9,better,false,motriskindex-families-2024-v4
bmw-x1,2018,106273,11.54,104.3,102.5,106.2,worse,false,motriskindex-families-2024-v4
bmw-x1,2019,70020,10.47,101.2,98.9,103.5,no different,false,motriskindex-families-2024-v4
bmw-x1,2020,23880,9.73,97.0,93.1,100.9,no different,false,motriskindex-families-2024-v4
bmw-x2,2018,34977,15.8,103.8,101.1,106.5,worse,false,motriskindex-families-2024-v4
bmw-x2,2019,35670,15.69,105.5,102.7,108.3,worse,false,motriskindex-families-2024-v4
bmw-x2,2020,10999,13.78,93.5,88.8,98.2,better,false,motriskindex-families-2024-v4
bmw-x3,2004,37319,37.35,100.6,98.9,102.3,no different,false,motriskindex-families-2024-v4
bmw-x3,2005,42232,37.36,102.9,101.3,104.6,worse,false,motriskindex-families-2024-v4
bmw-x3,2006,49340,34.43,98.9,97.5,100.4,no different,false,motriskindex-families-2024-v4
bmw-x3,2007,34675,33.83,102.4,100.6,104.3,worse,false,motriskindex-families-2024-v4
bmw-x3,2008,21969,30.17,96.3,93.9,98.6,better,false,motriskindex-families-2024-v4
bmw-x3,2009,17843,28.91,97.1,94.4,99.7,better,false,motriskindex-families-2024-v4
bmw-x3,2010,11035,25.06,89.1,85.8,92.5,better,false,motriskindex-families-2024-v4
bmw-x3,2011,47044,24.27,91.8,90.1,93.5,better,false,motriskindex-families-2024-v4
bmw-x3,2012,77283,26.33,106.4,104.9,107.8,worse,false,motriskindex-families-2024-v4
bmw-x3,2013,80126,23.87,105.0,103.5,106.5,worse,false,motriskindex-families-2024-v4
bmw-x3,2014,68209,22.12,108.8,107.0,110.5,worse,false,motriskindex-families-2024-v4
bmw-x3,2015,77963,18.18,102.9,101.2,104.6,worse,false,motriskindex-families-2024-v4
bmw-x3,2016,101222,15.26,101.1,99.5,102.7,no different,false,motriskindex-families-2024-v4
bmw-x3,2017,77894,12.29,92.4,90.5,94.2,better,false,motriskindex-families-2024-v4
bmw-x3,2018,58143,10.63,88.6,86.4,90.8,better,false,motriskindex-families-2024-v4
bmw-x3,2019,80585,9.57,89.4,87.4,91.4,better,false,motriskindex-families-2024-v4
bmw-x3,2020,23286,10.46,106.1,101.9,110.3,worse,false,motriskindex-families-2024-v4
bmw-x4,2014,8277,18.75,104.5,99.3,109.7,no different,false,motriskindex-families-2024-v4
bmw-x4,2015,23171,17.91,107.8,104.5,111.1,worse,false,motriskindex-families-2024-v4
bmw-x4,2016,30517,15.95,107.1,104.1,110.1,worse,false,motriskindex-families-2024-v4
bmw-x4,2017,20533,12.74,93.8,90.2,97.4,better,false,motriskindex-families-2024-v4
bmw-x4,2018,14944,11.48,91.7,87.3,96.0,better,false,motriskindex-families-2024-v4
bmw-x4,2019,20615,10.58,91.6,87.8,95.5,better,false,motriskindex-families-2024-v4
bmw-x4,2020,5793,12.19,111.5,103.2,119.7,worse,false,motriskindex-families-2024-v4
bmw-x5,2000,452,44.25,105.3,90.7,119.9,no different,true,motriskindex-families-2024-v4
bmw-x5,2001,11910,43.64,104.4,101.5,107.2,worse,false,motriskindex-families-2024-v4
bmw-x5,2002,23865,42.73,102.4,100.4,104.4,worse,false,motriskindex-families-2024-v4
bmw-x5,2003,38865,43.35,104.3,102.7,105.9,worse,false,motriskindex-families-2024-v4
bmw-x5,2004,46610,41.34,101.6,100.2,103.1,worse,false,motriskindex-families-2024-v4
bmw-x5,2005,75587,41.93,106.0,104.8,107.2,worse,false,motriskindex-families-2024-v4
bmw-x5,2006,45348,40.89,109.3,107.8,110.9,worse,false,motriskindex-families-2024-v4
bmw-x5,2007,47193,31.49,91.3,89.8,92.7,better,false,motriskindex-families-2024-v4
bmw-x5,2008,41727,28.84,91.2,89.5,92.8,better,false,motriskindex-families-2024-v4
bmw-x5,2009,47877,27.66,96.5,94.8,98.1,better,false,motriskindex-families-2024-v4
bmw-x5,2010,44760,24.14,94.5,92.7,96.3,better,false,motriskindex-families-2024-v4
bmw-x5,2011,47146,22.38,99.0,97.1,100.9,no different,false,motriskindex-families-2024-v4
bmw-x5,2012,46644,21.86,108.1,106.0,110.2,worse,false,motriskindex-families-2024-v4
bmw-x5,2013,38754,19.95,109.5,107.1,111.9,worse,false,motriskindex-families-2024-v4
bmw-x5,2014,60797,14.72,89.5,87.6,91.3,better,false,motriskindex-families-2024-v4
bmw-x5,2015,78502,14.06,92.5,90.8,94.3,better,false,motriskindex-families-2024-v4
bmw-x5,2016,73562,12.74,89.3,87.5,91.1,better,false,motriskindex-families-2024-v4
bmw-x5,2017,60456,12.6,92.8,90.7,94.9,better,false,motriskindex-families-2024-v4
bmw-x5,2018,52042,14.34,108.5,106.0,110.9,worse,false,motriskindex-families-2024-v4
bmw-x5,2019,44432,13.07,100.8,98.2,103.4,no different,false,motriskindex-families-2024-v4
bmw-x5,2020,15245,13.0,101.0,96.5,105.4,no different,false,motriskindex-families-2024-v4
bmw-x6,2008,5790,24.78,100.2,95.0,105.4,no different,false,motriskindex-families-2024-v4
bmw-x6,2009,11168,24.89,104.4,100.5,108.3,worse,false,motriskindex-families-2024-v4
bmw-x6,2010,9149,22.84,99.7,95.4,104.0,no different,false,motriskindex-families-2024-v4
bmw-x6,2011,9056,22.76,105.4,100.9,110.0,worse,false,motriskindex-families-2024-v4
bmw-x6,2012,12594,21.62,107.8,103.7,111.8,worse,false,motriskindex-families-2024-v4
bmw-x6,2013,14066,19.28,105.1,101.2,109.1,worse,false,motriskindex-families-2024-v4
bmw-x6,2014,15770,18.09,108.7,104.7,112.7,worse,false,motriskindex-families-2024-v4
bmw-x6,2015,14587,13.34,88.0,84.1,91.9,better,false,motriskindex-families-2024-v4
bmw-x6,2016,20765,12.54,88.7,85.3,92.1,better,false,motriskindex-families-2024-v4
bmw-x6,2017,13646,11.3,85.0,80.8,89.3,better,false,motriskindex-families-2024-v4
bmw-x6,2018,15480,12.71,99.3,94.9,103.7,no different,false,motriskindex-families-2024-v4
bmw-x6,2019,3421,15.05,120.3,109.9,130.7,worse,true,motriskindex-families-2024-v4
bmw-x6,2020,3249,14.25,113.0,102.8,123.3,worse,true,motriskindex-families-2024-v4
bmw-x7,2019,2710,16.35,106.0,96.1,115.9,no different,true,motriskindex-families-2024-v4
bmw-x7,2020,1990,16.53,105.9,94.4,117.3,no different,true,motriskindex-families-2024-v4
bmw-z3,1998,12164,37.31,103.1,100.1,106.1,worse,false,motriskindex-families-2024-v4
bmw-z3,1999,19700,35.88,100.6,98.2,102.9,no different,false,motriskindex-families-2024-v4
bmw-z3,2000,18034,35.29,100.4,98.0,102.9,no different,false,motriskindex-families-2024-v4
bmw-z3,2001,20364,32.56,93.7,91.5,96.0,better,false,motriskindex-families-2024-v4
bmw-z3,2002,13192,30.77,90.4,87.6,93.1,better,false,motriskindex-families-2024-v4
bmw-z3,2003,858,26.69,79.8,69.5,90.1,better,true,motriskindex-families-2024-v4
bmw-z4,2003,31846,34.17,103.9,102.0,105.9,worse,false,motriskindex-families-2024-v4
bmw-z4,2004,38163,32.86,101.5,99.8,103.3,no different,false,motriskindex-families-2024-v4
bmw-z4,2005,26191,36.28,115.0,112.7,117.3,worse,false,motriskindex-families-2024-v4
bmw-z4,2006,36924,30.62,101.2,99.3,103.1,no different,false,motriskindex-families-2024-v4
bmw-z4,2007,37461,28.1,98.8,96.9,100.7,no different,false,motriskindex-families-2024-v4
bmw-z4,2008,21502,28.85,109.5,106.7,112.2,worse,false,motriskindex-families-2024-v4
bmw-z4,2009,28246,19.55,81.4,79.3,83.6,better,false,motriskindex-families-2024-v4
bmw-z4,2010,22330,19.44,89.1,86.4,91.7,better,false,motriskindex-families-2024-v4
bmw-z4,2011,22111,18.22,91.5,88.7,94.3,better,false,motriskindex-families-2024-v4
bmw-z4,2012,21493,17.89,97.3,94.3,100.4,no different,false,motriskindex-families-2024-v4
bmw-z4,2013,17944,17.82,103.5,99.9,107.1,no different,false,motriskindex-families-2024-v4
bmw-z4,2014,21737,15.45,95.8,92.5,99.0,better,false,motriskindex-families-2024-v4
bmw-z4,2015,17981,14.22,96.0,92.3,99.8,better,false,motriskindex-families-2024-v4
bmw-z4,2016,13851,14.05,103.9,99.3,108.5,no different,false,motriskindex-families-2024-v4
bmw-z4,2017,1359,14.5,115.0,99.0,131.1,no different,true,motriskindex-families-2024-v4
bmw-z4,2019,10370,10.32,95.9,90.1,101.6,no different,false,motriskindex-families-2024-v4
bmw-z4,2020,4678,8.55,85.5,77.2,93.9,better,false,motriskindex-families-2024-v4
chevrolet-aveo,2008,12728,55.2,102.1,99.7,104.5,no different,false,motriskindex-families-2024-v4
chevrolet-aveo,2009,46063,54.67,103.1,101.8,104.4,worse,false,motriskindex-families-2024-v4
chevrolet-aveo,2010,19594,51.18,100.2,98.2,102.1,no different,false,motriskindex-families-2024-v4
chevrolet-aveo,2011,15590,46.82,96.7,94.4,98.9,better,false,motriskindex-families-2024-v4
chevrolet-aveo,2012,17866,41.65,91.8,89.7,93.9,better,false,motriskindex-families-2024-v4
chevrolet-aveo,2013,15434,39.42,94.3,92.0,96.7,better,false,motriskindex-families-2024-v4
chevrolet-aveo,2014,1178,36.76,93.8,84.9,102.6,no different,true,motriskindex-families-2024-v4
chevrolet-captiva,2007,4182,50.36,97.7,93.5,101.9,no different,false,motriskindex-families-2024-v4
chevrolet-captiva,2008,12631,50.67,99.4,97.0,101.8,no different,false,motriskindex-families-2024-v4
chevrolet-captiva,2009,10844,50.94,101.8,99.1,104.5,no different,false,motriskindex-families-2024-v4
chevrolet-captiva,2010,23024,51.14,104.7,102.8,106.5,worse,false,motriskindex-families-2024-v4
chevrolet-captiva,2011,15092,47.06,100.9,98.5,103.2,no different,false,motriskindex-families-2024-v4
chevrolet-captiva,2012,12940,40.98,93.4,90.9,95.9,better,false,motriskindex-families-2024-v4
chevrolet-captiva,2013,12401,36.82,90.4,87.8,93.1,better,false,motriskindex-families-2024-v4
chevrolet-captiva,2014,1648,33.19,85.9,78.7,93.1,better,true,motriskindex-families-2024-v4
chevrolet-cruze,2009,3906,40.66,99.1,94.3,104.0,no different,true,motriskindex-families-2024-v4
chevrolet-cruze,2010,9873,42.5,105.0,101.8,108.2,worse,false,motriskindex-families-2024-v4
chevrolet-cruze,2011,13854,38.8,98.7,96.1,101.3,no different,false,motriskindex-families-2024-v4
chevrolet-cruze,2012,19740,38.08,99.5,97.2,101.7,no different,false,motriskindex-families-2024-v4
chevrolet-cruze,2013,15657,35.79,98.6,96.0,101.2,no different,false,motriskindex-families-2024-v4
chevrolet-cruze,2014,5843,31.61,93.7,89.4,97.9,better,false,motriskindex-families-2024-v4
chevrolet-kalos,2005,10736,56.44,102.3,99.7,104.9,no different,false,motriskindex-families-2024-v4
chevrolet-kalos,2006,12276,53.62,98.0,95.7,100.4,no different,false,motriskindex-families-2024-v4
chevrolet-kalos,2007,18814,51.54,96.2,94.2,98.1,better,false,motriskindex-families-2024-v4
chevrolet-kalos,2008,13415,52.11,98.4,96.1,100.7,no different,false,motriskindex-families-2024-v4
chevrolet-lacetti,2005,4144,56.52,100.3,96.2,104.3,no different,false,motriskindex-families-2024-v4
chevrolet-lacetti,2006,7326,56.95,102.6,99.5,105.7,no different,false,motriskindex-families-2024-v4
chevrolet-lacetti,2007,8682,53.26,97.7,94.9,100.5,no different,false,motriskindex-families-2024-v4
chevrolet-lacetti,2008,11062,52.06,97.7,95.2,100.2,no different,false,motriskindex-families-2024-v4
chevrolet-lacetti,2009,10082,50.24,96.8,94.1,99.5,better,false,motriskindex-families-2024-v4
chevrolet-lacetti,2010,3425,45.49,91.0,86.5,95.5,better,true,motriskindex-families-2024-v4
chevrolet-lacetti,2011,1169,48.25,99.7,91.5,107.9,no different,true,motriskindex-families-2024-v4
chevrolet-matiz,2005,13715,54.89,105.3,102.9,107.7,worse,false,motriskindex-families-2024-v4
chevrolet-matiz,2006,23638,52.86,103.9,102.1,105.8,worse,false,motriskindex-families-2024-v4
chevrolet-matiz,2007,36902,49.39,99.2,97.8,100.6,no different,false,motriskindex-families-2024-v4
chevrolet-matiz,2008,36570,47.25,97.5,96.0,98.9,better,false,motriskindex-families-2024-v4
chevrolet-matiz,2009,51548,45.0,95.4,94.2,96.7,better,false,motriskindex-families-2024-v4
chevrolet-matiz,2010,12558,45.45,98.5,95.9,101.0,no different,false,motriskindex-families-2024-v4
chevrolet-orlando,2011,16589,41.58,100.9,98.5,103.3,no different,false,motriskindex-families-2024-v4
chevrolet-orlando,2012,23762,40.49,100.0,98.0,102.0,no different,false,motriskindex-families-2024-v4
chevrolet-orlando,2013,10022,38.12,96.8,93.8,99.9,better,false,motriskindex-families-2024-v4
chevrolet-orlando,2014,2247,32.27,91.0,84.3,97.6,better,true,motriskindex-families-2024-v4
chevrolet-spark,2010,39907,41.04,92.9,91.4,94.3,better,false,motriskindex-families-2024-v4
chevrolet-spark,2011,45484,43.69,98.6,97.3,100.0,no different,false,motriskindex-families-2024-v4
chevrolet-spark,2012,44000,46.74,105.3,103.8,106.7,worse,false,motriskindex-families-2024-v4
chevrolet-spark,2013,44929,43.66,102.3,100.8,103.7,worse,false,motriskindex-families-2024-v4
chevrolet-spark,2014,8598,35.58,92.0,88.7,95.3,better,false,motriskindex-families-2024-v4
chevrolet-trax,2013,11281,28.75,100.8,97.3,104.3,no different,false,motriskindex-families-2024-v4
chevrolet-trax,2014,5790,24.65,99.5,94.4,104.7,no different,false,motriskindex-families-2024-v4
chrysler-300,2005,596,31.21,85.8,73.5,98.1,better,true,motriskindex-families-2024-v4
chrysler-300,2006,3878,34.5,95.5,90.4,100.6,no different,true,motriskindex-families-2024-v4
chrysler-300,2007,4016,38.3,104.5,99.2,109.7,no different,true,motriskindex-families-2024-v4
chrysler-300,2008,3338,34.06,91.5,86.2,96.9,better,true,motriskindex-families-2024-v4
chrysler-300,2009,1962,36.85,97.3,90.2,104.4,no different,true,motriskindex-families-2024-v4
chrysler-300,2010,2503,39.23,103.1,96.6,109.5,no different,true,motriskindex-families-2024-v4
chrysler-300,2012,731,31.05,82.1,71.4,92.8,better,true,motriskindex-families-2024-v4
chrysler-300,2013,737,21.17,56.8,47.8,65.7,better,true,motriskindex-families-2024-v4
chrysler-crossfire,2003,1554,39.77,115.5,106.4,124.6,worse,true,motriskindex-families-2024-v4
chrysler-crossfire,2004,9174,36.34,106.9,103.3,110.6,worse,false,motriskindex-families-2024-v4
chrysler-crossfire,2005,6006,32.18,97.0,92.7,101.3,no different,false,motriskindex-families-2024-v4
chrysler-crossfire,2006,6065,29.6,93.1,88.8,97.4,better,false,motriskindex-families-2024-v4
chrysler-crossfire,2007,2676,26.53,90.3,83.7,97.0,better,true,motriskindex-families-2024-v4
chrysler-crossfire,2008,212,25.47,91.8,67.3,116.3,no different,true,motriskindex-families-2024-v4
chrysler-grand,2000,390,47.69,98.9,84.7,113.1,no different,true,motriskindex-families-2024-v4
chrysler-grand,2001,1496,49.73,102.5,95.1,109.8,no different,true,motriskindex-families-2024-v4
chrysler-grand,2002,2226,47.17,97.5,91.6,103.4,no different,true,motriskindex-families-2024-v4
chrysler-grand,2003,4796,51.58,105.7,101.6,109.9,worse,false,motriskindex-families-2024-v4
chrysler-grand,2004,6044,49.5,100.8,97.2,104.4,no different,false,motriskindex-families-2024-v4
chrysler-grand,2005,12505,46.59,97.1,94.6,99.6,better,false,motriskindex-families-2024-v4
chrysler-grand,2006,16693,46.47,97.8,95.7,100.0,no different,false,motriskindex-families-2024-v4
chrysler-grand,2007,6854,45.75,98.8,95.4,102.3,no different,false,motriskindex-families-2024-v4
chrysler-grand,2008,5800,43.83,97.6,93.9,101.4,no different,false,motriskindex-families-2024-v4
chrysler-grand,2009,3588,43.65,101.4,96.4,106.4,no different,true,motriskindex-families-2024-v4
chrysler-grand,2010,3439,42.72,102.5,97.2,107.7,no different,true,motriskindex-families-2024-v4
chrysler-grand,2011,4310,36.31,91.6,87.0,96.1,better,true,motriskindex-families-2024-v4
chrysler-grand,2012,3635,35.41,93.2,88.1,98.3,better,true,motriskindex-families-2024-v4
chrysler-grand,2013,3554,35.65,99.4,94.0,104.9,no different,true,motriskindex-families-2024-v4
chrysler-grand,2014,5144,33.42,97.4,92.8,102.1,no different,false,motriskindex-families-2024-v4
chrysler-jeep-300,2005,1032,33.33,89.7,80.2,99.2,better,true,motriskindex-families-2024-v4
chrysler-jeep-300,2006,12159,36.83,98.6,95.7,101.5,no different,false,motriskindex-families-2024-v4
chrysler-jeep-300,2007,15968,37.64,99.5,97.0,102.0,no different,false,motriskindex-families-2024-v4
chrysler-jeep-300,2008,9185,38.37,100.0,96.7,103.3,no different,false,motriskindex-families-2024-v4
chrysler-jeep-300,2009,4430,40.54,103.9,99.1,108.7,no different,false,motriskindex-families-2024-v4
chrysler-jeep-300,2010,4238,36.53,91.6,87.1,96.2,better,false,motriskindex-families-2024-v4
chrysler-jeep-300,2012,414,29.71,75.8,62.4,89.2,better,true,motriskindex-families-2024-v4
chrysler-jeep-cherokee,2000,320,48.12,111.8,94.2,129.5,no different,true,motriskindex-families-2024-v4
chrysler-jeep-cherokee,2001,1116,39.43,90.1,81.7,98.5,better,true,motriskindex-families-2024-v4
chrysler-jeep-cherokee,2002,2924,42.48,97.8,92.3,103.2,no different,true,motriskindex-families-2024-v4
chrysler-jeep-cherokee,2003,4448,43.75,101.9,97.3,106.4,no different,false,motriskindex-families-2024-v4
chrysler-jeep-cherokee,2004,6012,43.31,100.5,96.6,104.3,no different,false,motriskindex-families-2024-v4
chrysler-jeep-cherokee,2005,4552,42.36,99.9,95.4,104.3,no different,false,motriskindex-families-2024-v4
chrysler-jeep-cherokee,2006,4444,38.61,93.4,89.0,97.8,better,false,motriskindex-families-2024-v4
chrysler-jeep-cherokee,2007,3533,38.81,95.9,90.8,101.0,no different,true,motriskindex-families-2024-v4
chrysler-jeep-cherokee,2008,946,38.79,98.8,88.7,108.9,no different,true,motriskindex-families-2024-v4
chrysler-jeep-cherokee,2009,807,43.62,113.4,101.5,125.2,worse,true,motriskindex-families-2024-v4
chrysler-jeep-cherokee,2010,379,35.09,93.5,77.6,109.4,no different,true,motriskindex-families-2024-v4
chrysler-jeep-grand,2001,834,41.97,99.1,88.8,109.5,no different,true,motriskindex-families-2024-v4
chrysler-jeep-grand,2002,1498,41.79,96.9,89.3,104.5,no different,true,motriskindex-families-2024-v4
chrysler-jeep-grand,2003,2458,42.47,99.5,93.5,105.5,no different,true,motriskindex-families-2024-v4
chrysler-jeep-grand,2004,3564,42.42,99.3,94.3,104.3,no different,true,motriskindex-families-2024-v4
chrysler-jeep-grand,2005,4326,43.92,102.9,98.2,107.5,no different,false,motriskindex-families-2024-v4
chrysler-jeep-grand,2006,7546,41.13,95.9,92.5,99.3,better,false,motriskindex-families-2024-v4
chrysler-jeep-grand,2007,9681,41.99,98.8,95.8,101.9,no different,false,motriskindex-families-2024-v4
chrysler-jeep-grand,2008,6999,42.56,101.2,97.6,104.8,no different,false,motriskindex-families-2024-v4
chrysler-jeep-grand,2009,3729,41.32,99.7,94.7,104.6,no different,true,motriskindex-families-2024-v4
chrysler-jeep-grand,2010,3222,36.34,91.4,86.2,96.6,better,true,motriskindex-families-2024-v4
chrysler-jeep-grand,2011,1241,36.26,93.8,85.1,102.4,no different,true,motriskindex-families-2024-v4
chrysler-jeep-grand,2012,599,30.72,81.8,70.0,93.6,better,true,motriskindex-families-2024-v4
chrysler-pt,2000,362,52.49,103.4,88.7,118.1,no different,true,motriskindex-families-2024-v4
chrysler-pt,2001,1396,47.56,93.1,86.0,100.1,no different,true,motriskindex-families-2024-v4
chrysler-pt,2002,2550,50.12,99.8,94.3,105.2,no different,true,motriskindex-families-2024-v4
chrysler-pt,2003,4798,50.4,100.8,96.8,104.9,no different,false,motriskindex-families-2024-v4
chrysler-pt,2004,5360,51.83,102.4,98.6,106.2,no different,false,motriskindex-families-2024-v4
chrysler-pt,2005,6588,48.15,96.1,92.7,99.4,better,false,motriskindex-families-2024-v4
chrysler-pt,2006,8418,49.9,99.7,96.7,102.8,no different,false,motriskindex-families-2024-v4
chrysler-pt,2007,8002,46.55,93.4,90.4,96.5,better,false,motriskindex-families-2024-v4
chrysler-pt,2008,943,43.16,88.7,80.1,97.4,better,true,motriskindex-families-2024-v4
chrysler-ypsilon,2011,2734,37.38,102.1,95.9,108.4,no different,true,motriskindex-families-2024-v4
chrysler-ypsilon,2012,19502,35.29,97.2,94.9,99.5,better,false,motriskindex-families-2024-v4
chrysler-ypsilon,2013,18976,36.83,104.5,102.0,106.9,worse,false,motriskindex-families-2024-v4
chrysler-ypsilon,2014,14329,31.84,96.3,93.5,99.1,better,false,motriskindex-families-2024-v4
chrysler-ypsilon,2015,1054,24.48,76.7,67.3,86.0,better,true,motriskindex-families-2024-v4
citroen-berlingo,1998,1484,49.73,97.2,90.2,104.2,no different,true,motriskindex-families-2024-v4
citroen-berlingo,1999,2848,49.23,96.7,91.7,101.8,no different,true,motriskindex-families-2024-v4
citroen-berlingo,2000,7480,51.44,101.7,98.5,104.9,no different,false,motriskindex-families-2024-v4
citroen-berlingo,2001,19186,49.61,98.5,96.5,100.5,no different,false,motriskindex-families-2024-v4
citroen-berlingo,2002,34369,50.23,99.8,98.3,101.2,no different,false,motriskindex-families-2024-v4
citroen-berlingo,2003,56590,50.85,100.9,99.7,102.0,no different,false,motriskindex-families-2024-v4
citroen-berlingo,2004,67296,50.28,99.9,98.8,100.9,no different,false,motriskindex-families-2024-v4
citroen-berlingo,2005,70069,49.65,99.1,98.0,100.1,no different,false,motriskindex-families-2024-v4
citroen-berlingo,2006,89092,47.94,96.6,95.7,97.5,better,false,motriskindex-families-2024-v4
citroen-berlingo,2007,90385,48.1,97.8,96.9,98.8,better,false,motriskindex-families-2024-v4
citroen-berlingo,2008,83499,47.85,98.7,97.7,99.6,better,false,motriskindex-families-2024-v4
citroen-berlingo,2009,106756,46.98,98.5,97.7,99.4,better,false,motriskindex-families-2024-v4
citroen-berlingo,2010,95156,47.13,101.0,100.0,101.9,no different,false,motriskindex-families-2024-v4
citroen-berlingo,2011,101334,46.02,101.3,100.4,102.3,worse,false,motriskindex-families-2024-v4
citroen-berlingo,2012,119105,43.83,100.0,99.2,100.9,no different,false,motriskindex-families-2024-v4
citroen-berlingo,2013,148890,41.54,99.3,98.5,100.1,no different,false,motriskindex-families-2024-v4
citroen-berlingo,2014,170213,39.41,100.0,99.3,100.8,no different,false,motriskindex-families-2024-v4
citroen-berlingo,2015,178026,36.62,99.7,98.9,100.5,no different,false,motriskindex-families-2024-v4
citroen-berlingo,2016,168666,33.46,98.8,97.9,99.6,better,false,motriskindex-families-2024-v4
citroen-berlingo,2017,136658,31.63,99.7,98.7,100.6,no different,false,motriskindex-families-2024-v4
citroen-berlingo,2018,101934,33.27,109.7,108.6,110.9,worse,false,motriskindex-families-2024-v4
citroen-berlingo,2019,81052,28.01,97.6,96.3,98.9,better,false,motriskindex-families-2024-v4
citroen-berlingo,2020,38727,28.32,103.1,101.2,105.0,worse,false,motriskindex-families-2024-v4
citroen-c-crosser,2007,3142,48.82,108.3,102.9,113.7,worse,true,motriskindex-families-2024-v4
citroen-c-crosser,2008,8930,43.38,99.3,96.1,102.4,no different,false,motriskindex-families-2024-v4
citroen-c-crosser,2009,6947,42.23,100.6,97.0,104.2,no different,false,motriskindex-families-2024-v4
citroen-c-crosser,2010,5617,36.82,92.8,88.8,96.8,better,false,motriskindex-families-2024-v4
citroen-c-crosser,2011,313,37.06,97.3,79.6,115.1,no different,true,motriskindex-families-2024-v4
citroen-c1,2005,10555,48.92,105.5,102.7,108.4,worse,false,motriskindex-families-2024-v4
citroen-c1,2006,68494,46.04,103.1,102.0,104.2,worse,false,motriskindex-families-2024-v4
citroen-c1,2007,101812,42.89,100.7,99.7,101.6,no different,false,motriskindex-families-2024-v4
citroen-c1,2008,131544,42.84,106.3,105.4,107.2,worse,false,motriskindex-families-2024-v4
citroen-c1,2009,142293,38.85,103.8,102.9,104.6,worse,false,motriskindex-families-2024-v4
citroen-c1,2010,151135,32.95,96.0,95.2,96.9,better,false,motriskindex-families-2024-v4
citroen-c1,2011,157070,31.89,102.5,101.6,103.4,worse,false,motriskindex-families-2024-v4
citroen-c1,2012,155396,27.71,99.1,98.2,100.1,no different,false,motriskindex-families-2024-v4
citroen-c1,2013,156250,24.66,99.2,98.2,100.1,no different,false,motriskindex-families-2024-v4
citroen-c1,2014,150897,20.87,94.9,93.9,96.0,better,false,motriskindex-families-2024-v4
citroen-c1,2015,198898,18.66,97.1,96.1,98.1,better,false,motriskindex-families-2024-v4
citroen-c1,2016,200807,16.62,102.0,100.9,103.1,worse,false,motriskindex-families-2024-v4
citroen-c1,2017,86822,13.85,95.4,93.7,97.1,better,false,motriskindex-families-2024-v4
citroen-c1,2018,50916,11.78,88.4,86.2,90.7,better,false,motriskindex-families-2024-v4
citroen-c1,2019,26487,9.93,84.0,80.8,87.2,better,false,motriskindex-families-2024-v4
citroen-c1,2020,11328,9.28,90.6,85.1,96.1,better,false,motriskindex-families-2024-v4
citroen-c2,2003,4094,52.81,103.3,98.9,107.6,no different,true,motriskindex-families-2024-v4
citroen-c2,2004,35910,52.0,102.3,100.8,103.7,worse,false,motriskindex-families-2024-v4
citroen-c2,2005,41025,50.62,100.9,99.6,102.3,no different,false,motriskindex-families-2024-v4
citroen-c2,2006,38657,46.72,94.8,93.4,96.2,better,false,motriskindex-families-2024-v4
citroen-c2,2007,40748,46.77,96.0,94.7,97.4,better,false,motriskindex-families-2024-v4
citroen-c2,2008,31952,45.99,95.1,93.5,96.6,better,false,motriskindex-families-2024-v4
citroen-c2,2009,32874,47.87,100.3,98.7,101.8,no different,false,motriskindex-families-2024-v4
citroen-c2,2010,3895,48.52,103.6,98.9,108.3,no different,true,motriskindex-families-2024-v4
citroen-c3,2002,26779,53.82,102.1,100.4,103.8,worse,false,motriskindex-families-2024-v4
citroen-c3,2003,71178,54.0,102.9,101.9,103.9,worse,false,motriskindex-families-2024-v4
citroen-c3,2004,81231,52.32,101.2,100.2,102.2,worse,false,motriskindex-families-2024-v4
citroen-c3,2005,90291,49.79,98.1,97.2,99.0,better,false,motriskindex-families-2024-v4
citroen-c3,2006,91701,46.07,92.7,91.8,93.6,better,false,motriskindex-families-2024-v4
citroen-c3,2007,94757,46.66,96.1,95.2,96.9,better,false,motriskindex-families-2024-v4
citroen-c3,2008,78002,46.64,98.8,97.8,99.8,better,false,motriskindex-families-2024-v4
citroen-c3,2009,128749,47.64,104.2,103.4,105.1,worse,false,motriskindex-families-2024-v4
citroen-c3,2010,230001,45.09,103.3,102.7,103.9,worse,false,motriskindex-families-2024-v4
citroen-c3,2011,185988,41.53,101.4,100.7,102.1,worse,false,motriskindex-families-2024-v4
citroen-c3,2012,175406,38.86,102.8,102.1,103.6,worse,false,motriskindex-families-2024-v4
citroen-c3,2013,155307,33.17,97.8,97.0,98.7,better,false,motriskindex-families-2024-v4
citroen-c3,2014,157540,28.95,97.6,96.7,98.5,better,false,motriskindex-families-2024-v4
citroen-c3,2015,138001,25.97,103.7,102.7,104.8,worse,false,motriskindex-families-2024-v4
citroen-c3,2016,99512,21.17,104.0,102.6,105.4,worse,false,motriskindex-families-2024-v4
citroen-c3,2017,148127,16.02,91.4,90.2,92.6,better,false,motriskindex-families-2024-v4
citroen-c3,2018,110414,13.73,88.1,86.7,89.6,better,false,motriskindex-families-2024-v4
citroen-c3,2019,68734,11.41,86.4,84.4,88.3,better,false,motriskindex-families-2024-v4
citroen-c3,2020,24083,9.64,87.4,83.8,90.9,better,false,motriskindex-families-2024-v4
citroen-c3-aircross,2017,8209,13.84,95.6,90.0,101.1,no different,false,motriskindex-families-2024-v4
citroen-c3-aircross,2018,67498,13.06,102.4,100.2,104.5,worse,false,motriskindex-families-2024-v4
citroen-c3-aircross,2019,49407,11.34,102.7,100.0,105.3,no different,false,motriskindex-families-2024-v4
citroen-c3-aircross,2020,13937,10.83,110.1,104.5,115.7,worse,false,motriskindex-families-2024-v4
citroen-c3-picasso,2011,218,37.61,116.2,91.0,141.3,no different,true,motriskindex-families-2024-v4
citroen-c3-picasso,2012,500,35.2,113.4,96.6,130.1,no different,true,motriskindex-families-2024-v4
citroen-c3-picasso,2013,918,33.12,111.9,99.3,124.5,no different,true,motriskindex-families-2024-v4
citroen-c3-picasso,2014,1548,27.91,99.8,90.4,109.2,no different,true,motriskindex-families-2024-v4
citroen-c3-picasso,2015,2091,27.55,105.6,97.0,114.2,no different,true,motriskindex-families-2024-v4
citroen-c3-picasso,2016,21710,22.18,99.2,96.4,102.0,no different,false,motriskindex-families-2024-v4
citroen-c3-picasso,2017,31197,20.84,102.8,100.3,105.3,worse,false,motriskindex-families-2024-v4
citroen-c3-picasso,2019,239,20.5,115.7,83.3,148.0,no different,true,motriskindex-families-2024-v4
citroen-c4,2004,1156,57.96,110.5,102.2,118.9,worse,true,motriskindex-families-2024-v4
citroen-c4,2005,31391,52.72,100.2,98.6,101.7,no different,false,motriskindex-families-2024-v4
citroen-c4,2006,50030,51.5,98.6,97.4,99.8,better,false,motriskindex-families-2024-v4
citroen-c4,2007,139725,50.46,97.8,97.0,98.5,better,false,motriskindex-families-2024-v4
citroen-c4,2008,157902,51.44,101.7,101.0,102.4,worse,false,motriskindex-families-2024-v4
citroen-c4,2009,92872,49.9,102.3,101.3,103.2,worse,false,motriskindex-families-2024-v4
citroen-c4,2010,92847,49.43,106.4,105.4,107.3,worse,false,motriskindex-families-2024-v4
citroen-c4,2011,93862,41.06,94.3,93.3,95.2,better,false,motriskindex-families-2024-v4
citroen-c4,2012,104312,39.13,97.4,96.5,98.4,better,false,motriskindex-families-2024-v4
citroen-c4,2013,144593,37.53,102.9,102.0,103.8,worse,false,motriskindex-families-2024-v4
citroen-c4,2014,237868,32.07,98.2,97.5,98.9,better,false,motriskindex-families-2024-v4
citroen-c4,2015,315845,28.48,98.4,97.7,99.0,better,false,motriskindex-families-2024-v4
citroen-c4,2016,201869,25.13,100.1,99.2,101.0,no different,false,motriskindex-families-2024-v4
citroen-c4,2017,9660,19.72,85.9,82.1,89.8,better,false,motriskindex-families-2024-v4
citroen-c4,2018,19413,18.48,86.2,83.3,89.0,better,false,motriskindex-families-2024-v4
citroen-c4,2019,24296,17.69,90.0,87.3,92.7,better,false,motriskindex-families-2024-v4
citroen-c4,2020,420,17.86,99.4,76.9,121.9,no different,true,motriskindex-families-2024-v4
citroen-c4-cactus,2014,224,34.82,109.0,84.8,133.2,no different,true,motriskindex-families-2024-v4
citroen-c4-cactus,2015,2790,32.11,110.2,103.0,117.4,worse,true,motriskindex-families-2024-v4
citroen-c4-cactus,2016,37650,27.73,113.1,110.9,115.3,worse,false,motriskindex-families-2024-v4
citroen-c4-cactus,2017,55606,21.64,100.4,98.6,102.2,no different,false,motriskindex-families-2024-v4
citroen-c4-cactus,2018,37994,19.09,96.7,94.5,98.9,better,false,motriskindex-families-2024-v4
citroen-c4-cactus,2019,20025,16.43,94.0,90.8,97.2,better,false,motriskindex-families-2024-v4
citroen-c4-cactus,2020,5765,11.71,76.9,71.1,82.7,better,false,motriskindex-families-2024-v4
citroen-c4-grand-picasso,2013,202,45.54,138.0,109.8,166.3,worse,true,motriskindex-families-2024-v4
citroen-c4-grand-picasso,2014,964,32.57,104.8,93.2,116.4,no different,true,motriskindex-families-2024-v4
citroen-c4-grand-picasso,2015,2130,29.67,100.8,92.9,108.6,no different,true,motriskindex-families-2024-v4
citroen-c4-grand-picasso,2016,38021,26.29,103.9,101.9,106.0,worse,false,motriskindex-families-2024-v4
citroen-c4-grand-picasso,2017,68135,23.3,102.4,100.8,104.0,worse,false,motriskindex-families-2024-v4
citroen-c4-grand-picasso,2018,23030,20.96,99.5,96.7,102.3,no different,false,motriskindex-families-2024-v4
citroen-c4-grand-picasso,2019,2157,15.81,82.7,74.0,91.5,better,true,motriskindex-families-2024-v4
citroen-c4-grand-picasso,2020,4920,15.55,89.6,83.2,95.9,better,false,motriskindex-families-2024-v4
citroen-c4-picasso,2012,232,37.07,112.2,88.5,135.9,no different,true,motriskindex-families-2024-v4
citroen-c4-picasso,2013,704,33.52,109.8,95.8,123.8,no different,true,motriskindex-families-2024-v4
citroen-c4-picasso,2014,1864,32.62,115.4,106.2,124.6,worse,true,motriskindex-families-2024-v4
citroen-c4-picasso,2015,2371,26.28,105.6,97.3,113.9,no different,true,motriskindex-families-2024-v4
citroen-c4-picasso,2016,17920,20.18,104.3,100.9,107.7,worse,false,motriskindex-families-2024-v4
citroen-c4-picasso,2017,28621,16.84,99.5,96.7,102.3,no different,false,motriskindex-families-2024-v4
citroen-c4-picasso,2018,8200,15.0,96.3,90.9,101.7,no different,false,motriskindex-families-2024-v4
citroen-c4-picasso,2019,263,16.35,116.9,82.0,151.9,no different,true,motriskindex-families-2024-v4
citroen-c5,2001,2370,49.96,106.8,100.7,112.9,worse,true,motriskindex-families-2024-v4
citroen-c5,2002,7034,45.86,97.3,94.0,100.7,no different,false,motriskindex-families-2024-v4
citroen-c5,2003,8868,45.42,95.9,93.0,98.9,better,false,motriskindex-families-2024-v4
citroen-c5,2004,9162,47.41,99.5,96.6,102.5,no different,false,motriskindex-families-2024-v4
citroen-c5,2005,7664,48.43,102.0,98.7,105.3,no different,false,motriskindex-families-2024-v4
citroen-c5,2006,10230,46.63,99.4,96.6,102.3,no different,false,motriskindex-families-2024-v4
citroen-c5,2007,8800,47.08,101.6,98.5,104.7,no different,false,motriskindex-families-2024-v4
citroen-c5,2008,23681,44.74,98.5,96.7,100.4,no different,false,motriskindex-families-2024-v4
citroen-c5,2009,32803,45.33,101.8,100.2,103.4,worse,false,motriskindex-families-2024-v4
citroen-c5,2010,19087,41.94,98.9,96.7,101.0,no different,false,motriskindex-families-2024-v4
citroen-c5,2011,8388,34.94,88.4,85.2,91.6,better,false,motriskindex-families-2024-v4
citroen-c5,2012,4482,30.39,85.2,80.7,89.7,better,false,motriskindex-families-2024-v4
citroen-c5,2013,4277,30.82,92.7,87.7,97.7,better,true,motriskindex-families-2024-v4
citroen-c5,2014,2699,26.38,90.7,84.1,97.4,better,true,motriskindex-families-2024-v4
citroen-c5,2015,2180,23.17,93.6,85.4,101.7,no different,true,motriskindex-families-2024-v4
citroen-c5,2016,1193,22.05,103.9,91.4,116.5,no different,true,motriskindex-families-2024-v4
citroen-c5,2019,33047,16.06,103.4,100.6,106.2,worse,false,motriskindex-families-2024-v4
citroen-c5,2020,15099,14.54,100.2,96.0,104.4,no different,false,motriskindex-families-2024-v4
citroen-dispatch,1999,688,45.93,92.0,81.9,102.2,no different,true,motriskindex-families-2024-v4
citroen-dispatch,2000,1424,54.07,104.9,97.5,112.3,no different,true,motriskindex-families-2024-v4
citroen-dispatch,2001,2554,50.43,97.1,91.8,102.4,no different,true,motriskindex-families-2024-v4
citroen-dispatch,2002,5448,51.91,100.4,96.7,104.1,no different,false,motriskindex-families-2024-v4
citroen-dispatch,2003,8236,51.19,97.6,94.6,100.5,no different,false,motriskindex-families-2024-v4
citroen-dispatch,2004,12790,51.36,98.2,95.8,100.6,no different,false,motriskindex-families-2024-v4
citroen-dispatch,2005,16048,53.3,102.1,99.9,104.3,no different,false,motriskindex-families-2024-v4
citroen-dispatch,2006,19812,51.02,98.9,97.0,100.8,no different,false,motriskindex-families-2024-v4
citroen-dispatch,2007,27947,50.56,98.3,96.7,100.0,no different,false,motriskindex-families-2024-v4
citroen-dispatch,2008,28941,49.85,97.2,95.6,98.8,better,false,motriskindex-families-2024-v4
citroen-dispatch,2009,22624,50.87,100.1,98.2,101.9,no different,false,motriskindex-families-2024-v4
citroen-dispatch,2010,29229,50.58,99.9,98.3,101.5,no different,false,motriskindex-families-2024-v4
citroen-dispatch,2011,26089,51.73,103.5,101.8,105.3,worse,false,motriskindex-families-2024-v4
citroen-dispatch,2012,22272,48.7,100.7,98.8,102.6,no different,false,motriskindex-families-2024-v4
citroen-dispatch,2013,29903,46.2,100.7,99.0,102.4,no different,false,motriskindex-families-2024-v4
citroen-dispatch,2014,38914,44.57,104.1,102.6,105.7,worse,false,motriskindex-families-2024-v4
citroen-dispatch,2015,47550,43.79,111.2,109.6,112.7,worse,false,motriskindex-families-2024-v4
citroen-dispatch,2016,42129,38.7,109.6,107.9,111.3,worse,false,motriskindex-families-2024-v4
citroen-dispatch,2017,45788,25.2,78.0,76.5,79.4,better,false,motriskindex-families-2024-v4
citroen-dispatch,2018,32036,27.92,90.9,89.0,92.8,better,false,motriskindex-families-2024-v4
citroen-dispatch,2019,22651,28.47,98.8,96.4,101.2,no different,false,motriskindex-families-2024-v4
citroen-dispatch,2020,9527,26.52,97.5,93.7,101.3,no different,false,motriskindex-families-2024-v4
citroen-ds4,2011,13847,42.16,97.7,95.2,100.2,no different,false,motriskindex-families-2024-v4
citroen-ds4,2012,27567,40.53,99.2,97.4,101.0,no different,false,motriskindex-families-2024-v4
citroen-ds4,2013,41613,40.21,104.6,103.1,106.2,worse,false,motriskindex-families-2024-v4
citroen-ds4,2014,25335,34.7,97.7,95.6,99.7,better,false,motriskindex-families-2024-v4
citroen-ds4,2015,12314,29.24,92.2,89.2,95.2,better,false,motriskindex-families-2024-v4
citroen-ds4,2016,314,24.52,81.0,62.9,99.1,better,true,motriskindex-families-2024-v4
citroen-ds5,2012,12925,35.31,97.5,94.6,100.3,no different,false,motriskindex-families-2024-v4
citroen-ds5,2013,20583,35.28,104.6,102.2,107.0,worse,false,motriskindex-families-2024-v4
citroen-ds5,2014,11843,30.09,97.8,94.6,101.0,no different,false,motriskindex-families-2024-v4
citroen-ds5,2015,4024,23.51,89.1,83.4,94.7,better,false,motriskindex-families-2024-v4
citroen-grand,2007,1080,48.7,89.8,82.1,97.5,better,true,motriskindex-families-2024-v4
citroen-grand,2008,5050,52.83,100.6,96.8,104.4,no different,false,motriskindex-families-2024-v4
citroen-grand,2009,21518,52.22,100.8,98.9,102.6,no different,false,motriskindex-families-2024-v4
citroen-grand,2010,19707,51.6,102.2,100.2,104.2,worse,false,motriskindex-families-2024-v4
citroen-grand,2011,15151,45.34,93.6,91.4,95.9,better,false,motriskindex-families-2024-v4
citroen-grand,2012,9756,45.03,97.0,94.1,99.9,better,false,motriskindex-families-2024-v4
citroen-grand,2013,412,51.46,115.4,99.8,130.9,no different,true,motriskindex-families-2024-v4
citroen-grand,2014,741,34.01,78.2,68.6,87.9,better,true,motriskindex-families-2024-v4
citroen-nemo,2008,8016,47.93,106.5,103.2,109.9,worse,false,motriskindex-families-2024-v4
citroen-nemo,2009,31007,43.35,99.3,97.6,101.0,no different,false,motriskindex-families-2024-v4
citroen-nemo,2010,30571,42.36,99.2,97.5,100.9,no different,false,motriskindex-families-2024-v4
citroen-nemo,2011,16935,39.47,94.3,92.0,96.5,better,false,motriskindex-families-2024-v4
citroen-nemo,2012,19349,41.06,100.4,98.2,102.6,no different,false,motriskindex-families-2024-v4
citroen-nemo,2013,18584,40.03,101.3,99.0,103.6,no different,false,motriskindex-families-2024-v4
citroen-nemo,2014,20572,37.33,98.8,96.6,101.0,no different,false,motriskindex-families-2024-v4
citroen-nemo,2015,20811,35.72,100.4,98.1,102.7,no different,false,motriskindex-families-2024-v4
citroen-nemo,2016,12231,33.03,99.8,96.8,102.9,no different,false,motriskindex-families-2024-v4
citroen-nemo,2017,4733,31.99,102.9,97.7,108.1,no different,false,motriskindex-families-2024-v4
citroen-nemo,2018,1162,31.58,106.4,95.5,117.3,no different,true,motriskindex-families-2024-v4
citroen-relay,2000,482,51.87,106.7,93.4,119.9,no different,true,motriskindex-families-2024-v4
citroen-relay,2001,1098,48.82,99.2,90.8,107.6,no different,true,motriskindex-families-2024-v4
citroen-relay,2002,1996,46.59,95.4,89.3,101.5,no different,true,motriskindex-families-2024-v4
citroen-relay,2003,3944,48.53,99.8,95.4,104.3,no different,true,motriskindex-families-2024-v4
citroen-relay,2004,4704,49.19,100.4,96.3,104.5,no different,false,motriskindex-families-2024-v4
citroen-relay,2005,6997,49.92,103.2,99.7,106.6,no different,false,motriskindex-families-2024-v4
citroen-relay,2006,10996,47.91,101.5,98.8,104.2,no different,false,motriskindex-families-2024-v4
citroen-relay,2007,11984,48.03,104.9,102.2,107.6,worse,false,motriskindex-families-2024-v4
citroen-relay,2008,10141,42.45,95.7,92.8,98.6,better,false,motriskindex-families-2024-v4
citroen-relay,2009,6895,42.03,99.5,95.9,103.1,no different,false,motriskindex-families-2024-v4
citroen-relay,2010,8684,39.44,98.3,95.0,101.5,no different,false,motriskindex-families-2024-v4
citroen-relay,2011,7129,39.07,102.7,98.8,106.5,no different,false,motriskindex-families-2024-v4
citroen-relay,2012,7134,34.01,95.2,91.4,98.9,better,false,motriskindex-families-2024-v4
citroen-relay,2013,8069,33.36,99.6,95.8,103.3,no different,false,motriskindex-families-2024-v4
citroen-relay,2014,9912,33.74,106.7,103.1,110.3,worse,false,motriskindex-families-2024-v4
citroen-relay,2015,13135,28.87,97.4,94.3,100.5,no different,false,motriskindex-families-2024-v4
citroen-relay,2016,13254,25.92,98.1,94.8,101.4,no different,false,motriskindex-families-2024-v4
citroen-relay,2017,13852,22.72,99.0,95.6,102.5,no different,false,motriskindex-families-2024-v4
citroen-relay,2018,4114,20.98,89.2,83.2,95.1,better,false,motriskindex-families-2024-v4
citroen-relay,2019,2657,18.78,87.0,79.4,94.6,better,true,motriskindex-families-2024-v4
citroen-relay,2020,1007,16.48,87.6,74.3,100.9,no different,true,motriskindex-families-2024-v4
citroen-saxo,1998,1296,51.7,102.1,94.4,109.9,no different,true,motriskindex-families-2024-v4
citroen-saxo,1999,2456,50.65,101.0,95.4,106.6,no different,true,motriskindex-families-2024-v4
citroen-saxo,2000,9402,50.86,100.2,97.4,103.1,no different,false,motriskindex-families-2024-v4
citroen-saxo,2001,20558,50.59,98.5,96.6,100.4,no different,false,motriskindex-families-2024-v4
citroen-saxo,2002,21304,50.23,97.1,95.3,98.9,better,false,motriskindex-families-2024-v4
citroen-saxo,2003,16691,49.58,94.8,92.8,96.8,better,false,motriskindex-families-2024-v4
citroen-saxo,2004,1294,48.45,89.5,82.5,96.5,better,true,motriskindex-families-2024-v4
citroen-spacetourer,2016,338,20.71,91.0,69.6,112.3,no different,true,motriskindex-families-2024-v4
citroen-spacetourer,2017,4061,22.38,100.9,94.3,107.4,no different,false,motriskindex-families-2024-v4
citroen-spacetourer,2018,6709,22.46,103.2,98.0,108.4,no different,false,motriskindex-families-2024-v4
citroen-spacetourer,2019,4331,21.66,100.3,93.9,106.7,no different,false,motriskindex-families-2024-v4
citroen-spacetourer,2020,874,25.06,115.6,100.3,130.9,worse,true,motriskindex-families-2024-v4
citroen-xsara,1998,760,48.95,93.9,84.4,103.5,no different,true,motriskindex-families-2024-v4
citroen-xsara,1999,1312,51.22,97.1,89.8,104.5,no different,true,motriskindex-families-2024-v4
citroen-xsara,2000,6432,54.14,101.7,98.3,105.1,no different,false,motriskindex-families-2024-v4
citroen-xsara,2001,26930,54.23,101.1,99.5,102.8,no different,false,motriskindex-families-2024-v4
citroen-xsara,2002,43680,53.27,99.0,97.7,100.3,no different,false,motriskindex-families-2024-v4
citroen-xsara,2003,57105,53.38,98.8,97.7,99.9,better,false,motriskindex-families-2024-v4
citroen-xsara,2004,82983,53.23,98.5,97.6,99.4,better,false,motriskindex-families-2024-v4
citroen-xsara,2005,88003,54.56,101.9,101.0,102.8,worse,false,motriskindex-families-2024-v4
citroen-xsara,2006,116240,50.31,95.8,95.0,96.6,better,false,motriskindex-families-2024-v4
citroen-xsara,2007,99226,50.4,97.9,97.1,98.8,better,false,motriskindex-families-2024-v4
citroen-xsara,2008,50205,49.3,98.9,97.6,100.1,no different,false,motriskindex-families-2024-v4
citroen-xsara,2009,35189,44.09,92.3,90.8,93.8,better,false,motriskindex-families-2024-v4
citroen-xsara,2010,17023,41.49,91.9,89.8,94.1,better,false,motriskindex-families-2024-v4
dacia-duster,2013,74807,36.06,106.2,104.9,107.5,worse,false,motriskindex-families-2024-v4
dacia-duster,2014,64966,31.87,104.9,103.5,106.4,worse,false,motriskindex-families-2024-v4
dacia-duster,2015,65498,25.44,95.9,94.5,97.4,better,false,motriskindex-families-2024-v4
dacia-duster,2016,78099,21.24,92.8,91.4,94.3,better,false,motriskindex-families-2024-v4
dacia-duster,2017,60911,18.29,89.3,87.6,91.0,better,false,motriskindex-families-2024-v4
dacia-duster,2018,60825,19.55,103.7,101.8,105.5,worse,false,motriskindex-families-2024-v4
dacia-duster,2019,75805,18.7,109.6,107.8,111.4,worse,false,motriskindex-families-2024-v4
dacia-duster,2020,25219,17.47,111.1,107.8,114.4,worse,false,motriskindex-families-2024-v4
dacia-logan,2013,4996,29.04,90.4,85.8,95.1,better,false,motriskindex-families-2024-v4
dacia-logan,2014,24549,30.84,102.5,100.2,104.8,worse,false,motriskindex-families-2024-v4
dacia-logan,2015,34670,29.78,107.2,105.2,109.3,worse,false,motriskindex-families-2024-v4
dacia-logan,2016,31462,23.74,94.0,91.9,96.2,better,false,motriskindex-families-2024-v4
dacia-logan,2017,22182,22.88,97.2,94.6,99.9,better,false,motriskindex-families-2024-v4
dacia-logan,2018,12858,22.94,101.8,98.1,105.4,no different,false,motriskindex-families-2024-v4
dacia-logan,2019,11762,22.3,104.8,100.8,108.8,worse,false,motriskindex-families-2024-v4
dacia-logan,2020,2536,20.27,100.1,91.5,108.8,no different,true,motriskindex-families-2024-v4
dacia-sandero,2013,83587,33.6,93.0,91.9,94.1,better,false,motriskindex-families-2024-v4
dacia-sandero,2014,144248,35.41,107.0,106.1,107.9,worse,false,motriskindex-families-2024-v4
dacia-sandero,2015,165007,32.09,107.8,106.8,108.7,worse,false,motriskindex-families-2024-v4
dacia-sandero,2016,160982,25.84,99.4,98.4,100.3,no different,false,motriskindex-families-2024-v4
dacia-sandero,2017,142706,22.77,97.2,96.1,98.2,better,false,motriskindex-families-2024-v4
dacia-sandero,2018,89422,21.27,97.5,96.2,98.9,better,false,motriskindex-families-2024-v4
dacia-sandero,2019,63992,20.09,99.8,98.0,101.5,no different,false,motriskindex-families-2024-v4
dacia-sandero,2020,27479,16.91,90.5,87.9,93.1,better,false,motriskindex-families-2024-v4
daihatsu-charade,2003,4180,42.73,98.1,93.5,102.6,no different,false,motriskindex-families-2024-v4
daihatsu-charade,2004,5876,43.53,101.8,97.8,105.7,no different,false,motriskindex-families-2024-v4
daihatsu-charade,2005,4030,39.55,95.5,90.8,100.2,no different,false,motriskindex-families-2024-v4
daihatsu-charade,2006,3637,39.73,96.8,91.8,101.7,no different,true,motriskindex-families-2024-v4
daihatsu-charade,2007,666,40.69,102.0,89.9,114.2,no different,true,motriskindex-families-2024-v4
daihatsu-copen,2003,890,37.08,103.0,91.9,114.1,no different,true,motriskindex-families-2024-v4
daihatsu-copen,2004,3128,36.19,105.8,99.6,111.9,no different,true,motriskindex-families-2024-v4
daihatsu-copen,2005,1491,34.14,106.5,97.3,115.8,no different,true,motriskindex-families-2024-v4
daihatsu-copen,2006,1882,38.26,124.9,115.7,134.0,worse,true,motriskindex-families-2024-v4
daihatsu-copen,2007,2856,27.42,96.9,90.1,103.7,no different,true,motriskindex-families-2024-v4
daihatsu-copen,2008,3050,20.82,84.5,77.9,91.1,better,true,motriskindex-families-2024-v4
daihatsu-copen,2009,1601,21.67,94.3,84.4,104.2,no different,true,motriskindex-families-2024-v4
daihatsu-fourtrak,1998,1826,45.13,95.0,88.5,101.5,no different,true,motriskindex-families-2024-v4
daihatsu-fourtrak,1999,2010,46.47,96.3,90.2,102.5,no different,true,motriskindex-families-2024-v4
daihatsu-fourtrak,2000,1420,43.24,92.1,84.8,99.3,better,true,motriskindex-families-2024-v4
daihatsu-fourtrak,2001,794,40.3,88.5,78.8,98.1,better,true,motriskindex-families-2024-v4
daihatsu-sirion,2001,716,47.77,107.8,96.4,119.3,no different,true,motriskindex-families-2024-v4
daihatsu-sirion,2002,1598,41.68,96.9,89.6,104.3,no different,true,motriskindex-families-2024-v4
daihatsu-sirion,2003,1760,40.57,97.8,90.6,105.0,no different,true,motriskindex-families-2024-v4
daihatsu-sirion,2004,1694,41.56,104.1,96.4,111.8,no different,true,motriskindex-families-2024-v4
daihatsu-sirion,2005,10889,40.0,104.2,101.2,107.3,worse,false,motriskindex-families-2024-v4
daihatsu-sirion,2006,10672,36.83,101.1,97.9,104.3,no different,false,motriskindex-families-2024-v4
daihatsu-sirion,2007,18684,34.28,99.4,97.0,101.8,no different,false,motriskindex-families-2024-v4
daihatsu-sirion,2008,23979,31.52,97.8,95.6,100.0,no different,false,motriskindex-families-2024-v4
daihatsu-sirion,2009,11071,28.65,94.6,91.3,97.9,better,false,motriskindex-families-2024-v4
daihatsu-sirion,2010,1037,27.58,95.7,84.6,106.8,no different,true,motriskindex-families-2024-v4
daihatsu-terios,2000,470,54.89,103.3,90.7,115.9,no different,true,motriskindex-families-2024-v4
daihatsu-terios,2001,990,52.93,101.1,92.4,109.8,no different,true,motriskindex-families-2024-v4
daihatsu-terios,2002,1860,55.16,109.5,102.8,116.2,worse,true,motriskindex-families-2024-v4
daihatsu-terios,2003,3590,54.04,111.3,106.4,116.3,worse,true,motriskindex-families-2024-v4
daihatsu-terios,2004,3751,51.53,110.9,106.0,115.9,worse,true,motriskindex-families-2024-v4
daihatsu-terios,2005,5924,48.72,111.6,107.5,115.7,worse,false,motriskindex-families-2024-v4
daihatsu-terios,2006,9862,39.21,96.4,93.3,99.4,better,false,motriskindex-families-2024-v4
daihatsu-terios,2007,14426,35.69,94.9,92.3,97.4,better,false,motriskindex-families-2024-v4
daihatsu-terios,2008,9979,31.41,92.1,88.9,95.3,better,false,motriskindex-families-2024-v4
daihatsu-terios,2009,6609,27.22,88.4,84.3,92.5,better,false,motriskindex-families-2024-v4
dodge-nitro,2007,2064,44.28,97.0,90.7,103.3,no different,true,motriskindex-families-2024-v4
dodge-nitro,2008,7213,44.41,100.0,96.6,103.5,no different,false,motriskindex-families-2024-v4
dodge-nitro,2009,5421,43.24,98.3,94.3,102.2,no different,false,motriskindex-families-2024-v4
ds-ds4,2015,9094,29.77,106.5,102.5,110.5,worse,false,motriskindex-families-2024-v4
ds-ds4,2016,25799,23.84,100.3,97.8,102.9,no different,false,motriskindex-families-2024-v4
ds-ds4,2017,9571,20.19,95.4,91.1,99.6,better,false,motriskindex-families-2024-v4
ds-ds4,2018,2721,20.21,103.6,95.0,112.3,no different,true,motriskindex-families-2024-v4
ds-ds5,2015,4569,23.83,103.3,97.1,109.4,no different,false,motriskindex-families-2024-v4
ds-ds5,2016,6409,21.11,101.3,95.9,106.7,no different,false,motriskindex-families-2024-v4
ds-ds5,2017,2559,17.19,88.8,80.5,97.1,better,true,motriskindex-families-2024-v4
ds-ds5,2018,813,18.2,98.1,82.3,113.9,no different,true,motriskindex-families-2024-v4
ds-ds7,2018,6681,17.75,107.4,101.3,113.5,worse,false,motriskindex-families-2024-v4
ds-ds7,2019,7391,15.15,101.3,95.3,107.2,no different,false,motriskindex-families-2024-v4
ds-ds7,2020,1686,13.64,97.6,85.0,110.2,no different,true,motriskindex-families-2024-v4
ds3,2010,49858,47.61,97.7,96.4,98.9,better,false,motriskindex-families-2024-v4
ds3,2011,110973,48.96,103.4,102.5,104.2,worse,false,motriskindex-families-2024-v4
ds3,2012,170721,47.83,106.0,105.3,106.8,worse,false,motriskindex-families-2024-v4
ds3,2013,207244,41.66,99.4,98.8,100.1,no different,false,motriskindex-families-2024-v4
ds3,2014,204760,39.08,102.5,101.8,103.2,worse,false,motriskindex-families-2024-v4
ds3,2015,169345,34.38,102.3,101.5,103.2,worse,false,motriskindex-families-2024-v4
ds3,2016,133114,24.94,89.1,88.1,90.1,better,false,motriskindex-families-2024-v4
ds3,2017,69721,21.48,87.6,86.2,89.0,better,false,motriskindex-families-2024-v4
ds3,2018,24903,19.62,88.8,86.3,91.3,better,false,motriskindex-families-2024-v4
ds3,2019,12428,14.83,76.9,73.4,80.4,better,false,motriskindex-families-2024-v4
ds3,2020,3656,18.0,113.1,104.4,121.7,worse,true,motriskindex-families-2024-v4
ferrari-360,2001,704,10.8,240.1,186.1,294.1,worse,true,motriskindex-families-2024-v4
ferrari-360,2002,1104,8.51,147.1,117.4,176.8,worse,true,motriskindex-families-2024-v4
ferrari-360,2003,1586,6.56,116.6,94.2,139.1,no different,true,motriskindex-families-2024-v4
ferrari-360,2004,2062,6.6,89.1,74.2,104.1,no different,true,motriskindex-families-2024-v4
ferrari-360,2005,431,8.58,125.7,85.2,166.2,no different,true,motriskindex-families-2024-v4
ferrari-458,2010,410,7.32,132.8,85.3,180.4,no different,true,motriskindex-families-2024-v4
ferrari-458,2011,1300,5.08,97.0,73.6,120.4,no different,true,motriskindex-families-2024-v4
ferrari-458,2012,3162,5.76,106.4,90.9,121.8,no different,true,motriskindex-families-2024-v4
ferrari-458,2013,4063,6.37,110.7,97.2,124.2,no different,true,motriskindex-families-2024-v4
ferrari-458,2014,3344,5.8,94.1,80.8,107.3,no different,true,motriskindex-families-2024-v4
ferrari-458,2015,3224,5.18,75.3,63.9,86.7,better,true,motriskindex-families-2024-v4
ferrari-488,2016,2936,5.11,118.4,99.5,137.4,no different,true,motriskindex-families-2024-v4
ferrari-488,2017,4129,4.26,100.7,85.8,115.6,no different,true,motriskindex-families-2024-v4
ferrari-488,2018,3090,4.3,100.2,83.2,117.2,no different,true,motriskindex-families-2024-v4
ferrari-488,2019,1574,3.24,76.0,55.2,96.9,better,true,motriskindex-families-2024-v4
ferrari-488,2020,679,4.71,113.6,74.2,152.9,no different,true,motriskindex-families-2024-v4
ferrari-california,2009,1244,10.45,131.8,109.1,154.4,worse,true,motriskindex-families-2024-v4
ferrari-california,2010,2192,8.3,98.7,84.3,113.0,no different,true,motriskindex-families-2024-v4
ferrari-california,2011,1718,7.04,88.5,72.8,104.3,no different,true,motriskindex-families-2024-v4
ferrari-california,2012,1502,7.72,95.0,77.7,112.3,no different,true,motriskindex-families-2024-v4
ferrari-california,2013,1099,7.01,89.9,69.8,109.9,no different,true,motriskindex-families-2024-v4
ferrari-california,2014,1371,6.64,88.9,70.6,107.2,no different,true,motriskindex-families-2024-v4
ferrari-california,2015,2785,6.61,99.0,84.7,113.3,no different,true,motriskindex-families-2024-v4
ferrari-california,2016,2521,6.27,95.7,80.7,110.6,no different,true,motriskindex-families-2024-v4
ferrari-california,2017,1368,3.87,60.2,44.0,76.4,better,true,motriskindex-families-2024-v4
ferrari-f430,2005,2174,8.83,118.6,101.8,135.3,worse,true,motriskindex-families-2024-v4
ferrari-f430,2006,2859,7.8,104.4,90.7,118.1,no different,true,motriskindex-families-2024-v4
ferrari-f430,2007,3334,6.42,83.2,72.0,94.3,better,true,motriskindex-families-2024-v4
ferrari-f430,2008,2803,8.24,96.1,83.7,108.5,no different,true,motriskindex-families-2024-v4
ferrari-f430,2009,1011,5.54,66.2,48.9,83.5,better,true,motriskindex-families-2024-v4
fiat-124,2016,7045,11.03,95.1,88.4,101.8,no different,false,motriskindex-families-2024-v4
fiat-124,2017,7760,10.24,98.8,91.9,105.6,no different,false,motriskindex-families-2024-v4
fiat-124,2018,9302,10.52,110.5,103.6,117.4,worse,false,motriskindex-families-2024-v4
fiat-500,2007,1630,49.08,111.3,103.6,119.0,worse,true,motriskindex-families-2024-v4
fiat-500,2008,133536,44.32,103.2,102.4,104.1,worse,false,motriskindex-families-2024-v4
fiat-500,2009,231079,43.33,104.5,103.8,105.1,worse,false,motriskindex-families-2024-v4
fiat-500,2010,244904,40.83,103.1,102.5,103.7,worse,false,motriskindex-families-2024-v4
fiat-500,2011,226530,38.42,102.7,102.0,103.3,worse,false,motriskindex-families-2024-v4
fiat-500,2012,323448,35.05,100.5,99.9,101.1,no different,false,motriskindex-families-2024-v4
fiat-500,2013,384025,31.01,96.6,96.1,97.2,better,false,motriskindex-families-2024-v4
fiat-500,2014,453679,29.05,100.4,99.8,100.9,no different,false,motriskindex-families-2024-v4
fiat-500,2015,434829,26.5,105.9,105.2,106.5,worse,false,motriskindex-families-2024-v4
fiat-500,2016,369291,20.47,98.7,98.0,99.4,better,false,motriskindex-families-2024-v4
fiat-500,2017,230988,16.12,89.1,88.2,90.0,better,false,motriskindex-families-2024-v4
fiat-500,2018,169653,14.25,87.4,86.3,88.5,better,false,motriskindex-families-2024-v4
fiat-500,2019,95723,11.98,87.5,85.9,89.1,better,false,motriskindex-families-2024-v4
fiat-500,2020,12758,11.52,103.5,98.2,108.7,no different,false,motriskindex-families-2024-v4
fiat-500l,2011,3836,37.85,101.7,96.4,106.9,no different,true,motriskindex-families-2024-v4
fiat-500l,2012,3317,37.9,108.4,102.4,114.4,worse,true,motriskindex-families-2024-v4
fiat-500l,2013,70777,32.68,100.3,99.0,101.6,no different,false,motriskindex-families-2024-v4
fiat-500l,2014,93652,30.63,101.7,100.5,102.8,worse,false,motriskindex-families-2024-v4
fiat-500l,2015,33385,26.46,96.5,94.5,98.5,better,false,motriskindex-families-2024-v4
fiat-500l,2016,18174,23.54,95.5,92.6,98.3,better,false,motriskindex-families-2024-v4
fiat-500l,2017,8310,22.64,99.1,94.6,103.6,no different,false,motriskindex-families-2024-v4
fiat-500l,2018,4272,21.82,101.2,94.7,107.6,no different,false,motriskindex-families-2024-v4
fiat-500l,2019,789,17.24,85.8,71.4,100.2,no different,true,motriskindex-families-2024-v4
fiat-500x,2015,78028,21.39,102.8,101.3,104.4,worse,false,motriskindex-families-2024-v4
fiat-500x,2016,151190,18.48,106.5,105.2,107.7,worse,false,motriskindex-families-2024-v4
fiat-500x,2017,44417,14.18,93.9,91.6,96.3,better,false,motriskindex-families-2024-v4
fiat-500x,2018,19991,10.64,78.4,75.1,81.7,better,false,motriskindex-families-2024-v4
fiat-500x,2019,16825,9.27,77.0,73.2,80.8,better,false,motriskindex-families-2024-v4
fiat-500x,2020,6382,9.68,89.1,82.1,96.2,better,false,motriskindex-families-2024-v4
fiat-bravo,2007,27370,49.46,98.3,96.6,99.9,better,false,motriskindex-families-2024-v4
fiat-bravo,2008,31607,50.56,101.5,100.0,103.1,no different,false,motriskindex-families-2024-v4
fiat-bravo,2009,21889,47.54,98.2,96.3,100.1,no different,false,motriskindex-families-2024-v4
fiat-bravo,2010,9299,43.45,93.7,90.9,96.6,better,false,motriskindex-families-2024-v4
fiat-bravo,2011,5028,42.4,97.4,93.3,101.5,no different,false,motriskindex-families-2024-v4
fiat-bravo,2012,3229,37.69,91.2,86.1,96.4,better,true,motriskindex-families-2024-v4
fiat-bravo,2013,1281,36.14,91.5,83.2,99.9,better,true,motriskindex-families-2024-v4
fiat-bravo,2014,400,38.75,103.3,87.0,119.5,no different,true,motriskindex-families-2024-v4
fiat-doblo,2001,1140,54.91,104.4,96.2,112.6,no different,true,motriskindex-families-2024-v4
fiat-doblo,2002,4836,51.9,100.9,97.0,104.9,no different,false,motriskindex-families-2024-v4
fiat-doblo,2003,10336,53.13,105.1,102.3,107.9,worse,false,motriskindex-families-2024-v4
fiat-doblo,2004,16533,51.78,104.3,102.1,106.6,worse,false,motriskindex-families-2024-v4
fiat-doblo,2005,19164,49.66,103.0,101.0,105.1,worse,false,motriskindex-families-2024-v4
fiat-doblo,2006,26974,45.27,97.1,95.4,98.8,better,false,motriskindex-families-2024-v4
fiat-doblo,2007,35569,45.47,100.4,98.9,102.0,no different,false,motriskindex-families-2024-v4
fiat-doblo,2008,30878,41.62,96.3,94.7,98.0,better,false,motriskindex-families-2024-v4
fiat-doblo,2009,21233,38.04,93.4,91.4,95.4,better,false,motriskindex-families-2024-v4
fiat-doblo,2010,26105,40.68,105.9,103.9,107.9,worse,false,motriskindex-families-2024-v4
fiat-doblo,2011,27832,41.51,114.5,112.4,116.6,worse,false,motriskindex-families-2024-v4
fiat-doblo,2012,28602,40.64,119.3,117.1,121.5,worse,false,motriskindex-families-2024-v4
fiat-doblo,2013,87018,23.31,73.3,72.3,74.3,better,false,motriskindex-families-2024-v4
fiat-doblo,2014,72754,31.58,104.5,103.1,105.8,worse,false,motriskindex-families-2024-v4
fiat-doblo,2015,57307,30.28,105.8,104.2,107.4,worse,false,motriskindex-families-2024-v4
fiat-doblo,2016,39975,28.39,107.0,105.1,109.0,worse,false,motriskindex-families-2024-v4
fiat-doblo,2017,24932,25.5,102.1,99.6,104.6,no different,false,motriskindex-families-2024-v4
fiat-doblo,2018,14563,24.27,100.1,96.8,103.4,no different,false,motriskindex-families-2024-v4
fiat-doblo,2019,8807,25.65,110.6,106.1,115.2,worse,false,motriskindex-families-2024-v4
fiat-doblo,2020,3609,23.5,107.7,100.4,114.9,worse,true,motriskindex-families-2024-v4
fiat-ducato,1998,4798,43.43,104.1,99.6,108.5,no different,false,motriskindex-families-2024-v4
fiat-ducato,1999,8480,40.73,100.9,97.6,104.3,no different,false,motriskindex-families-2024-v4
fiat-ducato,2000,12738,40.93,104.8,101.9,107.6,worse,false,motriskindex-families-2024-v4
fiat-ducato,2001,19396,40.53,106.8,104.4,109.2,worse,false,motriskindex-families-2024-v4
fiat-ducato,2002,24770,36.93,100.9,98.8,102.9,no different,false,motriskindex-families-2024-v4
fiat-ducato,2003,36464,34.79,99.4,97.6,101.1,no different,false,motriskindex-families-2024-v4
fiat-ducato,2004,45274,34.91,104.5,102.9,106.1,worse,false,motriskindex-families-2024-v4
fiat-ducato,2005,54006,32.92,104.2,102.7,105.7,worse,false,motriskindex-families-2024-v4
fiat-ducato,2006,52794,31.66,106.8,105.1,108.4,worse,false,motriskindex-families-2024-v4
fiat-ducato,2007,60264,27.19,98.7,97.2,100.2,no different,false,motriskindex-families-2024-v4
fiat-ducato,2008,56766,23.62,92.8,91.2,94.4,better,false,motriskindex-families-2024-v4
fiat-ducato,2009,39784,21.24,90.7,88.7,92.6,better,false,motriskindex-families-2024-v4
fiat-ducato,2010,38104,19.16,88.4,86.4,90.5,better,false,motriskindex-families-2024-v4
fiat-ducato,2011,35597,19.64,98.1,95.8,100.4,no different,false,motriskindex-families-2024-v4
fiat-ducato,2012,28651,18.18,97.5,94.9,100.2,no different,false,motriskindex-families-2024-v4
fiat-ducato,2013,25392,17.7,101.1,98.2,104.1,no different,false,motriskindex-families-2024-v4
fiat-ducato,2014,25747,16.62,99.4,96.4,102.3,no different,false,motriskindex-families-2024-v4
fiat-ducato,2015,30270,15.33,96.2,93.4,99.0,better,false,motriskindex-families-2024-v4
fiat-ducato,2016,30346,14.53,97.9,95.1,100.8,no different,false,motriskindex-families-2024-v4
fiat-ducato,2017,19875,14.25,101.4,97.6,105.1,no different,false,motriskindex-families-2024-v4
fiat-ducato,2018,12721,14.06,101.9,97.2,106.7,no different,false,motriskindex-families-2024-v4
fiat-ducato,2019,10069,14.29,107.7,102.2,113.3,worse,false,motriskindex-families-2024-v4
fiat-ducato,2020,5360,11.1,89.1,81.9,96.2,better,false,motriskindex-families-2024-v4
fiat-fiorino,2008,1936,50.1,104.5,97.9,111.1,no different,true,motriskindex-families-2024-v4
fiat-fiorino,2009,3606,49.14,105.1,100.2,110.0,worse,true,motriskindex-families-2024-v4
fiat-fiorino,2010,8610,46.55,102.6,99.4,105.8,no different,false,motriskindex-families-2024-v4
fiat-fiorino,2011,11500,43.39,99.0,96.3,101.8,no different,false,motriskindex-families-2024-v4
fiat-fiorino,2012,10175,40.67,96.7,93.8,99.6,better,false,motriskindex-families-2024-v4
fiat-fiorino,2013,12476,40.65,100.7,98.0,103.5,no different,false,motriskindex-families-2024-v4
fiat-fiorino,2014,12011,37.85,99.6,96.7,102.5,no different,false,motriskindex-families-2024-v4
fiat-fiorino,2015,9333,34.53,98.5,95.1,101.9,no different,false,motriskindex-families-2024-v4
fiat-fiorino,2016,5793,32.3,101.2,96.6,105.7,no different,false,motriskindex-families-2024-v4
fiat-fiorino,2017,4269,26.7,90.0,84.7,95.2,better,false,motriskindex-families-2024-v4
fiat-fiorino,2018,2964,28.64,101.9,95.1,108.8,no different,true,motriskindex-families-2024-v4
fiat-fiorino,2019,4151,26.07,99.9,93.9,105.8,no different,false,motriskindex-families-2024-v4
fiat-fiorino,2020,1236,27.51,112.0,100.1,123.9,worse,true,motriskindex-families-2024-v4
fiat-fullback,2016,3126,17.98,108.3,99.3,117.2,no different,true,motriskindex-families-2024-v4
fiat-fullback,2017,12372,14.92,95.0,90.7,99.4,better,false,motriskindex-families-2024-v4
fiat-fullback,2018,6993,15.97,106.8,100.5,113.1,worse,false,motriskindex-families-2024-v4
fiat-fullback,2019,1395,18.06,127.4,111.7,143.1,worse,true,motriskindex-families-2024-v4
fiat-grand,2006,1308,50.76,110.4,102.0,118.8,worse,true,motriskindex-families-2024-v4
fiat-grand,2007,4938,43.46,96.4,92.4,100.5,no different,false,motriskindex-families-2024-v4
fiat-grand,2008,13668,45.77,103.2,100.7,105.8,worse,false,motriskindex-families-2024-v4
fiat-grand,2009,24980,42.5,98.0,96.2,99.9,better,false,motriskindex-families-2024-v4
fiat-grand,2010,8168,40.95,97.1,93.8,100.4,no different,false,motriskindex-families-2024-v4
fiat-grand,2011,358,41.34,101.3,84.9,117.6,no different,true,motriskindex-families-2024-v4
fiat-grande,2007,1498,46.86,102.6,95.1,110.2,no different,true,motriskindex-families-2024-v4
fiat-grande,2008,16835,45.29,102.3,100.0,104.6,no different,false,motriskindex-families-2024-v4
fiat-grande,2009,64476,42.95,99.1,97.9,100.3,no different,false,motriskindex-families-2024-v4
fiat-grande,2010,17311,40.47,96.8,94.5,99.1,better,false,motriskindex-families-2024-v4
fiat-grande,2011,822,40.27,99.6,88.8,110.3,no different,true,motriskindex-families-2024-v4
fiat-panda,2003,1196,48.83,100.9,92.7,109.1,no different,true,motriskindex-families-2024-v4
fiat-panda,2004,44220,48.44,101.8,100.4,103.1,worse,false,motriskindex-families-2024-v4
fiat-panda,2005,48912,46.44,99.8,98.5,101.1,no different,false,motriskindex-families-2024-v4
fiat-panda,2006,60242,46.12,101.6,100.4,102.8,worse,false,motriskindex-families-2024-v4
fiat-panda,2007,73255,44.89,101.9,100.8,103.0,worse,false,motriskindex-families-2024-v4
fiat-panda,2008,65197,42.87,100.9,99.7,102.1,no different,false,motriskindex-families-2024-v4
fiat-panda,2009,122852,40.87,100.6,99.8,101.5,no different,false,motriskindex-families-2024-v4
fiat-panda,2010,105520,40.08,104.7,103.7,105.7,worse,false,motriskindex-families-2024-v4
fiat-panda,2011,62580,37.09,104.5,103.1,105.8,worse,false,motriskindex-families-2024-v4
fiat-panda,2012,72623,30.27,93.0,91.8,94.2,better,false,motriskindex-families-2024-v4
fiat-panda,2013,84348,27.78,94.0,92.8,95.2,better,false,motriskindex-families-2024-v4
fiat-panda,2014,88586,25.26,96.1,94.8,97.3,better,false,motriskindex-families-2024-v4
fiat-panda,2015,87640,21.96,97.3,95.9,98.6,better,false,motriskindex-families-2024-v4
fiat-panda,2016,53963,19.39,102.2,100.2,104.1,worse,false,motriskindex-families-2024-v4
fiat-panda,2017,33087,16.05,94.8,92.3,97.4,better,false,motriskindex-families-2024-v4
fiat-panda,2018,18763,13.78,90.4,86.9,93.9,better,false,motriskindex-families-2024-v4
fiat-panda,2019,12932,11.23,85.7,81.3,90.1,better,false,motriskindex-families-2024-v4
fiat-panda,2020,5283,8.4,74.8,67.9,81.8,better,false,motriskindex-families-2024-v4
fiat-punto,1998,1164,45.19,92.4,84.5,100.3,no different,true,motriskindex-families-2024-v4
fiat-punto,1999,1524,48.29,98.0,90.9,105.1,no different,true,motriskindex-families-2024-v4
fiat-punto,2000,4106,49.25,98.5,94.2,102.8,no different,false,motriskindex-families-2024-v4
fiat-punto,2001,11406,49.96,98.8,96.3,101.4,no different,false,motriskindex-families-2024-v4
fiat-punto,2002,25073,51.18,99.7,98.0,101.5,no different,false,motriskindex-families-2024-v4
fiat-punto,2003,44206,53.55,103.4,102.1,104.7,worse,false,motriskindex-families-2024-v4
fiat-punto,2004,68867,51.84,100.5,99.4,101.5,no different,false,motriskindex-families-2024-v4
fiat-punto,2005,43571,48.36,95.1,93.8,96.4,better,false,motriskindex-families-2024-v4
fiat-punto,2006,150569,50.08,99.6,98.9,100.3,no different,false,motriskindex-families-2024-v4
fiat-punto,2007,183179,48.66,99.0,98.3,99.6,better,false,motriskindex-families-2024-v4
fiat-punto,2008,102435,47.28,99.1,98.3,100.0,no different,false,motriskindex-families-2024-v4
fiat-punto,2009,29802,42.36,92.2,90.6,93.8,better,false,motriskindex-families-2024-v4
fiat-punto,2010,86348,42.33,95.5,94.6,96.5,better,false,motriskindex-families-2024-v4
fiat-punto,2011,74876,40.83,96.1,95.0,97.1,better,false,motriskindex-families-2024-v4
fiat-punto,2012,74246,40.65,100.7,99.6,101.8,no different,false,motriskindex-families-2024-v4
fiat-punto,2013,52067,40.75,107.4,105.9,108.8,worse,false,motriskindex-families-2024-v4
fiat-punto,2014,41891,35.72,102.3,100.7,104.0,worse,false,motriskindex-families-2024-v4
fiat-punto,2015,27776,28.31,90.4,88.4,92.4,better,false,motriskindex-families-2024-v4
fiat-punto,2016,18934,22.73,85.2,82.7,87.8,better,false,motriskindex-families-2024-v4
fiat-punto,2017,11617,20.34,84.9,81.5,88.4,better,false,motriskindex-families-2024-v4
fiat-punto,2018,2236,22.85,105.9,96.7,115.0,no different,true,motriskindex-families-2024-v4
fiat-qubo,2008,386,46.11,111.1,94.8,127.5,no different,true,motriskindex-families-2024-v4
fiat-qubo,2009,5854,41.15,103.8,99.7,108.0,no different,false,motriskindex-families-2024-v4
fiat-qubo,2010,7742,38.94,103.4,99.7,107.1,no different,false,motriskindex-families-2024-v4
fiat-qubo,2011,7804,35.1,97.9,94.3,101.6,no different,false,motriskindex-families-2024-v4
fiat-qubo,2012,10267,33.46,98.0,94.7,101.2,no different,false,motriskindex-families-2024-v4
fiat-qubo,2013,7040,32.57,99.6,95.6,103.7,no different,false,motriskindex-families-2024-v4
fiat-qubo,2014,3440,28.58,97.0,90.9,103.0,no different,true,motriskindex-families-2024-v4
fiat-qubo,2015,2103,25.3,97.8,89.5,106.1,no different,true,motriskindex-families-2024-v4
fiat-qubo,2016,1845,22.55,102.3,92.5,112.1,no different,true,motriskindex-families-2024-v4
fiat-qubo,2017,1991,16.93,86.8,77.5,96.0,better,true,motriskindex-families-2024-v4
fiat-qubo,2018,854,18.97,110.9,93.8,128.0,no different,true,motriskindex-families-2024-v4
fiat-qubo,2019,561,14.08,99.0,77.2,120.8,no different,true,motriskindex-families-2024-v4
fiat-scudo,1998,354,48.02,95.8,81.4,110.2,no different,true,motriskindex-families-2024-v4
fiat-scudo,1999,846,44.21,89.0,79.9,98.0,better,true,motriskindex-families-2024-v4
fiat-scudo,2000,2338,51.58,102.4,96.6,108.2,no different,true,motriskindex-families-2024-v4
fiat-scudo,2001,4070,52.53,102.1,97.7,106.4,no different,false,motriskindex-families-2024-v4
fiat-scudo,2002,4262,50.63,95.7,91.6,99.7,better,false,motriskindex-families-2024-v4
fiat-scudo,2003,6372,51.69,97.5,94.2,100.8,no different,false,motriskindex-families-2024-v4
fiat-scudo,2004,9226,51.25,96.8,94.0,99.5,better,false,motriskindex-families-2024-v4
fiat-scudo,2005,11151,52.32,98.6,96.1,101.1,no different,false,motriskindex-families-2024-v4
fiat-scudo,2006,15612,51.33,97.1,95.0,99.3,better,false,motriskindex-families-2024-v4
fiat-scudo,2007,19223,54.4,103.1,101.1,105.0,worse,false,motriskindex-families-2024-v4
fiat-scudo,2008,19171,51.53,99.0,97.1,101.0,no different,false,motriskindex-families-2024-v4
fiat-scudo,2009,7596,49.3,96.2,93.2,99.3,better,false,motriskindex-families-2024-v4
fiat-scudo,2010,6331,49.85,99.2,95.8,102.7,no different,false,motriskindex-families-2024-v4
fiat-scudo,2011,7852,47.92,99.0,95.9,102.2,no different,false,motriskindex-families-2024-v4
fiat-scudo,2012,6097,45.89,99.4,95.7,103.0,no different,false,motriskindex-families-2024-v4
fiat-scudo,2013,5103,40.74,93.6,89.5,97.6,better,false,motriskindex-families-2024-v4
fiat-scudo,2014,3948,41.31,100.3,95.5,105.2,no different,true,motriskindex-families-2024-v4
fiat-scudo,2015,3235,37.31,97.7,92.2,103.2,no different,true,motriskindex-families-2024-v4
fiat-scudo,2016,1141,37.25,103.0,93.2,112.8,no different,true,motriskindex-families-2024-v4
fiat-sedici,2006,5914,48.97,98.1,94.6,101.7,no different,false,motriskindex-families-2024-v4
fiat-sedici,2007,5802,49.84,101.4,97.7,105.1,no different,false,motriskindex-families-2024-v4
fiat-sedici,2008,4340,45.39,95.6,91.4,99.9,better,false,motriskindex-families-2024-v4
fiat-sedici,2009,2446,46.89,97.0,91.4,102.6,no different,true,motriskindex-families-2024-v4
fiat-seicento,1998,400,49.0,98.9,85.1,112.8,no different,true,motriskindex-families-2024-v4
fiat-seicento,1999,1656,47.95,97.6,90.8,104.4,no different,true,motriskindex-families-2024-v4
fiat-seicento,2000,3280,48.17,98.5,93.6,103.3,no different,true,motriskindex-families-2024-v4
fiat-seicento,2001,6236,48.27,97.2,93.7,100.7,no different,false,motriskindex-families-2024-v4
fiat-seicento,2002,7404,48.11,96.8,93.6,99.9,better,false,motriskindex-families-2024-v4
fiat-seicento,2003,8822,49.73,98.4,95.5,101.3,no different,false,motriskindex-families-2024-v4
fiat-talento,2016,1112,31.47,112.3,100.5,124.0,worse,true,motriskindex-families-2024-v4
fiat-talento,2017,6185,25.89,99.3,94.5,104.2,no different,false,motriskindex-families-2024-v4
fiat-talento,2018,1837,26.24,105.7,96.3,115.2,no different,true,motriskindex-families-2024-v4
fiat-talento,2019,865,30.06,134.3,118.0,150.6,worse,true,motriskindex-families-2024-v4
fiat-talento,2020,481,20.37,102.3,82.0,122.5,no different,true,motriskindex-families-2024-v4
fiat-tipo,2016,12842,22.1,89.7,86.4,93.0,better,false,motriskindex-families-2024-v4
fiat-tipo,2017,59773,23.77,105.0,103.2,106.7,worse,false,motriskindex-families-2024-v4
fiat-tipo,2018,14440,21.87,102.2,98.6,105.7,no different,false,motriskindex-families-2024-v4
fiat-tipo,2019,8179,19.02,97.3,92.5,102.2,no different,false,motriskindex-families-2024-v4
fiat-tipo,2020,3126,16.41,94.4,86.2,102.6,no different,true,motriskindex-families-2024-v4
ford-b-max,2012,33440,30.17,102.0,100.0,104.0,no different,false,motriskindex-families-2024-v4
ford-b-max,2013,165959,28.79,105.7,104.8,106.7,worse,false,motriskindex-families-2024-v4
ford-b-max,2014,144935,24.39,100.1,99.1,101.2,no different,false,motriskindex-families-2024-v4
ford-b-max,2015,109974,19.87,93.9,92.6,95.1,better,false,motriskindex-families-2024-v4
ford-b-max,2016,80503,17.12,95.1,93.6,96.7,better,false,motriskindex-families-2024-v4
ford-b-max,2017,55827,15.79,98.6,96.5,100.7,no different,false,motriskindex-families-2024-v4
ford-b-max,2018,4989,16.58,114.2,106.4,122.0,worse,false,motriskindex-families-2024-v4
ford-c-max,2004,258,45.74,93.3,76.5,110.2,no different,true,motriskindex-families-2024-v4
ford-c-max,2005,572,48.95,103.2,91.2,115.3,no different,true,motriskindex-families-2024-v4
ford-c-max,2006,5508,48.18,104.6,100.6,108.5,worse,false,motriskindex-families-2024-v4
ford-c-max,2007,79483,45.64,103.0,102.0,104.1,worse,false,motriskindex-families-2024-v4
ford-c-max,2008,160515,43.94,104.6,103.8,105.3,worse,false,motriskindex-families-2024-v4
ford-c-max,2009,74552,41.31,106.1,104.9,107.3,worse,false,motriskindex-families-2024-v4
ford-c-max,2010,76091,39.47,110.8,109.5,112.1,worse,false,motriskindex-families-2024-v4
ford-c-max,2011,121616,29.57,92.5,91.6,93.5,better,false,motriskindex-families-2024-v4
ford-c-max,2012,124848,26.52,94.1,93.1,95.1,better,false,motriskindex-families-2024-v4
ford-c-max,2013,155372,23.56,95.3,94.3,96.3,better,false,motriskindex-families-2024-v4
ford-c-max,2014,141088,22.63,104.3,103.2,105.5,worse,false,motriskindex-families-2024-v4
ford-c-max,2015,126293,18.33,96.9,95.6,98.1,better,false,motriskindex-families-2024-v4
ford-c-max,2016,118362,15.05,91.3,90.0,92.7,better,false,motriskindex-families-2024-v4
ford-c-max,2017,77175,12.76,84.9,83.2,86.6,better,false,motriskindex-families-2024-v4
ford-c-max,2018,34634,15.99,113.7,110.7,116.7,worse,false,motriskindex-families-2024-v4
ford-c-max,2019,14211,16.46,129.2,123.9,134.4,worse,false,motriskindex-families-2024-v4
ford-ecosport,2014,28662,28.05,104.6,102.3,106.9,worse,false,motriskindex-families-2024-v4
ford-ecosport,2015,117167,25.38,109.0,107.8,110.2,worse,false,motriskindex-families-2024-v4
ford-ecosport,2016,160383,21.86,110.8,109.7,112.0,worse,false,motriskindex-families-2024-v4
ford-ecosport,2017,128401,19.39,110.8,109.5,112.2,worse,false,motriskindex-families-2024-v4
ford-ecosport,2018,158339,12.71,79.7,78.6,80.8,better,false,motriskindex-families-2024-v4
ford-ecosport,2019,126144,12.68,89.8,88.4,91.2,better,false,motriskindex-families-2024-v4
ford-ecosport,2020,27841,13.57,107.1,103.7,110.5,worse,false,motriskindex-families-2024-v4
ford-edge,2016,25271,13.84,100.4,97.1,103.8,no different,false,motriskindex-families-2024-v4
ford-edge,2017,37305,12.85,98.1,95.3,100.9,no different,false,motriskindex-families-2024-v4
ford-edge,2018,11797,14.42,114.7,109.2,120.1,worse,false,motriskindex-families-2024-v4
ford-edge,2019,4973,11.88,100.2,92.1,108.3,no different,false,motriskindex-families-2024-v4
ford-escort,1998,3850,44.21,96.6,92.0,101.1,no different,true,motriskindex-families-2024-v4
ford-escort,1999,3042,44.44,96.0,90.9,101.1,no different,true,motriskindex-families-2024-v4
ford-escort,2000,7400,47.68,102.5,99.1,105.9,no different,false,motriskindex-families-2024-v4
ford-escort,2001,7524,44.58,95.8,92.6,99.1,better,false,motriskindex-families-2024-v4
ford-escort,2002,5414,43.92,92.5,88.8,96.2,better,false,motriskindex-families-2024-v4
ford-fiesta,1998,17108,52.72,103.9,101.7,106.0,worse,false,motriskindex-families-2024-v4
ford-fiesta,1999,29278,52.95,106.6,105.0,108.3,worse,false,motriskindex-families-2024-v4
ford-fiesta,2000,33630,50.37,102.8,101.3,104.4,worse,false,motriskindex-families-2024-v4
ford-fiesta,2001,65592,49.62,102.1,101.0,103.3,worse,false,motriskindex-families-2024-v4
ford-fiesta,2002,168178,47.04,97.7,97.1,98.4,better,false,motriskindex-families-2024-v4
ford-fiesta,2003,315324,46.44,97.5,97.0,98.0,better,false,motriskindex-families-2024-v4
ford-fiesta,2004,391061,46.95,99.5,99.1,100.0,no different,false,motriskindex-families-2024-v4
ford-fiesta,2005,440278,46.23,99.4,99.0,99.8,better,false,motriskindex-families-2024-v4
ford-fiesta,2006,673238,45.69,100.2,99.8,100.6,no different,false,motriskindex-families-2024-v4
ford-fiesta,2007,766261,43.06,96.7,96.4,97.1,better,false,motriskindex-families-2024-v4
ford-fiesta,2008,777842,42.87,99.2,98.8,99.5,better,false,motriskindex-families-2024-v4
ford-fiesta,2009,1110678,42.75,102.6,102.3,102.9,worse,false,motriskindex-families-2024-v4
ford-fiesta,2010,1020458,40.81,102.9,102.6,103.2,worse,false,motriskindex-families-2024-v4
ford-fiesta,2011,980050,36.6,98.3,98.0,98.7,better,false,motriskindex-families-2024-v4
ford-fiesta,2012,1123490,34.78,100.5,100.2,100.8,worse,false,motriskindex-families-2024-v4
ford-fiesta,2013,1277380,31.3,98.6,98.3,98.9,better,false,motriskindex-families-2024-v4
ford-fiesta,2014,1390044,27.92,97.8,97.5,98.1,better,false,motriskindex-families-2024-v4
ford-fiesta,2015,1424841,26.64,106.8,106.4,107.1,worse,false,motriskindex-families-2024-v4
ford-fiesta,2016,1294978,24.76,116.4,116.0,116.8,worse,false,motriskindex-families-2024-v4
ford-fiesta,2017,869419,16.26,85.5,85.1,86.0,better,false,motriskindex-families-2024-v4
ford-fiesta,2018,659967,12.98,74.7,74.2,75.2,better,false,motriskindex-families-2024-v4
ford-fiesta,2019,376661,12.57,82.7,82.0,83.5,better,false,motriskindex-families-2024-v4
ford-fiesta,2020,62652,15.45,116.6,114.3,119.0,worse,false,motriskindex-families-2024-v4
ford-focus,1998,1546,56.14,107.8,100.6,115.0,worse,true,motriskindex-families-2024-v4
ford-focus,1999,30460,53.93,104.4,102.8,106.0,worse,false,motriskindex-families-2024-v4
ford-focus,2000,64972,51.78,101.2,100.1,102.2,worse,false,motriskindex-families-2024-v4
ford-focus,2001,140154,50.72,99.8,99.1,100.6,no different,false,motriskindex-families-2024-v4
ford-focus,2002,242762,51.48,102.4,101.8,102.9,worse,false,motriskindex-families-2024-v4
ford-focus,2003,285885,51.31,103.7,103.2,104.2,worse,false,motriskindex-families-2024-v4
ford-focus,2004,345571,50.12,103.8,103.3,104.3,worse,false,motriskindex-families-2024-v4
ford-focus,2005,480540,46.91,99.9,99.5,100.3,no different,false,motriskindex-families-2024-v4
ford-focus,2006,565919,43.25,94.9,94.6,95.3,better,false,motriskindex-families-2024-v4
ford-focus,2007,705581,42.34,96.1,95.7,96.4,better,false,motriskindex-families-2024-v4
ford-focus,2008,718171,42.3,99.7,99.3,100.0,no different,false,motriskindex-families-2024-v4
ford-focus,2009,759655,40.75,100.1,99.7,100.4,no different,false,motriskindex-families-2024-v4
ford-focus,2010,686445,39.85,103.2,102.8,103.6,worse,false,motriskindex-families-2024-v4
ford-focus,2011,762194,36.72,102.2,101.9,102.6,worse,false,motriskindex-families-2024-v4
ford-focus,2012,796635,32.91,100.8,100.5,101.2,worse,false,motriskindex-families-2024-v4
ford-focus,2013,845573,32.65,112.7,112.3,113.1,worse,false,motriskindex-families-2024-v4
ford-focus,2014,846779,25.18,101.0,100.6,101.4,worse,false,motriskindex-families-2024-v4
ford-focus,2015,846705,17.57,83.6,83.2,84.0,better,false,motriskindex-families-2024-v4
ford-focus,2016,721077,15.41,88.2,87.6,88.7,better,false,motriskindex-families-2024-v4
ford-focus,2017,620923,12.96,85.1,84.5,85.7,better,false,motriskindex-families-2024-v4
ford-focus,2018,339656,13.26,96.4,95.5,97.3,better,false,motriskindex-families-2024-v4
ford-focus,2019,272091,13.88,112.4,111.2,113.5,worse,false,motriskindex-families-2024-v4
ford-focus,2020,94132,12.2,106.9,104.9,108.9,worse,false,motriskindex-families-2024-v4
ford-freedom,2016,3526,16.68,97.9,90.0,105.9,no different,true,motriskindex-families-2024-v4
ford-freedom,2017,5123,15.77,97.0,90.3,103.7,no different,false,motriskindex-families-2024-v4
ford-freedom,2018,1852,19.28,121.0,108.5,133.6,worse,true,motriskindex-families-2024-v4
ford-freedom,2019,451,20.18,132.4,105.2,159.6,worse,true,motriskindex-families-2024-v4
ford-freedom,2020,441,22.9,167.9,135.1,200.6,worse,true,motriskindex-families-2024-v4
ford-fusion,2002,10417,48.33,104.9,102.0,107.8,worse,false,motriskindex-families-2024-v4
ford-fusion,2003,73887,46.78,102.5,101.4,103.5,worse,false,motriskindex-families-2024-v4
ford-fusion,2004,74266,44.2,99.0,97.9,100.0,no different,false,motriskindex-families-2024-v4
ford-fusion,2005,73765,42.8,98.7,97.6,99.8,better,false,motriskindex-families-2024-v4
ford-fusion,2006,97195,43.79,104.4,103.5,105.4,worse,false,motriskindex-families-2024-v4
ford-fusion,2007,101296,40.02,100.0,99.0,101.0,no different,false,motriskindex-families-2024-v4
ford-fusion,2008,104164,36.62,96.9,95.9,97.8,better,false,motriskindex-families-2024-v4
ford-fusion,2009,104736,34.45,97.1,96.1,98.1,better,false,motriskindex-families-2024-v4
ford-fusion,2010,67820,32.75,98.7,97.4,100.0,no different,false,motriskindex-families-2024-v4
ford-fusion,2011,29200,26.8,89.2,87.2,91.1,better,false,motriskindex-families-2024-v4
ford-fusion,2012,9183,23.99,89.2,85.4,92.9,better,false,motriskindex-families-2024-v4
ford-galaxy,1998,1048,52.48,98.4,90.2,106.6,no different,true,motriskindex-families-2024-v4
ford-galaxy,1999,1868,52.78,96.9,90.9,103.0,no different,true,motriskindex-families-2024-v4
ford-galaxy,2000,2760,54.35,99.8,94.8,104.9,no different,true,motriskindex-families-2024-v4
ford-galaxy,2001,8722,54.96,100.8,98.0,103.7,no different,false,motriskindex-families-2024-v4
ford-galaxy,2002,13752,55.26,100.7,98.5,103.0,no different,false,motriskindex-families-2024-v4
ford-galaxy,2003,25785,54.59,100.6,99.0,102.3,no different,false,motriskindex-families-2024-v4
ford-galaxy,2004,26649,54.82,103.1,101.4,104.8,worse,false,motriskindex-families-2024-v4
ford-galaxy,2005,36384,53.06,103.4,102.0,104.9,worse,false,motriskindex-families-2024-v4
ford-galaxy,2006,35998,50.11,101.4,99.9,102.8,no different,false,motriskindex-families-2024-v4
ford-galaxy,2007,56999,45.48,95.6,94.4,96.8,better,false,motriskindex-families-2024-v4
ford-galaxy,2008,55736,43.87,96.0,94.8,97.2,better,false,motriskindex-families-2024-v4
ford-galaxy,2009,57035,42.78,97.4,96.1,98.6,better,false,motriskindex-families-2024-v4
ford-galaxy,2010,58001,42.04,98.8,97.6,100.1,no different,false,motriskindex-families-2024-v4
ford-galaxy,2011,61400,40.5,99.4,98.2,100.6,no different,false,motriskindex-families-2024-v4
ford-galaxy,2012,63305,39.34,102.9,101.7,104.2,worse,false,motriskindex-families-2024-v4
ford-galaxy,2013,53684,37.21,105.5,104.1,107.0,worse,false,motriskindex-families-2024-v4
ford-galaxy,2014,57228,36.68,114.7,113.1,116.2,worse,false,motriskindex-families-2024-v4
ford-galaxy,2015,34068,32.76,116.7,114.5,118.8,worse,false,motriskindex-families-2024-v4
ford-galaxy,2016,56866,18.54,74.7,73.3,76.1,better,false,motriskindex-families-2024-v4
ford-galaxy,2017,50717,17.1,76.0,74.4,77.6,better,false,motriskindex-families-2024-v4
ford-galaxy,2018,26457,19.72,95.2,92.6,97.7,better,false,motriskindex-families-2024-v4
ford-galaxy,2019,13752,20.43,106.6,102.7,110.5,worse,false,motriskindex-families-2024-v4
ford-galaxy,2020,5019,18.97,104.3,97.7,111.0,no different,false,motriskindex-families-2024-v4
ford-grand-c-max,2010,1356,33.19,89.6,81.3,97.9,better,true,motriskindex-families-2024-v4
ford-grand-c-max,2011,63439,35.85,101.5,100.1,102.8,worse,false,motriskindex-families-2024-v4
ford-grand-c-max,2012,44403,32.53,98.2,96.6,99.8,better,false,motriskindex-families-2024-v4
ford-grand-c-max,2013,51946,31.37,101.3,99.8,102.9,no different,false,motriskindex-families-2024-v4
ford-grand-c-max,2014,46474,30.53,107.0,105.2,108.7,worse,false,motriskindex-families-2024-v4
ford-grand-c-max,2015,42167,24.91,96.4,94.5,98.2,better,false,motriskindex-families-2024-v4
ford-grand-c-max,2016,73423,22.88,98.4,96.9,99.8,better,false,motriskindex-families-2024-v4
ford-grand-c-max,2017,37456,19.2,89.3,87.3,91.4,better,false,motriskindex-families-2024-v4
ford-grand-c-max,2018,19759,22.97,113.2,109.9,116.5,worse,false,motriskindex-families-2024-v4
ford-grand-c-max,2019,5767,21.5,114.4,108.0,120.8,worse,false,motriskindex-families-2024-v4
ford-ka,1998,1464,48.77,95.8,88.7,102.8,no different,true,motriskindex-families-2024-v4
ford-ka,1999,3224,50.25,97.8,93.0,102.5,no different,true,motriskindex-families-2024-v4
ford-ka,2000,6252,51.41,98.8,95.3,102.2,no different,false,motriskindex-families-2024-v4
ford-ka,2001,14992,52.39,99.1,96.9,101.3,no different,false,motriskindex-families-2024-v4
ford-ka,2002,30825,53.99,100.0,98.5,101.5,no different,false,motriskindex-families-2024-v4
ford-ka,2003,46345,54.91,100.2,99.0,101.5,no different,false,motriskindex-families-2024-v4
ford-ka,2004,60426,55.46,101.4,100.3,102.5,worse,false,motriskindex-families-2024-v4
ford-ka,2005,68998,54.91,102.7,101.7,103.7,worse,false,motriskindex-families-2024-v4
ford-ka,2006,80627,53.16,103.5,102.5,104.5,worse,false,motriskindex-families-2024-v4
ford-ka,2007,105110,54.02,110.7,109.8,111.6,worse,false,motriskindex-families-2024-v4
ford-ka,2008,123166,52.12,115.1,114.2,116.0,worse,false,motriskindex-families-2024-v4
ford-ka,2009,213041,39.55,92.7,92.1,93.3,better,false,motriskindex-families-2024-v4
ford-ka,2010,213614,37.92,97.9,97.2,98.5,better,false,motriskindex-families-2024-v4
ford-ka,2011,181674,32.4,93.1,92.4,93.9,better,false,motriskindex-families-2024-v4
ford-ka,2012,192106,29.45,95.1,94.3,95.8,better,false,motriskindex-families-2024-v4
ford-ka,2013,207275,26.62,96.9,96.0,97.7,better,false,motriskindex-families-2024-v4
ford-ka,2014,205125,23.88,99.0,98.1,99.9,better,false,motriskindex-families-2024-v4
ford-ka,2015,146617,22.49,109.4,108.2,110.5,worse,false,motriskindex-families-2024-v4
ford-ka,2016,91833,18.69,109.9,108.2,111.5,worse,false,motriskindex-families-2024-v4
ford-ka,2017,124436,10.99,73.4,72.2,74.7,better,false,motriskindex-families-2024-v4
ford-ka,2018,76978,12.24,92.1,90.2,93.9,better,false,motriskindex-families-2024-v4
ford-ka,2019,50306,9.33,83.8,81.4,86.2,better,false,motriskindex-families-2024-v4
ford-kuga,2008,34431,38.15,96.9,95.3,98.6,better,false,motriskindex-families-2024-v4
ford-kuga,2009,93938,39.63,104.7,103.6,105.7,worse,false,motriskindex-families-2024-v4
ford-kuga,2010,111018,39.36,110.8,109.8,111.8,worse,false,motriskindex-families-2024-v4
ford-kuga,2011,103316,35.65,110.3,109.2,111.4,worse,false,motriskindex-families-2024-v4
ford-kuga,2012,106379,33.03,115.2,114.0,116.4,worse,false,motriskindex-families-2024-v4
ford-kuga,2013,143224,22.79,91.7,90.7,92.7,better,false,motriskindex-families-2024-v4
ford-kuga,2014,252014,20.56,96.7,95.8,97.5,better,false,motriskindex-families-2024-v4
ford-kuga,2015,340806,17.19,95.7,94.9,96.4,better,false,motriskindex-families-2024-v4
ford-kuga,2016,371650,14.4,95.3,94.5,96.1,better,false,motriskindex-families-2024-v4
ford-kuga,2017,352693,12.1,89.9,89.0,90.7,better,false,motriskindex-families-2024-v4
ford-kuga,2018,274425,13.12,105.2,104.1,106.2,worse,false,motriskindex-families-2024-v4
ford-kuga,2019,207122,12.93,114.1,112.7,115.5,worse,false,motriskindex-families-2024-v4
ford-kuga,2020,3605,10.65,103.6,93.3,114.0,no different,true,motriskindex-families-2024-v4
ford-mondeo,1998,3166,47.82,99.5,94.5,104.5,no different,true,motriskindex-families-2024-v4
ford-mondeo,1999,6622,49.47,103.2,99.7,106.7,no different,false,motriskindex-families-2024-v4
ford-mondeo,2000,13008,48.43,101.2,98.7,103.7,no different,false,motriskindex-families-2024-v4
ford-mondeo,2001,37084,47.55,99.0,97.5,100.4,no different,false,motriskindex-families-2024-v4
ford-mondeo,2002,45670,47.58,98.5,97.2,99.8,better,false,motriskindex-families-2024-v4
ford-mondeo,2003,59852,48.85,100.9,99.7,102.0,no different,false,motriskindex-families-2024-v4
ford-mondeo,2004,94820,49.04,101.8,100.9,102.7,worse,false,motriskindex-families-2024-v4
ford-mondeo,2005,135699,48.01,101.5,100.7,102.3,worse,false,motriskindex-families-2024-v4
ford-mondeo,2006,149771,47.29,102.5,101.8,103.3,worse,false,motriskindex-families-2024-v4
ford-mondeo,2007,223983,45.71,102.6,102.0,103.3,worse,false,motriskindex-families-2024-v4
ford-mondeo,2008,254871,41.62,97.9,97.3,98.5,better,false,motriskindex-families-2024-v4
ford-mondeo,2009,239188,39.63,98.2,97.6,98.8,better,false,motriskindex-families-2024-v4
ford-mondeo,2010,228447,38.14,100.7,100.0,101.4,no different,false,motriskindex-families-2024-v4
ford-mondeo,2011,171454,34.1,97.8,97.0,98.6,better,false,motriskindex-families-2024-v4
ford-mondeo,2012,195710,31.98,101.3,100.5,102.1,worse,false,motriskindex-families-2024-v4
ford-mondeo,2013,151808,29.7,105.8,104.8,106.7,worse,false,motriskindex-families-2024-v4
ford-mondeo,2014,135601,25.95,105.5,104.4,106.6,worse,false,motriskindex-families-2024-v4
ford-mondeo,2015,199852,18.36,84.9,84.0,85.8,better,false,motriskindex-families-2024-v4
ford-mondeo,2016,186309,16.61,87.5,86.5,88.5,better,false,motriskindex-families-2024-v4
ford-mondeo,2017,108264,15.04,87.1,85.8,88.5,better,false,motriskindex-families-2024-v4
ford-mondeo,2018,51400,15.96,98.3,96.2,100.4,no different,false,motriskindex-families-2024-v4
ford-mondeo,2019,22835,16.51,106.4,103.0,109.8,worse,false,motriskindex-families-2024-v4
ford-mondeo,2020,6959,15.98,106.2,99.9,112.4,no different,false,motriskindex-families-2024-v4
ford-mustang,2003,302,19.87,95.6,71.4,119.8,no different,true,motriskindex-families-2024-v4
ford-mustang,2004,534,21.72,110.4,90.3,130.5,no different,true,motriskindex-families-2024-v4
ford-mustang,2005,3334,19.62,101.2,93.4,108.9,no different,true,motriskindex-families-2024-v4
ford-mustang,2006,2854,20.32,105.0,96.4,113.5,no different,true,motriskindex-families-2024-v4
ford-mustang,2007,3128,18.25,95.9,88.0,103.8,no different,true,motriskindex-families-2024-v4
ford-mustang,2008,2451,16.12,87.9,79.2,96.5,better,true,motriskindex-families-2024-v4
ford-mustang,2009,837,16.73,91.6,76.4,106.8,no different,true,motriskindex-families-2024-v4
ford-mustang,2010,717,18.41,101.1,83.9,118.4,no different,true,motriskindex-families-2024-v4
ford-mustang,2011,533,23.26,130.1,107.2,153.0,worse,true,motriskindex-families-2024-v4
ford-mustang,2012,567,14.64,85.1,66.8,103.5,no different,true,motriskindex-families-2024-v4
ford-mustang,2013,532,13.35,77.0,59.1,94.9,better,true,motriskindex-families-2024-v4
ford-mustang,2014,788,16.24,95.4,78.9,111.9,no different,true,motriskindex-families-2024-v4
ford-mustang,2015,3484,13.89,86.3,78.6,94.0,better,true,motriskindex-families-2024-v4
ford-mustang,2016,28862,15.14,101.3,98.3,104.3,no different,false,motriskindex-families-2024-v4
ford-mustang,2017,18667,12.96,92.7,89.0,96.3,better,false,motriskindex-families-2024-v4
ford-mustang,2018,15395,14.06,106.3,101.8,110.8,worse,false,motriskindex-families-2024-v4
ford-mustang,2019,6089,14.75,119.6,111.8,127.5,worse,false,motriskindex-families-2024-v4
ford-mustang,2020,3116,13.83,119.2,107.9,130.4,worse,true,motriskindex-families-2024-v4
ford-puma,1998,1186,53.29,114.9,105.9,123.9,worse,true,motriskindex-families-2024-v4
ford-puma,1999,3802,48.45,103.4,98.7,108.2,no different,true,motriskindex-families-2024-v4
ford-puma,2000,7848,43.45,93.6,90.4,96.7,better,false,motriskindex-families-2024-v4
ford-puma,2001,11666,46.79,99.2,96.5,101.8,no different,false,motriskindex-families-2024-v4
ford-puma,2002,8551,44.61,94.2,91.2,97.2,better,false,motriskindex-families-2024-v4
ford-puma,2019,712,4.21,55.0,35.3,74.7,better,true,motriskindex-families-2024-v4
ford-puma,2020,77172,7.63,101.3,98.7,103.9,no different,false,motriskindex-families-2024-v4
ford-ranger,1999,1976,43.93,97.4,90.9,103.9,no different,true,motriskindex-families-2024-v4
ford-ranger,2000,5904,44.55,98.1,94.3,101.8,no different,false,motriskindex-families-2024-v4
ford-ranger,2001,9280,45.93,100.3,97.3,103.3,no different,false,motriskindex-families-2024-v4
ford-ranger,2002,13310,45.57,98.6,96.1,101.0,no different,false,motriskindex-families-2024-v4
ford-ranger,2003,18591,46.47,99.8,97.7,101.9,no different,false,motriskindex-families-2024-v4
ford-ranger,2004,31891,47.43,101.5,99.9,103.1,no different,false,motriskindex-families-2024-v4
ford-ranger,2005,34710,46.04,99.1,97.6,100.7,no different,false,motriskindex-families-2024-v4
ford-ranger,2006,40297,46.43,101.3,99.9,102.8,no different,false,motriskindex-families-2024-v4
ford-ranger,2007,45589,44.57,99.1,97.7,100.4,no different,false,motriskindex-families-2024-v4
ford-ranger,2008,31259,41.76,95.5,93.9,97.1,better,false,motriskindex-families-2024-v4
ford-ranger,2009,32795,41.97,100.1,98.4,101.8,no different,false,motriskindex-families-2024-v4
ford-ranger,2010,18798,40.73,102.2,99.9,104.5,no different,false,motriskindex-families-2024-v4
ford-ranger,2011,20326,37.96,101.5,99.2,103.8,no different,false,motriskindex-families-2024-v4
ford-ranger,2012,22880,35.3,102.1,99.8,104.3,no different,false,motriskindex-families-2024-v4
ford-ranger,2013,34647,31.04,97.6,95.8,99.4,better,false,motriskindex-families-2024-v4
ford-ranger,2014,45881,29.23,100.9,99.2,102.6,no different,false,motriskindex-families-2024-v4
ford-ranger,2015,70128,28.32,108.7,107.2,110.2,worse,false,motriskindex-families-2024-v4
ford-ranger,2016,115639,21.72,94.5,93.4,95.7,better,false,motriskindex-families-2024-v4
ford-ranger,2017,102278,20.18,96.0,94.7,97.4,better,false,motriskindex-families-2024-v4
ford-ranger,2018,97179,19.81,100.1,98.7,101.6,no different,false,motriskindex-families-2024-v4
ford-ranger,2019,70753,18.83,104.1,102.3,105.9,worse,false,motriskindex-families-2024-v4
ford-ranger,2020,33448,18.98,114.3,111.5,117.1,worse,false,motriskindex-families-2024-v4
ford-s-max,2006,33585,49.25,105.6,104.0,107.2,worse,false,motriskindex-families-2024-v4
ford-s-max,2007,82517,46.3,102.9,101.9,104.0,worse,false,motriskindex-families-2024-v4
ford-s-max,2008,71221,43.73,101.1,99.9,102.2,no different,false,motriskindex-families-2024-v4
ford-s-max,2009,80770,43.6,105.1,104.0,106.2,worse,false,motriskindex-families-2024-v4
ford-s-max,2010,110138,38.53,97.4,96.4,98.3,better,false,motriskindex-families-2024-v4
ford-s-max,2011,76153,35.31,94.8,93.6,95.9,better,false,motriskindex-families-2024-v4
ford-s-max,2012,81414,34.81,100.5,99.4,101.7,no different,false,motriskindex-families-2024-v4
ford-s-max,2013,71521,33.07,104.8,103.5,106.1,worse,false,motriskindex-families-2024-v4
ford-s-max,2014,73542,30.25,106.9,105.5,108.3,worse,false,motriskindex-families-2024-v4
ford-s-max,2015,36553,22.89,92.6,90.6,94.6,better,false,motriskindex-families-2024-v4
ford-s-max,2016,77050,17.84,83.5,82.1,84.9,better,false,motriskindex-families-2024-v4
ford-s-max,2017,51040,16.17,84.5,82.6,86.3,better,false,motriskindex-families-2024-v4
ford-s-max,2018,17233,16.93,95.8,92.3,99.2,better,false,motriskindex-families-2024-v4
ford-s-max,2019,11724,20.89,129.1,124.0,134.2,worse,false,motriskindex-families-2024-v4
ford-s-max,2020,3562,18.3,121.5,112.2,130.9,worse,true,motriskindex-families-2024-v4
ford-tourneo,2013,5483,31.9,103.0,98.1,107.8,no different,false,motriskindex-families-2024-v4
ford-tourneo,2014,17483,29.28,101.7,98.9,104.5,no different,false,motriskindex-families-2024-v4
ford-tourneo,2015,25874,26.76,102.9,100.5,105.3,worse,false,motriskindex-families-2024-v4
ford-tourneo,2016,16394,23.17,101.4,98.2,104.6,no different,false,motriskindex-families-2024-v4
ford-tourneo,2017,26797,20.58,99.4,96.8,102.0,no different,false,motriskindex-families-2024-v4
ford-tourneo,2018,17434,18.69,97.5,94.1,100.8,no different,false,motriskindex-families-2024-v4
ford-tourneo,2019,11636,17.7,102.0,97.6,106.4,no different,false,motriskindex-families-2024-v4
ford-tourneo,2020,601,14.31,91.7,72.3,111.0,no different,true,motriskindex-families-2024-v4
ford-tourneo-connect,2014,8021,24.09,106.2,101.5,110.9,worse,false,motriskindex-families-2024-v4
ford-tourneo-connect,2015,20271,21.56,103.9,100.8,107.0,worse,false,motriskindex-families-2024-v4
ford-tourneo-connect,2016,26472,17.65,92.8,90.1,95.5,better,false,motriskindex-families-2024-v4
ford-tourneo-connect,2017,18543,15.99,89.3,86.1,92.5,better,false,motriskindex-families-2024-v4
ford-tourneo-connect,2018,7992,17.77,102.0,96.7,107.3,no different,false,motriskindex-families-2024-v4
ford-tourneo-connect,2019,9871,19.71,117.5,112.2,122.7,worse,false,motriskindex-families-2024-v4
ford-tourneo-connect,2020,6428,20.18,124.3,117.6,131.1,worse,false,motriskindex-families-2024-v4
ford-tourneo-custom,2016,210,22.86,115.8,83.0,148.5,no different,true,motriskindex-families-2024-v4
ford-tourneo-custom,2017,422,18.96,98.3,76.7,119.8,no different,true,motriskindex-families-2024-v4
ford-tourneo-custom,2018,7134,17.97,95.3,90.1,100.5,no different,false,motriskindex-families-2024-v4
ford-tourneo-custom,2019,9310,17.31,94.4,89.8,99.0,better,false,motriskindex-families-2024-v4
ford-tourneo-custom,2020,7046,19.83,109.7,103.9,115.4,worse,false,motriskindex-families-2024-v4
ford-transit,1998,4820,40.71,94.7,90.5,98.9,better,false,motriskindex-families-2024-v4
ford-transit,1999,7648,39.04,89.3,86.1,92.5,better,false,motriskindex-families-2024-v4
ford-transit,2000,11400,40.28,91.5,88.9,94.1,better,false,motriskindex-families-2024-v4
ford-transit,2001,23740,44.91,99.4,97.6,101.3,no different,false,motriskindex-families-2024-v4
ford-transit,2002,40197,46.42,100.8,99.3,102.2,no different,false,motriskindex-families-2024-v4
ford-transit,2003,48327,48.42,102.6,101.3,103.9,worse,false,motriskindex-families-2024-v4
ford-transit,2004,49220,47.82,98.6,97.3,99.8,better,false,motriskindex-families-2024-v4
ford-transit,2005,66324,48.43,98.1,97.0,99.2,better,false,motriskindex-families-2024-v4
ford-transit,2006,116185,49.06,97.9,97.1,98.7,better,false,motriskindex-families-2024-v4
ford-transit,2007,171679,49.88,98.7,98.0,99.4,better,false,motriskindex-families-2024-v4
ford-transit,2008,196795,51.06,100.7,100.1,101.3,worse,false,motriskindex-families-2024-v4
ford-transit,2009,153683,50.06,100.2,99.5,100.9,no different,false,motriskindex-families-2024-v4
ford-transit,2010,208280,49.44,102.1,101.4,102.7,worse,false,motriskindex-families-2024-v4
ford-transit,2011,237126,48.61,105.6,105.0,106.2,worse,false,motriskindex-families-2024-v4
ford-transit,2012,191695,49.52,116.2,115.5,117.0,worse,false,motriskindex-families-2024-v4
ford-transit,2013,239288,43.31,112.3,111.7,113.0,worse,false,motriskindex-families-2024-v4
ford-transit,2014,326157,30.27,88.7,88.1,89.2,better,false,motriskindex-families-2024-v4
ford-transit,2015,399283,27.15,91.5,91.0,92.1,better,false,motriskindex-families-2024-v4
ford-transit,2016,462459,23.47,93.7,93.2,94.3,better,false,motriskindex-families-2024-v4
ford-transit,2017,420922,21.12,95.5,94.9,96.2,better,false,motriskindex-families-2024-v4
ford-transit,2018,135761,21.25,105.6,104.4,106.8,worse,false,motriskindex-families-2024-v4
ford-transit,2019,13657,21.91,121.6,117.3,126.0,worse,false,motriskindex-families-2024-v4
ford-transit,2020,4312,19.62,121.9,113.7,130.1,worse,false,motriskindex-families-2024-v4
ford-transit-connect,2002,6046,52.17,97.4,94.0,100.8,no different,false,motriskindex-families-2024-v4
ford-transit-connect,2003,58468,54.06,100.6,99.5,101.7,no different,false,motriskindex-families-2024-v4
ford-transit-connect,2004,82266,54.1,100.4,99.5,101.4,no different,false,motriskindex-families-2024-v4
ford-transit-connect,2005,100668,53.1,98.9,98.0,99.7,better,false,motriskindex-families-2024-v4
ford-transit-connect,2006,129455,53.49,99.8,99.0,100.5,no different,false,motriskindex-families-2024-v4
ford-transit-connect,2007,131095,52.87,100.1,99.3,100.8,no different,false,motriskindex-families-2024-v4
ford-transit-connect,2008,109470,51.24,99.2,98.4,100.0,no different,false,motriskindex-families-2024-v4
ford-transit-connect,2009,69537,49.66,100.2,99.2,101.3,no different,false,motriskindex-families-2024-v4
ford-transit-connect,2010,65566,48.78,104.5,103.4,105.7,worse,false,motriskindex-families-2024-v4
ford-transit-connect,2011,71686,45.36,105.8,104.6,106.9,worse,false,motriskindex-families-2024-v4
ford-transit-connect,2012,70600,40.92,106.0,104.8,107.2,worse,false,motriskindex-families-2024-v4
ford-transit-connect,2013,52205,35.17,102.4,100.9,103.9,worse,false,motriskindex-families-2024-v4
ford-transit-connect,2014,119772,28.0,91.3,90.3,92.3,better,false,motriskindex-families-2024-v4
ford-transit-connect,2015,149022,25.62,93.1,92.2,94.0,better,false,motriskindex-families-2024-v4
ford-transit-connect,2016,158360,23.46,95.1,94.2,96.1,better,false,motriskindex-families-2024-v4
ford-transit-connect,2017,176045,20.84,91.0,90.0,91.9,better,false,motriskindex-families-2024-v4
ford-transit-connect,2018,118395,22.75,103.4,102.2,104.6,worse,false,motriskindex-families-2024-v4
ford-transit-connect,2019,75548,25.8,123.0,121.2,124.7,worse,false,motriskindex-families-2024-v4
ford-transit-connect,2020,33218,22.54,113.4,110.8,115.9,worse,false,motriskindex-families-2024-v4
ford-transit-courier,2014,12403,35.71,103.1,100.0,106.1,no different,false,motriskindex-families-2024-v4
ford-transit-courier,2015,39874,34.08,106.2,104.4,108.0,worse,false,motriskindex-families-2024-v4
ford-transit-courier,2016,31349,31.91,109.6,107.4,111.7,worse,false,motriskindex-families-2024-v4
ford-transit-courier,2017,38297,26.19,97.0,95.1,98.9,better,false,motriskindex-families-2024-v4
ford-transit-courier,2018,30877,23.53,92.0,89.9,94.2,better,false,motriskindex-families-2024-v4
ford-transit-courier,2019,23251,22.56,94.8,92.2,97.3,better,false,motriskindex-families-2024-v4
ford-transit-courier,2020,10151,23.14,103.8,99.6,108.0,no different,false,motriskindex-families-2024-v4
ford-transit-custom,2014,558,28.32,122.6,103.5,141.7,worse,true,motriskindex-families-2024-v4
ford-transit-custom,2015,1170,29.06,130.1,116.3,144.0,worse,true,motriskindex-families-2024-v4
ford-transit-custom,2016,2544,21.7,99.9,91.6,108.3,no different,true,motriskindex-families-2024-v4
ford-transit-custom,2017,1886,22.69,106.9,96.8,117.0,no different,true,motriskindex-families-2024-v4
ford-transit-custom,2018,193969,19.92,96.5,95.6,97.5,better,false,motriskindex-families-2024-v4
ford-transit-custom,2019,209839,20.42,102.5,101.5,103.4,worse,false,motriskindex-families-2024-v4
ford-transit-custom,2020,97141,21.23,108.7,107.2,110.2,worse,false,motriskindex-families-2024-v4
great-wall-steed,2012,3414,44.23,101.5,96.4,106.6,no different,true,motriskindex-families-2024-v4
great-wall-steed,2013,5130,43.24,102.8,98.5,107.1,no different,false,motriskindex-families-2024-v4
great-wall-steed,2014,2111,38.13,97.4,90.7,104.2,no different,true,motriskindex-families-2024-v4
great-wall-steed,2015,3272,31.23,87.7,82.3,93.1,better,true,motriskindex-families-2024-v4
great-wall-steed,2016,1569,34.74,102.9,94.3,111.6,no different,true,motriskindex-families-2024-v4
honda-accord,1998,1844,46.75,95.5,89.2,101.9,no different,true,motriskindex-families-2024-v4
honda-accord,1999,7260,47.69,97.4,94.2,100.7,no different,false,motriskindex-families-2024-v4
honda-accord,2000,14582,47.51,98.4,96.1,100.7,no different,false,motriskindex-families-2024-v4
honda-accord,2001,12532,51.87,108.5,105.9,111.1,worse,false,motriskindex-families-2024-v4
honda-accord,2002,13295,51.03,108.4,105.8,111.0,worse,false,motriskindex-families-2024-v4
honda-accord,2003,28739,45.2,97.8,96.2,99.5,better,false,motriskindex-families-2024-v4
honda-accord,2004,45555,44.53,98.8,97.5,100.2,no different,false,motriskindex-families-2024-v4
honda-accord,2005,51928,43.89,100.7,99.4,102.0,no different,false,motriskindex-families-2024-v4
honda-accord,2006,48654,42.66,102.0,100.6,103.4,worse,false,motriskindex-families-2024-v4
honda-accord,2007,50446,40.51,101.9,100.5,103.3,worse,false,motriskindex-families-2024-v4
honda-accord,2008,40126,36.0,96.6,95.0,98.2,better,false,motriskindex-families-2024-v4
honda-accord,2009,38803,31.17,90.3,88.6,91.9,better,false,motriskindex-families-2024-v4
honda-accord,2010,15546,28.44,89.8,87.2,92.4,better,false,motriskindex-families-2024-v4
honda-accord,2011,14930,26.21,90.9,88.0,93.7,better,false,motriskindex-families-2024-v4
honda-accord,2012,13866,25.88,99.7,96.4,102.9,no different,false,motriskindex-families-2024-v4
honda-accord,2013,5636,20.78,91.2,86.0,96.5,better,false,motriskindex-families-2024-v4
honda-accord,2014,4843,18.21,90.6,84.6,96.6,better,false,motriskindex-families-2024-v4
honda-accord,2015,1506,13.81,74.8,64.6,85.0,better,true,motriskindex-families-2024-v4
honda-civic,1998,10556,45.91,96.9,94.2,99.6,better,false,motriskindex-families-2024-v4
honda-civic,1999,20120,44.68,95.0,93.1,97.0,better,false,motriskindex-families-2024-v4
honda-civic,2000,28086,43.34,92.9,91.2,94.5,better,false,motriskindex-families-2024-v4
honda-civic,2001,83810,46.66,100.5,99.5,101.5,no different,false,motriskindex-families-2024-v4
honda-civic,2002,121172,46.51,100.5,99.7,101.4,no different,false,motriskindex-families-2024-v4
honda-civic,2003,138288,47.19,102.1,101.3,102.9,worse,false,motriskindex-families-2024-v4
honda-civic,2004,174295,45.18,98.5,97.9,99.2,better,false,motriskindex-families-2024-v4
honda-civic,2005,199728,43.71,96.4,95.8,97.1,better,false,motriskindex-families-2024-v4
honda-civic,2006,245799,44.99,100.8,100.2,101.4,worse,false,motriskindex-families-2024-v4
honda-civic,2007,337738,43.22,99.4,98.8,99.9,better,false,motriskindex-families-2024-v4
honda-civic,2008,284792,42.06,100.7,100.1,101.3,worse,false,motriskindex-families-2024-v4
honda-civic,2009,237933,40.76,103.7,103.1,104.4,worse,false,motriskindex-families-2024-v4
honda-civic,2010,197853,39.49,109.3,108.5,110.0,worse,false,motriskindex-families-2024-v4
honda-civic,2011,127100,37.09,115.1,114.0,116.1,worse,false,motriskindex-families-2024-v4
honda-civic,2012,147622,23.36,84.0,83.1,84.9,better,false,motriskindex-families-2024-v4
honda-civic,2013,170952,20.97,88.9,87.9,89.8,better,false,motriskindex-families-2024-v4
honda-civic,2014,160045,18.33,91.6,90.6,92.7,better,false,motriskindex-families-2024-v4
honda-civic,2015,166664,15.19,89.8,88.7,90.9,better,false,motriskindex-families-2024-v4
honda-civic,2016,180359,13.69,97.0,95.7,98.2,better,false,motriskindex-families-2024-v4
honda-civic,2017,139720,12.3,97.1,95.6,98.5,better,false,motriskindex-families-2024-v4
honda-civic,2018,96615,12.05,101.2,99.4,103.1,no different,false,motriskindex-families-2024-v4
honda-civic,2019,64243,10.14,93.2,90.9,95.4,better,false,motriskindex-families-2024-v4
honda-civic,2020,10148,9.12,94.0,88.0,100.1,no different,false,motriskindex-families-2024-v4
honda-cr-v,1998,5036,47.9,93.8,90.0,97.5,better,false,motriskindex-families-2024-v4
honda-cr-v,1999,8914,50.86,99.7,96.8,102.6,no different,false,motriskindex-families-2024-v4
honda-cr-v,2000,14902,49.04,97.6,95.3,99.8,better,false,motriskindex-families-2024-v4
honda-cr-v,2001,23742,47.92,97.2,95.4,99.0,better,false,motriskindex-families-2024-v4
honda-cr-v,2002,57718,48.78,100.5,99.4,101.7,no different,false,motriskindex-families-2024-v4
honda-cr-v,2003,80978,49.6,104.7,103.7,105.7,worse,false,motriskindex-families-2024-v4
honda-cr-v,2004,90887,48.41,106.0,105.1,107.0,worse,false,motriskindex-families-2024-v4
honda-cr-v,2005,127513,43.88,101.5,100.7,102.4,worse,false,motriskindex-families-2024-v4
honda-cr-v,2006,130248,42.35,104.7,103.8,105.5,worse,false,motriskindex-families-2024-v4
honda-cr-v,2007,185979,38.28,102.9,102.1,103.6,worse,false,motriskindex-families-2024-v4
honda-cr-v,2008,129623,32.02,95.6,94.7,96.6,better,false,motriskindex-families-2024-v4
honda-cr-v,2009,112733,27.75,93.6,92.6,94.7,better,false,motriskindex-families-2024-v4
honda-cr-v,2010,115643,24.25,93.5,92.4,94.6,better,false,motriskindex-families-2024-v4
honda-cr-v,2011,112642,22.64,100.4,99.2,101.7,no different,false,motriskindex-families-2024-v4
honda-cr-v,2012,140039,19.85,101.8,100.6,103.0,worse,false,motriskindex-families-2024-v4
honda-cr-v,2013,158880,15.97,94.4,93.2,95.5,better,false,motriskindex-families-2024-v4
honda-cr-v,2014,164780,14.85,99.9,98.6,101.1,no different,false,motriskindex-families-2024-v4
honda-cr-v,2015,159852,12.69,96.5,95.2,97.9,better,false,motriskindex-families-2024-v4
honda-cr-v,2016,159044,10.87,95.7,94.3,97.2,better,false,motriskindex-families-2024-v4
honda-cr-v,2017,114937,9.83,95.5,93.8,97.3,better,false,motriskindex-families-2024-v4
honda-cr-v,2018,67113,10.1,104.6,102.1,107.1,worse,false,motriskindex-families-2024-v4
honda-cr-v,2019,42206,6.85,77.1,74.3,79.9,better,false,motriskindex-families-2024-v4
honda-cr-v,2020,16793,6.97,86.8,81.8,91.8,better,false,motriskindex-families-2024-v4
honda-cr-z,2010,14484,22.11,99.3,95.9,102.7,no different,false,motriskindex-families-2024-v4
honda-cr-z,2011,16055,21.97,104.1,100.7,107.5,worse,false,motriskindex-families-2024-v4
honda-cr-z,2012,6929,19.02,95.6,90.5,100.8,no different,false,motriskindex-families-2024-v4
honda-cr-z,2013,3279,15.92,90.3,82.6,98.1,better,true,motriskindex-families-2024-v4
honda-cr-z,2014,1501,14.66,87.9,76.3,99.5,better,true,motriskindex-families-2024-v4
honda-fit,2010,838,20.05,112.2,95.3,129.2,no different,true,motriskindex-families-2024-v4
honda-fit,2011,3243,15.48,101.2,92.3,110.0,no different,true,motriskindex-families-2024-v4
honda-fit,2012,2854,12.51,105.9,94.9,116.9,no different,true,motriskindex-families-2024-v4
honda-fit,2013,1159,9.32,99.0,80.3,117.6,no different,true,motriskindex-families-2024-v4
honda-fr-v,2004,1648,47.82,101.2,94.1,108.3,no different,true,motriskindex-families-2024-v4
honda-fr-v,2005,11245,48.4,104.8,102.0,107.5,worse,false,motriskindex-families-2024-v4
honda-fr-v,2006,14262,47.54,106.6,104.1,109.2,worse,false,motriskindex-families-2024-v4
honda-fr-v,2007,15182,41.37,97.9,95.5,100.3,no different,false,motriskindex-families-2024-v4
honda-fr-v,2008,13490,41.19,101.3,98.7,104.0,no different,false,motriskindex-families-2024-v4
honda-fr-v,2009,9077,37.36,97.6,94.3,100.9,no different,false,motriskindex-families-2024-v4
honda-fr-v,2010,396,36.11,97.1,81.2,113.1,no different,true,motriskindex-families-2024-v4
honda-hr-v,1999,3014,46.52,101.3,96.0,106.6,no different,true,motriskindex-families-2024-v4
honda-hr-v,2000,6394,44.85,99.1,95.5,102.7,no different,false,motriskindex-families-2024-v4
honda-hr-v,2001,7948,44.87,100.2,96.9,103.5,no different,false,motriskindex-families-2024-v4
honda-hr-v,2002,8120,42.14,94.7,91.5,97.9,better,false,motriskindex-families-2024-v4
honda-hr-v,2003,4160,44.23,97.7,93.3,102.2,no different,false,motriskindex-families-2024-v4
honda-hr-v,2004,4037,43.47,96.7,92.2,101.3,no different,true,motriskindex-families-2024-v4
honda-hr-v,2005,2997,42.41,96.2,90.9,101.5,no different,true,motriskindex-families-2024-v4
honda-hr-v,2006,328,42.07,97.5,81.2,113.8,no different,true,motriskindex-families-2024-v4
honda-hr-v,2015,30463,12.36,103.0,99.7,106.3,no different,false,motriskindex-families-2024-v4
honda-hr-v,2016,76332,11.36,109.1,106.8,111.4,worse,false,motriskindex-families-2024-v4
honda-hr-v,2017,55585,9.73,102.9,100.1,105.6,worse,false,motriskindex-families-2024-v4
honda-hr-v,2018,42846,8.6,97.2,94.1,100.3,no different,false,motriskindex-families-2024-v4
honda-hr-v,2019,24638,6.35,78.6,74.7,82.5,better,false,motriskindex-families-2024-v4
honda-hr-v,2020,11257,6.43,87.7,81.3,94.1,better,false,motriskindex-families-2024-v4
honda-insight,2009,23540,29.49,100.9,98.6,103.3,no different,false,motriskindex-families-2024-v4
honda-insight,2010,33346,27.66,100.7,98.6,102.7,no different,false,motriskindex-families-2024-v4
honda-insight,2011,22663,25.89,100.4,97.8,103.0,no different,false,motriskindex-families-2024-v4
honda-insight,2012,17997,23.83,97.0,94.1,99.9,better,false,motriskindex-families-2024-v4
honda-insight,2013,6187,21.17,94.2,89.1,99.3,better,false,motriskindex-families-2024-v4
honda-insight,2014,3521,19.34,94.0,86.9,101.0,no different,true,motriskindex-families-2024-v4
honda-integra,2000,490,32.24,137.5,116.0,158.9,worse,true,motriskindex-families-2024-v4
honda-integra,2001,1214,21.09,97.7,85.7,109.7,no different,true,motriskindex-families-2024-v4
honda-integra,2002,1144,20.28,85.7,74.6,96.7,better,true,motriskindex-families-2024-v4
honda-integra,2003,420,19.52,85.7,67.2,104.3,no different,true,motriskindex-families-2024-v4
honda-integra,2004,314,18.47,86.6,64.3,108.9,no different,true,motriskindex-families-2024-v4
honda-integra,2005,392,16.58,78.0,59.0,96.9,better,true,motriskindex-families-2024-v4
honda-integra,2006,201,14.43,64.1,40.8,87.5,better,true,motriskindex-families-2024-v4
honda-jazz,2002,50721,45.14,100.5,99.2,101.8,no different,false,motriskindex-families-2024-v4
honda-jazz,2003,98083,42.59,96.8,95.9,97.7,better,false,motriskindex-families-2024-v4
honda-jazz,2004,162357,42.21,98.6,97.9,99.4,better,false,motriskindex-families-2024-v4
honda-jazz,2005,218989,42.21,102.5,101.9,103.2,worse,false,motriskindex-families-2024-v4
honda-jazz,2006,255366,39.92,102.4,101.8,103.1,worse,false,motriskindex-families-2024-v4
honda-jazz,2007,254088,39.01,107.9,107.2,108.6,worse,false,motriskindex-families-2024-v4
honda-jazz,2008,247296,36.73,111.8,111.0,112.5,worse,false,motriskindex-families-2024-v4
honda-jazz,2009,271992,26.96,92.3,91.6,92.9,better,false,motriskindex-families-2024-v4
honda-jazz,2010,245777,24.76,97.0,96.2,97.7,better,false,motriskindex-families-2024-v4
honda-jazz,2011,218164,20.03,90.8,89.9,91.6,better,false,motriskindex-families-2024-v4
honda-jazz,2012,219112,18.35,95.6,94.7,96.5,better,false,motriskindex-families-2024-v4
honda-jazz,2013,211147,16.19,98.3,97.3,99.4,better,false,motriskindex-families-2024-v4
honda-jazz,2014,215520,14.05,100.8,99.6,101.9,no different,false,motriskindex-families-2024-v4
honda-jazz,2015,195351,11.45,96.4,95.2,97.7,better,false,motriskindex-families-2024-v4
honda-jazz,2016,203490,9.19,92.7,91.4,94.1,better,false,motriskindex-families-2024-v4
honda-jazz,2017,170109,8.28,94.4,92.8,95.9,better,false,motriskindex-families-2024-v4
honda-jazz,2018,142244,7.86,97.8,96.0,99.6,better,false,motriskindex-families-2024-v4
honda-jazz,2019,84268,6.83,96.7,94.2,99.2,better,false,motriskindex-families-2024-v4
honda-jazz,2020,14831,6.53,107.1,100.3,113.8,worse,false,motriskindex-families-2024-v4
honda-prelude,1998,980,45.31,102.5,93.0,112.0,no different,true,motriskindex-families-2024-v4
honda-prelude,1999,1374,37.41,92.2,84.2,100.2,no different,true,motriskindex-families-2024-v4
honda-prelude,2000,1686,43.18,102.6,95.1,110.0,no different,true,motriskindex-families-2024-v4
honda-s2000,1999,1176,24.49,102.0,90.2,113.8,no different,true,motriskindex-families-2024-v4
honda-s2000,2000,3030,27.79,119.0,111.0,127.1,worse,true,motriskindex-families-2024-v4
honda-s2000,2001,2746,26.07,113.9,105.6,122.3,worse,true,motriskindex-families-2024-v4
honda-s2000,2002,7374,23.72,105.2,100.3,110.1,worse,false,motriskindex-families-2024-v4
honda-s2000,2003,7536,22.62,101.1,96.3,105.9,no different,false,motriskindex-families-2024-v4
honda-s2000,2004,7923,20.56,94.7,90.1,99.3,better,false,motriskindex-families-2024-v4
honda-s2000,2005,8097,20.69,99.1,94.4,103.9,no different,false,motriskindex-families-2024-v4
honda-s2000,2006,6215,18.04,92.7,87.2,98.1,better,false,motriskindex-families-2024-v4
honda-s2000,2007,5390,17.24,92.9,87.0,98.9,better,false,motriskindex-families-2024-v4
honda-s2000,2008,3183,16.43,92.1,84.2,100.0,no different,true,motriskindex-families-2024-v4
honda-s2000,2009,3891,12.39,77.8,70.9,84.8,better,true,motriskindex-families-2024-v4
honda-stepwagon,2005,704,30.11,108.7,94.1,123.3,no different,true,motriskindex-families-2024-v4
honda-stepwagon,2006,552,30.8,123.7,105.1,142.3,worse,true,motriskindex-families-2024-v4
honda-stepwagon,2007,666,27.93,121.9,104.4,139.4,worse,true,motriskindex-families-2024-v4
honda-stepwagon,2008,1290,24.96,106.5,94.9,118.2,no different,true,motriskindex-families-2024-v4
honda-stepwagon,2009,1261,24.58,109.1,96.9,121.2,no different,true,motriskindex-families-2024-v4
honda-stepwagon,2010,1970,20.05,98.3,88.6,108.0,no different,true,motriskindex-families-2024-v4
honda-stepwagon,2011,839,22.17,120.4,103.1,137.7,worse,true,motriskindex-families-2024-v4
hyundai-accent,1999,858,49.88,95.1,86.1,104.1,no different,true,motriskindex-families-2024-v4
hyundai-accent,2000,1766,51.98,98.6,92.2,104.9,no different,true,motriskindex-families-2024-v4
hyundai-accent,2001,2852,51.19,99.4,94.3,104.5,no different,true,motriskindex-families-2024-v4
hyundai-accent,2002,5364,50.26,99.6,95.8,103.3,no different,false,motriskindex-families-2024-v4
hyundai-accent,2003,3289,50.78,101.8,96.9,106.7,no different,true,motriskindex-families-2024-v4
hyundai-accent,2004,4075,48.54,97.3,93.0,101.6,no different,true,motriskindex-families-2024-v4
hyundai-accent,2005,5350,45.83,96.4,92.6,100.3,no different,false,motriskindex-families-2024-v4
hyundai-accent,2006,3730,45.12,96.0,91.4,100.6,no different,true,motriskindex-families-2024-v4
hyundai-accent,2007,3478,41.81,92.2,87.5,97.0,better,true,motriskindex-families-2024-v4
hyundai-accent,2008,1278,39.91,90.7,82.8,98.6,better,true,motriskindex-families-2024-v4
hyundai-amica,2000,5614,54.19,104.9,101.1,108.6,worse,false,motriskindex-families-2024-v4
hyundai-amica,2001,7166,49.82,98.5,95.3,101.8,no different,false,motriskindex-families-2024-v4
hyundai-amica,2002,7770,46.46,96.2,93.1,99.4,better,false,motriskindex-families-2024-v4
hyundai-amica,2003,368,51.09,110.0,94.3,125.7,no different,true,motriskindex-families-2024-v4
hyundai-amica,2006,27685,40.23,99.4,97.6,101.3,no different,false,motriskindex-families-2024-v4
hyundai-amica,2007,30575,37.95,97.1,95.4,98.9,better,false,motriskindex-families-2024-v4
hyundai-amica,2008,12679,38.91,100.4,97.6,103.2,no different,false,motriskindex-families-2024-v4
hyundai-coupe,2000,896,55.13,101.9,92.9,110.9,no different,true,motriskindex-families-2024-v4
hyundai-coupe,2001,1794,57.41,106.9,100.4,113.4,worse,true,motriskindex-families-2024-v4
hyundai-coupe,2002,2988,53.68,101.0,96.1,105.9,no different,true,motriskindex-families-2024-v4
hyundai-coupe,2003,5704,54.63,103.9,100.2,107.5,worse,false,motriskindex-families-2024-v4
hyundai-coupe,2004,8878,52.76,101.9,99.0,104.9,no different,false,motriskindex-families-2024-v4
hyundai-coupe,2005,13743,49.35,97.7,95.4,100.1,no different,false,motriskindex-families-2024-v4
hyundai-coupe,2006,19081,47.13,95.4,93.4,97.3,better,false,motriskindex-families-2024-v4
hyundai-coupe,2007,23180,48.02,99.3,97.4,101.1,no different,false,motriskindex-families-2024-v4
hyundai-coupe,2008,15127,45.89,97.2,95.0,99.5,better,false,motriskindex-families-2024-v4
hyundai-coupe,2009,15027,45.42,97.8,95.4,100.1,no different,false,motriskindex-families-2024-v4
hyundai-getz,2002,2630,49.89,99.5,94.1,104.9,no different,true,motriskindex-families-2024-v4
hyundai-getz,2003,28209,51.78,104.7,103.0,106.4,worse,false,motriskindex-families-2024-v4
hyundai-getz,2004,51861,50.15,103.0,101.7,104.2,worse,false,motriskindex-families-2024-v4
hyundai-getz,2005,55806,49.16,103.2,101.9,104.4,worse,false,motriskindex-families-2024-v4
hyundai-getz,2006,59696,44.11,96.3,95.1,97.4,better,false,motriskindex-families-2024-v4
hyundai-getz,2007,65157,41.5,93.7,92.6,94.9,better,false,motriskindex-families-2024-v4
hyundai-getz,2008,56075,41.04,96.3,95.0,97.5,better,false,motriskindex-families-2024-v4
hyundai-getz,2009,4524,39.3,96.3,91.8,100.7,no different,false,motriskindex-families-2024-v4
hyundai-i10,2008,58620,41.18,109.7,108.3,111.1,worse,false,motriskindex-families-2024-v4
hyundai-i10,2009,228769,35.78,101.0,100.3,101.7,worse,false,motriskindex-families-2024-v4
hyundai-i10,2010,223980,32.06,96.3,95.5,97.0,better,false,motriskindex-families-2024-v4
hyundai-i10,2011,198707,30.52,97.7,97.0,98.5,better,false,motriskindex-families-2024-v4
hyundai-i10,2012,230216,31.49,108.7,107.9,109.5,worse,false,motriskindex-families-2024-v4
hyundai-i10,2013,232216,29.78,113.1,112.2,113.9,worse,false,motriskindex-families-2024-v4
hyundai-i10,2014,256902,23.45,100.4,99.6,101.2,no different,false,motriskindex-families-2024-v4
hyundai-i10,2015,246782,19.07,93.9,93.1,94.7,better,false,motriskindex-families-2024-v4
hyundai-i10,2016,244793,15.25,87.8,86.9,88.7,better,false,motriskindex-families-2024-v4
hyundai-i10,2017,224427,13.48,87.4,86.4,88.4,better,false,motriskindex-families-2024-v4
hyundai-i10,2018,149241,13.9,99.5,98.1,100.8,no different,false,motriskindex-families-2024-v4
hyundai-i10,2019,91493,14.39,115.7,113.7,117.7,worse,false,motriskindex-families-2024-v4
hyundai-i10,2020,19436,11.83,104.8,100.5,109.1,worse,false,motriskindex-families-2024-v4
hyundai-i20,2008,1156,33.91,85.6,77.1,94.1,better,true,motriskindex-families-2024-v4
hyundai-i20,2009,116742,38.15,99.4,98.4,100.3,no different,false,motriskindex-families-2024-v4
hyundai-i20,2010,117543,35.59,98.0,97.0,98.9,better,false,motriskindex-families-2024-v4
hyundai-i20,2011,113690,34.95,103.8,102.7,104.8,worse,false,motriskindex-families-2024-v4
hyundai-i20,2012,111171,34.91,114.0,112.8,115.1,worse,false,motriskindex-families-2024-v4
hyundai-i20,2013,142678,31.15,114.3,113.2,115.3,worse,false,motriskindex-families-2024-v4
hyundai-i20,2014,147137,23.71,101.4,100.4,102.5,worse,false,motriskindex-families-2024-v4
hyundai-i20,2015,142945,16.19,83.2,82.1,84.3,better,false,motriskindex-families-2024-v4
hyundai-i20,2016,152944,13.78,86.1,85.0,87.3,better,false,motriskindex-families-2024-v4
hyundai-i20,2017,111532,12.87,93.1,91.5,94.6,better,false,motriskindex-families-2024-v4
hyundai-i20,2018,61318,11.58,94.3,92.1,96.5,better,false,motriskindex-families-2024-v4
hyundai-i20,2019,37351,9.73,91.6,88.6,94.5,better,false,motriskindex-families-2024-v4
hyundai-i20,2020,12748,9.39,99.2,93.6,104.8,no different,false,motriskindex-families-2024-v4
hyundai-i30,2007,12061,46.07,99.1,96.5,101.7,no different,false,motriskindex-families-2024-v4
hyundai-i30,2008,34816,46.26,102.2,100.6,103.8,worse,false,motriskindex-families-2024-v4
hyundai-i30,2009,111911,42.73,97.1,96.2,98.0,better,false,motriskindex-families-2024-v4
hyundai-i30,2010,126483,43.75,103.2,102.4,104.1,worse,false,motriskindex-families-2024-v4
hyundai-i30,2011,107356,41.36,103.5,102.6,104.5,worse,false,motriskindex-families-2024-v4
hyundai-i30,2012,101952,38.36,104.2,103.1,105.2,worse,false,motriskindex-families-2024-v4
hyundai-i30,2013,119783,34.73,105.0,104.0,106.0,worse,false,motriskindex-families-2024-v4
hyundai-i30,2014,110554,29.06,99.9,98.9,101.0,no different,false,motriskindex-families-2024-v4
hyundai-i30,2015,153656,23.93,96.9,95.9,97.9,better,false,motriskindex-families-2024-v4
hyundai-i30,2016,108158,20.44,101.0,99.7,102.4,no different,false,motriskindex-families-2024-v4
hyundai-i30,2017,66240,14.38,82.1,80.4,83.7,better,false,motriskindex-families-2024-v4
hyundai-i30,2018,52325,13.38,84.0,82.0,86.0,better,false,motriskindex-families-2024-v4
hyundai-i30,2019,20919,11.97,85.2,81.9,88.5,better,false,motriskindex-families-2024-v4
hyundai-i30,2020,4682,12.69,103.9,95.5,112.2,no different,false,motriskindex-families-2024-v4
hyundai-i40,2011,7248,36.31,106.4,102.4,110.5,worse,false,motriskindex-families-2024-v4
hyundai-i40,2012,40275,34.57,108.3,106.5,110.1,worse,false,motriskindex-families-2024-v4
hyundai-i40,2013,34290,32.46,110.1,108.0,112.1,worse,false,motriskindex-families-2024-v4
hyundai-i40,2014,42913,27.73,103.3,101.4,105.1,worse,false,motriskindex-families-2024-v4
hyundai-i40,2015,42256,22.92,95.5,93.6,97.4,better,false,motriskindex-families-2024-v4
hyundai-i40,2016,41150,18.26,88.0,86.0,90.0,better,false,motriskindex-families-2024-v4
hyundai-i40,2017,26175,15.06,80.9,78.4,83.5,better,false,motriskindex-families-2024-v4
hyundai-i40,2018,8477,17.4,99.2,94.1,104.3,no different,false,motriskindex-families-2024-v4
hyundai-i40,2019,2414,15.99,99.9,89.9,109.9,no different,true,motriskindex-families-2024-v4
hyundai-i800,2008,1270,48.5,107.2,98.8,115.7,no different,true,motriskindex-families-2024-v4
hyundai-i800,2009,1992,47.09,104.5,97.8,111.2,no different,true,motriskindex-families-2024-v4
hyundai-i800,2010,5709,45.59,103.3,99.3,107.3,no different,false,motriskindex-families-2024-v4
hyundai-i800,2011,6502,42.25,97.5,93.9,101.2,no different,false,motriskindex-families-2024-v4
hyundai-i800,2012,11314,42.61,101.4,98.5,104.3,no different,false,motriskindex-families-2024-v4
hyundai-i800,2013,2318,34.12,84.5,78.6,90.4,better,true,motriskindex-families-2024-v4
hyundai-i800,2014,1719,35.95,94.0,86.6,101.4,no different,true,motriskindex-families-2024-v4
hyundai-i800,2015,1704,37.21,102.8,94.8,110.8,no different,true,motriskindex-families-2024-v4
hyundai-i800,2016,11461,37.34,108.7,105.5,112.0,worse,false,motriskindex-families-2024-v4
hyundai-i800,2017,12969,30.58,94.1,91.2,97.0,better,false,motriskindex-families-2024-v4
hyundai-i800,2018,8298,32.44,103.2,99.3,107.1,no different,false,motriskindex-families-2024-v4
hyundai-i800,2019,9063,30.55,100.3,96.5,104.0,no different,false,motriskindex-families-2024-v4
hyundai-i800,2020,229,36.68,123.0,96.7,149.3,no different,true,motriskindex-families-2024-v4
hyundai-ioniq,2016,5069,11.96,87.7,80.7,94.7,better,false,motriskindex-families-2024-v4
hyundai-ioniq,2017,53846,11.14,87.8,85.6,90.1,better,false,motriskindex-families-2024-v4
hyundai-ioniq,2018,61315,12.16,100.9,98.6,103.2,no different,false,motriskindex-families-2024-v4
hyundai-ioniq,2019,50233,12.87,111.5,108.8,114.2,worse,false,motriskindex-families-2024-v4
hyundai-ioniq,2020,23754,13.56,118.0,114.0,122.1,worse,false,motriskindex-families-2024-v4
hyundai-ix20,2010,3688,38.72,98.0,92.9,103.1,no different,true,motriskindex-families-2024-v4
hyundai-ix20,2011,40607,37.13,101.0,99.4,102.6,no different,false,motriskindex-families-2024-v4
hyundai-ix20,2012,39494,36.97,112.3,110.5,114.1,worse,false,motriskindex-families-2024-v4
hyundai-ix20,2013,37561,31.7,111.1,109.1,113.1,worse,false,motriskindex-families-2024-v4
hyundai-ix20,2014,38274,24.2,100.4,98.3,102.4,no different,false,motriskindex-families-2024-v4
hyundai-ix20,2015,36183,17.77,87.9,85.7,90.0,better,false,motriskindex-families-2024-v4
hyundai-ix20,2016,40683,15.2,93.6,91.3,96.0,better,false,motriskindex-families-2024-v4
hyundai-ix20,2017,37595,12.16,87.4,84.8,89.9,better,false,motriskindex-families-2024-v4
hyundai-ix20,2018,15364,10.3,81.8,77.8,85.9,better,false,motriskindex-families-2024-v4
hyundai-ix20,2019,7735,10.12,88.7,82.5,94.9,better,false,motriskindex-families-2024-v4
hyundai-ix20,2020,367,9.81,97.0,65.3,128.7,no different,true,motriskindex-families-2024-v4
hyundai-ix35,2010,34384,37.03,97.5,95.8,99.2,better,false,motriskindex-families-2024-v4
hyundai-ix35,2011,60300,37.37,105.7,104.3,107.1,worse,false,motriskindex-families-2024-v4
hyundai-ix35,2012,95354,34.5,105.9,104.7,107.0,worse,false,motriskindex-families-2024-v4
hyundai-ix35,2013,119406,32.95,111.2,110.1,112.3,worse,false,motriskindex-families-2024-v4
hyundai-ix35,2014,150663,24.15,91.1,90.2,92.1,better,false,motriskindex-families-2024-v4
hyundai-ix35,2015,131279,21.35,91.2,90.1,92.3,better,false,motriskindex-families-2024-v4
hyundai-ix35,2016,3618,17.63,90.5,83.5,97.6,better,true,motriskindex-families-2024-v4
hyundai-kona,2017,3747,9.07,78.7,70.3,87.0,better,true,motriskindex-families-2024-v4
hyundai-kona,2018,47039,10.9,96.7,94.0,99.3,better,false,motriskindex-families-2024-v4
hyundai-kona,2019,44756,10.72,99.4,96.6,102.2,no different,false,motriskindex-families-2024-v4
hyundai-kona,2020,35769,11.07,107.3,104.0,110.7,worse,false,motriskindex-families-2024-v4
hyundai-matrix,2001,226,59.29,117.6,97.7,137.6,no different,true,motriskindex-families-2024-v4
hyundai-matrix,2002,1898,54.27,107.4,100.8,113.9,worse,true,motriskindex-families-2024-v4
hyundai-matrix,2003,4366,50.21,101.4,97.1,105.6,no different,false,motriskindex-families-2024-v4
hyundai-matrix,2004,8302,48.9,99.1,96.0,102.1,no different,false,motriskindex-families-2024-v4
hyundai-matrix,2005,12979,47.85,98.2,95.8,100.7,no different,false,motriskindex-families-2024-v4
hyundai-matrix,2006,12862,46.79,97.5,95.1,100.0,no different,false,motriskindex-families-2024-v4
hyundai-matrix,2007,10836,47.46,100.8,98.0,103.5,no different,false,motriskindex-families-2024-v4
hyundai-matrix,2008,7023,43.93,96.8,93.4,100.2,no different,false,motriskindex-families-2024-v4
hyundai-matrix,2009,4121,40.06,92.3,87.9,96.8,better,true,motriskindex-families-2024-v4
hyundai-matrix,2010,2146,35.83,88.0,81.8,94.2,better,true,motriskindex-families-2024-v4
hyundai-santa-fe,2001,846,44.68,89.2,80.2,98.2,better,true,motriskindex-families-2024-v4
hyundai-santa-fe,2002,3584,47.27,95.2,90.7,99.8,better,true,motriskindex-families-2024-v4
hyundai-santa-fe,2003,8260,47.6,96.6,93.5,99.6,better,false,motriskindex-families-2024-v4
hyundai-santa-fe,2004,13552,48.93,99.7,97.3,102.1,no different,false,motriskindex-families-2024-v4
hyundai-santa-fe,2005,15915,47.83,98.3,96.1,100.5,no different,false,motriskindex-families-2024-v4
hyundai-santa-fe,2006,24069,49.23,101.8,100.0,103.6,no different,false,motriskindex-families-2024-v4
hyundai-santa-fe,2007,20301,47.0,98.6,96.6,100.6,no different,false,motriskindex-families-2024-v4
hyundai-santa-fe,2008,12389,46.16,98.7,96.1,101.2,no different,false,motriskindex-families-2024-v4
hyundai-santa-fe,2009,9704,44.86,98.5,95.6,101.5,no different,false,motriskindex-families-2024-v4
hyundai-santa-fe,2010,38687,44.91,102.5,101.0,104.0,worse,false,motriskindex-families-2024-v4
hyundai-santa-fe,2011,39964,44.57,108.7,107.1,110.3,worse,false,motriskindex-families-2024-v4
hyundai-santa-fe,2012,35840,42.1,113.7,111.9,115.6,worse,false,motriskindex-families-2024-v4
hyundai-santa-fe,2013,15565,33.22,103.7,100.8,106.5,worse,false,motriskindex-families-2024-v4
hyundai-santa-fe,2014,28000,25.0,91.6,89.5,93.8,better,false,motriskindex-families-2024-v4
hyundai-santa-fe,2015,33116,17.83,78.9,76.9,81.0,better,false,motriskindex-families-2024-v4
hyundai-santa-fe,2016,47580,16.13,86.6,84.7,88.6,better,false,motriskindex-families-2024-v4
hyundai-santa-fe,2017,25872,14.78,92.7,89.7,95.6,better,false,motriskindex-families-2024-v4
hyundai-santa-fe,2018,13840,14.54,99.7,95.3,104.1,no different,false,motriskindex-families-2024-v4
hyundai-santa-fe,2019,5870,13.19,96.9,90.1,103.7,no different,false,motriskindex-families-2024-v4
hyundai-santa-fe,2020,1632,13.54,104.9,91.0,118.7,no different,true,motriskindex-families-2024-v4
hyundai-terracan,2003,1890,45.4,99.0,92.4,105.6,no different,true,motriskindex-families-2024-v4
hyundai-terracan,2004,5750,45.36,100.1,96.3,104.0,no different,false,motriskindex-families-2024-v4
hyundai-terracan,2005,6822,42.22,95.0,91.5,98.5,better,false,motriskindex-families-2024-v4
hyundai-terracan,2006,4458,46.25,104.1,99.6,108.6,no different,false,motriskindex-families-2024-v4
hyundai-terracan,2007,3874,42.0,95.6,90.9,100.2,no different,true,motriskindex-families-2024-v4
hyundai-tucson,2004,6056,49.5,100.9,97.3,104.5,no different,false,motriskindex-families-2024-v4
hyundai-tucson,2005,21959,48.19,99.8,97.9,101.7,no different,false,motriskindex-families-2024-v4
hyundai-tucson,2006,24525,47.89,101.3,99.5,103.2,no different,false,motriskindex-families-2024-v4
hyundai-tucson,2007,17924,45.05,98.3,96.1,100.4,no different,false,motriskindex-families-2024-v4
hyundai-tucson,2008,9561,41.22,94.3,91.3,97.2,better,false,motriskindex-families-2024-v4
hyundai-tucson,2009,9376,39.48,95.0,91.9,98.1,better,false,motriskindex-families-2024-v4
hyundai-tucson,2010,3492,38.23,101.7,96.2,107.1,no different,true,motriskindex-families-2024-v4
hyundai-tucson,2015,54371,19.5,108.6,106.5,110.7,worse,false,motriskindex-families-2024-v4
hyundai-tucson,2016,231434,16.23,101.9,100.9,103.0,worse,false,motriskindex-families-2024-v4
hyundai-tucson,2017,234842,13.99,95.1,94.1,96.1,better,false,motriskindex-families-2024-v4
hyundai-tucson,2018,177232,14.13,100.4,99.1,101.6,no different,false,motriskindex-families-2024-v4
hyundai-tucson,2019,136696,14.48,107.4,105.9,108.9,worse,false,motriskindex-families-2024-v4
hyundai-tucson,2020,39954,14.57,113.0,110.1,115.9,worse,false,motriskindex-families-2024-v4
hyundai-veloster,2012,16808,33.5,99.5,96.9,102.1,no different,false,motriskindex-families-2024-v4
hyundai-veloster,2013,9702,31.99,101.2,97.6,104.8,no different,false,motriskindex-families-2024-v4
hyundai-veloster,2014,1326,29.11,97.2,87.5,106.9,no different,true,motriskindex-families-2024-v4
infiniti-q30,2016,19601,12.23,98.9,95.0,102.9,no different,false,motriskindex-families-2024-v4
infiniti-q30,2017,24603,10.97,102.5,98.6,106.3,no different,false,motriskindex-families-2024-v4
infiniti-q30,2018,2215,10.29,106.6,92.7,120.4,no different,true,motriskindex-families-2024-v4
infiniti-q30,2019,1027,10.52,127.0,103.1,151.0,worse,true,motriskindex-families-2024-v4
infiniti-q50,2014,4755,22.99,105.7,99.4,112.0,no different,false,motriskindex-families-2024-v4
infiniti-q50,2015,8744,20.23,100.2,95.5,104.9,no different,false,motriskindex-families-2024-v4
infiniti-q50,2016,7288,18.87,103.4,97.9,108.9,no different,false,motriskindex-families-2024-v4
infiniti-q50,2017,3932,14.29,83.1,76.2,89.9,better,true,motriskindex-families-2024-v4
infiniti-q50,2018,1894,17.9,107.3,95.9,118.7,no different,true,motriskindex-families-2024-v4
isuzu-d-max,2012,14937,35.58,103.1,100.4,105.9,worse,false,motriskindex-families-2024-v4
isuzu-d-max,2013,33147,33.93,103.8,101.8,105.7,worse,false,motriskindex-families-2024-v4
isuzu-d-max,2014,46208,30.66,101.3,99.6,103.0,no different,false,motriskindex-families-2024-v4
isuzu-d-max,2015,53420,26.96,97.9,96.3,99.5,better,false,motriskindex-families-2024-v4
isuzu-d-max,2016,49566,25.1,102.1,100.3,103.9,worse,false,motriskindex-families-2024-v4
isuzu-d-max,2017,42211,21.58,95.8,93.9,97.8,better,false,motriskindex-families-2024-v4
isuzu-d-max,2018,27591,21.13,100.4,97.8,103.0,no different,false,motriskindex-families-2024-v4
isuzu-d-max,2019,19134,19.93,103.4,100.1,106.6,worse,false,motriskindex-families-2024-v4
isuzu-d-max,2020,7472,19.31,108.1,102.5,113.7,worse,false,motriskindex-families-2024-v4
isuzu-rodeo,2002,208,55.77,122.3,100.0,144.5,no different,true,motriskindex-families-2024-v4
isuzu-rodeo,2003,902,47.67,106.1,96.1,116.1,no different,true,motriskindex-families-2024-v4
isuzu-rodeo,2004,6298,43.0,95.1,91.5,98.7,better,false,motriskindex-families-2024-v4
isuzu-rodeo,2005,8807,44.62,97.7,94.6,100.7,no different,false,motriskindex-families-2024-v4
isuzu-rodeo,2006,9195,44.99,97.7,94.7,100.7,no different,false,motriskindex-families-2024-v4
isuzu-rodeo,2007,9179,46.74,101.3,98.3,104.3,no different,false,motriskindex-families-2024-v4
isuzu-rodeo,2008,7392,47.51,104.0,100.5,107.4,worse,false,motriskindex-families-2024-v4
isuzu-rodeo,2009,6919,47.17,104.3,100.8,107.9,worse,false,motriskindex-families-2024-v4
isuzu-rodeo,2010,11802,43.06,97.9,95.2,100.6,no different,false,motriskindex-families-2024-v4
isuzu-rodeo,2011,8385,40.68,96.1,92.9,99.3,better,false,motriskindex-families-2024-v4
isuzu-rodeo,2012,2645,40.23,99.8,93.8,105.8,no different,true,motriskindex-families-2024-v4
isuzu-tf,2008,278,38.85,85.5,69.4,101.6,no different,true,motriskindex-families-2024-v4
isuzu-tf,2009,584,43.49,98.9,86.8,111.1,no different,true,motriskindex-families-2024-v4
isuzu-tf,2010,5559,43.26,100.5,96.4,104.5,no different,false,motriskindex-families-2024-v4
isuzu-tf,2011,11307,41.45,99.4,96.6,102.2,no different,false,motriskindex-families-2024-v4
isuzu-tf,2012,4216,40.58,99.4,94.7,104.1,no different,true,motriskindex-families-2024-v4
isuzu-trooper,1998,1876,41.9,94.6,88.0,101.2,no different,true,motriskindex-families-2024-v4
isuzu-trooper,1999,2984,44.03,101.4,95.9,106.9,no different,true,motriskindex-families-2024-v4
isuzu-trooper,2000,3088,43.13,101.8,96.3,107.2,no different,true,motriskindex-families-2024-v4
isuzu-trooper,2001,3608,40.58,97.0,92.0,101.9,no different,true,motriskindex-families-2024-v4
isuzu-trooper,2002,5820,42.75,101.6,97.6,105.6,no different,false,motriskindex-families-2024-v4
isuzu-trooper,2003,4332,41.37,97.4,92.9,101.9,no different,false,motriskindex-families-2024-v4
isuzu-trooper,2004,3798,38.44,91.6,86.9,96.3,better,true,motriskindex-families-2024-v4
isuzu-trooper,2005,1899,40.86,98.8,91.8,105.7,no different,true,motriskindex-families-2024-v4
isuzu-trooper,2006,363,45.18,109.6,92.8,126.4,no different,true,motriskindex-families-2024-v4
iveco-daily,2001,584,44.52,99.1,87.0,111.1,no different,true,motriskindex-families-2024-v4
iveco-daily,2002,736,44.57,99.9,89.1,110.7,no different,true,motriskindex-families-2024-v4
iveco-daily,2003,1296,48.15,110.4,101.7,119.1,worse,true,motriskindex-families-2024-v4
iveco-daily,2004,2304,44.97,104.7,98.3,111.0,no different,true,motriskindex-families-2024-v4
iveco-daily,2005,3755,44.31,105.2,100.2,110.3,worse,true,motriskindex-families-2024-v4
iveco-daily,2006,3806,39.67,96.2,91.3,101.0,no different,true,motriskindex-families-2024-v4
iveco-daily,2007,3354,38.31,95.2,90.0,100.4,no different,true,motriskindex-families-2024-v4
iveco-daily,2008,3051,38.77,98.9,93.3,104.5,no different,true,motriskindex-families-2024-v4
iveco-daily,2009,1624,32.57,88.9,81.3,96.5,better,true,motriskindex-families-2024-v4
iveco-daily,2010,1258,29.01,89.2,80.1,98.4,better,true,motriskindex-families-2024-v4
iveco-daily,2011,2980,24.83,100.2,93.0,107.4,no different,true,motriskindex-families-2024-v4
iveco-daily,2012,693,30.74,118.8,102.9,134.8,worse,true,motriskindex-families-2024-v4
iveco-daily,2013,430,37.21,167.7,141.7,193.6,worse,true,motriskindex-families-2024-v4
iveco-daily,2014,328,22.56,133.1,102.8,163.4,worse,true,motriskindex-families-2024-v4
iveco-daily,2015,540,20.37,159.3,129.6,189.1,worse,true,motriskindex-families-2024-v4
iveco-daily,2016,1121,12.4,123.4,102.9,143.9,worse,true,motriskindex-families-2024-v4
iveco-daily,2017,354,20.34,220.0,169.2,270.9,worse,true,motriskindex-families-2024-v4
iveco-daily,2018,200,19.0,208.4,142.2,274.7,worse,true,motriskindex-families-2024-v4
iveco-daily,2019,308,13.64,151.6,105.8,197.5,worse,true,motriskindex-families-2024-v4
iveco-daily,2020,946,5.39,60.7,44.0,77.3,better,true,motriskindex-families-2024-v4
jaguar-e-pace,2017,1654,12.82,105.1,91.0,119.3,no different,true,motriskindex-families-2024-v4
jaguar-e-pace,2018,72191,12.62,107.3,105.1,109.5,worse,false,motriskindex-families-2024-v4
jaguar-e-pace,2019,57155,11.11,100.6,98.2,103.1,no different,false,motriskindex-families-2024-v4
jaguar-e-pace,2020,18922,9.51,93.3,88.9,97.6,better,false,motriskindex-families-2024-v4
jaguar-f-pace,2016,84265,15.01,100.9,99.2,102.7,no different,false,motriskindex-families-2024-v4
jaguar-f-pace,2017,118138,14.45,102.4,100.9,104.0,worse,false,motriskindex-families-2024-v4
jaguar-f-pace,2018,74745,13.43,98.2,96.3,100.1,no different,false,motriskindex-families-2024-v4
jaguar-f-pace,2019,49848,13.84,105.3,102.8,107.8,worse,false,motriskindex-families-2024-v4
jaguar-f-pace,2020,20074,13.17,105.1,101.1,109.1,worse,false,motriskindex-families-2024-v4
jaguar-f-type,2013,12683,10.58,110.4,104.5,116.3,worse,false,motriskindex-families-2024-v4
jaguar-f-type,2014,23100,9.51,102.7,98.4,107.0,no different,false,motriskindex-families-2024-v4
jaguar-f-type,2015,21987,8.73,96.4,92.1,100.7,no different,false,motriskindex-families-2024-v4
jaguar-f-type,2016,22953,8.21,92.3,88.1,96.5,better,false,motriskindex-families-2024-v4
jaguar-f-type,2017,20185,8.18,94.6,90.0,99.2,better,false,motriskindex-families-2024-v4
jaguar-f-type,2018,12954,9.21,107.7,101.6,113.8,worse,false,motriskindex-families-2024-v4
jaguar-f-type,2019,8266,8.98,107.6,99.9,115.4,no different,false,motriskindex-families-2024-v4
jaguar-f-type,2020,2821,9.85,120.1,106.0,134.3,worse,true,motriskindex-families-2024-v4
jaguar-i-pace,2018,5507,9.81,110.4,101.1,119.7,worse,false,motriskindex-families-2024-v4
jaguar-i-pace,2019,20281,8.8,108.0,103.0,113.0,worse,false,motriskindex-families-2024-v4
jaguar-i-pace,2020,23957,7.6,98.0,93.5,102.5,no different,false,motriskindex-families-2024-v4
jaguar-s-type,1999,3528,41.16,102.1,96.8,107.3,no different,true,motriskindex-families-2024-v4
jaguar-s-type,2000,7566,40.15,101.1,97.5,104.7,no different,false,motriskindex-families-2024-v4
jaguar-s-type,2001,9554,42.01,106.6,103.3,109.9,worse,false,motriskindex-families-2024-v4
jaguar-s-type,2002,14819,41.08,104.8,102.2,107.4,worse,false,motriskindex-families-2024-v4
jaguar-s-type,2003,18472,38.97,101.0,98.7,103.3,no different,false,motriskindex-families-2024-v4
jaguar-s-type,2004,22819,37.47,98.8,96.7,100.9,no different,false,motriskindex-families-2024-v4
jaguar-s-type,2005,21146,38.51,104.0,101.8,106.3,worse,false,motriskindex-families-2024-v4
jaguar-s-type,2006,21279,34.95,98.3,96.1,100.6,no different,false,motriskindex-families-2024-v4
jaguar-s-type,2007,23201,33.94,98.9,96.7,101.1,no different,false,motriskindex-families-2024-v4
jaguar-x-type,2001,8072,43.46,101.1,97.7,104.4,no different,false,motriskindex-families-2024-v4
jaguar-x-type,2002,21638,46.37,105.2,103.2,107.3,worse,false,motriskindex-families-2024-v4
jaguar-x-type,2003,32165,44.09,98.3,96.7,99.9,better,false,motriskindex-families-2024-v4
jaguar-x-type,2004,43337,48.17,105.9,104.5,107.4,worse,false,motriskindex-families-2024-v4
jaguar-x-type,2005,44651,46.47,103.6,102.2,105.0,worse,false,motriskindex-families-2024-v4
jaguar-x-type,2006,48898,44.53,102.0,100.7,103.4,worse,false,motriskindex-families-2024-v4
jaguar-x-type,2007,46806,42.33,101.2,99.8,102.6,no different,false,motriskindex-families-2024-v4
jaguar-x-type,2008,53582,39.27,99.0,97.6,100.3,no different,false,motriskindex-families-2024-v4
jaguar-x-type,2009,43696,35.3,95.2,93.7,96.7,better,false,motriskindex-families-2024-v4
jaguar-x-type,2010,1774,30.44,89.6,82.0,97.1,better,true,motriskindex-families-2024-v4
jaguar-xe,2015,97075,19.31,102.4,101.0,103.9,worse,false,motriskindex-families-2024-v4
jaguar-xe,2016,140283,18.45,104.0,102.7,105.3,worse,false,motriskindex-families-2024-v4
jaguar-xe,2017,102773,15.64,92.5,91.1,94.0,better,false,motriskindex-families-2024-v4
jaguar-xe,2018,40502,16.75,101.6,99.2,104.0,no different,false,motriskindex-families-2024-v4
jaguar-xe,2019,23473,17.16,107.1,103.8,110.5,worse,false,motriskindex-families-2024-v4
jaguar-xe,2020,5164,14.91,96.9,90.1,103.8,no different,false,motriskindex-families-2024-v4
jaguar-xf,2007,684,33.04,96.7,84.1,109.3,no different,true,motriskindex-families-2024-v4
jaguar-xf,2008,70297,34.26,105.2,103.9,106.5,worse,false,motriskindex-families-2024-v4
jaguar-xf,2009,87885,31.71,103.6,102.4,104.8,worse,false,motriskindex-families-2024-v4
jaguar-xf,2010,115234,29.05,101.4,100.3,102.4,worse,false,motriskindex-families-2024-v4
jaguar-xf,2011,98684,26.31,98.9,97.7,100.1,no different,false,motriskindex-families-2024-v4
jaguar-xf,2012,114858,23.83,97.4,96.2,98.5,better,false,motriskindex-families-2024-v4
jaguar-xf,2013,126903,21.98,98.6,97.4,99.7,better,false,motriskindex-families-2024-v4
jaguar-xf,2014,138785,21.35,104.6,103.5,105.8,worse,false,motriskindex-families-2024-v4
jaguar-xf,2015,111382,20.76,110.6,109.2,112.0,worse,false,motriskindex-families-2024-v4
jaguar-xf,2016,97857,15.18,89.9,88.4,91.3,better,false,motriskindex-families-2024-v4
jaguar-xf,2017,68101,12.97,82.3,80.6,84.0,better,false,motriskindex-families-2024-v4
jaguar-xf,2018,41480,13.5,89.2,86.8,91.5,better,false,motriskindex-families-2024-v4
jaguar-xf,2019,17216,13.94,96.8,92.9,100.7,no different,false,motriskindex-families-2024-v4
jaguar-xf,2020,4080,14.24,105.7,97.1,114.3,no different,false,motriskindex-families-2024-v4
jaguar-xj,1998,6142,32.6,97.6,93.3,101.8,no different,false,motriskindex-families-2024-v4
jaguar-xj,1999,5036,34.39,105.4,100.4,110.3,worse,false,motriskindex-families-2024-v4
jaguar-xj,2000,7240,34.12,106.4,102.2,110.6,worse,false,motriskindex-families-2024-v4
jaguar-xj,2001,9638,31.0,98.2,94.7,101.7,no different,false,motriskindex-families-2024-v4
jaguar-xj,2002,8676,31.07,99.8,96.1,103.6,no different,false,motriskindex-families-2024-v4
jaguar-xj,2003,24153,29.71,96.8,94.5,99.0,better,false,motriskindex-families-2024-v4
jaguar-xj,2004,21873,30.25,100.5,98.1,103.0,no different,false,motriskindex-families-2024-v4
jaguar-xj,2005,14553,28.64,98.0,95.0,101.0,no different,false,motriskindex-families-2024-v4
jaguar-xj,2006,17437,29.62,104.3,101.4,107.1,worse,false,motriskindex-families-2024-v4
jaguar-xj,2007,16141,28.1,102.7,99.7,105.6,no different,false,motriskindex-families-2024-v4
jaguar-xj,2008,11363,25.1,96.6,93.0,100.1,no different,false,motriskindex-families-2024-v4
jaguar-xj,2009,6684,24.49,101.2,96.3,106.1,no different,false,motriskindex-families-2024-v4
jaguar-xj,2010,15917,21.21,93.4,90.3,96.6,better,false,motriskindex-families-2024-v4
jaguar-xj,2011,17591,20.4,96.2,93.1,99.4,better,false,motriskindex-families-2024-v4
jaguar-xj,2012,11791,19.02,97.4,93.4,101.4,no different,false,motriskindex-families-2024-v4
jaguar-xj,2013,13027,20.01,110.7,106.5,115.0,worse,false,motriskindex-families-2024-v4
jaguar-xj,2014,11896,18.12,108.5,103.9,113.1,worse,false,motriskindex-families-2024-v4
jaguar-xj,2015,11009,14.94,99.1,94.3,103.9,no different,false,motriskindex-families-2024-v4
jaguar-xj,2016,12678,12.43,94.5,89.8,99.2,better,false,motriskindex-families-2024-v4
jaguar-xj,2017,8914,9.76,81.4,76.0,86.8,better,false,motriskindex-families-2024-v4
jaguar-xj,2018,5433,9.63,86.8,79.3,94.2,better,false,motriskindex-families-2024-v4
jaguar-xj,2019,2136,9.27,92.9,80.0,105.9,no different,true,motriskindex-families-2024-v4
jaguar-xj,2020,484,6.82,76.8,50.6,103.0,no different,true,motriskindex-families-2024-v4
jaguar-xk,1998,5984,30.08,100.6,96.0,105.3,no different,false,motriskindex-families-2024-v4
jaguar-xk,1999,6846,30.03,102.8,98.3,107.2,no different,false,motriskindex-families-2024-v4
jaguar-xk,2000,9612,29.65,104.1,100.3,107.9,worse,false,motriskindex-families-2024-v4
jaguar-xk,2001,14498,26.64,94.1,91.2,97.1,better,false,motriskindex-families-2024-v4
jaguar-xk,2002,13692,29.05,105.1,101.8,108.4,worse,false,motriskindex-families-2024-v4
jaguar-xk,2003,12299,27.56,101.7,98.2,105.1,no different,false,motriskindex-families-2024-v4
jaguar-xk,2004,11446,25.09,95.1,91.6,98.5,better,false,motriskindex-families-2024-v4
jaguar-xk,2005,11749,23.76,92.6,89.1,96.0,better,false,motriskindex-families-2024-v4
jaguar-xk,2006,25382,24.95,100.6,98.1,103.1,no different,false,motriskindex-families-2024-v4
jaguar-xk,2007,26990,24.71,104.9,102.4,107.4,worse,false,motriskindex-families-2024-v4
jaguar-xk,2008,16417,23.74,107.1,103.7,110.4,worse,false,motriskindex-families-2024-v4
jaguar-xk,2009,14075,20.7,100.8,97.2,104.5,no different,false,motriskindex-families-2024-v4
jaguar-xk,2010,16281,18.75,99.2,95.7,102.8,no different,false,motriskindex-families-2024-v4
jaguar-xk,2011,13643,15.35,89.6,85.8,93.5,better,false,motriskindex-families-2024-v4
jaguar-xk,2012,9850,14.53,93.6,88.8,98.5,better,false,motriskindex-families-2024-v4
jaguar-xk,2013,9534,12.6,89.7,84.6,94.8,better,false,motriskindex-families-2024-v4
jaguar-xk,2014,12824,11.24,87.1,82.6,91.6,better,false,motriskindex-families-2024-v4
jaguar-xk,2015,1167,13.28,109.6,92.3,126.8,no different,true,motriskindex-families-2024-v4
jeep-cherokee,1998,1676,41.05,102.3,94.7,110.0,no different,true,motriskindex-families-2024-v4
jeep-cherokee,1999,2074,34.04,84.2,78.0,90.4,better,true,motriskindex-families-2024-v4
jeep-cherokee,2000,2686,36.71,90.1,84.5,95.7,better,true,motriskindex-families-2024-v4
jeep-cherokee,2001,3756,39.4,94.2,89.4,99.0,better,true,motriskindex-families-2024-v4
jeep-cherokee,2002,7456,41.42,95.1,91.7,98.5,better,false,motriskindex-families-2024-v4
jeep-cherokee,2003,10656,44.66,101.8,98.9,104.7,no different,false,motriskindex-families-2024-v4
jeep-cherokee,2004,10999,45.05,101.6,98.8,104.4,no different,false,motriskindex-families-2024-v4
jeep-cherokee,2005,10815,43.34,97.6,94.8,100.4,no different,false,motriskindex-families-2024-v4
jeep-cherokee,2006,9713,44.18,99.9,96.9,102.9,no different,false,motriskindex-families-2024-v4
jeep-cherokee,2007,7693,43.68,99.1,95.7,102.4,no different,false,motriskindex-families-2024-v4
jeep-cherokee,2008,935,43.21,100.7,90.9,110.5,no different,true,motriskindex-families-2024-v4
jeep-cherokee,2009,1699,37.79,94.6,87.3,102.0,no different,true,motriskindex-families-2024-v4
jeep-cherokee,2010,1390,38.71,106.4,97.4,115.4,no different,true,motriskindex-families-2024-v4
jeep-cherokee,2014,13413,24.64,104.6,101.1,108.2,worse,false,motriskindex-families-2024-v4
jeep-cherokee,2015,22982,21.75,101.2,98.4,104.0,no different,false,motriskindex-families-2024-v4
jeep-cherokee,2016,16249,18.38,96.4,92.9,99.8,better,false,motriskindex-families-2024-v4
jeep-cherokee,2017,5132,17.23,96.5,90.2,102.9,no different,false,motriskindex-families-2024-v4
jeep-cherokee,2018,2256,15.91,94.1,84.4,103.9,no different,true,motriskindex-families-2024-v4
jeep-compass,2007,396,57.07,123.3,107.2,139.4,worse,true,motriskindex-families-2024-v4
jeep-compass,2008,658,53.19,120.2,107.6,132.8,worse,true,motriskindex-families-2024-v4
jeep-compass,2009,462,54.11,127.5,111.7,143.3,worse,true,motriskindex-families-2024-v4
jeep-compass,2011,8158,43.42,111.6,108.0,115.3,worse,false,motriskindex-families-2024-v4
jeep-compass,2012,8928,35.17,97.8,94.4,101.2,no different,false,motriskindex-families-2024-v4
jeep-compass,2013,6161,30.82,93.5,89.3,97.7,better,false,motriskindex-families-2024-v4
jeep-compass,2014,4721,27.43,93.1,88.0,98.1,better,false,motriskindex-families-2024-v4
jeep-compass,2018,16631,17.44,98.2,94.6,101.8,no different,false,motriskindex-families-2024-v4
jeep-compass,2019,15693,17.01,107.4,103.3,111.5,worse,false,motriskindex-families-2024-v4
jeep-compass,2020,4862,13.97,97.2,89.9,104.5,no different,false,motriskindex-families-2024-v4
jeep-g-cherokee,2006,4326,36.85,100.7,95.8,105.7,no different,false,motriskindex-families-2024-v4
jeep-g-cherokee,2007,7047,34.57,97.0,93.1,100.8,no different,false,motriskindex-families-2024-v4
jeep-g-cherokee,2008,3161,36.92,105.7,99.6,111.7,no different,true,motriskindex-families-2024-v4
jeep-g-cherokee,2009,3203,31.94,95.1,89.2,100.9,no different,true,motriskindex-families-2024-v4
jeep-g-cherokee,2010,3215,32.66,99.8,93.8,105.8,no different,true,motriskindex-families-2024-v4
jeep-g-cherokee,2012,731,27.09,87.1,74.9,99.2,better,true,motriskindex-families-2024-v4
jeep-grand-cherokee,1998,654,38.53,87.7,76.9,98.5,better,true,motriskindex-families-2024-v4
jeep-grand-cherokee,1999,1504,43.22,101.4,93.6,109.2,no different,true,motriskindex-families-2024-v4
jeep-grand-cherokee,2000,2478,44.07,103.5,97.4,109.7,no different,true,motriskindex-families-2024-v4
jeep-grand-cherokee,2001,3830,39.69,95.0,90.3,99.8,better,true,motriskindex-families-2024-v4
jeep-grand-cherokee,2002,4686,42.21,101.3,96.8,105.7,no different,false,motriskindex-families-2024-v4
jeep-grand-cherokee,2003,3773,41.24,101.1,96.1,106.1,no different,true,motriskindex-families-2024-v4
jeep-grand-cherokee,2004,5330,44.43,111.4,107.0,115.9,worse,false,motriskindex-families-2024-v4
jeep-grand-cherokee,2005,8831,35.91,93.7,90.4,97.0,better,false,motriskindex-families-2024-v4
jeep-grand-cherokee,2006,10368,34.73,93.4,90.3,96.4,better,false,motriskindex-families-2024-v4
jeep-grand-cherokee,2007,3473,34.01,96.6,91.1,102.1,no different,true,motriskindex-families-2024-v4
jeep-grand-cherokee,2008,2857,34.97,105.7,99.1,112.3,no different,true,motriskindex-families-2024-v4
jeep-grand-cherokee,2009,797,32.5,108.0,94.8,121.1,no different,true,motriskindex-families-2024-v4
jeep-grand-cherokee,2010,204,40.2,146.7,115.0,178.5,worse,true,motriskindex-families-2024-v4
jeep-grand-cherokee,2011,2625,28.11,111.9,103.9,120.0,worse,true,motriskindex-families-2024-v4
jeep-grand-cherokee,2012,6338,23.08,101.5,96.3,106.7,no different,false,motriskindex-families-2024-v4
jeep-grand-cherokee,2013,11425,21.97,106.6,102.4,110.8,worse,false,motriskindex-families-2024-v4
jeep-grand-cherokee,2014,16738,19.12,100.8,97.3,104.3,no different,false,motriskindex-families-2024-v4
jeep-grand-cherokee,2015,15771,16.79,96.2,92.6,99.9,better,false,motriskindex-families-2024-v4
jeep-grand-cherokee,2016,11519,15.74,98.8,94.3,103.4,no different,false,motriskindex-families-2024-v4
jeep-grand-cherokee,2017,8247,13.22,89.0,83.7,94.3,better,false,motriskindex-families-2024-v4
jeep-grand-cherokee,2018,2962,13.3,94.3,85.0,103.6,no different,true,motriskindex-families-2024-v4
jeep-grand-cherokee,2019,1310,9.85,73.7,61.0,86.4,better,true,motriskindex-families-2024-v4
jeep-grand-cherokee,2020,217,15.21,120.5,79.4,161.6,no different,true,motriskindex-families-2024-v4
jeep-patriot,2007,3242,53.18,101.3,96.6,106.1,no different,true,motriskindex-families-2024-v4
jeep-patriot,2008,8890,52.15,99.4,96.5,102.3,no different,false,motriskindex-families-2024-v4
jeep-patriot,2009,3801,49.22,96.0,91.6,100.3,no different,true,motriskindex-families-2024-v4
jeep-patriot,2010,5667,51.42,101.1,97.5,104.8,no different,false,motriskindex-families-2024-v4
jeep-patriot,2011,3392,46.73,94.8,90.1,99.5,better,true,motriskindex-families-2024-v4
jeep-renegade,2015,65235,23.9,110.0,108.3,111.8,worse,false,motriskindex-families-2024-v4
jeep-renegade,2016,116261,18.64,102.7,101.3,104.1,worse,false,motriskindex-families-2024-v4
jeep-renegade,2017,38528,13.67,85.6,83.3,88.0,better,false,motriskindex-families-2024-v4
jeep-renegade,2018,16309,13.05,89.6,85.8,93.4,better,false,motriskindex-families-2024-v4
jeep-renegade,2019,9387,9.94,76.7,71.7,81.6,better,false,motriskindex-families-2024-v4
jeep-renegade,2020,5992,10.46,89.3,82.3,96.3,better,false,motriskindex-families-2024-v4
jeep-wrangler,1998,1112,36.51,95.2,85.9,104.5,no different,true,motriskindex-families-2024-v4
jeep-wrangler,1999,1168,37.33,97.3,88.2,106.5,no different,true,motriskindex-families-2024-v4
jeep-wrangler,2000,1446,34.99,90.2,82.3,98.0,better,true,motriskindex-families-2024-v4
jeep-wrangler,2001,1348,35.61,95.2,86.7,103.7,no different,true,motriskindex-families-2024-v4
jeep-wrangler,2002,902,37.47,100.4,89.7,111.1,no different,true,motriskindex-families-2024-v4
jeep-wrangler,2003,739,31.66,83.9,73.1,94.6,better,true,motriskindex-families-2024-v4
jeep-wrangler,2004,411,27.98,72.2,59.0,85.4,better,true,motriskindex-families-2024-v4
jeep-wrangler,2005,269,29.74,72.5,56.6,88.4,better,true,motriskindex-families-2024-v4
jeep-wrangler,2006,360,28.89,70.2,56.7,83.7,better,true,motriskindex-families-2024-v4
jeep-wrangler,2007,1154,38.65,92.1,83.5,100.6,no different,true,motriskindex-families-2024-v4
jeep-wrangler,2008,1216,41.94,101.5,92.7,110.3,no different,true,motriskindex-families-2024-v4
jeep-wrangler,2009,2372,41.74,101.8,95.5,108.2,no different,true,motriskindex-families-2024-v4
jeep-wrangler,2010,1422,36.29,93.8,85.7,101.9,no different,true,motriskindex-families-2024-v4
jeep-wrangler,2011,1329,28.37,77.0,69.2,84.8,better,true,motriskindex-families-2024-v4
jeep-wrangler,2012,1788,32.49,95.3,87.5,103.0,no different,true,motriskindex-families-2024-v4
jeep-wrangler,2013,2686,30.79,100.1,93.2,106.9,no different,true,motriskindex-families-2024-v4
jeep-wrangler,2014,3959,27.03,101.4,95.4,107.5,no different,true,motriskindex-families-2024-v4
jeep-wrangler,2015,5985,23.36,102.4,97.1,107.8,no different,false,motriskindex-families-2024-v4
jeep-wrangler,2016,3275,21.95,111.5,103.4,119.7,worse,true,motriskindex-families-2024-v4
jeep-wrangler,2017,2635,19.81,114.2,104.4,124.0,worse,true,motriskindex-families-2024-v4
jeep-wrangler,2018,2777,14.94,96.9,87.5,106.2,no different,true,motriskindex-families-2024-v4
jeep-wrangler,2019,3226,9.3,69.6,61.7,77.4,better,true,motriskindex-families-2024-v4
jeep-wrangler,2020,2066,8.47,73.1,62.3,84.0,better,true,motriskindex-families-2024-v4
kia-carens,2003,1240,63.23,99.9,92.9,106.9,no different,true,motriskindex-families-2024-v4
kia-carens,2004,2594,63.45,103.8,98.7,108.8,no different,true,motriskindex-families-2024-v4
kia-carens,2005,4188,63.71,108.9,104.8,113.0,worse,false,motriskindex-families-2024-v4
kia-carens,2006,7656,60.27,105.7,102.6,108.7,worse,false,motriskindex-families-2024-v4
kia-carens,2007,11028,54.69,99.1,96.6,101.6,no different,false,motriskindex-families-2024-v4
kia-carens,2008,19207,52.24,98.4,96.5,100.3,no different,false,motriskindex-families-2024-v4
kia-carens,2009,18146,48.43,97.1,95.1,99.2,better,false,motriskindex-families-2024-v4
kia-carens,2010,4468,43.24,95.1,90.9,99.4,better,false,motriskindex-families-2024-v4
kia-carens,2011,4480,45.62,111.2,106.4,116.0,worse,false,motriskindex-families-2024-v4
kia-carens,2012,1343,45.64,123.0,113.2,132.7,worse,true,motriskindex-families-2024-v4
kia-carens,2013,15880,31.49,95.0,92.4,97.6,better,false,motriskindex-families-2024-v4
kia-carens,2014,24871,29.03,99.4,97.2,101.7,no different,false,motriskindex-families-2024-v4
kia-carens,2015,24095,25.59,97.8,95.4,100.3,no different,false,motriskindex-families-2024-v4
kia-carens,2016,19752,22.96,97.3,94.4,100.1,no different,false,motriskindex-families-2024-v4
kia-carens,2017,17601,21.8,99.1,96.0,102.3,no different,false,motriskindex-families-2024-v4
kia-carens,2018,11617,21.53,102.1,98.1,106.1,no different,false,motriskindex-families-2024-v4
kia-carens,2019,469,23.88,119.8,97.6,142.0,no different,true,motriskindex-families-2024-v4
kia-ceed,2007,39821,49.39,100.7,99.3,102.1,no different,false,motriskindex-families-2024-v4
kia-ceed,2008,70424,48.1,101.2,100.1,102.2,worse,false,motriskindex-families-2024-v4
kia-ceed,2009,97068,45.35,99.3,98.3,100.2,no different,false,motriskindex-families-2024-v4
kia-ceed,2010,104622,44.39,102.1,101.2,103.1,worse,false,motriskindex-families-2024-v4
kia-ceed,2011,89138,45.82,113.4,112.3,114.5,worse,false,motriskindex-families-2024-v4
kia-ceed,2012,136275,39.44,107.4,106.5,108.3,worse,false,motriskindex-families-2024-v4
kia-ceed,2013,125821,31.71,98.0,97.1,99.0,better,false,motriskindex-families-2024-v4
kia-ceed,2014,126100,26.57,94.5,93.4,95.5,better,false,motriskindex-families-2024-v4
kia-ceed,2015,125892,21.77,90.8,89.7,91.9,better,false,motriskindex-families-2024-v4
kia-ceed,2016,109495,18.64,92.6,91.4,93.9,better,false,motriskindex-families-2024-v4
kia-ceed,2017,84217,15.95,90.1,88.6,91.6,better,false,motriskindex-families-2024-v4
kia-ceed,2018,67503,15.46,94.8,93.0,96.6,better,false,motriskindex-families-2024-v4
kia-ceed,2019,50680,15.46,103.2,100.9,105.5,worse,false,motriskindex-families-2024-v4
kia-ceed,2020,13116,14.94,108.3,103.5,113.1,worse,false,motriskindex-families-2024-v4
kia-niro,2016,14139,12.56,92.1,87.8,96.4,better,false,motriskindex-families-2024-v4
kia-niro,2017,42192,12.0,93.2,90.6,95.8,better,false,motriskindex-families-2024-v4
kia-niro,2018,50965,13.27,107.6,105.0,110.2,worse,false,motriskindex-families-2024-v4
kia-niro,2019,51992,12.58,108.7,106.1,111.4,worse,false,motriskindex-families-2024-v4
kia-niro,2020,58874,10.99,100.7,98.2,103.1,no different,false,motriskindex-families-2024-v4
kia-optima,2011,372,44.09,127.0,107.6,146.4,worse,true,motriskindex-families-2024-v4
kia-optima,2012,8351,34.76,112.0,107.9,116.1,worse,false,motriskindex-families-2024-v4
kia-optima,2013,3947,29.62,108.1,101.9,114.3,worse,true,motriskindex-families-2024-v4
kia-optima,2014,6951,25.44,106.5,101.5,111.4,worse,false,motriskindex-families-2024-v4
kia-optima,2015,7005,21.21,100.5,95.4,105.6,no different,false,motriskindex-families-2024-v4
kia-optima,2016,14198,15.04,83.2,79.7,86.8,better,false,motriskindex-families-2024-v4
kia-optima,2017,32154,15.53,95.1,92.5,97.7,better,false,motriskindex-families-2024-v4
kia-optima,2018,19317,15.97,102.9,99.2,106.5,no different,false,motriskindex-families-2024-v4
kia-optima,2019,8631,18.13,123.4,117.3,129.6,worse,false,motriskindex-families-2024-v4
kia-optima,2020,450,14.22,104.8,79.1,130.5,no different,true,motriskindex-families-2024-v4
kia-picanto,2004,34521,49.14,99.6,98.1,101.1,no different,false,motriskindex-families-2024-v4
kia-picanto,2005,62883,49.18,101.2,100.1,102.3,worse,false,motriskindex-families-2024-v4
kia-picanto,2006,68195,49.27,104.1,103.0,105.2,worse,false,motriskindex-families-2024-v4
kia-picanto,2007,41865,45.42,99.6,98.2,101.0,no different,false,motriskindex-families-2024-v4
kia-picanto,2008,41474,42.69,97.4,95.9,98.8,better,false,motriskindex-families-2024-v4
kia-picanto,2009,154712,42.04,101.1,100.3,101.9,worse,false,motriskindex-families-2024-v4
kia-picanto,2010,154876,39.93,102.8,102.0,103.6,worse,false,motriskindex-families-2024-v4
kia-picanto,2011,122073,38.24,107.3,106.3,108.2,worse,false,motriskindex-families-2024-v4
kia-picanto,2012,149125,33.69,104.3,103.4,105.2,worse,false,motriskindex-families-2024-v4
kia-picanto,2013,143209,28.88,100.9,100.0,101.9,no different,false,motriskindex-families-2024-v4
kia-picanto,2014,161410,22.91,92.1,91.2,93.1,better,false,motriskindex-families-2024-v4
kia-picanto,2015,150839,19.14,90.7,89.7,91.8,better,false,motriskindex-families-2024-v4
kia-picanto,2016,138849,17.97,102.8,101.5,104.0,worse,false,motriskindex-families-2024-v4
kia-picanto,2017,125776,13.98,91.4,90.1,92.8,better,false,motriskindex-families-2024-v4
kia-picanto,2018,114738,12.28,89.1,87.6,90.5,better,false,motriskindex-families-2024-v4
kia-picanto,2019,87911,12.77,105.7,103.8,107.7,worse,false,motriskindex-families-2024-v4
kia-picanto,2020,26806,10.65,101.0,97.3,104.7,no different,false,motriskindex-families-2024-v4
kia-proceed,2008,1454,47.04,96.8,89.6,104.1,no different,true,motriskindex-families-2024-v4
kia-proceed,2009,2668,46.48,97.9,92.5,103.4,no different,true,motriskindex-families-2024-v4
kia-proceed,2010,4666,46.94,103.4,99.1,107.7,no different,false,motriskindex-families-2024-v4
kia-proceed,2011,3359,44.95,106.0,100.7,111.4,worse,true,motriskindex-families-2024-v4
kia-proceed,2012,1128,45.21,118.0,107.8,128.3,worse,true,motriskindex-families-2024-v4
kia-proceed,2013,3017,32.95,95.2,89.2,101.1,no different,true,motriskindex-families-2024-v4
kia-proceed,2014,2586,22.24,75.8,69.6,82.0,better,true,motriskindex-families-2024-v4
kia-proceed,2019,9978,16.62,106.3,101.1,111.4,worse,false,motriskindex-families-2024-v4
kia-proceed,2020,3052,15.76,103.1,93.9,112.3,no different,true,motriskindex-families-2024-v4
kia-rio,2001,500,49.2,94.3,82.5,106.1,no different,true,motriskindex-families-2024-v4
kia-rio,2002,2066,47.63,92.6,86.9,98.4,better,true,motriskindex-families-2024-v4
kia-rio,2003,4736,52.28,102.1,98.0,106.1,no different,false,motriskindex-families-2024-v4
kia-rio,2004,7666,51.16,100.8,97.7,104.0,no different,false,motriskindex-families-2024-v4
kia-rio,2005,11563,50.64,102.0,99.4,104.6,no different,false,motriskindex-families-2024-v4
kia-rio,2006,17937,49.64,102.4,100.3,104.6,worse,false,motriskindex-families-2024-v4
kia-rio,2007,20143,48.56,103.0,100.9,105.0,worse,false,motriskindex-families-2024-v4
kia-rio,2008,31070,47.24,104.1,102.4,105.7,worse,false,motriskindex-families-2024-v4
kia-rio,2009,64850,43.19,99.6,98.4,100.8,no different,false,motriskindex-families-2024-v4
kia-rio,2010,77388,41.1,101.1,100.0,102.2,no different,false,motriskindex-families-2024-v4
kia-rio,2011,82977,39.67,105.8,104.6,106.9,worse,false,motriskindex-families-2024-v4
kia-rio,2012,104516,35.71,105.0,104.0,106.1,worse,false,motriskindex-families-2024-v4
kia-rio,2013,113595,32.33,107.1,106.1,108.2,worse,false,motriskindex-families-2024-v4
kia-rio,2014,123829,26.56,100.7,99.6,101.8,no different,false,motriskindex-families-2024-v4
kia-rio,2015,126322,19.96,89.0,87.9,90.1,better,false,motriskindex-families-2024-v4
kia-rio,2016,98301,17.87,97.1,95.7,98.5,better,false,motriskindex-families-2024-v4
kia-rio,2017,76434,13.44,83.5,81.9,85.1,better,false,motriskindex-families-2024-v4
kia-rio,2018,40313,12.17,83.8,81.4,86.1,better,false,motriskindex-families-2024-v4
kia-rio,2019,24416,11.06,87.9,84.6,91.2,better,false,motriskindex-families-2024-v4
kia-rio,2020,10155,10.17,96.4,90.6,102.3,no different,false,motriskindex-families-2024-v4
kia-sedona,2001,208,47.12,87.5,70.2,104.9,no different,true,motriskindex-families-2024-v4
kia-sedona,2002,764,59.16,108.7,98.7,118.8,no different,true,motriskindex-families-2024-v4
kia-sedona,2003,3072,55.08,101.7,96.9,106.6,no different,true,motriskindex-families-2024-v4
kia-sedona,2004,7918,56.48,104.8,101.7,107.9,worse,false,motriskindex-families-2024-v4
kia-sedona,2005,10706,54.06,102.6,99.9,105.2,no different,false,motriskindex-families-2024-v4
kia-sedona,2006,14012,51.88,100.9,98.6,103.3,no different,false,motriskindex-families-2024-v4
kia-sedona,2007,17044,48.54,98.4,96.2,100.5,no different,false,motriskindex-families-2024-v4
kia-sedona,2008,16452,46.91,99.7,97.5,101.9,no different,false,motriskindex-families-2024-v4
kia-sedona,2009,7659,43.0,96.9,93.6,100.3,no different,false,motriskindex-families-2024-v4
kia-sedona,2010,10470,36.8,89.9,87.0,92.7,better,false,motriskindex-families-2024-v4
kia-sedona,2011,8754,33.98,88.8,85.6,91.9,better,false,motriskindex-families-2024-v4
kia-sedona,2012,1321,30.73,85.0,76.7,93.2,better,true,motriskindex-families-2024-v4
kia-sorento,2003,5678,53.75,103.7,100.0,107.4,no different,false,motriskindex-families-2024-v4
kia-sorento,2004,17402,53.01,103.1,101.0,105.2,worse,false,motriskindex-families-2024-v4
kia-sorento,2005,25067,49.88,99.0,97.2,100.7,no different,false,motriskindex-families-2024-v4
kia-sorento,2006,37327,48.95,99.8,98.4,101.3,no different,false,motriskindex-families-2024-v4
kia-sorento,2007,22730,45.68,96.6,94.8,98.5,better,false,motriskindex-families-2024-v4
kia-sorento,2008,15251,45.47,100.3,98.0,102.7,no different,false,motriskindex-families-2024-v4
kia-sorento,2009,18607,42.15,98.5,96.3,100.7,no different,false,motriskindex-families-2024-v4
kia-sorento,2010,23084,40.69,102.2,100.1,104.2,worse,false,motriskindex-families-2024-v4
kia-sorento,2011,19759,37.35,103.0,100.7,105.4,worse,false,motriskindex-families-2024-v4
kia-sorento,2012,22160,35.38,108.7,106.2,111.1,worse,false,motriskindex-families-2024-v4
kia-sorento,2013,24144,29.46,102.6,100.2,105.0,worse,false,motriskindex-families-2024-v4
kia-sorento,2014,32546,24.16,96.6,94.5,98.7,better,false,motriskindex-families-2024-v4
kia-sorento,2015,44256,20.2,93.0,91.1,94.9,better,false,motriskindex-families-2024-v4
kia-sorento,2016,34798,19.11,101.7,99.2,104.1,no different,false,motriskindex-families-2024-v4
kia-sorento,2017,29701,16.27,95.8,93.1,98.5,better,false,motriskindex-families-2024-v4
kia-sorento,2018,19489,14.0,87.9,84.6,91.2,better,false,motriskindex-families-2024-v4
kia-sorento,2019,14046,14.94,100.9,96.6,105.2,no different,false,motriskindex-families-2024-v4
kia-sorento,2020,3543,13.49,97.5,88.7,106.2,no different,true,motriskindex-families-2024-v4
kia-soul,2009,26361,42.05,101.7,99.8,103.6,no different,false,motriskindex-families-2024-v4
kia-soul,2010,34352,39.38,102.0,100.3,103.7,worse,false,motriskindex-families-2024-v4
kia-soul,2011,38930,37.84,107.8,106.0,109.5,worse,false,motriskindex-families-2024-v4
kia-soul,2012,18290,33.67,108.7,106.0,111.4,worse,false,motriskindex-families-2024-v4
kia-soul,2013,14478,29.78,111.8,108.4,115.1,worse,false,motriskindex-families-2024-v4
kia-soul,2014,29430,20.06,88.7,86.4,90.9,better,false,motriskindex-families-2024-v4
kia-soul,2015,28805,16.58,87.0,84.6,89.5,better,false,motriskindex-families-2024-v4
kia-soul,2016,23964,14.05,89.1,86.1,92.1,better,false,motriskindex-families-2024-v4
kia-soul,2017,16100,12.9,91.9,88.0,95.9,better,false,motriskindex-families-2024-v4
kia-soul,2018,13857,12.53,95.3,90.8,99.8,better,false,motriskindex-families-2024-v4
kia-soul,2019,1750,12.86,106.6,92.6,120.5,no different,true,motriskindex-families-2024-v4
kia-soul,2020,2623,8.96,82.6,72.0,93.2,better,true,motriskindex-families-2024-v4
kia-sportage,2001,228,45.61,86.5,69.9,103.1,no different,true,motriskindex-families-2024-v4
kia-sportage,2002,270,42.22,80.4,65.7,95.2,better,true,motriskindex-families-2024-v4
kia-sportage,2003,872,44.95,86.3,77.7,94.8,better,true,motriskindex-families-2024-v4
kia-sportage,2005,24966,50.66,101.7,99.9,103.5,no different,false,motriskindex-families-2024-v4
kia-sportage,2006,24016,49.8,103.7,101.8,105.5,worse,false,motriskindex-families-2024-v4
kia-sportage,2007,24729,48.17,105.2,103.3,107.1,worse,false,motriskindex-families-2024-v4
kia-sportage,2008,24074,42.04,97.0,95.1,98.9,better,false,motriskindex-families-2024-v4
kia-sportage,2009,33592,41.55,102.8,101.0,104.5,worse,false,motriskindex-families-2024-v4
kia-sportage,2010,52480,36.97,99.3,97.9,100.7,no different,false,motriskindex-families-2024-v4
kia-sportage,2011,88099,33.16,98.1,96.9,99.2,better,false,motriskindex-families-2024-v4
kia-sportage,2012,144096,32.91,108.8,107.8,109.7,worse,false,motriskindex-families-2024-v4
kia-sportage,2013,202325,29.13,108.9,108.0,109.8,worse,false,motriskindex-families-2024-v4
kia-sportage,2014,213008,22.31,94.8,94.0,95.7,better,false,motriskindex-families-2024-v4
kia-sportage,2015,231820,21.63,105.0,104.0,105.9,worse,false,motriskindex-families-2024-v4
kia-sportage,2016,410722,17.83,98.5,97.8,99.2,better,false,motriskindex-families-2024-v4
kia-sportage,2017,349614,15.23,92.4,91.6,93.1,better,false,motriskindex-families-2024-v4
kia-sportage,2018,238358,14.76,95.0,94.0,95.9,better,false,motriskindex-families-2024-v4
kia-sportage,2019,161486,15.08,103.7,102.4,105.0,worse,false,motriskindex-families-2024-v4
kia-sportage,2020,36460,15.63,113.5,110.6,116.5,worse,false,motriskindex-families-2024-v4
kia-stinger,2017,1048,8.78,73.6,58.6,88.7,better,true,motriskindex-families-2024-v4
kia-stinger,2018,4679,11.67,101.3,92.8,109.8,no different,false,motriskindex-families-2024-v4
kia-stinger,2019,4803,11.41,105.9,97.0,114.8,no different,false,motriskindex-families-2024-v4
kia-stinger,2020,635,9.29,93.7,69.8,117.6,no different,true,motriskindex-families-2024-v4
kia-stonic,2017,6416,10.33,88.6,81.8,95.3,better,false,motriskindex-families-2024-v4
kia-stonic,2018,48229,11.01,102.9,100.1,105.7,worse,false,motriskindex-families-2024-v4
kia-stonic,2019,41064,9.71,101.9,98.7,105.0,no different,false,motriskindex-families-2024-v4
kia-stonic,2020,13781,9.02,110.6,104.4,116.7,worse,false,motriskindex-families-2024-v4
kia-venga,2009,270,42.22,100.3,81.9,118.7,no different,true,motriskindex-families-2024-v4
kia-venga,2010,35226,41.64,104.9,103.2,106.6,worse,false,motriskindex-families-2024-v4
kia-venga,2011,49251,39.64,109.6,108.1,111.2,worse,false,motriskindex-families-2024-v4
kia-venga,2012,55927,34.64,108.7,107.1,110.2,worse,false,motriskindex-families-2024-v4
kia-venga,2013,62951,28.43,104.1,102.6,105.6,worse,false,motriskindex-families-2024-v4
kia-venga,2014,59981,23.48,101.8,100.1,103.5,worse,false,motriskindex-families-2024-v4
kia-venga,2015,68809,17.42,89.0,87.4,90.6,better,false,motriskindex-families-2024-v4
kia-venga,2016,63159,14.4,88.9,87.1,90.7,better,false,motriskindex-families-2024-v4
kia-venga,2017,56080,12.83,89.5,87.5,91.6,better,false,motriskindex-families-2024-v4
kia-venga,2018,25951,11.32,84.6,81.5,87.6,better,false,motriskindex-families-2024-v4
kia-venga,2019,13469,11.64,92.7,88.1,97.3,better,false,motriskindex-families-2024-v4
kia-xceed,2019,4586,10.6,86.3,78.6,94.0,better,false,motriskindex-families-2024-v4
kia-xceed,2020,21510,12.65,105.3,101.3,109.2,worse,false,motriskindex-families-2024-v4
land-rover-defender,1998,14558,40.05,98.7,96.2,101.3,no different,false,motriskindex-families-2024-v4
land-rover-defender,1999,19150,40.34,101.1,98.8,103.3,no different,false,motriskindex-families-2024-v4
land-rover-defender,2000,25352,41.25,105.3,103.2,107.3,worse,false,motriskindex-families-2024-v4
land-rover-defender,2001,32990,40.28,104.1,102.3,105.8,worse,false,motriskindex-families-2024-v4
land-rover-defender,2002,43937,37.6,98.5,97.0,100.0,no different,false,motriskindex-families-2024-v4
land-rover-defender,2003,48885,38.15,101.2,99.7,102.6,no different,false,motriskindex-families-2024-v4
land-rover-defender,2004,47105,36.65,98.8,97.3,100.2,no different,false,motriskindex-families-2024-v4
land-rover-defender,2005,45811,35.8,98.1,96.6,99.7,better,false,motriskindex-families-2024-v4
land-rover-defender,2006,41631,36.0,100.8,99.2,102.4,no different,false,motriskindex-families-2024-v4
land-rover-defender,2007,44120,34.18,98.0,96.4,99.5,better,false,motriskindex-families-2024-v4
land-rover-defender,2008,41074,33.53,98.3,96.7,100.0,no different,false,motriskindex-families-2024-v4
land-rover-defender,2009,38922,33.64,102.2,100.5,104.0,worse,false,motriskindex-families-2024-v4
land-rover-defender,2010,44555,31.78,101.5,99.8,103.1,no different,false,motriskindex-families-2024-v4
land-rover-defender,2011,43884,30.58,103.3,101.6,105.1,worse,false,motriskindex-families-2024-v4
land-rover-defender,2012,43162,28.82,104.0,102.2,105.8,worse,false,motriskindex-families-2024-v4
land-rover-defender,2013,48246,26.41,102.2,100.4,103.9,worse,false,motriskindex-families-2024-v4
land-rover-defender,2014,64776,23.16,96.9,95.3,98.4,better,false,motriskindex-families-2024-v4
land-rover-defender,2015,74187,19.79,91.2,89.7,92.6,better,false,motriskindex-families-2024-v4
land-rover-defender,2016,20998,16.37,87.9,84.9,90.8,better,false,motriskindex-families-2024-v4
land-rover-defender,2020,12218,9.4,80.7,76.0,85.3,better,false,motriskindex-families-2024-v4
land-rover-discovery,1998,9748,40.05,98.8,95.7,101.9,no different,false,motriskindex-families-2024-v4
land-rover-discovery,1999,22736,40.56,101.1,99.1,103.2,no different,false,motriskindex-families-2024-v4
land-rover-discovery,2000,31630,40.78,102.6,100.8,104.3,worse,false,motriskindex-families-2024-v4
land-rover-discovery,2001,54108,41.24,104.4,103.1,105.8,worse,false,motriskindex-families-2024-v4
land-rover-discovery,2002,67729,39.57,100.8,99.6,102.0,no different,false,motriskindex-families-2024-v4
land-rover-discovery,2003,80668,38.13,97.5,96.4,98.5,better,false,motriskindex-families-2024-v4
land-rover-discovery,2004,88680,38.48,98.8,97.8,99.9,better,false,motriskindex-families-2024-v4
land-rover-discovery,2005,106153,37.51,97.4,96.4,98.3,better,false,motriskindex-families-2024-v4
land-rover-discovery,2006,105395,39.29,104.0,103.0,105.0,worse,false,motriskindex-families-2024-v4
land-rover-discovery,2007,91839,37.45,102.8,101.7,103.9,worse,false,motriskindex-families-2024-v4
land-rover-discovery,2008,64851,36.07,103.8,102.5,105.2,worse,false,motriskindex-families-2024-v4
land-rover-discovery,2009,63685,33.0,100.8,99.4,102.1,no different,false,motriskindex-families-2024-v4
land-rover-discovery,2010,77831,28.85,95.2,94.0,96.4,better,false,motriskindex-families-2024-v4
land-rover-discovery,2011,71591,26.2,94.3,92.9,95.6,better,false,motriskindex-families-2024-v4
land-rover-discovery,2012,79394,25.15,99.1,97.7,100.5,no different,false,motriskindex-families-2024-v4
land-rover-discovery,2013,73557,23.79,103.4,101.9,105.0,worse,false,motriskindex-families-2024-v4
land-rover-discovery,2014,85328,20.45,98.4,97.0,99.9,better,false,motriskindex-families-2024-v4
land-rover-discovery,2015,106069,17.98,96.1,94.7,97.4,better,false,motriskindex-families-2024-v4
land-rover-discovery,2016,111651,17.98,107.5,106.0,109.0,worse,false,motriskindex-families-2024-v4
land-rover-discovery,2017,97410,13.62,88.8,87.3,90.3,better,false,motriskindex-families-2024-v4
land-rover-discovery,2018,60425,13.42,92.5,90.5,94.5,better,false,motriskindex-families-2024-v4
land-rover-discovery,2019,40055,12.28,90.5,87.9,93.0,better,false,motriskindex-families-2024-v4
land-rover-discovery,2020,17003,12.62,99.2,95.0,103.4,no different,false,motriskindex-families-2024-v4
land-rover-discovery-sport,2014,868,17.51,95.4,80.2,110.6,no different,true,motriskindex-families-2024-v4
land-rover-discovery-sport,2015,170272,17.41,97.0,95.9,98.1,better,false,motriskindex-families-2024-v4
land-rover-discovery-sport,2016,249603,17.23,100.5,99.5,101.4,no different,false,motriskindex-families-2024-v4
land-rover-discovery-sport,2017,219861,16.2,98.1,97.1,99.1,better,false,motriskindex-families-2024-v4
land-rover-discovery-sport,2018,135458,17.15,105.5,104.1,106.8,worse,false,motriskindex-families-2024-v4
land-rover-discovery-sport,2019,85493,17.46,109.6,107.8,111.3,worse,false,motriskindex-families-2024-v4
land-rover-discovery-sport,2020,34515,16.33,105.7,103.0,108.5,worse,false,motriskindex-families-2024-v4
land-rover-freelander,1998,2922,49.01,99.4,94.2,104.5,no different,true,motriskindex-families-2024-v4
land-rover-freelander,1999,5136,48.56,98.6,94.7,102.5,no different,false,motriskindex-families-2024-v4
land-rover-freelander,2000,10200,47.9,97.2,94.5,100.0,no different,false,motriskindex-families-2024-v4
land-rover-freelander,2001,27392,48.29,98.1,96.4,99.8,better,false,motriskindex-families-2024-v4
land-rover-freelander,2002,52867,48.15,98.8,97.6,100.0,no different,false,motriskindex-families-2024-v4
land-rover-freelander,2003,69020,48.5,101.4,100.3,102.5,worse,false,motriskindex-families-2024-v4
land-rover-freelander,2004,96847,48.28,104.1,103.2,105.1,worse,false,motriskindex-families-2024-v4
land-rover-freelander,2005,103546,48.25,108.6,107.7,109.6,worse,false,motriskindex-families-2024-v4
land-rover-freelander,2006,98994,46.35,111.1,110.1,112.1,worse,false,motriskindex-families-2024-v4
land-rover-freelander,2007,175676,36.58,94.7,93.9,95.4,better,false,motriskindex-families-2024-v4
land-rover-freelander,2008,131171,34.24,97.2,96.3,98.1,better,false,motriskindex-families-2024-v4
land-rover-freelander,2009,114927,29.35,92.4,91.4,93.4,better,false,motriskindex-families-2024-v4
land-rover-freelander,2010,159846,28.75,100.9,99.9,101.8,no different,false,motriskindex-families-2024-v4
land-rover-freelander,2011,137716,22.9,89.5,88.6,90.5,better,false,motriskindex-families-2024-v4
land-rover-freelander,2012,116498,22.39,96.3,95.2,97.5,better,false,motriskindex-families-2024-v4
land-rover-freelander,2013,147189,22.46,104.6,103.4,105.7,worse,false,motriskindex-families-2024-v4
land-rover-freelander,2014,128722,18.68,93.1,91.9,94.2,better,false,motriskindex-families-2024-v4
land-rover-freelander,2015,458,20.31,106.9,85.1,128.6,no different,true,motriskindex-families-2024-v4
land-rover-freelander,2016,242,27.27,150.9,114.5,187.3,worse,true,motriskindex-families-2024-v4
land-rover-range-rover,1998,5170,35.09,102.1,97.4,106.8,no different,false,motriskindex-families-2024-v4
land-rover-range-rover,1999,7408,33.96,99.3,95.4,103.1,no different,false,motriskindex-families-2024-v4
land-rover-range-rover,2000,11936,32.88,96.9,93.9,99.9,better,false,motriskindex-families-2024-v4
land-rover-range-rover,2001,17388,32.69,96.3,93.8,98.8,better,false,motriskindex-families-2024-v4
land-rover-range-rover,2002,26910,34.21,100.6,98.5,102.6,no different,false,motriskindex-families-2024-v4
land-rover-range-rover,2003,42045,35.52,104.7,103.0,106.4,worse,false,motriskindex-families-2024-v4
land-rover-range-rover,2004,46519,33.75,100.9,99.3,102.5,no different,false,motriskindex-families-2024-v4
land-rover-range-rover,2005,39482,33.03,101.4,99.6,103.1,no different,false,motriskindex-families-2024-v4
land-rover-range-rover,2006,45205,31.72,100.5,98.8,102.1,no different,false,motriskindex-families-2024-v4
land-rover-range-rover,2007,50494,29.33,96.5,95.0,98.1,better,false,motriskindex-families-2024-v4
land-rover-range-rover,2008,33734,28.68,99.3,97.3,101.2,no different,false,motriskindex-families-2024-v4
land-rover-range-rover,2009,32272,27.26,100.6,98.5,102.7,no different,false,motriskindex-families-2024-v4
land-rover-range-rover,2010,40083,24.91,98.5,96.6,100.5,no different,false,motriskindex-families-2024-v4
land-rover-range-rover,2011,44938,26.22,111.0,109.0,113.0,worse,false,motriskindex-families-2024-v4
land-rover-range-rover,2012,52409,23.32,106.9,105.0,108.8,worse,false,motriskindex-families-2024-v4
land-rover-range-rover,2013,107047,19.57,97.7,96.4,99.0,better,false,motriskindex-families-2024-v4
land-rover-range-rover,2014,68431,17.2,93.6,91.9,95.3,better,false,motriskindex-families-2024-v4
land-rover-range-rover,2015,72494,16.21,96.4,94.7,98.1,better,false,motriskindex-families-2024-v4
land-rover-range-rover,2016,63007,16.06,106.6,104.5,108.7,worse,false,motriskindex-families-2024-v4
land-rover-range-rover,2017,53481,13.16,94.8,92.6,97.0,better,false,motriskindex-families-2024-v4
land-rover-range-rover,2018,40370,11.75,89.8,87.2,92.3,better,false,motriskindex-families-2024-v4
land-rover-range-rover,2019,26053,10.58,86.9,83.7,90.2,better,false,motriskindex-families-2024-v4
land-rover-range-rover,2020,11119,10.58,93.5,88.1,98.8,better,false,motriskindex-families-2024-v4
land-rover-range-rover-evoque,2011,43531,22.34,99.5,97.5,101.4,no different,false,motriskindex-families-2024-v4
land-rover-range-rover-evoque,2012,149285,22.76,108.2,107.1,109.4,worse,false,motriskindex-families-2024-v4
land-rover-range-rover-evoque,2013,141924,21.0,108.5,107.2,109.7,worse,false,motriskindex-families-2024-v4
land-rover-range-rover-evoque,2014,180886,18.71,105.8,104.7,106.9,worse,false,motriskindex-families-2024-v4
land-rover-range-rover-evoque,2015,213625,16.64,103.8,102.7,104.9,worse,false,motriskindex-families-2024-v4
land-rover-range-rover-evoque,2016,280485,12.81,89.6,88.7,90.5,better,false,motriskindex-families-2024-v4
land-rover-range-rover-evoque,2017,220023,11.91,90.5,89.4,91.6,better,false,motriskindex-families-2024-v4
land-rover-range-rover-evoque,2018,118166,11.65,93.8,92.2,95.4,better,false,motriskindex-families-2024-v4
land-rover-range-rover-evoque,2019,90817,12.58,108.9,106.9,110.9,worse,false,motriskindex-families-2024-v4
land-rover-range-rover-evoque,2020,39502,11.99,112.4,109.2,115.6,worse,false,motriskindex-families-2024-v4
land-rover-range-rover-sport,2005,47122,33.06,100.1,98.5,101.7,no different,false,motriskindex-families-2024-v4
land-rover-range-rover-sport,2006,78937,34.43,105.6,104.4,106.9,worse,false,motriskindex-families-2024-v4
land-rover-range-rover-sport,2007,75639,32.91,104.5,103.2,105.8,worse,false,motriskindex-families-2024-v4
land-rover-range-rover-sport,2008,58080,32.5,108.6,107.0,110.1,worse,false,motriskindex-families-2024-v4
land-rover-range-rover-sport,2009,57889,28.65,102.1,100.6,103.7,worse,false,motriskindex-families-2024-v4
land-rover-range-rover-sport,2010,70220,24.24,93.5,92.1,94.9,better,false,motriskindex-families-2024-v4
land-rover-range-rover-sport,2011,66660,22.55,94.4,92.8,95.9,better,false,motriskindex-families-2024-v4
land-rover-range-rover-sport,2012,71634,20.63,94.4,92.9,95.9,better,false,motriskindex-families-2024-v4
land-rover-range-rover-sport,2013,75272,19.59,97.5,96.0,99.1,better,false,motriskindex-families-2024-v4
land-rover-range-rover-sport,2014,100331,19.0,102.8,101.3,104.2,worse,false,motriskindex-families-2024-v4
land-rover-range-rover-sport,2015,125985,17.51,103.1,101.7,104.5,worse,false,motriskindex-families-2024-v4
land-rover-range-rover-sport,2016,125182,15.71,102.3,100.9,103.8,worse,false,motriskindex-families-2024-v4
land-rover-range-rover-sport,2017,100548,13.8,96.9,95.3,98.5,better,false,motriskindex-families-2024-v4
land-rover-range-rover-sport,2018,81014,12.21,90.2,88.4,92.0,better,false,motriskindex-families-2024-v4
land-rover-range-rover-sport,2019,59584,11.69,92.3,90.1,94.5,better,false,motriskindex-families-2024-v4
land-rover-range-rover-sport,2020,21948,11.57,97.7,93.9,101.6,no different,false,motriskindex-families-2024-v4
land-rover-range-rover-velar,2017,35490,15.04,97.5,94.8,100.1,no different,false,motriskindex-families-2024-v4
land-rover-range-rover-velar,2018,79095,15.24,102.0,100.2,103.8,worse,false,motriskindex-families-2024-v4
land-rover-range-rover-velar,2019,47186,15.55,106.3,103.9,108.8,worse,false,motriskindex-families-2024-v4
land-rover-range-rover-velar,2020,15388,15.09,105.1,100.8,109.3,worse,false,motriskindex-families-2024-v4
ldv-maxus,2005,3332,51.38,106.3,101.3,111.3,worse,true,motriskindex-families-2024-v4
ldv-maxus,2006,6312,48.1,99.1,95.6,102.7,no different,false,motriskindex-families-2024-v4
ldv-maxus,2007,12584,47.38,98.3,95.8,100.8,no different,false,motriskindex-families-2024-v4
ldv-maxus,2008,7125,47.07,96.6,93.4,99.9,better,false,motriskindex-families-2024-v4
ldv-maxus,2009,910,35.38,74.1,66.0,82.2,better,true,motriskindex-families-2024-v4
levc-tx,2018,14369,13.97,106.0,101.3,110.6,worse,false,motriskindex-families-2024-v4
levc-tx,2019,19287,15.21,110.1,106.1,114.1,worse,false,motriskindex-families-2024-v4
levc-tx,2020,5111,11.17,78.0,71.6,84.4,better,false,motriskindex-families-2024-v4
lexus-ct,2011,41804,20.53,105.2,102.9,107.4,worse,false,motriskindex-families-2024-v4
lexus-ct,2012,46848,19.08,105.8,103.7,108.0,worse,false,motriskindex-families-2024-v4
lexus-ct,2013,40933,19.95,119.3,116.7,121.8,worse,false,motriskindex-families-2024-v4
lexus-ct,2014,42038,13.26,86.6,84.3,88.8,better,false,motriskindex-families-2024-v4
lexus-ct,2015,38957,12.89,92.7,90.1,95.3,better,false,motriskindex-families-2024-v4
lexus-ct,2016,32797,11.21,93.9,90.9,96.9,better,false,motriskindex-families-2024-v4
lexus-ct,2017,28103,9.4,87.5,84.1,90.8,better,false,motriskindex-families-2024-v4
lexus-ct,2018,19332,9.44,94.4,90.1,98.8,better,false,motriskindex-families-2024-v4
lexus-ct,2019,9696,8.82,98.3,91.8,104.9,no different,false,motriskindex-families-2024-v4
lexus-ct,2020,3847,7.28,94.1,83.0,105.1,no different,true,motriskindex-families-2024-v4
lexus-es,2019,4831,7.18,106.6,95.4,117.8,no different,false,motriskindex-families-2024-v4
lexus-es,2020,3169,7.54,108.6,94.9,122.4,no different,true,motriskindex-families-2024-v4
lexus-gs,1998,1342,35.32,102.8,93.5,112.1,no different,true,motriskindex-families-2024-v4
lexus-gs,1999,1324,32.48,98.1,88.9,107.4,no different,true,motriskindex-families-2024-v4
lexus-gs,2000,1606,33.13,101.5,92.9,110.1,no different,true,motriskindex-families-2024-v4
lexus-gs,2001,2952,31.23,97.0,90.7,103.2,no different,true,motriskindex-families-2024-v4
lexus-gs,2002,2819,33.74,107.5,100.7,114.4,worse,true,motriskindex-families-2024-v4
lexus-gs,2003,2732,31.88,104.9,97.9,111.8,no different,true,motriskindex-families-2024-v4
lexus-gs,2004,1313,31.15,106.8,96.4,117.1,no different,true,motriskindex-families-2024-v4
lexus-gs,2005,11567,28.44,100.7,97.2,104.1,no different,false,motriskindex-families-2024-v4
lexus-gs,2006,10521,27.88,102.4,98.7,106.1,no different,false,motriskindex-families-2024-v4
lexus-gs,2007,9732,25.43,97.1,93.3,101.0,no different,false,motriskindex-families-2024-v4
lexus-gs,2008,6486,23.54,96.7,91.8,101.5,no different,false,motriskindex-families-2024-v4
lexus-gs,2009,3972,21.53,98.6,92.0,105.2,no different,true,motriskindex-families-2024-v4
lexus-gs,2010,2076,19.94,102.7,92.8,112.6,no different,true,motriskindex-families-2024-v4
lexus-gs,2011,776,15.59,92.6,76.1,109.0,no different,true,motriskindex-families-2024-v4
lexus-gs,2012,6375,13.3,91.5,85.4,97.7,better,false,motriskindex-families-2024-v4
lexus-gs,2013,6607,12.67,101.1,94.3,108.0,no different,false,motriskindex-families-2024-v4
lexus-gs,2014,5681,11.09,99.8,92.0,107.5,no different,false,motriskindex-families-2024-v4
lexus-gs,2015,4341,9.77,92.3,83.5,101.1,no different,true,motriskindex-families-2024-v4
lexus-gs,2016,6921,9.02,90.9,83.7,98.0,better,false,motriskindex-families-2024-v4
lexus-gs,2017,3591,8.47,90.2,80.1,100.4,no different,true,motriskindex-families-2024-v4
lexus-gs,2018,1862,8.43,93.6,79.0,108.3,no different,true,motriskindex-families-2024-v4
lexus-is,1999,3600,37.72,99.7,94.4,105.0,no different,true,motriskindex-families-2024-v4
lexus-is,2000,7230,41.08,110.0,106.0,114.0,worse,false,motriskindex-families-2024-v4
lexus-is,2001,13900,37.32,101.1,98.4,103.9,no different,false,motriskindex-families-2024-v4
lexus-is,2002,18640,36.83,102.4,100.0,104.9,no different,false,motriskindex-families-2024-v4
lexus-is,2003,21363,36.21,103.3,101.0,105.6,worse,false,motriskindex-families-2024-v4
lexus-is,2004,22702,35.57,105.7,103.4,108.0,worse,false,motriskindex-families-2024-v4
lexus-is,2005,22143,31.89,99.0,96.7,101.3,no different,false,motriskindex-families-2024-v4
lexus-is,2006,44522,29.86,98.5,96.8,100.2,no different,false,motriskindex-families-2024-v4
lexus-is,2007,52815,28.09,98.0,96.5,99.6,better,false,motriskindex-families-2024-v4
lexus-is,2008,38574,26.56,99.6,97.6,101.5,no different,false,motriskindex-families-2024-v4
lexus-is,2009,30926,23.68,97.0,94.8,99.2,better,false,motriskindex-families-2024-v4
lexus-is,2010,26676,21.57,97.7,95.1,100.2,no different,false,motriskindex-families-2024-v4
lexus-is,2011,16936,20.09,101.9,98.5,105.3,no different,false,motriskindex-families-2024-v4
lexus-is,2012,9895,16.56,94.8,90.2,99.4,better,false,motriskindex-families-2024-v4
lexus-is,2013,18880,14.18,92.2,88.7,95.7,better,false,motriskindex-families-2024-v4
lexus-is,2014,35666,13.69,98.0,95.3,100.8,no different,false,motriskindex-families-2024-v4
lexus-is,2015,32038,12.33,96.0,93.0,99.0,better,false,motriskindex-families-2024-v4
lexus-is,2016,22772,11.71,98.7,94.9,102.4,no different,false,motriskindex-families-2024-v4
lexus-is,2017,14974,10.3,91.5,87.0,96.1,better,false,motriskindex-families-2024-v4
lexus-is,2018,10344,9.45,86.6,81.1,92.0,better,false,motriskindex-families-2024-v4
lexus-is,2019,6111,11.16,107.0,98.9,115.0,no different,false,motriskindex-families-2024-v4
lexus-is,2020,1752,10.62,107.4,92.0,122.9,no different,true,motriskindex-families-2024-v4
lexus-ls,1998,1474,29.04,99.1,89.7,108.5,no different,true,motriskindex-families-2024-v4
lexus-ls,1999,984,26.42,96.6,84.9,108.4,no different,true,motriskindex-families-2024-v4
lexus-ls,2000,1300,27.54,106.4,95.4,117.5,no different,true,motriskindex-families-2024-v4
lexus-ls,2001,2540,24.17,95.2,87.7,102.7,no different,true,motriskindex-families-2024-v4
lexus-ls,2002,2313,25.03,100.9,92.7,109.1,no different,true,motriskindex-families-2024-v4
lexus-ls,2003,2247,24.34,100.2,91.8,108.6,no different,true,motriskindex-families-2024-v4
lexus-ls,2004,3136,23.72,103.4,96.0,110.8,no different,true,motriskindex-families-2024-v4
lexus-ls,2005,3141,21.27,97.0,89.6,104.3,no different,true,motriskindex-families-2024-v4
lexus-ls,2006,2097,20.6,97.6,88.4,106.8,no different,true,motriskindex-families-2024-v4
lexus-ls,2007,4860,19.88,98.8,92.6,105.0,no different,false,motriskindex-families-2024-v4
lexus-ls,2008,3161,16.26,86.0,78.5,93.4,better,true,motriskindex-families-2024-v4
lexus-ls,2009,1497,17.9,99.4,87.5,111.3,no different,true,motriskindex-families-2024-v4
lexus-ls,2010,339,13.57,76.4,54.3,98.4,better,true,motriskindex-families-2024-v4
lexus-ls,2011,206,8.25,47.4,24.8,69.9,better,true,motriskindex-families-2024-v4
lexus-nx,2014,8991,10.89,97.1,91.0,103.2,no different,false,motriskindex-families-2024-v4
lexus-nx,2015,34215,10.19,101.5,98.2,104.9,no different,false,motriskindex-families-2024-v4
lexus-nx,2016,41088,8.93,101.8,98.5,105.1,no different,false,motriskindex-families-2024-v4
lexus-nx,2017,35845,7.64,96.4,92.8,100.0,no different,false,motriskindex-families-2024-v4
lexus-nx,2018,31622,7.37,102.2,98.1,106.4,no different,false,motriskindex-families-2024-v4
lexus-nx,2019,22985,6.71,104.7,99.5,110.0,no different,false,motriskindex-families-2024-v4
lexus-nx,2020,12595,6.38,110.5,102.9,118.2,worse,false,motriskindex-families-2024-v4
lexus-rc,2015,1940,12.99,109.6,96.1,123.2,no different,true,motriskindex-families-2024-v4
lexus-rc,2016,7067,11.66,104.3,97.1,111.4,no different,false,motriskindex-families-2024-v4
lexus-rc,2017,4156,11.26,105.3,95.8,114.9,no different,false,motriskindex-families-2024-v4
lexus-rc,2018,2828,8.95,86.0,75.4,96.6,better,true,motriskindex-families-2024-v4
lexus-rc,2019,2068,9.24,91.3,78.3,104.2,no different,true,motriskindex-families-2024-v4
lexus-rc,2020,771,10.25,108.9,84.9,133.0,no different,true,motriskindex-families-2024-v4
lexus-rx,2000,510,39.22,108.6,93.5,123.6,no different,true,motriskindex-families-2024-v4
lexus-rx,2001,2864,39.25,111.6,105.1,118.1,worse,true,motriskindex-families-2024-v4
lexus-rx,2002,4104,40.4,118.4,112.7,124.1,worse,false,motriskindex-families-2024-v4
lexus-rx,2003,10338,33.88,102.8,99.4,106.2,no different,false,motriskindex-families-2024-v4
lexus-rx,2004,21638,31.92,101.0,98.6,103.4,no different,false,motriskindex-families-2024-v4
lexus-rx,2005,29130,31.23,103.2,101.1,105.3,worse,false,motriskindex-families-2024-v4
lexus-rx,2006,31476,28.59,99.0,97.0,101.1,no different,false,motriskindex-families-2024-v4
lexus-rx,2007,36075,27.78,102.2,100.2,104.2,worse,false,motriskindex-families-2024-v4
lexus-rx,2008,29226,24.48,96.9,94.7,99.2,better,false,motriskindex-families-2024-v4
lexus-rx,2009,27080,22.06,95.2,92.8,97.6,better,false,motriskindex-families-2024-v4
lexus-rx,2010,28050,21.75,102.9,100.3,105.5,worse,false,motriskindex-families-2024-v4
lexus-rx,2011,19884,20.59,109.2,105.9,112.6,worse,false,motriskindex-families-2024-v4
lexus-rx,2012,19235,15.77,96.2,92.7,99.6,better,false,motriskindex-families-2024-v4
lexus-rx,2013,20285,12.6,89.6,86.1,93.1,better,false,motriskindex-families-2024-v4
lexus-rx,2014,18301,12.37,103.3,99.1,107.6,no different,false,motriskindex-families-2024-v4
lexus-rx,2015,14398,10.22,102.2,96.9,107.4,no different,false,motriskindex-families-2024-v4
lexus-rx,2016,26210,7.19,89.2,85.2,93.3,better,false,motriskindex-families-2024-v4
lexus-rx,2017,19403,5.96,85.0,80.1,89.9,better,false,motriskindex-families-2024-v4
lexus-rx,2018,13520,5.17,80.7,74.7,86.7,better,false,motriskindex-families-2024-v4
lexus-rx,2019,11846,5.54,96.5,89.2,103.9,no different,false,motriskindex-families-2024-v4
lexus-rx,2020,5375,4.33,85.2,74.2,96.1,better,false,motriskindex-families-2024-v4
lexus-sc,2001,2288,26.4,98.6,90.7,106.5,no different,true,motriskindex-families-2024-v4
lexus-sc,2002,4226,26.36,101.9,95.9,107.9,no different,true,motriskindex-families-2024-v4
lexus-sc,2003,3349,25.47,99.6,92.9,106.3,no different,true,motriskindex-families-2024-v4
lexus-sc,2004,2597,26.18,103.6,95.8,111.4,no different,true,motriskindex-families-2024-v4
lexus-sc,2005,2603,23.28,93.4,85.9,100.8,no different,true,motriskindex-families-2024-v4
lexus-sc,2006,2227,20.66,86.6,78.7,94.5,better,true,motriskindex-families-2024-v4
lexus-sc,2007,1567,19.27,83.0,73.7,92.4,better,true,motriskindex-families-2024-v4
lexus-sc,2008,403,16.38,72.5,55.0,90.0,better,true,motriskindex-families-2024-v4
lexus-sc,2009,318,12.89,59.3,41.1,77.4,better,true,motriskindex-families-2024-v4
lexus-ux,2019,17180,5.88,101.2,95.0,107.5,no different,false,motriskindex-families-2024-v4
lexus-ux,2020,11944,5.72,104.2,96.4,112.0,no different,false,motriskindex-families-2024-v4
london-taxis-int-tx4,2006,2600,40.85,97.3,91.4,103.1,no different,true,motriskindex-families-2024-v4
london-taxis-int-tx4,2007,19751,40.49,97.8,95.6,99.9,better,false,motriskindex-families-2024-v4
london-taxis-int-tx4,2008,14184,41.06,99.7,97.1,102.3,no different,false,motriskindex-families-2024-v4
london-taxis-int-tx4,2009,15952,40.03,98.4,96.0,100.8,no different,false,motriskindex-families-2024-v4
london-taxis-int-tx4,2010,18890,40.05,99.2,97.0,101.5,no different,false,motriskindex-families-2024-v4
london-taxis-int-tx4,2011,19370,41.49,103.2,101.0,105.5,worse,false,motriskindex-families-2024-v4
london-taxis-int-tx4,2012,14245,39.31,99.7,97.1,102.3,no different,false,motriskindex-families-2024-v4
london-taxis-int-tx4,2013,13102,39.41,101.5,98.7,104.3,no different,false,motriskindex-families-2024-v4
london-taxis-int-tx4,2014,24015,40.24,105.7,103.6,107.8,worse,false,motriskindex-families-2024-v4
london-taxis-int-tx4,2015,22052,34.5,94.7,92.5,96.8,better,false,motriskindex-families-2024-v4
london-taxis-int-tx4,2016,17157,32.03,91.8,89.3,94.2,better,false,motriskindex-families-2024-v4
london-taxis-int-tx4,2017,9233,30.86,92.1,88.7,95.5,better,false,motriskindex-families-2024-v4
lotus-elise,1998,2408,22.09,105.9,96.9,114.9,no different,true,motriskindex-families-2024-v4
lotus-elise,1999,3948,22.24,112.9,105.4,120.4,worse,true,motriskindex-families-2024-v4
lotus-elise,2000,3894,17.1,90.8,83.9,97.7,better,true,motriskindex-families-2024-v4
lotus-elise,2001,2824,17.35,95.8,87.3,104.3,no different,true,motriskindex-families-2024-v4
lotus-elise,2002,4543,16.35,91.2,84.6,97.7,better,false,motriskindex-families-2024-v4
lotus-elise,2003,3284,17.36,103.6,95.1,112.1,no different,true,motriskindex-families-2024-v4
lotus-elise,2004,2705,16.6,104.2,94.5,113.8,no different,true,motriskindex-families-2024-v4
lotus-elise,2005,2851,13.26,86.1,77.5,94.8,better,true,motriskindex-families-2024-v4
lotus-elise,2006,2552,13.21,89.1,79.5,98.6,better,true,motriskindex-families-2024-v4
lotus-elise,2007,2418,12.24,88.6,78.5,98.7,better,true,motriskindex-families-2024-v4
lotus-elise,2008,2040,13.63,97.7,86.2,109.2,no different,true,motriskindex-families-2024-v4
lotus-elise,2009,930,9.03,66.8,52.5,81.1,better,true,motriskindex-families-2024-v4
lotus-elise,2010,832,12.74,95.1,77.0,113.2,no different,true,motriskindex-families-2024-v4
lotus-elise,2011,312,15.71,117.8,84.8,150.8,no different,true,motriskindex-families-2024-v4
maserati-ghibli,2014,7298,17.98,103.4,97.8,109.0,no different,false,motriskindex-families-2024-v4
maserati-ghibli,2015,8736,17.2,101.2,96.1,106.3,no different,false,motriskindex-families-2024-v4
maserati-ghibli,2016,9014,16.81,102.1,97.0,107.2,no different,false,motriskindex-families-2024-v4
maserati-ghibli,2017,4761,14.87,92.9,86.0,99.7,better,false,motriskindex-families-2024-v4
maserati-ghibli,2018,2335,14.99,94.1,84.3,104.0,no different,true,motriskindex-families-2024-v4
maserati-ghibli,2019,1096,14.69,94.7,80.1,109.3,no different,true,motriskindex-families-2024-v4
maserati-ghibli,2020,287,18.47,123.0,89.9,156.2,no different,true,motriskindex-families-2024-v4
maserati-granturismo,2007,1162,21.69,105.5,92.4,118.5,no different,true,motriskindex-families-2024-v4
maserati-granturismo,2008,3464,21.19,104.1,96.6,111.6,no different,true,motriskindex-families-2024-v4
maserati-granturismo,2009,2270,19.03,94.9,86.0,103.9,no different,true,motriskindex-families-2024-v4
maserati-granturismo,2010,2274,17.24,90.7,81.7,99.7,better,true,motriskindex-families-2024-v4
maserati-granturismo,2011,1572,17.24,93.8,82.7,105.0,no different,true,motriskindex-families-2024-v4
maserati-granturismo,2012,1118,14.85,82.4,69.8,94.9,better,true,motriskindex-families-2024-v4
maserati-granturismo,2013,748,14.57,82.5,67.0,98.0,better,true,motriskindex-families-2024-v4
maserati-granturismo,2014,359,17.83,107.2,80.9,133.5,no different,true,motriskindex-families-2024-v4
maserati-levante,2016,932,15.67,115.0,96.4,133.7,no different,true,motriskindex-families-2024-v4
maserati-levante,2017,6422,13.34,102.5,95.6,109.4,no different,false,motriskindex-families-2024-v4
maserati-levante,2018,4129,12.59,100.1,91.5,108.8,no different,false,motriskindex-families-2024-v4
maserati-levante,2019,2371,12.86,106.7,94.7,118.7,no different,true,motriskindex-families-2024-v4
maserati-levante,2020,1159,11.3,97.2,80.5,113.8,no different,true,motriskindex-families-2024-v4
mazda-2,2003,7234,41.8,95.6,92.2,99.0,better,false,motriskindex-families-2024-v4
mazda-2,2004,16776,42.89,97.0,94.7,99.2,better,false,motriskindex-families-2024-v4
mazda-2,2005,19312,42.45,96.2,94.1,98.2,better,false,motriskindex-families-2024-v4
mazda-2,2006,21348,40.53,92.3,90.3,94.2,better,false,motriskindex-families-2024-v4
mazda-2,2007,38460,40.03,92.7,91.2,94.1,better,false,motriskindex-families-2024-v4
mazda-2,2008,103716,44.63,105.9,104.9,106.8,worse,false,motriskindex-families-2024-v4
mazda-2,2009,150400,41.56,102.6,101.8,103.4,worse,false,motriskindex-families-2024-v4
mazda-2,2010,145868,39.43,103.5,102.7,104.4,worse,false,motriskindex-families-2024-v4
mazda-2,2011,121308,35.7,102.3,101.4,103.3,worse,false,motriskindex-families-2024-v4
mazda-2,2012,100112,31.25,100.2,99.1,101.4,no different,false,motriskindex-families-2024-v4
mazda-2,2013,95745,27.82,101.9,100.7,103.1,worse,false,motriskindex-families-2024-v4
mazda-2,2014,93845,22.17,94.6,93.3,95.9,better,false,motriskindex-families-2024-v4
mazda-2,2015,110375,20.05,101.9,100.6,103.3,worse,false,motriskindex-families-2024-v4
mazda-2,2016,112119,16.78,104.8,103.3,106.3,worse,false,motriskindex-families-2024-v4
mazda-2,2017,72239,11.63,82.9,81.1,84.7,better,false,motriskindex-families-2024-v4
mazda-2,2018,57191,10.15,79.9,77.8,81.9,better,false,motriskindex-families-2024-v4
mazda-2,2019,42611,8.58,76.7,74.2,79.2,better,false,motriskindex-families-2024-v4
mazda-2,2020,12463,8.38,87.5,82.2,92.8,better,false,motriskindex-families-2024-v4
mazda-3,2003,240,46.67,90.1,73.4,106.8,no different,true,motriskindex-families-2024-v4
mazda-3,2004,20461,52.55,103.2,101.2,105.1,worse,false,motriskindex-families-2024-v4
mazda-3,2005,56862,50.43,102.1,100.9,103.3,worse,false,motriskindex-families-2024-v4
mazda-3,2006,70516,48.3,101.0,99.9,102.1,no different,false,motriskindex-families-2024-v4
mazda-3,2007,82575,45.66,99.5,98.5,100.5,no different,false,motriskindex-families-2024-v4
mazda-3,2008,88067,46.15,105.7,104.7,106.8,worse,false,motriskindex-families-2024-v4
mazda-3,2009,98562,40.84,100.3,99.3,101.3,no different,false,motriskindex-families-2024-v4
mazda-3,2010,101872,36.47,97.9,96.9,98.9,better,false,motriskindex-families-2024-v4
mazda-3,2011,64144,34.06,101.3,99.9,102.6,no different,false,motriskindex-families-2024-v4
mazda-3,2012,57323,27.1,90.1,88.7,91.6,better,false,motriskindex-families-2024-v4
mazda-3,2013,58029,22.12,82.7,81.3,84.1,better,false,motriskindex-families-2024-v4
mazda-3,2014,94380,23.11,97.8,96.5,99.1,better,false,motriskindex-families-2024-v4
mazda-3,2015,131568,20.67,99.9,98.7,101.1,no different,false,motriskindex-families-2024-v4
mazda-3,2016,118089,19.86,112.8,111.3,114.2,worse,false,motriskindex-families-2024-v4
mazda-3,2017,77495,16.91,106.4,104.6,108.2,worse,false,motriskindex-families-2024-v4
mazda-3,2018,49718,12.87,87.8,85.7,90.0,better,false,motriskindex-families-2024-v4
mazda-3,2019,22146,9.24,71.1,68.0,74.2,better,false,motriskindex-families-2024-v4
mazda-3,2020,12934,10.08,90.7,85.8,95.6,better,false,motriskindex-families-2024-v4
mazda-323,1998,1578,48.16,98.9,91.8,105.9,no different,true,motriskindex-families-2024-v4
mazda-323,1999,2800,48.79,98.6,93.4,103.9,no different,true,motriskindex-families-2024-v4
mazda-323,2000,3204,47.94,95.4,90.6,100.2,no different,true,motriskindex-families-2024-v4
mazda-323,2001,3438,48.87,97.3,92.6,101.9,no different,true,motriskindex-families-2024-v4
mazda-323,2002,4868,48.19,95.9,92.1,99.8,better,false,motriskindex-families-2024-v4
mazda-323,2003,5526,50.63,97.0,93.4,100.6,no different,false,motriskindex-families-2024-v4
mazda-5,2005,4908,55.83,100.7,96.9,104.4,no different,false,motriskindex-families-2024-v4
mazda-5,2006,18080,54.7,100.4,98.4,102.4,no different,false,motriskindex-families-2024-v4
mazda-5,2007,33254,54.96,102.4,100.9,103.9,worse,false,motriskindex-families-2024-v4
mazda-5,2008,34076,52.1,100.1,98.6,101.5,no different,false,motriskindex-families-2024-v4
mazda-5,2009,20537,49.7,99.9,98.0,101.9,no different,false,motriskindex-families-2024-v4
mazda-5,2010,18950,47.75,101.4,99.3,103.4,no different,false,motriskindex-families-2024-v4
mazda-5,2011,9986,39.31,90.2,87.4,93.0,better,false,motriskindex-families-2024-v4
mazda-5,2012,9350,34.45,85.8,82.8,88.7,better,false,motriskindex-families-2024-v4
mazda-5,2013,8635,34.83,96.5,93.0,99.9,better,false,motriskindex-families-2024-v4
mazda-5,2014,6630,29.98,93.7,89.6,97.8,better,false,motriskindex-families-2024-v4
mazda-5,2015,7826,26.77,94.5,90.4,98.5,better,false,motriskindex-families-2024-v4
mazda-6,2002,2220,50.18,99.2,93.3,105.0,no different,true,motriskindex-families-2024-v4
mazda-6,2003,6704,51.94,102.4,99.0,105.8,no different,false,motriskindex-families-2024-v4
mazda-6,2004,11950,53.29,105.9,103.3,108.5,worse,false,motriskindex-families-2024-v4
mazda-6,2005,23810,52.0,106.0,104.1,107.9,worse,false,motriskindex-families-2024-v4
mazda-6,2006,33109,46.9,99.7,98.1,101.3,no different,false,motriskindex-families-2024-v4
mazda-6,2007,50981,46.17,102.0,100.7,103.3,worse,false,motriskindex-families-2024-v4
mazda-6,2008,63150,44.59,103.4,102.2,104.7,worse,false,motriskindex-families-2024-v4
mazda-6,2009,64946,37.94,94.1,92.9,95.3,better,false,motriskindex-families-2024-v4
mazda-6,2010,75674,36.32,97.8,96.7,99.0,better,false,motriskindex-families-2024-v4
mazda-6,2011,55743,35.42,105.0,103.6,106.5,worse,false,motriskindex-families-2024-v4
mazda-6,2012,36848,31.36,104.1,102.2,106.0,worse,false,motriskindex-families-2024-v4
mazda-6,2013,51724,23.73,89.9,88.4,91.5,better,false,motriskindex-families-2024-v4
mazda-6,2014,74681,21.83,94.9,93.4,96.3,better,false,motriskindex-families-2024-v4
mazda-6,2015,77581,19.52,99.6,98.0,101.2,no different,false,motriskindex-families-2024-v4
mazda-6,2016,78518,16.77,102.9,101.1,104.7,worse,false,motriskindex-families-2024-v4
mazda-6,2017,44977,14.09,97.5,95.1,99.9,better,false,motriskindex-families-2024-v4
mazda-6,2018,23062,12.23,92.5,89.1,95.9,better,false,motriskindex-families-2024-v4
mazda-6,2019,22621,9.84,84.8,81.3,88.3,better,false,motriskindex-families-2024-v4
mazda-6,2020,3160,8.67,86.8,76.5,97.1,better,true,motriskindex-families-2024-v4
mazda-b,1998,204,41.18,92.4,72.6,112.1,no different,true,motriskindex-families-2024-v4
mazda-b,1999,720,48.06,106.0,94.8,117.1,no different,true,motriskindex-families-2024-v4
mazda-b,2000,1956,43.66,98.2,91.7,104.8,no different,true,motriskindex-families-2024-v4
mazda-b,2001,1754,44.47,99.9,92.9,106.9,no different,true,motriskindex-families-2024-v4
mazda-b,2002,3584,44.03,98.5,93.6,103.4,no different,true,motriskindex-families-2024-v4
mazda-b,2003,3475,45.5,101.6,96.6,106.6,no different,true,motriskindex-families-2024-v4
mazda-b,2004,2415,46.25,103.5,97.4,109.5,no different,true,motriskindex-families-2024-v4
mazda-b,2005,4280,43.76,99.0,94.5,103.5,no different,true,motriskindex-families-2024-v4
mazda-b,2006,1166,40.14,91.3,83.0,99.5,better,true,motriskindex-families-2024-v4
mazda-bongo,1998,3332,50.96,111.1,105.9,116.4,worse,true,motriskindex-families-2024-v4
mazda-bongo,1999,5242,44.52,100.6,96.5,104.6,no different,false,motriskindex-families-2024-v4
mazda-bongo,2000,4860,41.32,95.5,91.3,99.6,better,false,motriskindex-families-2024-v4
mazda-bongo,2001,5626,39.14,90.1,86.3,93.8,better,false,motriskindex-families-2024-v4
mazda-bongo,2002,5504,34.23,78.0,74.4,81.5,better,false,motriskindex-families-2024-v4
mazda-bongo,2003,4296,37.52,86.3,82.1,90.5,better,true,motriskindex-families-2024-v4
mazda-bongo,2004,5899,41.07,94.5,90.7,98.2,better,false,motriskindex-families-2024-v4
mazda-bongo,2005,7301,44.01,100.3,96.8,103.7,no different,false,motriskindex-families-2024-v4
mazda-bongo,2006,5850,50.5,114.1,110.0,118.2,worse,false,motriskindex-families-2024-v4
mazda-bongo,2007,6099,51.58,112.8,108.9,116.7,worse,false,motriskindex-families-2024-v4
mazda-bongo,2008,4936,50.18,104.5,100.4,108.6,worse,false,motriskindex-families-2024-v4
mazda-bongo,2009,3463,50.62,103.3,98.5,108.2,no different,true,motriskindex-families-2024-v4
mazda-bongo,2010,3952,52.3,105.3,100.8,109.9,worse,true,motriskindex-families-2024-v4
mazda-bongo,2011,3282,50.06,102.6,97.7,107.6,no different,true,motriskindex-families-2024-v4
mazda-bongo,2012,2774,48.52,102.4,96.9,107.9,no different,true,motriskindex-families-2024-v4
mazda-bongo,2013,2977,45.25,99.0,93.7,104.2,no different,true,motriskindex-families-2024-v4
mazda-bongo,2014,3669,45.46,103.7,98.7,108.7,no different,true,motriskindex-families-2024-v4
mazda-bongo,2015,3570,41.01,99.3,94.3,104.4,no different,true,motriskindex-families-2024-v4
mazda-bongo,2016,3240,40.22,101.6,96.1,107.1,no different,true,motriskindex-families-2024-v4
mazda-bongo,2017,1947,38.73,104.2,96.8,111.7,no different,true,motriskindex-families-2024-v4
mazda-bongo,2018,962,34.62,96.4,86.1,106.8,no different,true,motriskindex-families-2024-v4
mazda-bongo,2019,467,35.55,102.0,86.5,117.6,no different,true,motriskindex-families-2024-v4
mazda-cx-3,2015,26158,15.89,105.8,102.6,109.0,worse,false,motriskindex-families-2024-v4
mazda-cx-3,2016,54311,14.09,112.3,109.7,114.8,worse,false,motriskindex-families-2024-v4
mazda-cx-3,2017,45831,10.08,91.5,88.8,94.1,better,false,motriskindex-families-2024-v4
mazda-cx-3,2018,39800,9.28,93.5,90.5,96.5,better,false,motriskindex-families-2024-v4
mazda-cx-3,2019,38378,8.73,100.6,97.2,104.0,no different,false,motriskindex-families-2024-v4
mazda-cx-30,2019,866,6.47,83.5,61.6,105.3,no different,true,motriskindex-families-2024-v4
mazda-cx-30,2020,18776,7.17,98.2,92.9,103.4,no different,false,motriskindex-families-2024-v4
mazda-cx-5,2012,17080,25.33,97.9,94.9,100.8,no different,false,motriskindex-families-2024-v4
mazda-cx-5,2013,60489,24.2,105.9,104.2,107.6,worse,false,motriskindex-families-2024-v4
mazda-cx-5,2014,77997,19.52,98.1,96.5,99.6,better,false,motriskindex-families-2024-v4
mazda-cx-5,2015,79613,18.1,104.7,103.0,106.5,worse,false,motriskindex-families-2024-v4
mazda-cx-5,2016,78830,15.43,104.1,102.3,106.0,worse,false,motriskindex-families-2024-v4
mazda-cx-5,2017,68095,12.69,94.7,92.7,96.7,better,false,motriskindex-families-2024-v4
mazda-cx-5,2018,70831,12.29,97.8,95.7,99.8,better,false,motriskindex-families-2024-v4
mazda-cx-5,2019,51379,11.43,99.4,96.8,101.9,no different,false,motriskindex-families-2024-v4
mazda-cx-5,2020,17287,10.46,100.4,95.8,105.1,no different,false,motriskindex-families-2024-v4
mazda-cx-7,2007,1382,46.6,102.2,94.3,110.1,no different,true,motriskindex-families-2024-v4
mazda-cx-7,2008,2632,45.52,104.3,98.4,110.2,no different,true,motriskindex-families-2024-v4
mazda-cx-7,2009,3122,44.01,103.0,97.6,108.5,no different,true,motriskindex-families-2024-v4
mazda-cx-7,2010,6182,40.12,97.7,93.9,101.6,no different,false,motriskindex-families-2024-v4
mazda-cx-7,2011,5058,35.15,92.8,88.5,97.1,better,false,motriskindex-families-2024-v4
mazda-cx-7,2012,1477,33.18,90.4,82.4,98.4,better,true,motriskindex-families-2024-v4
mazda-mx-5,1998,7098,35.42,94.2,90.5,97.9,better,false,motriskindex-families-2024-v4
mazda-mx-5,1999,14716,37.43,100.8,98.2,103.5,no different,false,motriskindex-families-2024-v4
mazda-mx-5,2000,21346,39.23,106.8,104.5,109.1,worse,false,motriskindex-families-2024-v4
mazda-mx-5,2001,21226,36.23,97.6,95.4,99.8,better,false,motriskindex-families-2024-v4
mazda-mx-5,2002,39865,37.01,99.3,97.7,100.9,no different,false,motriskindex-families-2024-v4
mazda-mx-5,2003,50101,39.29,106.3,104.8,107.8,worse,false,motriskindex-families-2024-v4
mazda-mx-5,2004,38023,38.64,106.8,105.1,108.5,worse,false,motriskindex-families-2024-v4
mazda-mx-5,2005,35831,36.56,104.9,103.1,106.7,worse,false,motriskindex-families-2024-v4
mazda-mx-5,2006,62170,33.97,102.5,101.2,103.9,worse,false,motriskindex-families-2024-v4
mazda-mx-5,2007,71811,29.58,95.9,94.6,97.2,better,false,motriskindex-families-2024-v4
mazda-mx-5,2008,49690,28.72,100.3,98.6,101.9,no different,false,motriskindex-families-2024-v4
mazda-mx-5,2009,38263,25.68,97.8,95.9,99.8,better,false,motriskindex-families-2024-v4
mazda-mx-5,2010,42902,23.48,99.0,97.0,100.9,no different,false,motriskindex-families-2024-v4
mazda-mx-5,2011,31257,21.87,102.8,100.4,105.2,worse,false,motriskindex-families-2024-v4
mazda-mx-5,2012,28409,18.34,97.7,95.0,100.3,no different,false,motriskindex-families-2024-v4
mazda-mx-5,2013,27894,16.77,102.7,99.7,105.6,no different,false,motriskindex-families-2024-v4
mazda-mx-5,2014,29420,13.97,103.0,99.8,106.1,no different,false,motriskindex-families-2024-v4
mazda-mx-5,2015,32552,11.34,99.8,96.6,103.1,no different,false,motriskindex-families-2024-v4
mazda-mx-5,2016,45159,9.59,100.1,97.1,103.1,no different,false,motriskindex-families-2024-v4
mazda-mx-5,2017,43275,7.72,90.9,87.8,93.9,better,false,motriskindex-families-2024-v4
mazda-mx-5,2018,30003,8.07,102.9,98.8,107.0,no different,false,motriskindex-families-2024-v4
mazda-mx-5,2019,20380,6.75,95.2,90.2,100.2,no different,false,motriskindex-families-2024-v4
mazda-mx-5,2020,3225,5.49,84.9,72.4,97.4,better,true,motriskindex-families-2024-v4
mazda-rx-8,2003,1160,35.34,104.4,94.3,114.5,no different,true,motriskindex-families-2024-v4
mazda-rx-8,2004,6390,35.88,104.8,100.5,109.1,worse,false,motriskindex-families-2024-v4
mazda-rx-8,2005,4704,36.44,105.0,100.1,110.0,worse,false,motriskindex-families-2024-v4
mazda-rx-8,2006,7188,34.97,102.5,98.5,106.5,no different,false,motriskindex-families-2024-v4
mazda-rx-8,2007,7172,34.36,102.2,98.2,106.3,no different,false,motriskindex-families-2024-v4
mazda-rx-8,2008,4449,30.32,95.3,90.2,100.4,no different,true,motriskindex-families-2024-v4
mazda-rx-8,2009,2845,26.05,86.3,80.1,92.5,better,true,motriskindex-families-2024-v4
mazda-rx-8,2010,779,26.32,90.4,78.0,102.7,no different,true,motriskindex-families-2024-v4
mercedes-a-class,1998,438,51.6,105.6,91.8,119.3,no different,true,motriskindex-families-2024-v4
mercedes-a-class,1999,3064,49.41,102.1,97.0,107.3,no different,true,motriskindex-families-2024-v4
mercedes-a-class,2000,5672,48.34,100.9,97.1,104.6,no different,false,motriskindex-families-2024-v4
mercedes-a-class,2001,13270,47.29,100.1,97.6,102.5,no different,false,motriskindex-families-2024-v4
mercedes-a-class,2002,21630,49.09,105.6,103.5,107.6,worse,false,motriskindex-families-2024-v4
mercedes-a-class,2003,28939,47.24,103.5,101.8,105.2,worse,false,motriskindex-families-2024-v4
mercedes-a-class,2004,24392,47.55,107.1,105.2,109.1,worse,false,motriskindex-families-2024-v4
mercedes-a-class,2005,47409,41.88,97.7,96.3,99.1,better,false,motriskindex-families-2024-v4
mercedes-a-class,2006,66061,41.49,100.6,99.5,101.8,no different,false,motriskindex-families-2024-v4
mercedes-a-class,2007,74106,39.09,99.2,98.0,100.3,no different,false,motriskindex-families-2024-v4
mercedes-a-class,2008,76853,37.78,101.4,100.2,102.5,worse,false,motriskindex-families-2024-v4
mercedes-a-class,2009,76548,34.25,98.0,96.8,99.2,better,false,motriskindex-families-2024-v4
mercedes-a-class,2010,67428,31.78,97.8,96.5,99.1,better,false,motriskindex-families-2024-v4
mercedes-a-class,2011,58833,28.55,95.6,94.1,97.0,better,false,motriskindex-families-2024-v4
mercedes-a-class,2012,56880,27.88,102.8,101.2,104.4,worse,false,motriskindex-families-2024-v4
mercedes-a-class,2013,150258,25.05,101.6,100.5,102.6,worse,false,motriskindex-families-2024-v4
mercedes-a-class,2014,241699,23.23,106.1,105.2,107.0,worse,false,motriskindex-families-2024-v4
mercedes-a-class,2015,299094,19.69,104.3,103.5,105.1,worse,false,motriskindex-families-2024-v4
mercedes-a-class,2016,424277,16.53,100.5,99.8,101.3,no different,false,motriskindex-families-2024-v4
mercedes-a-class,2017,393240,14.52,98.2,97.4,99.0,better,false,motriskindex-families-2024-v4
mercedes-a-class,2018,291717,13.43,97.8,96.8,98.8,better,false,motriskindex-families-2024-v4
mercedes-a-class,2019,260821,12.79,101.2,100.1,102.3,worse,false,motriskindex-families-2024-v4
mercedes-a-class,2020,88705,10.88,91.5,89.7,93.3,better,false,motriskindex-families-2024-v4
mercedes-b,2013,990,22.42,93.3,81.0,105.6,no different,true,motriskindex-families-2024-v4
mercedes-b,2014,4082,19.6,96.1,89.4,102.7,no different,false,motriskindex-families-2024-v4
mercedes-b,2019,347,5.48,42.0,23.1,60.8,better,true,motriskindex-families-2024-v4
mercedes-b-class,2005,7104,43.47,99.2,95.7,102.6,no different,false,motriskindex-families-2024-v4
mercedes-b-class,2006,30106,43.55,101.1,99.4,102.9,no different,false,motriskindex-families-2024-v4
mercedes-b-class,2007,34992,42.24,101.0,99.4,102.7,no different,false,motriskindex-families-2024-v4
mercedes-b-class,2008,42301,41.54,104.0,102.4,105.5,worse,false,motriskindex-families-2024-v4
mercedes-b-class,2009,50171,38.34,102.7,101.2,104.1,worse,false,motriskindex-families-2024-v4
mercedes-b-class,2010,51783,36.28,105.8,104.3,107.4,worse,false,motriskindex-families-2024-v4
mercedes-b-class,2011,40315,35.66,116.2,114.3,118.1,worse,false,motriskindex-families-2024-v4
mercedes-b-class,2012,61708,25.96,95.2,93.8,96.7,better,false,motriskindex-families-2024-v4
mercedes-b-class,2013,71722,22.33,92.9,91.5,94.4,better,false,motriskindex-families-2024-v4
mercedes-b-class,2014,84879,20.62,100.1,98.6,101.6,no different,false,motriskindex-families-2024-v4
mercedes-b-class,2015,62165,16.34,94.6,92.8,96.4,better,false,motriskindex-families-2024-v4
mercedes-b-class,2016,58984,14.46,97.9,95.8,100.0,no different,false,motriskindex-families-2024-v4
mercedes-b-class,2017,54852,12.69,96.4,94.2,98.7,better,false,motriskindex-families-2024-v4
mercedes-b-class,2018,27924,12.29,101.4,98.0,104.8,no different,false,motriskindex-families-2024-v4
mercedes-b-class,2019,20993,9.38,84.6,80.9,88.4,better,false,motriskindex-families-2024-v4
mercedes-b-class,2020,8484,9.15,87.8,81.6,93.9,better,false,motriskindex-families-2024-v4
mercedes-c-class,1998,4122,34.06,85.1,80.7,89.6,better,false,motriskindex-families-2024-v4
mercedes-c-class,1999,7012,35.97,90.5,87.0,94.1,better,false,motriskindex-families-2024-v4
mercedes-c-class,2000,8364,37.8,94.4,91.1,97.7,better,false,motriskindex-families-2024-v4
mercedes-c-class,2001,17252,40.44,101.1,98.7,103.4,no different,false,motriskindex-families-2024-v4
mercedes-c-class,2002,36563,40.98,99.6,98.0,101.2,no different,false,motriskindex-families-2024-v4
mercedes-c-class,2003,66751,43.98,104.5,103.3,105.7,worse,false,motriskindex-families-2024-v4
mercedes-c-class,2004,88157,44.72,106.4,105.3,107.4,worse,false,motriskindex-families-2024-v4
mercedes-c-class,2005,108712,43.43,104.8,103.8,105.7,worse,false,motriskindex-families-2024-v4
mercedes-c-class,2006,116942,40.95,102.1,101.2,103.0,worse,false,motriskindex-families-2024-v4
mercedes-c-class,2007,139841,38.8,101.1,100.2,101.9,worse,false,motriskindex-families-2024-v4
mercedes-c-class,2008,156110,35.64,98.4,97.6,99.3,better,false,motriskindex-families-2024-v4
mercedes-c-class,2009,154128,33.96,100.5,99.6,101.3,no different,false,motriskindex-families-2024-v4
mercedes-c-class,2010,172315,31.18,100.5,99.7,101.4,no different,false,motriskindex-families-2024-v4
mercedes-c-class,2011,244321,28.07,99.3,98.6,100.1,no different,false,motriskindex-families-2024-v4
mercedes-c-class,2012,308019,27.16,105.7,105.0,106.4,worse,false,motriskindex-families-2024-v4
mercedes-c-class,2013,254707,24.24,104.5,103.6,105.3,worse,false,motriskindex-families-2024-v4
mercedes-c-class,2014,271953,19.47,95.4,94.6,96.2,better,false,motriskindex-families-2024-v4
mercedes-c-class,2015,395029,17.46,98.9,98.2,99.6,better,false,motriskindex-families-2024-v4
mercedes-c-class,2016,424172,15.58,100.6,99.8,101.4,no different,false,motriskindex-families-2024-v4
mercedes-c-class,2017,394586,13.34,94.9,94.1,95.7,better,false,motriskindex-families-2024-v4
mercedes-c-class,2018,206804,12.71,96.3,95.2,97.5,better,false,motriskindex-families-2024-v4
mercedes-c-class,2019,124804,11.69,95.3,93.7,96.8,better,false,motriskindex-families-2024-v4
mercedes-c-class,2020,23002,12.3,106.5,102.6,110.5,worse,false,motriskindex-families-2024-v4
mercedes-citan,2013,17639,42.43,101.8,99.5,104.1,no different,false,motriskindex-families-2024-v4
mercedes-citan,2014,25270,40.17,102.7,100.7,104.7,worse,false,motriskindex-families-2024-v4
mercedes-citan,2015,28234,33.58,92.6,90.8,94.5,better,false,motriskindex-families-2024-v4
mercedes-citan,2016,38074,33.37,100.3,98.6,102.1,no different,false,motriskindex-families-2024-v4
mercedes-citan,2017,32053,30.24,97.4,95.5,99.4,better,false,motriskindex-families-2024-v4
mercedes-citan,2018,25703,32.3,109.6,107.2,112.0,worse,false,motriskindex-families-2024-v4
mercedes-citan,2019,9938,28.34,102.7,98.9,106.5,no different,false,motriskindex-families-2024-v4
mercedes-citan,2020,4051,31.57,121.3,114.7,128.0,worse,false,motriskindex-families-2024-v4
mercedes-cl,2000,972,31.69,115.5,102.6,128.4,worse,true,motriskindex-families-2024-v4
mercedes-cl,2001,1788,27.4,104.1,94.9,113.3,no different,true,motriskindex-families-2024-v4
mercedes-cl,2002,3374,27.09,104.2,97.4,110.9,no different,true,motriskindex-families-2024-v4
mercedes-cl,2003,2665,25.63,102.9,95.2,110.6,no different,true,motriskindex-families-2024-v4
mercedes-cl,2004,1801,21.6,92.2,83.0,101.4,no different,true,motriskindex-families-2024-v4
mercedes-cl,2005,1506,22.71,105.2,94.1,116.4,no different,true,motriskindex-families-2024-v4
mercedes-cl,2006,595,24.87,119.4,100.1,138.6,worse,true,motriskindex-families-2024-v4
mercedes-cl,2007,3762,20.12,95.9,89.1,102.7,no different,true,motriskindex-families-2024-v4
mercedes-cl,2008,1766,21.97,105.0,94.5,115.4,no different,true,motriskindex-families-2024-v4
mercedes-cl,2009,1480,22.16,101.3,90.3,112.2,no different,true,motriskindex-families-2024-v4
mercedes-cl,2010,819,23.32,106.7,91.6,121.8,no different,true,motriskindex-families-2024-v4
mercedes-cl,2011,342,21.35,93.0,71.7,114.3,no different,true,motriskindex-families-2024-v4
mercedes-cla,2013,24279,24.52,105.6,102.9,108.3,worse,false,motriskindex-families-2024-v4
mercedes-cla,2014,49122,20.91,98.9,97.0,100.8,no different,false,motriskindex-families-2024-v4
mercedes-cla,2015,77215,19.06,99.9,98.3,101.5,no different,false,motriskindex-families-2024-v4
mercedes-cla,2016,86773,17.49,100.3,98.7,101.9,no different,false,motriskindex-families-2024-v4
mercedes-cla,2017,80117,15.95,98.3,96.6,100.0,no different,false,motriskindex-families-2024-v4
mercedes-cla,2018,60222,15.98,104.1,102.0,106.2,worse,false,motriskindex-families-2024-v4
mercedes-cla,2019,42452,15.17,105.1,102.5,107.7,worse,false,motriskindex-families-2024-v4
mercedes-cla,2020,22711,14.43,103.7,100.2,107.3,worse,false,motriskindex-families-2024-v4
mercedes-clc,2008,20580,45.73,103.3,101.2,105.3,worse,false,motriskindex-families-2024-v4
mercedes-clc,2009,30118,44.26,102.2,100.4,103.9,worse,false,motriskindex-families-2024-v4
mercedes-clc,2010,23020,42.14,100.3,98.3,102.3,no different,false,motriskindex-families-2024-v4
mercedes-clc,2011,5512,35.56,88.9,84.9,92.8,better,false,motriskindex-families-2024-v4
mercedes-clk,1998,792,35.61,98.1,86.7,109.6,no different,true,motriskindex-families-2024-v4
mercedes-clk,1999,5656,35.18,98.9,94.5,103.2,no different,false,motriskindex-families-2024-v4
mercedes-clk,2000,10918,34.93,97.4,94.3,100.5,no different,false,motriskindex-families-2024-v4
mercedes-clk,2001,16726,33.65,92.5,90.0,94.9,better,false,motriskindex-families-2024-v4
mercedes-clk,2002,22475,37.3,99.0,96.8,101.1,no different,false,motriskindex-families-2024-v4
mercedes-clk,2003,39326,39.34,101.7,100.1,103.4,worse,false,motriskindex-families-2024-v4
mercedes-clk,2004,50108,40.49,102.8,101.4,104.2,worse,false,motriskindex-families-2024-v4
mercedes-clk,2005,45359,40.03,101.2,99.7,102.6,no different,false,motriskindex-families-2024-v4
mercedes-clk,2006,31788,39.39,99.8,98.0,101.5,no different,false,motriskindex-families-2024-v4
mercedes-clk,2007,34416,39.57,100.8,99.1,102.5,no different,false,motriskindex-families-2024-v4
mercedes-clk,2008,23653,38.02,98.1,96.0,100.1,no different,false,motriskindex-families-2024-v4
mercedes-clk,2009,26772,38.04,100.4,98.5,102.4,no different,false,motriskindex-families-2024-v4
mercedes-clk,2010,495,37.37,100.9,86.4,115.5,no different,true,motriskindex-families-2024-v4
mercedes-cls,2005,11799,29.46,91.8,88.7,94.8,better,false,motriskindex-families-2024-v4
mercedes-cls,2006,19570,32.89,100.2,97.7,102.6,no different,false,motriskindex-families-2024-v4
mercedes-cls,2007,22371,33.98,102.9,100.6,105.2,worse,false,motriskindex-families-2024-v4
mercedes-cls,2008,16841,34.29,105.4,102.6,108.1,worse,false,motriskindex-families-2024-v4
mercedes-cls,2009,12236,34.77,110.3,107.0,113.6,worse,false,motriskindex-families-2024-v4
mercedes-cls,2010,9944,33.2,108.9,105.2,112.7,worse,false,motriskindex-families-2024-v4
mercedes-cls,2011,10226,23.69,84.0,80.6,87.3,better,false,motriskindex-families-2024-v4
mercedes-cls,2012,11490,24.3,95.9,92.3,99.4,better,false,motriskindex-families-2024-v4
mercedes-cls,2013,35598,24.19,105.1,102.9,107.3,worse,false,motriskindex-families-2024-v4
mercedes-cls,2014,20496,21.76,102.4,99.4,105.4,no different,false,motriskindex-families-2024-v4
mercedes-cls,2015,32705,19.05,97.4,94.9,99.8,better,false,motriskindex-families-2024-v4
mercedes-cls,2016,23662,16.7,93.1,90.2,96.0,better,false,motriskindex-families-2024-v4
mercedes-cls,2017,14698,15.28,91.3,87.5,95.1,better,false,motriskindex-families-2024-v4
mercedes-cls,2018,7185,14.92,93.8,88.2,99.4,better,false,motriskindex-families-2024-v4
mercedes-cls,2019,5668,16.18,108.3,101.3,115.3,worse,false,motriskindex-families-2024-v4
mercedes-cls,2020,857,22.17,155.6,133.5,177.8,worse,true,motriskindex-families-2024-v4
mercedes-e-class,1998,1910,37.28,100.1,92.8,107.5,no different,true,motriskindex-families-2024-v4
mercedes-e-class,1999,3378,37.83,105.2,99.5,111.0,no different,true,motriskindex-families-2024-v4
mercedes-e-class,2000,4404,36.74,104.7,99.6,109.8,no different,false,motriskindex-families-2024-v4
mercedes-e-class,2001,8116,37.24,107.9,104.0,111.7,worse,false,motriskindex-families-2024-v4
mercedes-e-class,2002,12027,35.69,104.5,101.4,107.6,worse,false,motriskindex-families-2024-v4
mercedes-e-class,2003,36585,33.9,100.0,98.2,101.7,no different,false,motriskindex-families-2024-v4
mercedes-e-class,2004,49342,34.66,103.3,101.7,104.8,worse,false,motriskindex-families-2024-v4
mercedes-e-class,2005,49199,34.29,103.4,101.8,104.9,worse,false,motriskindex-families-2024-v4
mercedes-e-class,2006,47415,32.49,100.1,98.5,101.7,no different,false,motriskindex-families-2024-v4
mercedes-e-class,2007,68704,31.21,98.7,97.4,100.1,no different,false,motriskindex-families-2024-v4
mercedes-e-class,2008,52379,31.39,102.8,101.2,104.3,worse,false,motriskindex-families-2024-v4
mercedes-e-class,2009,82108,29.91,102.3,101.0,103.6,worse,false,motriskindex-families-2024-v4
mercedes-e-class,2010,137600,27.31,98.7,97.7,99.7,better,false,motriskindex-families-2024-v4
mercedes-e-class,2011,162054,25.18,97.7,96.7,98.6,better,false,motriskindex-families-2024-v4
mercedes-e-class,2012,167278,24.84,104.3,103.3,105.3,worse,false,motriskindex-families-2024-v4
mercedes-e-class,2013,200538,23.16,106.0,105.0,107.0,worse,false,motriskindex-families-2024-v4
mercedes-e-class,2014,220471,19.77,100.9,100.0,101.9,no different,false,motriskindex-families-2024-v4
mercedes-e-class,2015,248302,17.46,100.5,99.6,101.5,no different,false,motriskindex-families-2024-v4
mercedes-e-class,2016,241915,15.04,96.4,95.4,97.4,better,false,motriskindex-families-2024-v4
mercedes-e-class,2017,224991,13.36,92.8,91.7,93.8,better,false,motriskindex-families-2024-v4
mercedes-e-class,2018,156820,13.95,102.2,100.8,103.5,worse,false,motriskindex-families-2024-v4
mercedes-e-class,2019,99157,12.59,97.7,95.9,99.4,better,false,motriskindex-families-2024-v4
mercedes-e-class,2020,19852,13.97,112.8,108.6,117.0,worse,false,motriskindex-families-2024-v4
mercedes-eqc,2019,544,5.88,39.8,26.0,53.6,better,true,motriskindex-families-2024-v4
mercedes-eqc,2020,8055,14.56,96.7,91.2,102.3,no different,false,motriskindex-families-2024-v4
mercedes-g,2015,586,14.33,192.1,151.0,233.2,worse,true,motriskindex-families-2024-v4
mercedes-g,2016,630,13.33,164.7,129.5,200.0,worse,true,motriskindex-families-2024-v4
mercedes-g,2019,2384,7.55,100.6,85.9,115.3,no different,true,motriskindex-families-2024-v4
mercedes-g,2020,1165,9.27,117.9,95.6,140.1,no different,true,motriskindex-families-2024-v4
mercedes-g-class,2016,690,15.07,127.0,102.6,151.5,worse,true,motriskindex-families-2024-v4
mercedes-g-class,2017,1344,13.69,109.9,94.0,125.8,no different,true,motriskindex-families-2024-v4
mercedes-g-class,2018,1842,10.42,94.6,81.2,107.9,no different,true,motriskindex-families-2024-v4
mercedes-g-class,2019,441,10.2,94.2,66.7,121.7,no different,true,motriskindex-families-2024-v4
mercedes-gl,2006,1074,26.82,97.5,86.3,108.8,no different,true,motriskindex-families-2024-v4
mercedes-gl,2007,4088,29.06,106.5,100.4,112.6,worse,false,motriskindex-families-2024-v4
mercedes-gl,2008,2489,26.4,100.7,93.0,108.4,no different,true,motriskindex-families-2024-v4
mercedes-gl,2009,1628,28.07,114.1,103.7,124.6,worse,true,motriskindex-families-2024-v4
mercedes-gl,2010,1835,23.0,101.5,91.8,111.2,no different,true,motriskindex-families-2024-v4
mercedes-gl,2011,2616,21.71,105.6,96.9,114.3,no different,true,motriskindex-families-2024-v4
mercedes-gl,2012,990,20.1,105.7,91.0,120.4,no different,true,motriskindex-families-2024-v4
mercedes-gl,2013,5700,18.28,103.1,96.8,109.3,no different,false,motriskindex-families-2024-v4
mercedes-gl,2014,6054,16.67,98.3,92.3,104.4,no different,false,motriskindex-families-2024-v4
mercedes-gl,2015,6971,15.88,94.9,89.3,100.5,no different,false,motriskindex-families-2024-v4
mercedes-gl,2016,2465,15.94,101.6,91.5,111.6,no different,true,motriskindex-families-2024-v4
mercedes-gla,2014,38533,15.18,92.4,90.0,94.7,better,false,motriskindex-families-2024-v4
mercedes-gla,2015,97527,14.56,99.6,97.9,101.2,no different,false,motriskindex-families-2024-v4
mercedes-gla,2016,117884,12.91,100.9,99.3,102.5,no different,false,motriskindex-families-2024-v4
mercedes-gla,2017,121695,11.25,97.9,96.3,99.5,better,false,motriskindex-families-2024-v4
mercedes-gla,2018,116096,11.22,106.7,104.9,108.5,worse,false,motriskindex-families-2024-v4
mercedes-gla,2019,85135,10.86,113.1,110.8,115.4,worse,false,motriskindex-families-2024-v4
mercedes-gla,2020,27779,8.78,96.8,92.9,100.6,no different,false,motriskindex-families-2024-v4
mercedes-glc,2015,15114,13.97,101.3,97.0,105.6,no different,false,motriskindex-families-2024-v4
mercedes-glc,2016,105463,12.73,103.3,101.5,105.0,worse,false,motriskindex-families-2024-v4
mercedes-glc,2017,123133,11.76,103.6,101.9,105.3,worse,false,motriskindex-families-2024-v4
mercedes-glc,2018,139757,10.93,103.0,101.3,104.6,worse,false,motriskindex-families-2024-v4
mercedes-glc,2019,89145,9.48,97.0,94.9,99.0,better,false,motriskindex-families-2024-v4
mercedes-glc,2020,35093,8.93,97.2,93.8,100.6,no different,false,motriskindex-families-2024-v4
mercedes-gle,2015,14320,12.18,100.4,95.6,105.1,no different,false,motriskindex-families-2024-v4
mercedes-gle,2016,60940,11.27,97.5,95.2,99.8,better,false,motriskindex-families-2024-v4
mercedes-gle,2017,45558,10.83,98.5,95.7,101.2,no different,false,motriskindex-families-2024-v4
mercedes-gle,2018,43908,11.14,105.1,102.2,108.1,worse,false,motriskindex-families-2024-v4
mercedes-gle,2019,17862,10.38,102.5,97.8,107.1,no different,false,motriskindex-families-2024-v4
mercedes-gle,2020,15163,10.88,110.6,105.2,115.9,worse,false,motriskindex-families-2024-v4
mercedes-gls,2016,4734,13.35,108.8,100.3,117.2,worse,false,motriskindex-families-2024-v4
mercedes-gls,2017,6626,11.5,97.9,91.0,104.9,no different,false,motriskindex-families-2024-v4
mercedes-gls,2018,4316,11.49,100.2,91.3,109.0,no different,false,motriskindex-families-2024-v4
mercedes-gls,2019,2113,9.75,89.5,77.2,101.7,no different,true,motriskindex-families-2024-v4
mercedes-gls,2020,1219,12.22,119.8,100.6,139.1,worse,true,motriskindex-families-2024-v4
mercedes-gt,2015,2322,7.32,94.5,80.3,108.7,no different,true,motriskindex-families-2024-v4
mercedes-gt,2016,3284,8.1,107.9,94.9,120.9,no different,true,motriskindex-families-2024-v4
mercedes-gt,2017,2424,6.89,95.5,81.0,110.0,no different,true,motriskindex-families-2024-v4
mercedes-gt,2018,2119,6.37,88.6,73.6,103.5,no different,true,motriskindex-families-2024-v4
mercedes-gt,2019,963,7.17,101.0,77.2,124.8,no different,true,motriskindex-families-2024-v4
mercedes-m-class,1998,254,48.03,110.1,90.5,129.6,no different,true,motriskindex-families-2024-v4
mercedes-m-class,1999,2732,44.88,103.5,97.7,109.3,no different,true,motriskindex-families-2024-v4
mercedes-m-class,2000,6830,43.92,101.8,98.1,105.4,no different,false,motriskindex-families-2024-v4
mercedes-m-class,2001,8384,42.87,99.9,96.6,103.1,no different,false,motriskindex-families-2024-v4
mercedes-m-class,2002,12813,41.61,98.8,96.2,101.5,no different,false,motriskindex-families-2024-v4
mercedes-m-class,2003,14180,44.72,106.8,104.2,109.4,worse,false,motriskindex-families-2024-v4
mercedes-m-class,2004,18004,44.8,110.5,108.1,112.9,worse,false,motriskindex-families-2024-v4
mercedes-m-class,2005,13509,41.37,107.1,104.3,109.9,worse,false,motriskindex-families-2024-v4
mercedes-m-class,2006,26604,33.64,92.6,90.6,94.5,better,false,motriskindex-families-2024-v4
mercedes-m-class,2007,27134,32.86,95.0,93.0,97.0,better,false,motriskindex-families-2024-v4
mercedes-m-class,2008,26985,33.36,102.5,100.4,104.6,worse,false,motriskindex-families-2024-v4
mercedes-m-class,2009,22759,32.68,107.6,105.1,110.0,worse,false,motriskindex-families-2024-v4
mercedes-m-class,2010,27015,31.29,110.4,108.0,112.7,worse,false,motriskindex-families-2024-v4
mercedes-m-class,2011,27384,27.3,107.5,105.0,109.9,worse,false,motriskindex-families-2024-v4
mercedes-m-class,2012,25365,20.76,94.0,91.4,96.5,better,false,motriskindex-families-2024-v4
mercedes-m-class,2013,47888,17.05,88.2,86.3,90.1,better,false,motriskindex-families-2024-v4
mercedes-m-class,2014,43231,16.5,95.8,93.6,98.0,better,false,motriskindex-families-2024-v4
mercedes-m-class,2015,35155,14.46,92.7,90.2,95.3,better,false,motriskindex-families-2024-v4
mercedes-r-class,2006,2796,32.76,101.4,94.8,108.0,no different,true,motriskindex-families-2024-v4
mercedes-r-class,2007,3360,34.73,107.1,101.0,113.3,worse,true,motriskindex-families-2024-v4
mercedes-r-class,2008,2583,32.56,100.4,93.6,107.2,no different,true,motriskindex-families-2024-v4
mercedes-r-class,2009,1649,34.08,105.4,96.6,114.1,no different,true,motriskindex-families-2024-v4
mercedes-r-class,2010,1761,30.78,101.1,92.6,109.6,no different,true,motriskindex-families-2024-v4
mercedes-r-class,2011,2699,28.12,101.0,93.8,108.2,no different,true,motriskindex-families-2024-v4
mercedes-r-class,2012,2041,21.95,89.5,81.2,97.8,better,true,motriskindex-families-2024-v4
mercedes-r-class,2013,783,24.65,108.9,93.5,124.2,no different,true,motriskindex-families-2024-v4
mercedes-s,2014,848,10.85,95.1,75.7,114.6,no different,true,motriskindex-families-2024-v4
mercedes-s,2015,412,10.68,96.6,68.1,125.1,no different,true,motriskindex-families-2024-v4
mercedes-s,2016,276,3.62,36.3,13.8,58.8,better,true,motriskindex-families-2024-v4
mercedes-s,2019,585,8.21,85.5,61.3,109.6,no different,true,motriskindex-families-2024-v4
mercedes-s,2020,1308,10.4,113.9,94.7,133.0,no different,true,motriskindex-families-2024-v4
mercedes-s-class,1998,214,36.45,111.8,87.0,136.7,no different,true,motriskindex-families-2024-v4
mercedes-s-class,1999,1014,30.37,95.8,85.1,106.5,no different,true,motriskindex-families-2024-v4
mercedes-s-class,2000,2228,34.83,113.9,105.9,121.9,worse,true,motriskindex-families-2024-v4
mercedes-s-class,2001,3590,31.31,104.6,98.5,110.7,no different,true,motriskindex-families-2024-v4
mercedes-s-class,2002,4485,32.11,110.2,104.5,115.9,worse,true,motriskindex-families-2024-v4
mercedes-s-class,2003,7214,28.74,101.2,96.9,105.6,no different,false,motriskindex-families-2024-v4
mercedes-s-class,2004,6118,27.74,99.7,94.9,104.4,no different,false,motriskindex-families-2024-v4
mercedes-s-class,2005,5644,29.41,108.5,103.3,113.7,worse,false,motriskindex-families-2024-v4
mercedes-s-class,2006,12805,25.25,94.6,91.4,97.9,better,false,motriskindex-families-2024-v4
mercedes-s-class,2007,15787,26.86,102.1,99.0,105.2,no different,false,motriskindex-families-2024-v4
mercedes-s-class,2008,11406,27.2,106.0,102.3,109.8,worse,false,motriskindex-families-2024-v4
mercedes-s-class,2009,10024,27.81,111.9,107.8,116.1,worse,false,motriskindex-families-2024-v4
mercedes-s-class,2010,10095,22.71,97.5,93.5,101.5,no different,false,motriskindex-families-2024-v4
mercedes-s-class,2011,10596,21.18,98.3,94.2,102.4,no different,false,motriskindex-families-2024-v4
mercedes-s-class,2012,13935,21.89,112.4,108.4,116.4,worse,false,motriskindex-families-2024-v4
mercedes-s-class,2013,10815,19.79,113.3,108.5,118.1,worse,false,motriskindex-families-2024-v4
mercedes-s-class,2014,18105,13.12,86.7,83.2,90.2,better,false,motriskindex-families-2024-v4
mercedes-s-class,2015,25360,12.61,96.6,93.3,100.0,no different,false,motriskindex-families-2024-v4
mercedes-s-class,2016,29300,11.66,100.0,96.6,103.3,no different,false,motriskindex-families-2024-v4
mercedes-s-class,2017,24679,10.31,98.7,94.9,102.5,no different,false,motriskindex-families-2024-v4
mercedes-s-class,2018,17968,8.38,86.3,82.0,90.7,better,false,motriskindex-families-2024-v4
mercedes-s-class,2019,12281,7.95,88.6,83.0,94.1,better,false,motriskindex-families-2024-v4
mercedes-s-class,2020,790,6.33,74.0,53.5,94.5,better,true,motriskindex-families-2024-v4
mercedes-sl,1998,1004,22.51,109.4,95.2,123.7,no different,true,motriskindex-families-2024-v4
mercedes-sl,1999,1588,18.01,94.3,83.3,105.2,no different,true,motriskindex-families-2024-v4
mercedes-sl,2000,2242,20.52,106.9,97.2,116.7,no different,true,motriskindex-families-2024-v4
mercedes-sl,2001,1870,17.65,93.4,83.4,103.5,no different,true,motriskindex-families-2024-v4
mercedes-sl,2002,8937,19.92,104.0,99.1,108.8,no different,false,motriskindex-families-2024-v4
mercedes-sl,2003,22711,19.93,104.4,101.4,107.4,worse,false,motriskindex-families-2024-v4
mercedes-sl,2004,18531,19.22,100.7,97.4,104.0,no different,false,motriskindex-families-2024-v4
mercedes-sl,2005,11484,18.23,95.8,91.7,99.9,better,false,motriskindex-families-2024-v4
mercedes-sl,2006,7160,18.69,99.6,94.3,104.9,no different,false,motriskindex-families-2024-v4
mercedes-sl,2007,5798,18.06,98.0,92.0,103.9,no different,false,motriskindex-families-2024-v4
mercedes-sl,2008,7041,17.54,95.2,89.9,100.5,no different,false,motriskindex-families-2024-v4
mercedes-sl,2009,4857,18.26,102.1,95.4,108.9,no different,false,motriskindex-families-2024-v4
mercedes-sl,2010,3525,18.52,107.1,98.9,115.3,no different,true,motriskindex-families-2024-v4
mercedes-sl,2011,2576,14.6,91.2,82.0,100.4,no different,true,motriskindex-families-2024-v4
mercedes-sl,2012,4251,16.51,111.2,103.0,119.5,worse,false,motriskindex-families-2024-v4
mercedes-sl,2013,12451,14.75,108.8,103.8,113.8,worse,false,motriskindex-families-2024-v4
mercedes-sl,2014,11792,12.19,99.1,94.0,104.2,no different,false,motriskindex-families-2024-v4
mercedes-sl,2015,9048,9.81,89.9,84.0,95.8,better,false,motriskindex-families-2024-v4
mercedes-sl,2016,8604,10.48,105.2,98.3,112.1,no different,false,motriskindex-families-2024-v4
mercedes-sl,2017,6257,8.1,87.2,79.6,94.8,better,false,motriskindex-families-2024-v4
mercedes-sl,2018,2988,7.86,90.7,79.1,102.3,no different,true,motriskindex-families-2024-v4
mercedes-sl,2019,2090,7.27,92.0,77.4,106.7,no different,true,motriskindex-families-2024-v4
mercedes-sl,2020,638,7.05,92.9,65.8,120.0,no different,true,motriskindex-families-2024-v4
mercedes-slc,2016,24605,12.9,106.3,102.6,110.0,worse,false,motriskindex-families-2024-v4
mercedes-slc,2017,33243,11.33,102.8,99.5,106.1,no different,false,motriskindex-families-2024-v4
mercedes-slc,2018,10735,9.68,94.3,88.6,100.1,no different,false,motriskindex-families-2024-v4
mercedes-slc,2019,5080,7.62,80.0,72.0,87.9,better,false,motriskindex-families-2024-v4
mercedes-slc,2020,1778,8.66,94.6,79.7,109.6,no different,true,motriskindex-families-2024-v4
mercedes-slk,1999,4116,32.36,105.1,99.4,110.7,no different,true,motriskindex-families-2024-v4
mercedes-slk,2000,13456,31.72,99.9,96.9,102.9,no different,false,motriskindex-families-2024-v4
mercedes-slk,2001,20184,31.11,97.5,95.1,99.9,better,false,motriskindex-families-2024-v4
mercedes-slk,2002,18780,30.29,94.7,92.2,97.1,better,false,motriskindex-families-2024-v4
mercedes-slk,2003,16133,33.78,104.6,101.8,107.3,worse,false,motriskindex-families-2024-v4
mercedes-slk,2004,28362,34.94,108.3,106.1,110.4,worse,false,motriskindex-families-2024-v4
mercedes-slk,2005,43243,31.96,99.7,98.1,101.4,no different,false,motriskindex-families-2024-v4
mercedes-slk,2006,30598,31.38,99.9,97.9,101.9,no different,false,motriskindex-families-2024-v4
mercedes-slk,2007,28168,31.28,102.2,100.1,104.4,worse,false,motriskindex-families-2024-v4
mercedes-slk,2008,26251,30.07,102.7,100.4,105.0,worse,false,motriskindex-families-2024-v4
mercedes-slk,2009,20625,29.28,105.9,103.3,108.6,worse,false,motriskindex-families-2024-v4
mercedes-slk,2010,17419,27.68,107.7,104.7,110.8,worse,false,motriskindex-families-2024-v4
mercedes-slk,2011,19811,21.61,90.4,87.7,93.1,better,false,motriskindex-families-2024-v4
mercedes-slk,2012,50453,21.51,100.8,98.9,102.7,no different,false,motriskindex-families-2024-v4
mercedes-slk,2013,50686,20.36,108.6,106.5,110.7,worse,false,motriskindex-families-2024-v4
mercedes-slk,2014,54159,16.43,97.7,95.7,99.7,better,false,motriskindex-families-2024-v4
mercedes-slk,2015,53051,14.37,94.8,92.7,96.9,better,false,motriskindex-families-2024-v4
mercedes-slk,2016,13688,12.32,89.5,85.2,93.8,better,false,motriskindex-families-2024-v4
mercedes-sprinter,1998,522,49.04,114.0,100.1,128.0,worse,true,motriskindex-families-2024-v4
mercedes-sprinter,1999,1112,43.53,104.3,95.0,113.6,no different,true,motriskindex-families-2024-v4
mercedes-sprinter,2000,2716,44.55,107.6,101.6,113.7,worse,true,motriskindex-families-2024-v4
mercedes-sprinter,2001,6014,40.37,98.3,94.4,102.2,no different,false,motriskindex-families-2024-v4
mercedes-sprinter,2002,8970,42.08,102.9,99.6,106.2,no different,false,motriskindex-families-2024-v4
mercedes-sprinter,2003,9043,42.86,105.3,101.9,108.6,worse,false,motriskindex-families-2024-v4
mercedes-sprinter,2004,10435,42.05,104.8,101.7,107.9,worse,false,motriskindex-families-2024-v4
mercedes-sprinter,2005,9617,39.63,100.7,97.5,103.9,no different,false,motriskindex-families-2024-v4
mercedes-sprinter,2006,8823,37.97,99.5,96.1,102.8,no different,false,motriskindex-families-2024-v4
mercedes-sprinter,2007,10015,36.96,100.5,97.2,103.7,no different,false,motriskindex-families-2024-v4
mercedes-sprinter,2008,10735,35.35,100.7,97.5,103.9,no different,false,motriskindex-families-2024-v4
mercedes-sprinter,2009,7987,29.82,90.4,86.8,94.0,better,false,motriskindex-families-2024-v4
mercedes-sprinter,2010,10663,28.42,93.0,89.7,96.3,better,false,motriskindex-families-2024-v4
mercedes-sprinter,2011,10611,28.01,99.1,95.6,102.7,no different,false,motriskindex-families-2024-v4
mercedes-sprinter,2012,11582,28.73,109.2,105.5,113.0,worse,false,motriskindex-families-2024-v4
mercedes-sprinter,2013,11004,23.51,98.0,94.2,101.8,no different,false,motriskindex-families-2024-v4
mercedes-sprinter,2014,12891,22.49,103.6,99.9,107.4,no different,false,motriskindex-families-2024-v4
mercedes-sprinter,2015,14766,17.76,92.1,88.6,95.7,better,false,motriskindex-families-2024-v4
mercedes-sprinter,2016,11392,18.61,107.4,102.9,112.0,worse,false,motriskindex-families-2024-v4
mercedes-sprinter,2017,11820,14.04,90.4,86.0,94.7,better,false,motriskindex-families-2024-v4
mercedes-sprinter,2018,7826,14.55,100.4,94.6,106.3,no different,false,motriskindex-families-2024-v4
mercedes-sprinter,2019,5245,14.72,107.1,99.5,114.6,no different,false,motriskindex-families-2024-v4
mercedes-sprinter,2020,2863,14.11,105.0,94.8,115.2,no different,true,motriskindex-families-2024-v4
mercedes-v,2015,612,16.67,92.5,74.5,110.5,no different,true,motriskindex-families-2024-v4
mercedes-v,2016,646,10.22,58.3,44.2,72.4,better,true,motriskindex-families-2024-v4
mercedes-v,2019,1930,16.22,99.2,88.2,110.2,no different,true,motriskindex-families-2024-v4
mercedes-v,2020,1861,17.03,105.3,93.8,116.9,no different,true,motriskindex-families-2024-v4
mercedes-v-class,2015,10573,19.65,105.4,100.9,109.9,worse,false,motriskindex-families-2024-v4
mercedes-v-class,2016,16913,17.91,104.2,100.5,108.0,worse,false,motriskindex-families-2024-v4
mercedes-v-class,2017,20679,16.35,99.9,96.5,103.2,no different,false,motriskindex-families-2024-v4
mercedes-v-class,2018,17159,16.02,102.2,98.4,106.0,no different,false,motriskindex-families-2024-v4
mercedes-v-class,2019,12574,14.01,95.0,90.6,99.5,better,false,motriskindex-families-2024-v4
mercedes-v-class,2020,812,14.66,106.8,87.6,125.9,no different,true,motriskindex-families-2024-v4
mercedes-viano,2004,2884,41.4,104.8,98.9,110.8,no different,true,motriskindex-families-2024-v4
mercedes-viano,2005,4228,40.73,103.3,98.4,108.1,no different,true,motriskindex-families-2024-v4
mercedes-viano,2006,4192,39.46,100.9,96.1,105.8,no different,true,motriskindex-families-2024-v4
mercedes-viano,2007,4916,37.71,98.5,94.0,102.9,no different,false,motriskindex-families-2024-v4
mercedes-viano,2008,5351,38.29,103.5,99.1,108.0,no different,false,motriskindex-families-2024-v4
mercedes-viano,2009,4829,36.12,100.5,95.8,105.3,no different,false,motriskindex-families-2024-v4
mercedes-viano,2010,4767,34.0,98.5,93.7,103.3,no different,false,motriskindex-families-2024-v4
mercedes-viano,2011,5211,34.56,104.0,99.2,108.9,no different,false,motriskindex-families-2024-v4
mercedes-viano,2012,6477,30.68,96.4,92.2,100.7,no different,false,motriskindex-families-2024-v4
mercedes-viano,2013,7339,29.39,97.8,93.6,101.9,no different,false,motriskindex-families-2024-v4
mercedes-viano,2014,7350,27.47,97.9,93.6,102.1,no different,false,motriskindex-families-2024-v4
mercedes-viano,2015,1309,30.56,114.3,103.1,125.5,worse,true,motriskindex-families-2024-v4
mercedes-vito,1998,794,53.4,102.3,92.5,112.0,no different,true,motriskindex-families-2024-v4
mercedes-vito,1999,1256,49.04,94.7,87.2,102.2,no different,true,motriskindex-families-2024-v4
mercedes-vito,2000,1564,53.32,103.9,96.8,110.9,no different,true,motriskindex-families-2024-v4
mercedes-vito,2001,4282,52.17,103.5,99.2,107.8,no different,false,motriskindex-families-2024-v4
mercedes-vito,2002,7474,52.53,105.0,101.7,108.3,worse,false,motriskindex-families-2024-v4
mercedes-vito,2003,9213,53.78,109.6,106.6,112.7,worse,false,motriskindex-families-2024-v4
mercedes-vito,2004,17399,50.24,104.8,102.6,107.0,worse,false,motriskindex-families-2024-v4
mercedes-vito,2005,30730,48.3,103.6,102.0,105.3,worse,false,motriskindex-families-2024-v4
mercedes-vito,2006,45955,45.44,100.2,98.9,101.6,no different,false,motriskindex-families-2024-v4
mercedes-vito,2007,53429,44.42,100.8,99.5,102.1,no different,false,motriskindex-families-2024-v4
mercedes-vito,2008,51579,41.96,98.5,97.1,99.8,better,false,motriskindex-families-2024-v4
mercedes-vito,2009,48260,40.26,98.1,96.7,99.5,better,false,motriskindex-families-2024-v4
mercedes-vito,2010,48343,39.69,100.5,99.1,101.9,no different,false,motriskindex-families-2024-v4
mercedes-vito,2011,42085,38.05,101.2,99.7,102.8,no different,false,motriskindex-families-2024-v4
mercedes-vito,2012,53425,36.08,101.0,99.6,102.5,no different,false,motriskindex-families-2024-v4
mercedes-vito,2013,53499,33.28,98.9,97.5,100.4,no different,false,motriskindex-families-2024-v4
mercedes-vito,2014,51168,31.22,99.2,97.7,100.7,no different,false,motriskindex-families-2024-v4
mercedes-vito,2015,57061,28.7,98.2,96.7,99.8,better,false,motriskindex-families-2024-v4
mercedes-vito,2016,69271,28.08,104.4,102.9,105.9,worse,false,motriskindex-families-2024-v4
mercedes-vito,2017,84189,23.11,91.5,90.2,92.8,better,false,motriskindex-families-2024-v4
mercedes-vito,2018,44832,24.14,100.1,98.3,102.0,no different,false,motriskindex-families-2024-v4
mercedes-vito,2019,44870,24.35,105.9,103.9,107.8,worse,false,motriskindex-families-2024-v4
mercedes-vito,2020,12358,24.54,111.5,107.5,115.4,worse,false,motriskindex-families-2024-v4
mercedes-x,2017,1172,19.8,96.9,84.5,109.4,no different,true,motriskindex-families-2024-v4
mercedes-x,2018,8906,20.67,104.8,100.0,109.6,no different,false,motriskindex-families-2024-v4
mercedes-x,2019,8091,18.82,101.0,95.9,106.0,no different,false,motriskindex-families-2024-v4
mercedes-x,2020,1855,18.22,100.9,90.2,111.7,no different,true,motriskindex-families-2024-v4
mg-3,2013,1958,26.46,93.0,85.0,101.1,no different,true,motriskindex-families-2024-v4
mg-3,2014,18307,26.88,101.6,98.8,104.4,no different,false,motriskindex-families-2024-v4
mg-3,2015,26690,24.02,100.4,98.0,102.9,no different,false,motriskindex-families-2024-v4
mg-3,2016,34135,21.41,100.4,98.1,102.7,no different,false,motriskindex-families-2024-v4
mg-3,2017,27197,19.5,99.3,96.6,102.0,no different,false,motriskindex-families-2024-v4
mg-3,2018,17938,19.48,106.3,102.8,109.8,worse,false,motriskindex-families-2024-v4
mg-3,2019,18234,16.66,99.7,96.1,103.2,no different,false,motriskindex-families-2024-v4
mg-3,2020,7413,16.44,106.4,100.4,112.4,worse,false,motriskindex-families-2024-v4
mg-6,2011,2644,40.54,99.7,93.7,105.7,no different,true,motriskindex-families-2024-v4
mg-6,2012,6879,38.06,98.0,94.2,101.7,no different,false,motriskindex-families-2024-v4
mg-6,2013,2724,34.62,95.8,89.7,102.0,no different,true,motriskindex-families-2024-v4
mg-6,2014,4774,32.89,101.3,96.3,106.3,no different,false,motriskindex-families-2024-v4
mg-6,2015,4808,32.53,106.5,101.2,111.7,worse,false,motriskindex-families-2024-v4
mg-6,2016,3717,27.04,93.4,87.7,99.2,better,true,motriskindex-families-2024-v4
mg-gs,2016,6228,17.98,95.3,89.7,100.9,no different,false,motriskindex-families-2024-v4
mg-gs,2017,9004,17.11,102.4,97.2,107.5,no different,false,motriskindex-families-2024-v4
mg-gs,2018,6699,16.11,104.1,97.9,110.3,no different,false,motriskindex-families-2024-v4
mg-gs,2019,1912,17.42,129.8,115.9,143.8,worse,true,motriskindex-families-2024-v4
mg-hs,2019,368,8.15,81.2,52.2,110.3,no different,true,motriskindex-families-2024-v4
mg-hs,2020,9234,10.4,102.3,95.8,108.8,no different,false,motriskindex-families-2024-v4
mg-mgf,1998,5026,40.99,104.4,99.9,108.9,no different,false,motriskindex-families-2024-v4
mg-mgf,1999,7128,40.97,106.1,102.2,109.9,worse,false,motriskindex-families-2024-v4
mg-mgf,2000,11156,37.68,98.6,95.7,101.6,no different,false,motriskindex-families-2024-v4
mg-mgf,2001,21284,35.06,92.8,90.7,94.9,better,false,motriskindex-families-2024-v4
mg-mgf,2002,1858,34.45,94.0,86.7,101.3,no different,true,motriskindex-families-2024-v4
mg-mgf,2003,206,33.01,91.9,70.1,113.8,no different,true,motriskindex-families-2024-v4
mg-tf,2002,24459,33.87,102.1,99.9,104.2,no different,false,motriskindex-families-2024-v4
mg-tf,2003,36354,35.01,103.6,101.8,105.4,worse,false,motriskindex-families-2024-v4
mg-tf,2004,34201,33.48,97.4,95.6,99.1,better,false,motriskindex-families-2024-v4
mg-tf,2005,15909,31.31,91.7,89.2,94.3,better,false,motriskindex-families-2024-v4
mg-tf,2006,3609,29.51,90.3,84.9,95.8,better,true,motriskindex-families-2024-v4
mg-tf,2007,548,29.56,96.5,81.6,111.4,no different,true,motriskindex-families-2024-v4
mg-tf,2008,1276,29.08,100.0,89.9,110.2,no different,true,motriskindex-families-2024-v4
mg-tf,2009,3373,24.52,91.4,85.2,97.6,better,true,motriskindex-families-2024-v4
mg-tf,2010,2384,23.2,92.2,84.5,99.9,better,true,motriskindex-families-2024-v4
mg-tf,2011,679,27.54,116.1,99.5,132.8,no different,true,motriskindex-families-2024-v4
mg-zr,2001,1052,40.11,101.0,91.3,110.6,no different,true,motriskindex-families-2024-v4
mg-zr,2002,4668,42.29,104.3,99.7,108.9,no different,false,motriskindex-families-2024-v4
mg-zr,2003,9852,41.78,100.4,97.3,103.5,no different,false,motriskindex-families-2024-v4
mg-zr,2004,13137,41.26,97.1,94.5,99.6,better,false,motriskindex-families-2024-v4
mg-zr,2005,8475,41.58,93.5,90.4,96.6,better,false,motriskindex-families-2024-v4
mg-zr,2006,788,40.61,93.9,83.6,104.2,no different,true,motriskindex-families-2024-v4
mg-zt,2001,1156,41.87,102.3,93.1,111.4,no different,true,motriskindex-families-2024-v4
mg-zt,2002,4478,42.79,103.4,98.8,108.0,no different,false,motriskindex-families-2024-v4
mg-zt,2003,9719,42.95,102.9,99.8,106.0,no different,false,motriskindex-families-2024-v4
mg-zt,2004,13301,40.4,94.9,92.4,97.5,better,false,motriskindex-families-2024-v4
mg-zt,2005,7841,41.27,96.6,93.2,99.9,better,false,motriskindex-families-2024-v4
mg-zt,2006,2026,35.88,85.4,79.2,91.7,better,true,motriskindex-families-2024-v4
mg-zt,2007,242,32.23,78.6,61.1,96.0,better,true,motriskindex-families-2024-v4
mini-clubman,2008,306,36.6,120.4,98.1,142.7,no different,true,motriskindex-families-2024-v4
mini-clubman,2009,580,31.38,110.2,94.2,126.2,no different,true,motriskindex-families-2024-v4
mini-clubman,2010,1312,31.4,117.7,106.4,129.1,worse,true,motriskindex-families-2024-v4
mini-clubman,2011,3066,28.64,114.2,106.7,121.8,worse,true,motriskindex-families-2024-v4
mini-clubman,2012,5580,23.8,103.2,97.6,108.7,no different,false,motriskindex-families-2024-v4
mini-clubman,2013,8798,20.83,101.1,96.5,105.8,no different,false,motriskindex-families-2024-v4
mini-clubman,2014,408,15.93,85.9,65.0,106.8,no different,true,motriskindex-families-2024-v4
mini-clubman,2015,14914,15.86,96.1,92.2,99.9,better,false,motriskindex-families-2024-v4
mini-clubman,2016,98976,15.12,101.7,100.1,103.4,worse,false,motriskindex-families-2024-v4
mini-clubman,2017,77688,13.6,99.3,97.4,101.2,no different,false,motriskindex-families-2024-v4
mini-clubman,2018,45113,13.16,102.2,99.6,104.8,no different,false,motriskindex-families-2024-v4
mini-clubman,2019,1378,12.26,101.2,86.0,116.5,no different,true,motriskindex-families-2024-v4
mini-countryman,2009,216,29.63,113.0,85.3,140.7,no different,true,motriskindex-families-2024-v4
mini-countryman,2010,16852,23.98,98.7,95.6,101.7,no different,false,motriskindex-families-2024-v4
mini-countryman,2011,109586,23.64,106.1,104.8,107.4,worse,false,motriskindex-families-2024-v4
mini-countryman,2012,78891,20.87,104.1,102.5,105.7,worse,false,motriskindex-families-2024-v4
mini-countryman,2013,32139,18.77,104.3,101.6,106.9,worse,false,motriskindex-families-2024-v4
mini-countryman,2014,142895,15.88,100.6,99.2,101.9,no different,false,motriskindex-families-2024-v4
mini-countryman,2015,101959,13.39,95.3,93.7,96.9,better,false,motriskindex-families-2024-v4
mini-countryman,2016,102359,11.82,92.2,90.6,93.8,better,false,motriskindex-families-2024-v4
mini-countryman,2017,103697,11.11,93.6,91.9,95.3,better,false,motriskindex-families-2024-v4
mini-countryman,2018,98676,12.1,107.3,105.4,109.2,worse,false,motriskindex-families-2024-v4
mini-countryman,2019,71213,11.44,104.9,102.6,107.2,worse,false,motriskindex-families-2024-v4
mini-countryman,2020,24915,10.92,99.2,95.5,102.9,no different,false,motriskindex-families-2024-v4
mini-hatch,2001,42564,54.65,110.9,109.5,112.4,worse,false,motriskindex-families-2024-v4
mini-hatch,2002,163091,51.28,105.5,104.8,106.2,worse,false,motriskindex-families-2024-v4
mini-hatch,2003,227148,48.69,102.2,101.6,102.8,worse,false,motriskindex-families-2024-v4
mini-hatch,2004,288028,46.34,99.9,99.4,100.4,no different,false,motriskindex-families-2024-v4
mini-hatch,2005,330929,44.6,99.7,99.1,100.2,no different,false,motriskindex-families-2024-v4
mini-hatch,2006,300341,43.54,102.2,101.6,102.7,worse,false,motriskindex-families-2024-v4
mini-hatch,2007,377170,40.54,101.7,101.2,102.2,worse,false,motriskindex-families-2024-v4
mini-hatch,2008,353083,37.28,101.3,100.7,101.8,worse,false,motriskindex-families-2024-v4
mini-hatch,2009,365986,33.51,99.8,99.2,100.4,no different,false,motriskindex-families-2024-v4
mini-hatch,2010,383465,28.76,95.4,94.8,96.0,better,false,motriskindex-families-2024-v4
mini-hatch,2011,333220,27.62,103.4,102.8,104.1,worse,false,motriskindex-families-2024-v4
mini-hatch,2012,367770,23.01,97.5,96.9,98.2,better,false,motriskindex-families-2024-v4
mini-hatch,2013,431099,21.52,102.8,102.1,103.4,worse,false,motriskindex-families-2024-v4
mini-hatch,2014,345391,17.9,96.1,95.4,96.9,better,false,motriskindex-families-2024-v4
mini-hatch,2015,490964,15.53,95.2,94.5,95.9,better,false,motriskindex-families-2024-v4
mini-hatch,2016,493110,13.67,96.3,95.5,97.0,better,false,motriskindex-families-2024-v4
mini-hatch,2017,411530,12.6,97.4,96.5,98.2,better,false,motriskindex-families-2024-v4
mini-hatch,2018,299666,11.42,94.7,93.7,95.7,better,false,motriskindex-families-2024-v4
mini-hatch,2019,243657,10.17,93.9,92.7,95.0,better,false,motriskindex-families-2024-v4
mini-hatch,2020,95718,10.27,105.5,103.4,107.6,worse,false,motriskindex-families-2024-v4
mini-paceman,2013,7106,18.18,111.0,104.9,117.0,worse,false,motriskindex-families-2024-v4
mini-paceman,2014,41389,15.05,102.9,100.4,105.5,worse,false,motriskindex-families-2024-v4
mini-paceman,2015,23206,12.66,96.3,92.9,99.8,better,false,motriskindex-families-2024-v4
mini-paceman,2016,15001,10.83,90.9,86.5,95.4,better,false,motriskindex-families-2024-v4
mini-paceman,2017,1332,10.44,94.7,79.0,110.5,no different,true,motriskindex-families-2024-v4
mini-roadster,2012,382,19.9,102.2,79.2,125.1,no different,true,motriskindex-families-2024-v4
mini-roadster,2013,3506,20.94,111.5,103.5,119.6,worse,true,motriskindex-families-2024-v4
mini-roadster,2014,13347,16.5,92.6,88.7,96.4,better,false,motriskindex-families-2024-v4
mini-roadster,2015,11814,17.0,105.6,101.0,110.2,worse,false,motriskindex-families-2024-v4
mitsubishi-asx,2010,20621,32.64,106.0,103.5,108.5,worse,false,motriskindex-families-2024-v4
mitsubishi-asx,2011,25661,27.65,98.2,95.9,100.5,no different,false,motriskindex-families-2024-v4
mitsubishi-asx,2012,24900,23.92,94.5,92.1,96.9,better,false,motriskindex-families-2024-v4
mitsubishi-asx,2013,27702,23.84,105.9,103.4,108.5,worse,false,motriskindex-families-2024-v4
mitsubishi-asx,2014,42308,21.78,109.3,107.0,111.5,worse,false,motriskindex-families-2024-v4
mitsubishi-asx,2015,50739,17.4,99.2,97.1,101.2,no different,false,motriskindex-families-2024-v4
mitsubishi-asx,2016,35383,14.71,97.3,94.7,100.0,no different,false,motriskindex-families-2024-v4
mitsubishi-asx,2017,38007,12.91,94.6,92.0,97.3,better,false,motriskindex-families-2024-v4
mitsubishi-asx,2018,15698,12.04,93.7,89.5,97.9,better,false,motriskindex-families-2024-v4
mitsubishi-asx,2019,8057,10.2,86.0,80.1,91.9,better,false,motriskindex-families-2024-v4
mitsubishi-asx,2020,4609,10.85,101.7,92.7,110.6,no different,false,motriskindex-families-2024-v4
mitsubishi-colt,2001,474,48.52,95.4,83.1,107.7,no different,true,motriskindex-families-2024-v4
mitsubishi-colt,2002,772,45.34,90.1,80.6,99.5,better,true,motriskindex-families-2024-v4
mitsubishi-colt,2003,686,44.02,88.7,78.7,98.7,better,true,motriskindex-families-2024-v4
mitsubishi-colt,2004,7264,49.31,101.1,97.8,104.4,no different,false,motriskindex-families-2024-v4
mitsubishi-colt,2005,33944,47.93,99.7,98.2,101.3,no different,false,motriskindex-families-2024-v4
mitsubishi-colt,2006,44800,45.74,97.5,96.2,98.9,better,false,motriskindex-families-2024-v4
mitsubishi-colt,2007,55853,46.32,101.4,100.1,102.6,worse,false,motriskindex-families-2024-v4
mitsubishi-colt,2008,59835,46.21,105.0,103.8,106.3,worse,false,motriskindex-families-2024-v4
mitsubishi-colt,2009,48882,40.56,98.0,96.6,99.3,better,false,motriskindex-families-2024-v4
mitsubishi-colt,2010,30970,36.88,95.8,94.1,97.6,better,false,motriskindex-families-2024-v4
mitsubishi-colt,2011,19652,31.83,90.7,88.5,93.0,better,false,motriskindex-families-2024-v4
mitsubishi-colt,2012,17103,29.6,92.1,89.6,94.6,better,false,motriskindex-families-2024-v4
mitsubishi-colt,2013,5922,28.06,98.2,93.4,102.9,no different,false,motriskindex-families-2024-v4
mitsubishi-delica,2003,234,35.04,72.9,57.1,88.7,better,true,motriskindex-families-2024-v4
mitsubishi-delica,2004,452,45.58,100.5,86.8,114.2,no different,true,motriskindex-families-2024-v4
mitsubishi-delica,2005,914,45.73,101.6,91.9,111.3,no different,true,motriskindex-families-2024-v4
mitsubishi-delica,2006,514,47.86,108.0,94.5,121.5,no different,true,motriskindex-families-2024-v4
mitsubishi-delica,2007,346,28.9,64.9,52.2,77.6,better,true,motriskindex-families-2024-v4
mitsubishi-eclipse,2017,804,12.19,100.5,80.6,120.4,no different,true,motriskindex-families-2024-v4
mitsubishi-eclipse,2018,38914,11.88,101.0,98.1,104.0,no different,false,motriskindex-families-2024-v4
mitsubishi-eclipse,2019,18319,11.73,106.4,101.9,110.9,worse,false,motriskindex-families-2024-v4
mitsubishi-eclipse,2020,1067,11.25,112.2,92.1,132.2,no different,true,motriskindex-families-2024-v4
mitsubishi-eclipse-cross,2019,2550,9.84,87.4,76.6,98.2,better,true,motriskindex-families-2024-v4
mitsubishi-eclipse-cross,2020,2917,10.59,98.2,87.2,109.1,no different,true,motriskindex-families-2024-v4
mitsubishi-grandis,2004,2456,52.69,104.4,98.7,110.1,no different,true,motriskindex-families-2024-v4
mitsubishi-grandis,2005,5150,48.12,96.8,93.0,100.6,no different,false,motriskindex-families-2024-v4
mitsubishi-grandis,2006,5372,48.85,98.1,94.4,101.9,no different,false,motriskindex-families-2024-v4
mitsubishi-grandis,2007,3919,48.2,98.8,94.3,103.2,no different,true,motriskindex-families-2024-v4
mitsubishi-grandis,2008,1609,44.44,93.0,86.2,99.8,better,true,motriskindex-families-2024-v4
mitsubishi-grandis,2009,2696,44.84,97.0,91.5,102.4,no different,true,motriskindex-families-2024-v4
mitsubishi-l200,1998,1018,52.06,109.8,100.4,119.1,worse,true,motriskindex-families-2024-v4
mitsubishi-l200,1999,1872,45.3,96.4,90.0,102.9,no different,true,motriskindex-families-2024-v4
mitsubishi-l200,2000,4178,46.1,98.8,94.4,103.2,no different,false,motriskindex-families-2024-v4
mitsubishi-l200,2001,9190,45.77,98.2,95.2,101.2,no different,false,motriskindex-families-2024-v4
mitsubishi-l200,2002,18039,47.63,101.9,99.7,104.0,no different,false,motriskindex-families-2024-v4
mitsubishi-l200,2003,34009,46.69,99.5,97.9,101.0,no different,false,motriskindex-families-2024-v4
mitsubishi-l200,2004,42928,46.03,97.7,96.3,99.1,better,false,motriskindex-families-2024-v4
mitsubishi-l200,2005,53439,45.51,96.7,95.4,97.9,better,false,motriskindex-families-2024-v4
mitsubishi-l200,2006,80398,46.95,99.8,98.8,100.8,no different,false,motriskindex-families-2024-v4
mitsubishi-l200,2007,61867,46.22,99.5,98.3,100.6,no different,false,motriskindex-families-2024-v4
mitsubishi-l200,2008,38761,47.13,103.2,101.7,104.7,worse,false,motriskindex-families-2024-v4
mitsubishi-l200,2009,34162,46.02,104.4,102.8,106.0,worse,false,motriskindex-families-2024-v4
mitsubishi-l200,2010,49318,41.98,100.4,99.0,101.8,no different,false,motriskindex-families-2024-v4
mitsubishi-l200,2011,53970,40.12,103.6,102.2,104.9,worse,false,motriskindex-families-2024-v4
mitsubishi-l200,2012,37362,34.37,98.1,96.4,99.8,better,false,motriskindex-families-2024-v4
mitsubishi-l200,2013,46703,31.87,102.7,101.0,104.3,worse,false,motriskindex-families-2024-v4
mitsubishi-l200,2014,56982,29.97,110.6,108.9,112.2,worse,false,motriskindex-families-2024-v4
mitsubishi-l200,2015,77779,24.9,105.6,104.1,107.1,worse,false,motriskindex-families-2024-v4
mitsubishi-l200,2016,77712,17.58,86.7,85.3,88.2,better,false,motriskindex-families-2024-v4
mitsubishi-l200,2017,81237,15.9,87.3,85.8,88.8,better,false,motriskindex-families-2024-v4
mitsubishi-l200,2018,58298,16.94,99.6,97.6,101.5,no different,false,motriskindex-families-2024-v4
mitsubishi-l200,2019,46560,15.58,98.6,96.4,100.9,no different,false,motriskindex-families-2024-v4
mitsubishi-l200,2020,14170,14.66,99.3,95.1,103.6,no different,false,motriskindex-families-2024-v4
mitsubishi-lancer,1998,1068,13.48,88.3,73.8,102.7,no different,true,motriskindex-families-2024-v4
mitsubishi-lancer,1999,1418,18.34,110.5,97.1,124.0,no different,true,motriskindex-families-2024-v4
mitsubishi-lancer,2000,1378,21.63,111.5,98.9,124.2,no different,true,motriskindex-families-2024-v4
mitsubishi-lancer,2001,1712,17.76,82.0,72.8,91.3,better,true,motriskindex-families-2024-v4
mitsubishi-lancer,2002,717,11.99,51.5,40.6,62.4,better,true,motriskindex-families-2024-v4
mitsubishi-lancer,2003,2951,16.67,63.1,57.5,68.7,better,true,motriskindex-families-2024-v4
mitsubishi-lancer,2004,4194,15.55,50.3,46.4,54.2,better,false,motriskindex-families-2024-v4
mitsubishi-lancer,2005,16296,35.56,105.2,102.5,107.9,worse,false,motriskindex-families-2024-v4
mitsubishi-lancer,2006,15375,38.1,106.7,104.0,109.4,worse,false,motriskindex-families-2024-v4
mitsubishi-lancer,2007,12958,36.39,97.6,94.9,100.4,no different,false,motriskindex-families-2024-v4
mitsubishi-lancer,2008,20284,35.97,95.0,92.9,97.2,better,false,motriskindex-families-2024-v4
mitsubishi-lancer,2009,15723,38.66,101.4,98.8,103.9,no different,false,motriskindex-families-2024-v4
mitsubishi-lancer,2010,22946,39.29,103.9,101.7,106.0,worse,false,motriskindex-families-2024-v4
mitsubishi-lancer,2011,16268,36.15,99.0,96.5,101.5,no different,false,motriskindex-families-2024-v4
mitsubishi-lancer,2012,332,26.2,73.5,58.0,88.9,better,true,motriskindex-families-2024-v4
mitsubishi-mirage,2013,17163,20.71,102.3,98.9,105.7,no different,false,motriskindex-families-2024-v4
mitsubishi-mirage,2014,19655,17.52,100.3,97.0,103.7,no different,false,motriskindex-families-2024-v4
mitsubishi-mirage,2015,16824,16.8,105.2,101.3,109.1,worse,false,motriskindex-families-2024-v4
mitsubishi-mirage,2016,15370,14.12,96.7,92.7,100.8,no different,false,motriskindex-families-2024-v4
mitsubishi-mirage,2017,12017,12.87,94.4,89.7,99.1,better,false,motriskindex-families-2024-v4
mitsubishi-mirage,2018,7339,14.06,108.4,101.8,115.0,worse,false,motriskindex-families-2024-v4
mitsubishi-mirage,2019,5696,11.9,97.0,89.7,104.3,no different,false,motriskindex-families-2024-v4
mitsubishi-mirage,2020,2198,13.42,114.1,101.1,127.2,worse,true,motriskindex-families-2024-v4
mitsubishi-outlander,2003,402,49.25,100.2,86.3,114.2,no different,true,motriskindex-families-2024-v4
mitsubishi-outlander,2004,3870,50.23,102.8,98.2,107.3,no different,true,motriskindex-families-2024-v4
mitsubishi-outlander,2005,2848,50.11,104.1,98.7,109.5,no different,true,motriskindex-families-2024-v4
mitsubishi-outlander,2006,1499,48.43,101.6,94.2,109.0,no different,true,motriskindex-families-2024-v4
mitsubishi-outlander,2007,19673,48.76,104.8,102.7,106.9,worse,false,motriskindex-families-2024-v4
mitsubishi-outlander,2008,24354,44.44,100.2,98.3,102.1,no different,false,motriskindex-families-2024-v4
mitsubishi-outlander,2009,17615,42.63,102.3,100.0,104.6,no different,false,motriskindex-families-2024-v4
mitsubishi-outlander,2010,19273,38.13,99.6,97.3,101.9,no different,false,motriskindex-families-2024-v4
mitsubishi-outlander,2011,16908,32.74,95.7,93.2,98.2,better,false,motriskindex-families-2024-v4
mitsubishi-outlander,2012,14119,28.29,95.0,92.0,97.9,better,false,motriskindex-families-2024-v4
mitsubishi-outlander,2013,24402,30.91,119.9,117.2,122.7,worse,false,motriskindex-families-2024-v4
mitsubishi-outlander,2014,80526,24.06,108.9,107.4,110.5,worse,false,motriskindex-families-2024-v4
mitsubishi-outlander,2015,145063,19.73,103.3,102.1,104.5,worse,false,motriskindex-families-2024-v4
mitsubishi-outlander,2016,125742,15.15,92.3,91.0,93.6,better,false,motriskindex-families-2024-v4
mitsubishi-outlander,2017,85520,13.54,90.8,89.1,92.4,better,false,motriskindex-families-2024-v4
mitsubishi-outlander,2018,75806,13.27,94.0,92.1,95.8,better,false,motriskindex-families-2024-v4
mitsubishi-outlander,2019,44472,13.46,100.9,98.4,103.5,no different,false,motriskindex-families-2024-v4
mitsubishi-outlander,2020,16312,13.28,106.3,101.8,110.8,worse,false,motriskindex-families-2024-v4
mitsubishi-pajero,2000,286,41.96,112.4,92.3,132.5,no different,true,motriskindex-families-2024-v4
mitsubishi-pajero,2001,502,34.66,94.7,80.6,108.8,no different,true,motriskindex-families-2024-v4
mitsubishi-pajero,2002,900,40.22,113.8,102.0,125.5,worse,true,motriskindex-families-2024-v4
mitsubishi-pajero,2003,2126,36.59,105.3,97.9,112.7,no different,true,motriskindex-families-2024-v4
mitsubishi-pajero,2004,3205,34.35,100.0,94.1,105.9,no different,true,motriskindex-families-2024-v4
mitsubishi-pajero,2005,2700,34.56,99.7,93.3,106.1,no different,true,motriskindex-families-2024-v4
mitsubishi-pajero,2006,1374,33.41,99.1,90.0,108.1,no different,true,motriskindex-families-2024-v4
mitsubishi-pajero,2007,366,31.42,94.3,77.0,111.5,no different,true,motriskindex-families-2024-v4
mitsubishi-shogun,1998,3436,42.03,98.3,93.2,103.3,no different,true,motriskindex-families-2024-v4
mitsubishi-shogun,1999,3464,41.22,96.4,91.4,101.4,no different,true,motriskindex-families-2024-v4
mitsubishi-shogun,2000,3522,44.41,104.7,99.5,109.9,no different,true,motriskindex-families-2024-v4
mitsubishi-shogun,2001,6256,44.44,103.8,99.9,107.7,no different,false,motriskindex-families-2024-v4
mitsubishi-shogun,2002,12471,44.23,102.7,100.0,105.4,no different,false,motriskindex-families-2024-v4
mitsubishi-shogun,2003,21270,42.08,97.6,95.6,99.6,better,false,motriskindex-families-2024-v4
mitsubishi-shogun,2004,33447,42.17,97.6,96.0,99.2,better,false,motriskindex-families-2024-v4
mitsubishi-shogun,2005,30689,42.63,99.0,97.4,100.7,no different,false,motriskindex-families-2024-v4
mitsubishi-shogun,2006,25406,42.79,100.9,99.0,102.8,no different,false,motriskindex-families-2024-v4
mitsubishi-shogun,2007,24914,40.7,98.6,96.7,100.6,no different,false,motriskindex-families-2024-v4
mitsubishi-shogun,2008,12751,40.8,104.0,101.2,106.9,worse,false,motriskindex-families-2024-v4
mitsubishi-shogun,2009,8257,38.52,103.7,100.1,107.3,worse,false,motriskindex-families-2024-v4
mitsubishi-shogun,2010,12500,34.58,101.2,98.2,104.2,no different,false,motriskindex-families-2024-v4
mitsubishi-shogun,2011,12624,30.82,100.1,97.0,103.3,no different,false,motriskindex-families-2024-v4
mitsubishi-shogun,2012,7863,25.61,94.2,90.1,98.3,better,false,motriskindex-families-2024-v4
mitsubishi-shogun,2013,10550,24.45,101.7,97.8,105.6,no different,false,motriskindex-families-2024-v4
mitsubishi-shogun,2014,17938,20.44,96.6,93.5,99.8,better,false,motriskindex-families-2024-v4
mitsubishi-shogun,2015,21348,17.34,93.1,90.1,96.1,better,false,motriskindex-families-2024-v4
mitsubishi-shogun,2016,17976,16.84,100.9,97.3,104.5,no different,false,motriskindex-families-2024-v4
mitsubishi-shogun,2017,11279,14.67,95.0,90.4,99.5,better,false,motriskindex-families-2024-v4
mitsubishi-shogun,2018,8175,14.2,96.7,91.1,102.2,no different,false,motriskindex-families-2024-v4
mitsubishi-shogun,2019,3725,14.98,107.5,98.6,116.4,no different,true,motriskindex-families-2024-v4
mitsubishi-shogun,2020,1974,15.15,112.9,100.1,125.6,worse,true,motriskindex-families-2024-v4
mitsubishi-shogun-pinin,2000,1056,48.67,98.7,90.2,107.2,no different,true,motriskindex-families-2024-v4
mitsubishi-shogun-pinin,2001,3050,49.64,101.9,96.7,107.0,no different,true,motriskindex-families-2024-v4
mitsubishi-shogun-pinin,2002,3214,48.29,98.3,93.4,103.2,no different,true,motriskindex-families-2024-v4
mitsubishi-shogun-pinin,2003,4358,49.43,99.5,95.3,103.7,no different,false,motriskindex-families-2024-v4
mitsubishi-shogun-pinin,2004,5614,49.59,100.9,97.2,104.7,no different,false,motriskindex-families-2024-v4
mitsubishi-shogun-pinin,2005,7102,45.9,93.1,89.9,96.3,better,false,motriskindex-families-2024-v4
mitsubishi-shogun-pinin,2006,2055,48.13,100.9,94.6,107.2,no different,true,motriskindex-families-2024-v4
mitsubishi-shogun-sport,2000,724,46.41,104.7,93.5,115.9,no different,true,motriskindex-families-2024-v4
mitsubishi-shogun-sport,2001,2504,43.29,98.3,92.4,104.1,no different,true,motriskindex-families-2024-v4
mitsubishi-shogun-sport,2002,5192,43.72,98.3,94.3,102.4,no different,false,motriskindex-families-2024-v4
mitsubishi-shogun-sport,2003,6846,44.2,98.7,95.2,102.3,no different,false,motriskindex-families-2024-v4
mitsubishi-shogun-sport,2004,20086,44.85,99.6,97.5,101.6,no different,false,motriskindex-families-2024-v4
mitsubishi-shogun-sport,2005,22672,43.82,97.4,95.5,99.3,better,false,motriskindex-families-2024-v4
mitsubishi-shogun-sport,2006,18276,45.05,99.8,97.7,102.0,no different,false,motriskindex-families-2024-v4
mitsubishi-shogun-sport,2007,7648,42.91,96.6,93.3,99.9,better,false,motriskindex-families-2024-v4
mitsubishi-space-star,2000,452,55.31,98.0,85.9,110.2,no different,true,motriskindex-families-2024-v4
mitsubishi-space-star,2001,1952,48.77,87.9,82.3,93.5,better,true,motriskindex-families-2024-v4
mitsubishi-space-star,2002,5232,55.58,99.5,95.9,103.1,no different,false,motriskindex-families-2024-v4
mitsubishi-space-star,2003,7870,56.34,99.7,96.8,102.6,no different,false,motriskindex-families-2024-v4
mitsubishi-space-star,2004,11225,55.01,98.7,96.3,101.2,no different,false,motriskindex-families-2024-v4
mitsubishi-space-star,2005,6090,53.92,95.4,92.2,98.7,better,false,motriskindex-families-2024-v4
nissan-350z,2002,714,34.73,108.9,95.3,122.5,no different,true,motriskindex-families-2024-v4
nissan-350z,2003,4782,31.74,103.0,97.8,108.2,no different,false,motriskindex-families-2024-v4
nissan-350z,2004,15088,31.76,104.0,101.1,107.0,worse,false,motriskindex-families-2024-v4
nissan-350z,2005,14817,29.63,98.7,95.7,101.6,no different,false,motriskindex-families-2024-v4
nissan-350z,2006,10378,28.91,98.6,95.1,102.2,no different,false,motriskindex-families-2024-v4
nissan-350z,2007,7881,27.45,95.9,91.8,99.9,better,false,motriskindex-families-2024-v4
nissan-350z,2008,4356,25.44,90.0,84.7,95.3,better,false,motriskindex-families-2024-v4
nissan-350z,2009,1667,21.36,78.0,69.9,86.1,better,true,motriskindex-families-2024-v4
nissan-370z,2009,2288,19.84,119.2,108.2,130.2,worse,true,motriskindex-families-2024-v4
nissan-370z,2010,7144,14.19,95.4,89.5,101.3,no different,false,motriskindex-families-2024-v4
nissan-370z,2011,3585,13.67,94.6,86.2,103.0,no different,true,motriskindex-families-2024-v4
nissan-370z,2012,957,15.46,113.2,94.9,131.4,no different,true,motriskindex-families-2024-v4
nissan-370z,2013,432,9.03,69.0,47.3,90.6,better,true,motriskindex-families-2024-v4
nissan-370z,2014,382,14.66,116.2,85.8,146.6,no different,true,motriskindex-families-2024-v4
nissan-370z,2015,237,11.81,89.8,56.5,123.0,no different,true,motriskindex-families-2024-v4
nissan-almera,1998,2432,48.68,100.9,95.2,106.7,no different,true,motriskindex-families-2024-v4
nissan-almera,1999,4078,50.71,106.6,102.0,111.2,worse,false,motriskindex-families-2024-v4
nissan-almera,2000,6450,46.42,99.3,95.7,102.8,no different,false,motriskindex-families-2024-v4
nissan-almera,2001,17948,45.84,99.1,96.9,101.2,no different,false,motriskindex-families-2024-v4
nissan-almera,2002,40067,47.38,102.8,101.4,104.3,worse,false,motriskindex-families-2024-v4
nissan-almera,2003,44864,43.56,94.9,93.6,96.3,better,false,motriskindex-families-2024-v4
nissan-almera,2004,70608,44.0,96.5,95.4,97.6,better,false,motriskindex-families-2024-v4
nissan-almera,2005,84581,45.5,99.4,98.4,100.4,no different,false,motriskindex-families-2024-v4
nissan-almera,2006,23060,43.17,95.4,93.5,97.3,better,false,motriskindex-families-2024-v4
nissan-almera,2007,274,48.18,108.9,90.3,127.4,no different,true,motriskindex-families-2024-v4
nissan-cube,2003,906,36.87,96.0,85.7,106.3,no different,true,motriskindex-families-2024-v4
nissan-cube,2004,1346,34.92,100.3,91.2,109.4,no different,true,motriskindex-families-2024-v4
nissan-cube,2005,1014,26.23,73.9,65.0,82.7,better,true,motriskindex-families-2024-v4
nissan-cube,2006,1018,24.56,67.1,58.8,75.5,better,true,motriskindex-families-2024-v4
nissan-cube,2007,1645,28.88,82.3,74.9,89.6,better,true,motriskindex-families-2024-v4
nissan-cube,2008,1968,26.42,75.8,69.3,82.3,better,true,motriskindex-families-2024-v4
nissan-cube,2009,1351,28.57,81.0,72.9,89.0,better,true,motriskindex-families-2024-v4
nissan-cube,2010,10137,36.39,100.8,97.5,104.0,no different,false,motriskindex-families-2024-v4
nissan-cube,2011,1065,30.33,86.1,76.7,95.5,better,true,motriskindex-families-2024-v4
nissan-cube,2012,427,10.77,31.0,22.1,40.0,better,true,motriskindex-families-2024-v4
nissan-cube,2013,256,21.09,61.5,45.1,77.9,better,true,motriskindex-families-2024-v4
nissan-e-nv200,2018,2380,25.13,99.8,91.8,107.8,no different,true,motriskindex-families-2024-v4
nissan-e-nv200,2019,7991,24.49,98.2,93.8,102.5,no different,false,motriskindex-families-2024-v4
nissan-e-nv200,2020,6739,28.55,114.0,108.9,119.1,worse,false,motriskindex-families-2024-v4
nissan-elgrand,1998,1338,52.32,101.6,94.0,109.1,no different,true,motriskindex-families-2024-v4
nissan-elgrand,1999,1292,48.76,105.1,96.9,113.3,no different,true,motriskindex-families-2024-v4
nissan-elgrand,2000,930,44.95,110.7,100.1,121.3,worse,true,motriskindex-families-2024-v4
nissan-elgrand,2001,922,41.0,109.8,98.7,120.9,no different,true,motriskindex-families-2024-v4
nissan-elgrand,2002,4750,36.67,104.7,99.8,109.6,no different,false,motriskindex-families-2024-v4
nissan-elgrand,2003,5946,35.76,108.4,103.8,113.0,worse,false,motriskindex-families-2024-v4
nissan-elgrand,2004,8190,30.67,97.4,93.6,101.2,no different,false,motriskindex-families-2024-v4
nissan-elgrand,2005,11947,29.24,98.2,94.9,101.4,no different,false,motriskindex-families-2024-v4
nissan-elgrand,2006,8391,27.86,97.2,93.2,101.1,no different,false,motriskindex-families-2024-v4
nissan-elgrand,2007,10077,26.87,97.4,93.7,101.1,no different,false,motriskindex-families-2024-v4
nissan-elgrand,2008,8980,25.58,96.1,92.2,100.1,no different,false,motriskindex-families-2024-v4
nissan-elgrand,2009,3704,26.16,101.3,94.9,107.7,no different,true,motriskindex-families-2024-v4
nissan-elgrand,2010,4141,24.29,98.2,92.1,104.2,no different,false,motriskindex-families-2024-v4
nissan-elgrand,2011,2795,28.01,104.4,97.1,111.7,no different,true,motriskindex-families-2024-v4
nissan-elgrand,2012,1615,27.99,97.3,88.3,106.2,no different,true,motriskindex-families-2024-v4
nissan-elgrand,2013,1473,34.76,104.0,95.0,113.0,no different,true,motriskindex-families-2024-v4
nissan-elgrand,2014,1838,35.2,94.2,86.9,101.4,no different,true,motriskindex-families-2024-v4
nissan-elgrand,2015,3406,41.34,106.7,101.1,112.2,worse,true,motriskindex-families-2024-v4
nissan-elgrand,2016,4200,40.98,104.8,99.9,109.8,no different,false,motriskindex-families-2024-v4
nissan-elgrand,2017,4968,38.59,102.8,98.2,107.4,no different,false,motriskindex-families-2024-v4
nissan-elgrand,2018,3632,35.79,102.5,97.0,108.1,no different,true,motriskindex-families-2024-v4
nissan-elgrand,2019,2775,31.57,94.9,88.6,101.2,no different,true,motriskindex-families-2024-v4
nissan-elgrand,2020,1842,33.5,105.1,96.8,113.4,no different,true,motriskindex-families-2024-v4
nissan-figaro,2003,518,39.77,98.8,85.3,112.3,no different,true,motriskindex-families-2024-v4
nissan-figaro,2004,1416,43.22,107.7,99.2,116.2,no different,true,motriskindex-families-2024-v4
nissan-figaro,2005,2217,39.11,98.9,92.4,105.5,no different,true,motriskindex-families-2024-v4
nissan-figaro,2006,2145,40.14,104.0,97.0,110.9,no different,true,motriskindex-families-2024-v4
nissan-figaro,2007,2279,38.57,100.4,93.8,107.1,no different,true,motriskindex-families-2024-v4
nissan-figaro,2008,1670,38.68,99.0,91.4,106.6,no different,true,motriskindex-families-2024-v4
nissan-figaro,2009,793,44.51,113.3,101.5,125.1,worse,true,motriskindex-families-2024-v4
nissan-figaro,2010,332,37.35,92.5,76.2,108.8,no different,true,motriskindex-families-2024-v4
nissan-gt-r,2008,216,8.33,108.8,58.5,159.0,no different,true,motriskindex-families-2024-v4
nissan-gt-r,2009,7178,8.44,101.8,93.7,109.9,no different,false,motriskindex-families-2024-v4
nissan-gt-r,2010,3408,8.95,100.1,88.9,111.3,no different,true,motriskindex-families-2024-v4
nissan-gt-r,2011,2126,7.15,71.5,60.1,82.9,better,true,motriskindex-families-2024-v4
nissan-gt-r,2012,1439,7.02,71.1,57.2,85.0,better,true,motriskindex-families-2024-v4
nissan-gt-r,2013,1215,7.57,88.2,70.2,106.2,no different,true,motriskindex-families-2024-v4
nissan-gt-r,2014,1335,5.69,76.7,59.5,94.0,better,true,motriskindex-families-2024-v4
nissan-gt-r,2015,1351,6.81,87.1,69.3,104.9,no different,true,motriskindex-families-2024-v4
nissan-gt-r,2016,1566,7.6,115.5,94.7,136.3,no different,true,motriskindex-families-2024-v4
nissan-gt-r,2017,2046,5.87,100.6,82.6,118.6,no different,true,motriskindex-families-2024-v4
nissan-gt-r,2018,940,6.28,104.8,78.1,131.6,no different,true,motriskindex-families-2024-v4
nissan-gt-r,2019,549,3.46,50.0,27.5,72.5,better,true,motriskindex-families-2024-v4
nissan-gt-r,2020,214,4.67,65.7,25.0,106.4,no different,true,motriskindex-families-2024-v4
nissan-juke,2010,53635,41.94,98.2,96.9,99.5,better,false,motriskindex-families-2024-v4
nissan-juke,2011,218612,40.21,100.4,99.7,101.0,no different,false,motriskindex-families-2024-v4
nissan-juke,2012,296612,37.17,101.6,101.0,102.2,worse,false,motriskindex-families-2024-v4
nissan-juke,2013,385940,36.87,113.5,112.9,114.1,worse,false,motriskindex-families-2024-v4
nissan-juke,2014,406432,27.89,99.8,99.3,100.4,no different,false,motriskindex-families-2024-v4
nissan-juke,2015,420460,22.43,95.0,94.4,95.6,better,false,motriskindex-families-2024-v4
nissan-juke,2016,409676,18.24,94.3,93.7,95.0,better,false,motriskindex-families-2024-v4
nissan-juke,2017,354682,15.54,93.3,92.5,94.0,better,false,motriskindex-families-2024-v4
nissan-juke,2018,169068,15.04,100.6,99.4,101.9,no different,false,motriskindex-families-2024-v4
nissan-juke,2019,97551,14.88,111.6,109.8,113.5,worse,false,motriskindex-families-2024-v4
nissan-juke,2020,53777,11.0,91.8,89.4,94.1,better,false,motriskindex-families-2024-v4
nissan-leaf,2011,5080,30.57,89.9,85.5,94.4,better,false,motriskindex-families-2024-v4
nissan-leaf,2012,5378,27.93,86.7,82.3,91.1,better,false,motriskindex-families-2024-v4
nissan-leaf,2013,14138,33.24,113.2,110.0,116.4,worse,false,motriskindex-families-2024-v4
nissan-leaf,2014,34102,28.6,111.4,109.2,113.6,worse,false,motriskindex-families-2024-v4
nissan-leaf,2015,44574,22.29,103.7,101.6,105.7,worse,false,motriskindex-families-2024-v4
nissan-leaf,2016,44659,18.2,104.9,102.6,107.2,worse,false,motriskindex-families-2024-v4
nissan-leaf,2017,48598,14.12,95.7,93.5,98.0,better,false,motriskindex-families-2024-v4
nissan-leaf,2018,36388,11.77,89.2,86.5,91.8,better,false,motriskindex-families-2024-v4
nissan-leaf,2019,26482,10.21,88.9,85.6,92.3,better,false,motriskindex-families-2024-v4
nissan-leaf,2020,23899,9.61,96.4,92.5,100.3,no different,false,motriskindex-families-2024-v4
nissan-micra,1998,15630,50.89,100.7,98.5,102.9,no different,false,motriskindex-families-2024-v4
nissan-micra,1999,35838,49.13,98.1,96.6,99.5,better,false,motriskindex-families-2024-v4
nissan-micra,2000,52648,50.41,101.6,100.4,102.8,worse,false,motriskindex-families-2024-v4
nissan-micra,2001,78858,48.64,98.7,97.7,99.7,better,false,motriskindex-families-2024-v4
nissan-micra,2002,130690,46.92,96.2,95.5,97.0,better,false,motriskindex-families-2024-v4
nissan-micra,2003,174705,48.58,100.5,99.8,101.2,no different,false,motriskindex-families-2024-v4
nissan-micra,2004,177451,48.81,102.9,102.2,103.6,worse,false,motriskindex-families-2024-v4
nissan-micra,2005,227691,48.53,105.1,104.5,105.7,worse,false,motriskindex-families-2024-v4
nissan-micra,2006,232979,43.5,97.8,97.2,98.4,better,false,motriskindex-families-2024-v4
nissan-micra,2007,164693,41.48,97.5,96.7,98.2,better,false,motriskindex-families-2024-v4
nissan-micra,2008,171432,37.74,93.3,92.6,94.0,better,false,motriskindex-families-2024-v4
nissan-micra,2009,184158,37.33,97.5,96.8,98.2,better,false,motriskindex-families-2024-v4
nissan-micra,2010,181459,36.56,102.0,101.2,102.8,worse,false,motriskindex-families-2024-v4
nissan-micra,2011,141495,33.08,99.3,98.4,100.2,no different,false,motriskindex-families-2024-v4
nissan-micra,2012,127495,32.92,107.2,106.2,108.3,worse,false,motriskindex-families-2024-v4
nissan-micra,2013,126846,28.03,100.1,99.1,101.2,no different,false,motriskindex-families-2024-v4
nissan-micra,2014,155642,23.21,92.6,91.7,93.6,better,false,motriskindex-families-2024-v4
nissan-micra,2015,143165,19.93,90.7,89.6,91.8,better,false,motriskindex-families-2024-v4
nissan-micra,2016,118416,18.95,101.4,100.1,102.8,worse,false,motriskindex-families-2024-v4
nissan-micra,2017,117839,18.87,112.4,111.0,113.9,worse,false,motriskindex-families-2024-v4
nissan-micra,2018,71097,15.04,98.5,96.7,100.4,no different,false,motriskindex-families-2024-v4
nissan-micra,2019,43530,11.32,83.7,81.3,86.0,better,false,motriskindex-families-2024-v4
nissan-micra,2020,18937,9.7,82.1,78.3,85.8,better,false,motriskindex-families-2024-v4
nissan-navara,2001,912,46.93,101.9,92.2,111.5,no different,true,motriskindex-families-2024-v4
nissan-navara,2002,1998,46.25,100.4,93.9,106.8,no different,true,motriskindex-families-2024-v4
nissan-navara,2003,6194,45.27,99.0,95.3,102.7,no different,false,motriskindex-families-2024-v4
nissan-navara,2004,16070,44.11,95.8,93.6,98.0,better,false,motriskindex-families-2024-v4
nissan-navara,2005,25179,45.12,97.8,96.0,99.6,better,false,motriskindex-families-2024-v4
nissan-navara,2006,33781,46.85,101.3,99.7,102.9,no different,false,motriskindex-families-2024-v4
nissan-navara,2007,36968,45.47,98.4,96.9,99.9,better,false,motriskindex-families-2024-v4
nissan-navara,2008,27815,46.59,101.3,99.6,103.1,no different,false,motriskindex-families-2024-v4
nissan-navara,2009,26366,47.13,103.9,102.1,105.8,worse,false,motriskindex-families-2024-v4
nissan-navara,2010,25465,44.04,100.0,98.2,101.9,no different,false,motriskindex-families-2024-v4
nissan-navara,2011,50796,42.57,101.6,100.3,103.0,worse,false,motriskindex-families-2024-v4
nissan-navara,2012,40192,41.42,105.9,104.3,107.5,worse,false,motriskindex-families-2024-v4
nissan-navara,2013,40296,35.19,98.2,96.6,99.8,better,false,motriskindex-families-2024-v4
nissan-navara,2014,41338,32.62,101.3,99.6,103.0,no different,false,motriskindex-families-2024-v4
nissan-navara,2015,44952,28.96,101.6,99.9,103.4,no different,false,motriskindex-families-2024-v4
nissan-navara,2016,88390,21.05,85.5,84.2,86.7,better,false,motriskindex-families-2024-v4
nissan-navara,2017,88575,23.06,104.2,102.7,105.6,worse,false,motriskindex-families-2024-v4
nissan-navara,2018,58471,22.49,108.6,106.8,110.5,worse,false,motriskindex-families-2024-v4
nissan-navara,2019,38662,19.19,101.4,99.1,103.7,no different,false,motriskindex-families-2024-v4
nissan-navara,2020,13369,18.17,105.7,101.5,109.9,worse,false,motriskindex-families-2024-v4
nissan-note,2006,119680,49.54,103.9,103.1,104.8,worse,false,motriskindex-families-2024-v4
nissan-note,2007,154672,47.76,103.3,102.5,104.0,worse,false,motriskindex-families-2024-v4
nissan-note,2008,187875,44.91,100.8,100.1,101.5,worse,false,motriskindex-families-2024-v4
nissan-note,2009,175421,41.63,98.2,97.5,99.0,better,false,motriskindex-families-2024-v4
nissan-note,2010,164274,40.48,102.9,102.1,103.6,worse,false,motriskindex-families-2024-v4
nissan-note,2011,137030,38.41,107.6,106.7,108.5,worse,false,motriskindex-families-2024-v4
nissan-note,2012,130302,35.33,112.0,110.9,113.0,worse,false,motriskindex-families-2024-v4
nissan-note,2013,130418,30.12,110.8,109.7,111.9,worse,false,motriskindex-families-2024-v4
nissan-note,2014,242460,19.95,87.0,86.2,87.8,better,false,motriskindex-families-2024-v4
nissan-note,2015,165937,15.96,82.5,81.5,83.5,better,false,motriskindex-families-2024-v4
nissan-note,2016,119744,12.93,79.6,78.4,80.9,better,false,motriskindex-families-2024-v4
nissan-note,2017,49453,12.6,87.4,85.3,89.6,better,false,motriskindex-families-2024-v4
nissan-nv200,2009,1392,43.53,89.8,82.6,96.9,better,true,motriskindex-families-2024-v4
nissan-nv200,2010,13769,45.54,94.5,92.2,96.9,better,false,motriskindex-families-2024-v4
nissan-nv200,2011,25426,47.53,99.8,98.0,101.5,no different,false,motriskindex-families-2024-v4
nissan-nv200,2012,34029,48.75,105.0,103.4,106.6,worse,false,motriskindex-families-2024-v4
nissan-nv200,2013,44468,46.83,104.9,103.5,106.3,worse,false,motriskindex-families-2024-v4
nissan-nv200,2014,33733,43.07,103.1,101.5,104.8,worse,false,motriskindex-families-2024-v4
nissan-nv200,2015,46416,37.78,97.5,96.1,98.9,better,false,motriskindex-families-2024-v4
nissan-nv200,2016,37265,33.9,96.3,94.6,98.0,better,false,motriskindex-families-2024-v4
nissan-nv200,2017,22305,27.99,86.1,83.9,88.2,better,false,motriskindex-families-2024-v4
nissan-nv200,2018,12629,32.24,104.8,101.6,108.0,worse,false,motriskindex-families-2024-v4
nissan-nv200,2019,4061,32.21,111.9,105.9,118.0,worse,false,motriskindex-families-2024-v4
nissan-nv200,2020,431,22.97,83.8,67.3,100.3,no different,true,motriskindex-families-2024-v4
nissan-nv250,2019,454,33.48,116.0,97.5,134.4,no different,true,motriskindex-families-2024-v4
nissan-nv250,2020,1896,30.17,103.1,94.6,111.5,no different,true,motriskindex-families-2024-v4
nissan-nv300,2016,480,21.67,79.2,64.0,94.5,better,true,motriskindex-families-2024-v4
nissan-nv300,2017,4986,25.69,100.1,94.7,105.6,no different,false,motriskindex-families-2024-v4
nissan-nv300,2018,2845,25.38,104.0,96.4,111.5,no different,true,motriskindex-families-2024-v4
nissan-nv300,2019,1773,23.01,100.2,90.5,109.9,no different,true,motriskindex-families-2024-v4
nissan-nv300,2020,1100,23.82,113.0,99.3,126.7,no different,true,motriskindex-families-2024-v4
nissan-pathfinder,2005,9664,46.21,95.5,92.7,98.3,better,false,motriskindex-families-2024-v4
nissan-pathfinder,2006,16601,48.0,98.2,96.0,100.3,no different,false,motriskindex-families-2024-v4
nissan-pathfinder,2007,17021,50.16,101.7,99.5,103.8,no different,false,motriskindex-families-2024-v4
nissan-pathfinder,2008,7801,50.52,103.1,99.9,106.3,no different,false,motriskindex-families-2024-v4
nissan-pathfinder,2009,9469,51.47,107.3,104.3,110.3,worse,false,motriskindex-families-2024-v4
nissan-pathfinder,2010,5825,42.08,90.6,87.0,94.2,better,false,motriskindex-families-2024-v4
nissan-pathfinder,2011,7343,41.69,92.8,89.5,96.1,better,false,motriskindex-families-2024-v4
nissan-pathfinder,2012,4595,41.22,97.3,92.9,101.7,no different,false,motriskindex-families-2024-v4
nissan-pathfinder,2013,4056,39.25,102.8,97.7,107.8,no different,false,motriskindex-families-2024-v4
nissan-pathfinder,2014,3763,33.01,96.8,91.5,102.2,no different,true,motriskindex-families-2024-v4
nissan-patrol,2001,338,42.01,117.6,98.3,136.9,no different,true,motriskindex-families-2024-v4
nissan-patrol,2002,710,33.8,94.6,82.6,106.5,no different,true,motriskindex-families-2024-v4
nissan-patrol,2003,1080,43.89,126.9,115.5,138.3,worse,true,motriskindex-families-2024-v4
nissan-patrol,2004,2416,34.6,98.7,92.0,105.4,no different,true,motriskindex-families-2024-v4
nissan-patrol,2005,1406,33.14,96.4,87.7,105.2,no different,true,motriskindex-families-2024-v4
nissan-patrol,2006,450,27.78,80.7,66.5,94.8,better,true,motriskindex-families-2024-v4
nissan-patrol,2007,255,32.16,95.0,74.4,115.5,no different,true,motriskindex-families-2024-v4
nissan-pickup,2000,328,54.88,117.3,100.2,134.5,worse,true,motriskindex-families-2024-v4
nissan-pickup,2001,966,47.2,100.4,91.2,109.6,no different,true,motriskindex-families-2024-v4
nissan-pickup,2002,2046,47.9,102.5,96.1,108.9,no different,true,motriskindex-families-2024-v4
nissan-pickup,2003,4410,47.26,100.0,95.8,104.3,no different,false,motriskindex-families-2024-v4
nissan-pickup,2004,6522,45.45,97.4,93.9,100.9,no different,false,motriskindex-families-2024-v4
nissan-pickup,2005,2650,44.64,95.3,89.8,100.7,no different,true,motriskindex-families-2024-v4
nissan-pickup,2006,1112,44.6,97.4,88.8,105.9,no different,true,motriskindex-families-2024-v4
nissan-pickup,2007,679,42.71,94.0,83.2,104.8,no different,true,motriskindex-families-2024-v4
nissan-pickup,2008,223,44.84,100.5,80.8,120.2,no different,true,motriskindex-families-2024-v4
nissan-pickup,2009,232,45.26,101.4,82.0,120.8,no different,true,motriskindex-families-2024-v4
nissan-pixo,2009,42088,33.95,100.2,98.5,101.8,no different,false,motriskindex-families-2024-v4
nissan-pixo,2010,47472,33.01,102.4,100.8,104.0,worse,false,motriskindex-families-2024-v4
nissan-pixo,2011,23476,29.74,97.4,95.1,99.7,better,false,motriskindex-families-2024-v4
nissan-pixo,2012,20661,27.46,95.8,93.3,98.3,better,false,motriskindex-families-2024-v4
nissan-pixo,2013,5578,26.17,98.9,93.8,103.9,no different,false,motriskindex-families-2024-v4
nissan-primastar,2002,620,57.42,104.7,93.8,115.6,no different,true,motriskindex-families-2024-v4
nissan-primastar,2003,7801,55.62,102.1,99.0,105.1,no different,false,motriskindex-families-2024-v4
nissan-primastar,2004,12687,54.45,99.7,97.3,102.0,no different,false,motriskindex-families-2024-v4
nissan-primastar,2005,15375,54.94,100.7,98.6,102.9,no different,false,motriskindex-families-2024-v4
nissan-primastar,2006,16421,53.58,98.0,96.0,100.1,no different,false,motriskindex-families-2024-v4
nissan-primastar,2007,19046,53.49,98.1,96.2,100.0,no different,false,motriskindex-families-2024-v4
nissan-primastar,2008,12582,53.37,98.2,95.9,100.6,no different,false,motriskindex-families-2024-v4
nissan-primastar,2009,10286,52.96,97.8,95.2,100.4,no different,false,motriskindex-families-2024-v4
nissan-primastar,2010,5505,53.73,99.9,96.3,103.5,no different,false,motriskindex-families-2024-v4
nissan-primastar,2011,11659,53.94,101.4,98.9,103.9,no different,false,motriskindex-families-2024-v4
nissan-primastar,2012,5891,51.21,99.2,95.6,102.7,no different,false,motriskindex-families-2024-v4
nissan-primastar,2013,5832,49.19,98.9,95.3,102.6,no different,false,motriskindex-families-2024-v4
nissan-primastar,2014,5016,46.27,97.2,93.3,101.2,no different,false,motriskindex-families-2024-v4
nissan-primera,1998,2348,45.66,97.7,91.8,103.5,no different,true,motriskindex-families-2024-v4
nissan-primera,1999,3574,44.94,95.0,90.3,99.6,better,true,motriskindex-families-2024-v4
nissan-primera,2000,2272,46.92,100.5,94.4,106.5,no different,true,motriskindex-families-2024-v4
nissan-primera,2001,4142,44.28,94.2,89.9,98.5,better,false,motriskindex-families-2024-v4
nissan-primera,2002,8568,48.06,101.8,98.7,104.9,no different,false,motriskindex-families-2024-v4
nissan-primera,2003,10340,47.37,98.4,95.6,101.1,no different,false,motriskindex-families-2024-v4
nissan-primera,2004,12873,46.65,96.8,94.3,99.2,better,false,motriskindex-families-2024-v4
nissan-primera,2005,17066,47.9,97.7,95.6,99.9,better,false,motriskindex-families-2024-v4
nissan-primera,2006,11289,46.42,95.3,92.7,97.9,better,false,motriskindex-families-2024-v4
nissan-pulsar,2014,14757,26.2,105.2,101.9,108.6,worse,false,motriskindex-families-2024-v4
nissan-pulsar,2015,84332,21.77,105.4,103.8,106.9,worse,false,motriskindex-families-2024-v4
nissan-pulsar,2016,69127,16.9,100.4,98.6,102.2,no different,false,motriskindex-families-2024-v4
nissan-pulsar,2017,38937,12.98,89.8,87.4,92.3,better,false,motriskindex-families-2024-v4
nissan-pulsar,2018,14262,11.56,90.3,86.0,94.7,better,false,motriskindex-families-2024-v4
nissan-qashqai,2006,312,50.0,89.0,75.1,103.0,no different,true,motriskindex-families-2024-v4
nissan-qashqai,2007,139483,55.49,100.9,100.2,101.7,worse,false,motriskindex-families-2024-v4
nissan-qashqai,2008,170357,55.28,103.7,103.0,104.4,worse,false,motriskindex-families-2024-v4
nissan-qashqai,2009,268047,54.84,107.9,107.3,108.5,worse,false,motriskindex-families-2024-v4
nissan-qashqai,2010,350387,48.02,102.1,101.6,102.6,worse,false,motriskindex-families-2024-v4
nissan-qashqai,2011,371965,43.52,102.7,102.2,103.2,worse,false,motriskindex-families-2024-v4
nissan-qashqai,2012,448022,40.65,109.5,109.0,110.0,worse,false,motriskindex-families-2024-v4
nissan-qashqai,2013,503848,33.86,107.4,106.9,107.9,worse,false,motriskindex-families-2024-v4
nissan-qashqai,2014,496366,23.47,89.5,89.0,90.1,better,false,motriskindex-families-2024-v4
nissan-qashqai,2015,621056,19.28,89.8,89.3,90.3,better,false,motriskindex-families-2024-v4
nissan-qashqai,2016,649145,16.27,94.4,93.8,94.9,better,false,motriskindex-families-2024-v4
nissan-qashqai,2017,571885,13.71,92.6,92.0,93.3,better,false,motriskindex-families-2024-v4
nissan-qashqai,2018,336350,13.6,102.2,101.3,103.1,worse,false,motriskindex-families-2024-v4
nissan-qashqai,2019,254800,11.28,96.0,94.9,97.1,better,false,motriskindex-families-2024-v4
nissan-qashqai,2020,96715,9.67,93.7,91.8,95.6,better,false,motriskindex-families-2024-v4
nissan-skyline,1998,962,19.75,94.6,81.1,108.0,no different,true,motriskindex-families-2024-v4
nissan-skyline,1999,510,13.73,68.8,52.7,85.0,better,true,motriskindex-families-2024-v4
nissan-skyline,2000,296,12.16,63.2,42.5,83.8,better,true,motriskindex-families-2024-v4
nissan-skyline,2003,332,25.9,138.4,109.1,167.6,worse,true,motriskindex-families-2024-v4
nissan-terrano,1999,962,46.36,97.5,88.5,106.6,no different,true,motriskindex-families-2024-v4
nissan-terrano,2000,1344,46.28,97.1,89.4,104.7,no different,true,motriskindex-families-2024-v4
nissan-terrano,2001,2432,47.29,98.8,93.1,104.5,no different,true,motriskindex-families-2024-v4
nissan-terrano,2002,4622,47.77,100.0,95.8,104.1,no different,false,motriskindex-families-2024-v4
nissan-terrano,2003,6674,47.92,98.8,95.3,102.2,no different,false,motriskindex-families-2024-v4
nissan-terrano,2004,9056,47.37,96.3,93.4,99.2,better,false,motriskindex-families-2024-v4
nissan-terrano,2005,5792,48.69,97.8,94.2,101.4,no different,false,motriskindex-families-2024-v4
nissan-terrano,2006,1508,50.66,102.7,95.4,109.9,no different,true,motriskindex-families-2024-v4
nissan-x-trail,2001,1330,53.53,108.3,100.3,116.3,worse,true,motriskindex-families-2024-v4
nissan-x-trail,2002,9620,47.26,96.1,93.3,98.9,better,false,motriskindex-families-2024-v4
nissan-x-trail,2003,28581,49.57,100.9,99.3,102.6,no different,false,motriskindex-families-2024-v4
nissan-x-trail,2004,47722,47.95,97.2,96.0,98.5,better,false,motriskindex-families-2024-v4
nissan-x-trail,2005,67424,47.55,96.9,95.9,98.0,better,false,motriskindex-families-2024-v4
nissan-x-trail,2006,70850,48.99,100.8,99.7,101.8,no different,false,motriskindex-families-2024-v4
nissan-x-trail,2007,55849,47.59,99.9,98.7,101.1,no different,false,motriskindex-families-2024-v4
nissan-x-trail,2008,39633,46.69,100.6,99.2,102.1,no different,false,motriskindex-families-2024-v4
nissan-x-trail,2009,23691,44.65,100.9,99.0,102.8,no different,false,motriskindex-families-2024-v4
nissan-x-trail,2010,16132,43.19,104.4,102.0,106.9,worse,false,motriskindex-families-2024-v4
nissan-x-trail,2011,23307,38.1,100.7,98.6,102.8,no different,false,motriskindex-families-2024-v4
nissan-x-trail,2012,18680,31.99,94.8,92.4,97.2,better,false,motriskindex-families-2024-v4
nissan-x-trail,2013,17580,27.07,92.1,89.5,94.7,better,false,motriskindex-families-2024-v4
nissan-x-trail,2014,42551,24.83,98.0,96.1,99.8,better,false,motriskindex-families-2024-v4
nissan-x-trail,2015,90790,23.19,106.5,105.1,107.9,worse,false,motriskindex-families-2024-v4
nissan-x-trail,2016,165892,19.18,104.4,103.2,105.5,worse,false,motriskindex-families-2024-v4
nissan-x-trail,2017,164706,15.83,97.1,95.9,98.3,better,false,motriskindex-families-2024-v4
nissan-x-trail,2018,63463,14.39,94.9,93.0,96.8,better,false,motriskindex-families-2024-v4
nissan-x-trail,2019,28333,13.95,99.7,96.6,102.8,no different,false,motriskindex-families-2024-v4
nissan-x-trail,2020,14691,12.29,96.9,92.5,101.4,no different,false,motriskindex-families-2024-v4
perodua-myvi,2006,822,36.74,108.2,96.0,120.4,no different,true,motriskindex-families-2024-v4
perodua-myvi,2007,2954,33.65,101.9,95.6,108.2,no different,true,motriskindex-families-2024-v4
perodua-myvi,2008,2492,35.39,111.5,104.1,118.9,worse,true,motriskindex-families-2024-v4
perodua-myvi,2009,4087,30.41,100.8,95.2,106.4,no different,true,motriskindex-families-2024-v4
perodua-myvi,2010,4660,27.47,97.1,91.8,102.5,no different,false,motriskindex-families-2024-v4
perodua-myvi,2011,4024,26.79,100.7,94.7,106.7,no different,false,motriskindex-families-2024-v4
perodua-myvi,2012,3686,23.49,91.4,85.3,97.5,better,true,motriskindex-families-2024-v4
perodua-myvi,2013,1489,23.37,95.7,85.7,105.8,no different,true,motriskindex-families-2024-v4
peugeot-1007,2005,10482,43.38,103.3,100.3,106.3,worse,false,motriskindex-families-2024-v4
peugeot-1007,2006,15904,40.51,98.3,95.9,100.7,no different,false,motriskindex-families-2024-v4
peugeot-1007,2007,9014,38.97,93.8,90.7,96.9,better,false,motriskindex-families-2024-v4
peugeot-1007,2008,1291,41.36,102.2,93.5,110.9,no different,true,motriskindex-families-2024-v4
peugeot-106,1998,5946,46.55,94.6,91.1,98.1,better,false,motriskindex-families-2024-v4
peugeot-106,1999,3296,50.06,100.7,95.8,105.6,no different,true,motriskindex-families-2024-v4
peugeot-106,2000,9306,49.54,100.4,97.5,103.3,no different,false,motriskindex-families-2024-v4
peugeot-106,2001,19498,48.92,99.0,97.1,101.0,no different,false,motriskindex-families-2024-v4
peugeot-106,2002,21091,48.39,97.7,95.8,99.6,better,false,motriskindex-families-2024-v4
peugeot-106,2003,11542,45.84,92.9,90.4,95.4,better,false,motriskindex-families-2024-v4
peugeot-107,2005,28138,48.15,105.2,103.5,107.0,worse,false,motriskindex-families-2024-v4
peugeot-107,2006,110274,44.64,101.9,101.0,102.8,worse,false,motriskindex-families-2024-v4
peugeot-107,2007,129286,41.83,100.5,99.6,101.3,no different,false,motriskindex-families-2024-v4
peugeot-107,2008,150874,41.86,107.0,106.2,107.9,worse,false,motriskindex-families-2024-v4
peugeot-107,2009,154103,37.83,104.2,103.4,105.1,worse,false,motriskindex-families-2024-v4
peugeot-107,2010,165233,31.48,94.8,93.9,95.6,better,false,motriskindex-families-2024-v4
peugeot-107,2011,163113,29.34,97.2,96.4,98.1,better,false,motriskindex-families-2024-v4
peugeot-107,2012,178158,26.57,97.2,96.3,98.0,better,false,motriskindex-families-2024-v4
peugeot-107,2013,181383,24.06,97.2,96.2,98.1,better,false,motriskindex-families-2024-v4
peugeot-107,2014,97112,20.75,93.3,92.0,94.6,better,false,motriskindex-families-2024-v4
peugeot-108,2014,78883,19.45,103.2,101.5,104.8,worse,false,motriskindex-families-2024-v4
peugeot-108,2015,201966,17.45,103.6,102.5,104.6,worse,false,motriskindex-families-2024-v4
peugeot-108,2016,189410,14.92,102.0,100.9,103.2,worse,false,motriskindex-families-2024-v4
peugeot-108,2017,114749,12.62,94.8,93.3,96.4,better,false,motriskindex-families-2024-v4
peugeot-108,2018,59276,12.21,98.4,96.1,100.6,no different,false,motriskindex-families-2024-v4
peugeot-108,2019,26070,10.02,90.2,86.7,93.6,better,false,motriskindex-families-2024-v4
peugeot-108,2020,14000,9.26,95.1,89.9,100.2,no different,false,motriskindex-families-2024-v4
peugeot-2008,2013,38231,32.19,99.6,97.8,101.3,no different,false,motriskindex-families-2024-v4
peugeot-2008,2014,175531,29.34,102.8,101.9,103.7,worse,false,motriskindex-families-2024-v4
peugeot-2008,2015,191029,24.61,101.0,100.1,101.9,worse,false,motriskindex-families-2024-v4
peugeot-2008,2016,204173,20.53,101.0,100.1,102.0,worse,false,motriskindex-families-2024-v4
peugeot-2008,2017,158345,18.18,102.5,101.3,103.7,worse,false,motriskindex-families-2024-v4
peugeot-2008,2018,112276,15.58,98.0,96.6,99.5,better,false,motriskindex-families-2024-v4
peugeot-2008,2019,77328,12.48,90.5,88.7,92.3,better,false,motriskindex-families-2024-v4
peugeot-2008,2020,34495,13.63,111.5,108.3,114.7,worse,false,motriskindex-families-2024-v4
peugeot-206,1998,1108,60.11,110.9,102.5,119.3,worse,true,motriskindex-families-2024-v4
peugeot-206,1999,11322,56.9,106.4,103.8,109.0,worse,false,motriskindex-families-2024-v4
peugeot-206,2000,29576,54.63,103.4,101.8,105.0,worse,false,motriskindex-families-2024-v4
peugeot-206,2001,73506,52.66,100.5,99.5,101.5,no different,false,motriskindex-families-2024-v4
peugeot-206,2002,125942,54.06,103.2,102.5,104.0,worse,false,motriskindex-families-2024-v4
peugeot-206,2003,168460,52.25,100.3,99.7,101.0,no different,false,motriskindex-families-2024-v4
peugeot-206,2004,218556,49.41,95.9,95.3,96.4,better,false,motriskindex-families-2024-v4
peugeot-206,2005,210981,49.09,96.3,95.7,96.9,better,false,motriskindex-families-2024-v4
peugeot-206,2006,140388,48.12,96.0,95.3,96.7,better,false,motriskindex-families-2024-v4
peugeot-206,2007,51249,44.41,91.6,90.4,92.7,better,false,motriskindex-families-2024-v4
peugeot-206,2008,21738,44.29,93.6,91.8,95.5,better,false,motriskindex-families-2024-v4
peugeot-206,2009,9864,44.13,96.3,93.4,99.1,better,false,motriskindex-families-2024-v4
peugeot-206,2010,380,45.79,104.1,88.6,119.5,no different,true,motriskindex-families-2024-v4
peugeot-207,2006,125521,50.96,98.9,98.1,99.7,better,false,motriskindex-families-2024-v4
peugeot-207,2007,374315,50.39,98.6,98.2,99.0,better,false,motriskindex-families-2024-v4
peugeot-207,2008,354348,51.22,101.7,101.3,102.2,worse,false,motriskindex-families-2024-v4
peugeot-207,2009,378617,50.6,103.1,102.7,103.6,worse,false,motriskindex-families-2024-v4
peugeot-207,2010,358150,45.96,97.5,97.0,98.0,better,false,motriskindex-families-2024-v4
peugeot-207,2011,283073,43.81,97.6,97.1,98.2,better,false,motriskindex-families-2024-v4
peugeot-207,2012,174189,39.68,94.5,93.8,95.2,better,false,motriskindex-families-2024-v4
peugeot-207,2013,32840,35.69,92.9,91.2,94.6,better,false,motriskindex-families-2024-v4
peugeot-207,2014,11149,26.61,80.0,77.1,82.9,better,false,motriskindex-families-2024-v4
peugeot-208,2012,166598,35.52,106.3,105.4,107.1,worse,false,motriskindex-families-2024-v4
peugeot-208,2013,378601,31.37,103.6,103.0,104.1,worse,false,motriskindex-families-2024-v4
peugeot-208,2014,326330,27.11,101.0,100.3,101.7,worse,false,motriskindex-families-2024-v4
peugeot-208,2015,308969,22.22,96.2,95.5,97.0,better,false,motriskindex-families-2024-v4
peugeot-208,2016,287390,18.43,96.0,95.2,96.8,better,false,motriskindex-families-2024-v4
peugeot-208,2017,167617,16.42,97.4,96.2,98.5,better,false,motriskindex-families-2024-v4
peugeot-208,2018,107736,14.66,97.1,95.6,98.6,better,false,motriskindex-families-2024-v4
peugeot-208,2019,85725,12.21,94.3,92.5,96.1,better,false,motriskindex-families-2024-v4
peugeot-208,2020,39648,13.88,126.8,123.4,130.1,worse,false,motriskindex-families-2024-v4
peugeot-3008,2009,10538,52.32,109.3,106.5,112.2,worse,false,motriskindex-families-2024-v4
peugeot-3008,2010,111520,48.27,107.0,106.1,107.9,worse,false,motriskindex-families-2024-v4
peugeot-3008,2011,127414,40.15,95.5,94.7,96.4,better,false,motriskindex-families-2024-v4
peugeot-3008,2012,124818,37.62,97.2,96.4,98.1,better,false,motriskindex-families-2024-v4
peugeot-3008,2013,124348,39.52,113.6,112.6,114.6,worse,false,motriskindex-families-2024-v4
peugeot-3008,2014,92428,29.56,98.2,97.0,99.4,better,false,motriskindex-families-2024-v4
peugeot-3008,2015,90687,24.64,97.6,96.3,98.9,better,false,motriskindex-families-2024-v4
peugeot-3008,2016,73659,23.1,111.8,110.1,113.4,worse,false,motriskindex-families-2024-v4
peugeot-3008,2017,158083,15.31,86.4,85.4,87.5,better,false,motriskindex-families-2024-v4
peugeot-3008,2018,132321,14.79,95.4,94.1,96.7,better,false,motriskindex-families-2024-v4
peugeot-3008,2019,97348,13.35,100.0,98.3,101.7,no different,false,motriskindex-families-2024-v4
peugeot-3008,2020,35764,11.99,100.4,97.4,103.4,no different,false,motriskindex-families-2024-v4
peugeot-306,1998,6066,48.7,99.6,96.0,103.2,no different,false,motriskindex-families-2024-v4
peugeot-306,1999,10946,48.46,97.8,95.2,100.4,no different,false,motriskindex-families-2024-v4
peugeot-306,2000,19462,48.65,98.4,96.4,100.4,no different,false,motriskindex-families-2024-v4
peugeot-306,2001,17438,46.2,94.4,92.4,96.5,better,false,motriskindex-families-2024-v4
peugeot-306,2002,3523,44.45,92.4,87.8,96.9,better,true,motriskindex-families-2024-v4
peugeot-307,2001,11022,56.61,102.4,99.8,104.9,no different,false,motriskindex-families-2024-v4
peugeot-307,2002,46239,55.54,100.4,99.1,101.6,no different,false,motriskindex-families-2024-v4
peugeot-307,2003,74614,55.85,100.7,99.8,101.7,no different,false,motriskindex-families-2024-v4
peugeot-307,2004,105629,55.82,101.3,100.5,102.1,worse,false,motriskindex-families-2024-v4
peugeot-307,2005,122819,53.88,99.5,98.7,100.2,no different,false,motriskindex-families-2024-v4
peugeot-307,2006,161383,50.23,95.1,94.5,95.8,better,false,motriskindex-families-2024-v4
peugeot-307,2007,160230,50.15,96.6,96.0,97.3,better,false,motriskindex-families-2024-v4
peugeot-307,2008,34158,46.97,94.3,92.8,95.7,better,false,motriskindex-families-2024-v4
peugeot-307,2009,4986,43.44,91.9,88.0,95.7,better,false,motriskindex-families-2024-v4
peugeot-307,2010,240,50.83,112.5,92.6,132.5,no different,true,motriskindex-families-2024-v4
peugeot-308,2007,20461,52.79,106.4,104.4,108.4,worse,false,motriskindex-families-2024-v4
peugeot-308,2008,160122,50.37,104.8,104.1,105.5,worse,false,motriskindex-families-2024-v4
peugeot-308,2009,183852,47.16,102.9,102.2,103.6,worse,false,motriskindex-families-2024-v4
peugeot-308,2010,172942,43.17,100.3,99.6,101.1,no different,false,motriskindex-families-2024-v4
peugeot-308,2011,123259,35.17,88.9,88.1,89.8,better,false,motriskindex-families-2024-v4
peugeot-308,2012,124644,34.86,97.1,96.1,98.0,better,false,motriskindex-families-2024-v4
peugeot-308,2013,122697,34.83,108.9,107.9,109.9,worse,false,motriskindex-families-2024-v4
peugeot-308,2014,140855,27.38,97.7,96.8,98.7,better,false,motriskindex-families-2024-v4
peugeot-308,2015,161048,23.2,96.0,95.0,97.0,better,false,motriskindex-families-2024-v4
peugeot-308,2016,165768,20.91,101.1,100.1,102.2,worse,false,motriskindex-families-2024-v4
peugeot-308,2017,88817,16.81,90.9,89.5,92.4,better,false,motriskindex-families-2024-v4
peugeot-308,2018,60548,17.36,102.0,100.0,103.9,no different,false,motriskindex-families-2024-v4
peugeot-308,2019,36198,14.41,93.8,91.3,96.4,better,false,motriskindex-families-2024-v4
peugeot-308,2020,11336,11.94,85.7,81.2,90.3,better,false,motriskindex-families-2024-v4
peugeot-4007,2007,3014,46.91,99.2,94.0,104.4,no different,true,motriskindex-families-2024-v4
peugeot-4007,2008,5066,48.32,105.0,100.8,109.2,worse,false,motriskindex-families-2024-v4
peugeot-4007,2009,6754,42.88,97.1,93.6,100.7,no different,false,motriskindex-families-2024-v4
peugeot-4007,2010,3031,39.03,93.2,87.8,98.5,better,true,motriskindex-families-2024-v4
peugeot-4007,2011,1377,37.76,93.7,85.6,101.7,no different,true,motriskindex-families-2024-v4
peugeot-406,1998,2832,45.06,95.1,89.9,100.3,no different,true,motriskindex-families-2024-v4
peugeot-406,1999,5174,45.77,97.2,93.3,101.1,no different,false,motriskindex-families-2024-v4
peugeot-406,2000,8918,47.36,99.6,96.6,102.6,no different,false,motriskindex-families-2024-v4
peugeot-406,2001,13674,47.65,98.3,95.9,100.7,no different,false,motriskindex-families-2024-v4
peugeot-406,2002,14413,47.39,96.9,94.6,99.2,better,false,motriskindex-families-2024-v4
peugeot-406,2003,14421,47.97,97.3,95.0,99.6,better,false,motriskindex-families-2024-v4
peugeot-406,2004,3827,47.4,93.8,89.5,98.1,better,true,motriskindex-families-2024-v4
peugeot-407,2004,9956,47.23,97.8,95.0,100.6,no different,false,motriskindex-families-2024-v4
peugeot-407,2005,33973,48.19,100.0,98.4,101.5,no different,false,motriskindex-families-2024-v4
peugeot-407,2006,46971,47.1,98.8,97.5,100.1,no different,false,motriskindex-families-2024-v4
peugeot-407,2007,42065,46.0,97.8,96.4,99.2,better,false,motriskindex-families-2024-v4
peugeot-407,2008,22147,44.69,96.5,94.6,98.4,better,false,motriskindex-families-2024-v4
peugeot-407,2009,20391,44.49,98.6,96.5,100.6,no different,false,motriskindex-families-2024-v4
peugeot-407,2010,17084,43.29,98.7,96.4,100.9,no different,false,motriskindex-families-2024-v4
peugeot-407,2011,2912,39.56,95.0,89.5,100.4,no different,true,motriskindex-families-2024-v4
peugeot-5008,2009,274,54.01,107.4,90.1,124.7,no different,true,motriskindex-families-2024-v4
peugeot-5008,2010,29633,51.12,104.1,102.4,105.7,worse,false,motriskindex-families-2024-v4
peugeot-5008,2011,25058,43.99,93.6,91.9,95.4,better,false,motriskindex-families-2024-v4
peugeot-5008,2012,25748,44.28,98.5,96.7,100.3,no different,false,motriskindex-families-2024-v4
peugeot-5008,2013,28055,45.59,108.4,106.6,110.3,worse,false,motriskindex-families-2024-v4
peugeot-5008,2014,20134,40.14,106.0,103.7,108.3,worse,false,motriskindex-families-2024-v4
peugeot-5008,2015,20161,35.52,107.8,105.3,110.3,worse,false,motriskindex-families-2024-v4
peugeot-5008,2016,20004,33.26,118.2,115.4,121.1,worse,false,motriskindex-families-2024-v4
peugeot-5008,2017,6778,25.07,99.1,94.4,103.8,no different,false,motriskindex-families-2024-v4
peugeot-5008,2018,36374,18.47,83.3,81.3,85.2,better,false,motriskindex-families-2024-v4
peugeot-5008,2019,28879,17.13,88.1,85.7,90.6,better,false,motriskindex-families-2024-v4
peugeot-5008,2020,14411,16.96,96.0,92.2,99.8,better,false,motriskindex-families-2024-v4
peugeot-508,2011,37489,31.84,98.4,96.7,100.2,no different,false,motriskindex-families-2024-v4
peugeot-508,2012,48733,31.72,102.8,101.1,104.4,worse,false,motriskindex-families-2024-v4
peugeot-508,2013,36248,29.87,104.0,102.0,106.0,worse,false,motriskindex-families-2024-v4
peugeot-508,2014,17145,24.82,96.0,93.1,98.8,better,false,motriskindex-families-2024-v4
peugeot-508,2015,12645,20.84,87.8,84.5,91.2,better,false,motriskindex-families-2024-v4
peugeot-508,2016,10961,20.36,94.1,90.2,98.0,better,false,motriskindex-families-2024-v4
peugeot-508,2017,4512,16.78,84.0,78.1,90.0,better,false,motriskindex-families-2024-v4
peugeot-508,2018,2815,15.06,81.1,73.4,88.8,better,true,motriskindex-families-2024-v4
peugeot-508,2019,12457,18.93,106.6,102.3,110.9,worse,false,motriskindex-families-2024-v4
peugeot-508,2020,4834,20.13,114.4,107.2,121.6,worse,false,motriskindex-families-2024-v4
peugeot-bipper,2008,8018,48.35,106.2,102.9,109.6,worse,false,motriskindex-families-2024-v4
peugeot-bipper,2009,19283,45.56,103.3,101.1,105.5,worse,false,motriskindex-families-2024-v4
peugeot-bipper,2010,44046,39.76,94.1,92.7,95.5,better,false,motriskindex-families-2024-v4
peugeot-bipper,2011,49733,39.53,96.3,94.9,97.6,better,false,motriskindex-families-2024-v4
peugeot-bipper,2012,22736,41.47,103.1,101.0,105.2,worse,false,motriskindex-families-2024-v4
peugeot-bipper,2013,30064,39.73,100.8,99.0,102.6,no different,false,motriskindex-families-2024-v4
peugeot-bipper,2014,27847,39.94,104.0,102.1,105.9,worse,false,motriskindex-families-2024-v4
peugeot-bipper,2015,30924,37.71,103.2,101.4,105.1,worse,false,motriskindex-families-2024-v4
peugeot-bipper,2016,16015,34.22,102.9,100.1,105.6,worse,false,motriskindex-families-2024-v4
peugeot-bipper,2017,13128,29.04,92.4,89.5,95.4,better,false,motriskindex-families-2024-v4
peugeot-bipper,2018,429,31.24,105.6,87.7,123.5,no different,true,motriskindex-families-2024-v4
peugeot-boxer,1998,4824,43.2,101.8,97.5,106.2,no different,false,motriskindex-families-2024-v4
peugeot-boxer,1999,7834,41.89,102.8,99.3,106.4,no different,false,motriskindex-families-2024-v4
peugeot-boxer,2000,10996,40.63,103.7,100.6,106.7,worse,false,motriskindex-families-2024-v4
peugeot-boxer,2001,13504,40.57,106.1,103.3,109.0,worse,false,motriskindex-families-2024-v4
peugeot-boxer,2002,17560,37.21,100.4,97.9,102.8,no different,false,motriskindex-families-2024-v4
peugeot-boxer,2003,23025,32.93,92.4,90.3,94.5,better,false,motriskindex-families-2024-v4
peugeot-boxer,2004,26786,35.09,102.1,100.0,104.1,no different,false,motriskindex-families-2024-v4
peugeot-boxer,2005,29082,34.42,103.7,101.7,105.8,worse,false,motriskindex-families-2024-v4
peugeot-boxer,2006,30823,33.27,105.6,103.5,107.6,worse,false,motriskindex-families-2024-v4
peugeot-boxer,2007,27936,29.91,100.8,98.7,103.0,no different,false,motriskindex-families-2024-v4
peugeot-boxer,2008,26237,26.98,97.9,95.6,100.2,no different,false,motriskindex-families-2024-v4
peugeot-boxer,2009,21504,26.6,103.5,100.8,106.1,worse,false,motriskindex-families-2024-v4
peugeot-boxer,2010,22290,19.41,81.6,79.2,84.1,better,false,motriskindex-families-2024-v4
peugeot-boxer,2011,23658,19.46,87.3,84.8,89.8,better,false,motriskindex-families-2024-v4
peugeot-boxer,2012,26589,20.47,97.0,94.5,99.6,better,false,motriskindex-families-2024-v4
peugeot-boxer,2013,28548,21.24,105.0,102.3,107.6,worse,false,motriskindex-families-2024-v4
peugeot-boxer,2014,29032,20.45,105.1,102.4,107.7,worse,false,motriskindex-families-2024-v4
peugeot-boxer,2015,32632,18.75,100.3,97.8,102.8,no different,false,motriskindex-families-2024-v4
peugeot-boxer,2016,33318,17.21,99.7,97.1,102.3,no different,false,motriskindex-families-2024-v4
peugeot-boxer,2017,34232,16.41,102.8,100.1,105.5,worse,false,motriskindex-families-2024-v4
peugeot-boxer,2018,13608,14.02,89.5,85.5,93.6,better,false,motriskindex-families-2024-v4
peugeot-boxer,2019,9282,13.63,92.7,87.5,97.8,better,false,motriskindex-families-2024-v4
peugeot-boxer,2020,4274,13.03,96.6,88.6,104.6,no different,false,motriskindex-families-2024-v4
peugeot-e7,2012,426,44.13,103.5,88.7,118.3,no different,true,motriskindex-families-2024-v4
peugeot-e7,2013,1160,38.62,94.2,85.5,103.0,no different,true,motriskindex-families-2024-v4
peugeot-e7,2014,1800,38.0,96.8,89.5,104.0,no different,true,motriskindex-families-2024-v4
peugeot-e7,2015,2365,36.03,97.5,90.9,104.0,no different,true,motriskindex-families-2024-v4
peugeot-e7,2016,3303,35.09,103.6,97.7,109.6,no different,true,motriskindex-families-2024-v4
peugeot-e7,2017,447,34.9,109.7,92.5,126.9,no different,true,motriskindex-families-2024-v4
peugeot-expert,1998,614,46.91,87.2,77.1,97.3,better,true,motriskindex-families-2024-v4
peugeot-expert,1999,1564,49.87,95.5,88.8,102.2,no different,true,motriskindex-families-2024-v4
peugeot-expert,2000,1854,49.95,95.4,89.3,101.6,no different,true,motriskindex-families-2024-v4
peugeot-expert,2001,3376,53.14,101.0,96.3,105.7,no different,true,motriskindex-families-2024-v4
peugeot-expert,2002,5612,52.92,100.5,96.9,104.2,no different,false,motriskindex-families-2024-v4
peugeot-expert,2003,8978,50.61,96.3,93.5,99.1,better,false,motriskindex-families-2024-v4
peugeot-expert,2004,13542,52.8,100.3,98.0,102.6,no different,false,motriskindex-families-2024-v4
peugeot-expert,2005,20605,52.25,99.9,98.0,101.8,no different,false,motriskindex-families-2024-v4
peugeot-expert,2006,25102,50.27,97.3,95.6,99.0,better,false,motriskindex-families-2024-v4
peugeot-expert,2007,34897,51.29,100.4,98.9,101.8,no different,false,motriskindex-families-2024-v4
peugeot-expert,2008,36322,51.34,101.8,100.3,103.2,worse,false,motriskindex-families-2024-v4
peugeot-expert,2009,25688,49.11,99.8,98.1,101.5,no different,false,motriskindex-families-2024-v4
peugeot-expert,2010,27388,47.98,101.2,99.4,102.9,no different,false,motriskindex-families-2024-v4
peugeot-expert,2011,31187,47.26,104.2,102.6,105.9,worse,false,motriskindex-families-2024-v4
peugeot-expert,2012,28403,42.59,100.0,98.2,101.8,no different,false,motriskindex-families-2024-v4
peugeot-expert,2013,23770,43.27,110.0,107.9,112.1,worse,false,motriskindex-families-2024-v4
peugeot-expert,2014,39699,33.51,94.2,92.6,95.8,better,false,motriskindex-families-2024-v4
peugeot-expert,2015,55272,30.34,95.1,93.6,96.5,better,false,motriskindex-families-2024-v4
peugeot-expert,2016,45574,35.35,126.0,124.0,127.9,worse,false,motriskindex-families-2024-v4
peugeot-expert,2017,43557,21.68,85.5,83.7,87.2,better,false,motriskindex-families-2024-v4
peugeot-expert,2018,36917,22.33,94.1,92.1,96.2,better,false,motriskindex-families-2024-v4
peugeot-expert,2019,32900,20.19,92.2,90.0,94.5,better,false,motriskindex-families-2024-v4
peugeot-expert,2020,11656,15.79,77.4,73.9,81.0,better,false,motriskindex-families-2024-v4
peugeot-partner,1998,780,53.08,98.3,88.8,107.7,no different,true,motriskindex-families-2024-v4
peugeot-partner,1999,1614,53.78,101.0,94.3,107.7,no different,true,motriskindex-families-2024-v4
peugeot-partner,2000,2550,52.71,100.2,94.8,105.6,no different,true,motriskindex-families-2024-v4
peugeot-partner,2001,6260,52.94,100.8,97.3,104.2,no different,false,motriskindex-families-2024-v4
peugeot-partner,2002,14250,52.3,100.1,97.9,102.4,no different,false,motriskindex-families-2024-v4
peugeot-partner,2003,22315,53.08,102.4,100.5,104.2,worse,false,motriskindex-families-2024-v4
peugeot-partner,2004,25077,51.59,100.2,98.5,101.9,no different,false,motriskindex-families-2024-v4
peugeot-partner,2005,29433,50.89,99.7,98.1,101.3,no different,false,motriskindex-families-2024-v4
peugeot-partner,2006,37138,48.26,96.2,94.8,97.6,better,false,motriskindex-families-2024-v4
peugeot-partner,2007,39759,48.81,99.5,98.1,100.9,no different,false,motriskindex-families-2024-v4
peugeot-partner,2008,42280,47.94,100.5,99.1,101.9,no different,false,motriskindex-families-2024-v4
peugeot-partner,2009,52794,47.26,102.2,101.0,103.5,worse,false,motriskindex-families-2024-v4
peugeot-partner,2010,67949,45.99,103.4,102.3,104.5,worse,false,motriskindex-families-2024-v4
peugeot-partner,2011,89845,45.39,106.7,105.7,107.8,worse,false,motriskindex-families-2024-v4
peugeot-partner,2012,141251,35.68,88.3,87.5,89.1,better,false,motriskindex-families-2024-v4
peugeot-partner,2013,115358,41.18,107.5,106.6,108.5,worse,false,motriskindex-families-2024-v4
peugeot-partner,2014,166599,34.73,97.0,96.2,97.8,better,false,motriskindex-families-2024-v4
peugeot-partner,2015,154267,30.3,91.5,90.7,92.3,better,false,motriskindex-families-2024-v4
peugeot-partner,2016,156146,30.42,100.6,99.7,101.5,no different,false,motriskindex-families-2024-v4
peugeot-partner,2017,141021,28.67,101.6,100.6,102.6,worse,false,motriskindex-families-2024-v4
peugeot-partner,2018,105691,29.84,111.1,109.9,112.3,worse,false,motriskindex-families-2024-v4
peugeot-partner,2019,69516,28.03,111.3,109.7,112.9,worse,false,motriskindex-families-2024-v4
peugeot-partner,2020,32360,22.88,95.8,93.6,98.0,better,false,motriskindex-families-2024-v4
peugeot-rcz,2010,18540,39.0,104.8,102.4,107.2,worse,false,motriskindex-families-2024-v4
peugeot-rcz,2011,29319,36.95,104.5,102.5,106.5,worse,false,motriskindex-families-2024-v4
peugeot-rcz,2012,23084,32.59,99.0,96.8,101.3,no different,false,motriskindex-families-2024-v4
peugeot-rcz,2013,23851,30.7,100.7,98.4,103.0,no different,false,motriskindex-families-2024-v4
peugeot-rcz,2014,18070,25.58,92.5,89.8,95.2,better,false,motriskindex-families-2024-v4
peugeot-rcz,2015,12219,21.24,87.0,83.7,90.4,better,false,motriskindex-families-2024-v4
peugeot-rcz,2016,2826,20.06,97.5,89.5,105.6,no different,true,motriskindex-families-2024-v4
peugeot-rifter,2018,3280,17.04,93.7,85.9,101.4,no different,true,motriskindex-families-2024-v4
peugeot-rifter,2019,16860,18.04,101.3,97.7,104.9,no different,false,motriskindex-families-2024-v4
peugeot-rifter,2020,7644,19.09,111.2,105.5,116.9,worse,false,motriskindex-families-2024-v4
peugeot-traveller,2016,524,22.14,99.7,81.6,117.9,no different,true,motriskindex-families-2024-v4
peugeot-traveller,2017,4865,21.5,100.2,94.1,106.2,no different,false,motriskindex-families-2024-v4
peugeot-traveller,2018,3123,22.13,105.1,97.3,112.9,no different,true,motriskindex-families-2024-v4
peugeot-traveller,2019,687,20.67,98.8,82.5,115.0,no different,true,motriskindex-families-2024-v4
peugeot-traveller,2020,780,22.05,105.9,90.0,121.7,no different,true,motriskindex-families-2024-v4
porsche-911,1998,4426,21.37,99.0,92.7,105.3,no different,false,motriskindex-families-2024-v4
porsche-911,1999,7770,23.24,109.7,104.6,114.8,worse,false,motriskindex-families-2024-v4
porsche-911,2000,7950,21.41,104.8,99.9,109.8,no different,false,motriskindex-families-2024-v4
porsche-911,2001,15866,21.32,107.3,103.6,110.9,worse,false,motriskindex-families-2024-v4
porsche-911,2002,26812,20.21,105.0,102.2,107.8,worse,false,motriskindex-families-2024-v4
porsche-911,2003,29126,19.95,108.5,105.7,111.3,worse,false,motriskindex-families-2024-v4
porsche-911,2004,27131,17.33,100.2,97.3,103.1,no different,false,motriskindex-families-2024-v4
porsche-911,2005,31518,15.01,92.9,90.3,95.6,better,false,motriskindex-families-2024-v4
porsche-911,2006,31734,15.41,102.6,99.7,105.5,no different,false,motriskindex-families-2024-v4
porsche-911,2007,27283,12.79,92.5,89.4,95.5,better,false,motriskindex-families-2024-v4
porsche-911,2008,20784,12.22,97.3,93.6,101.1,no different,false,motriskindex-families-2024-v4
porsche-911,2009,16273,11.49,100.2,95.7,104.8,no different,false,motriskindex-families-2024-v4
porsche-911,2010,19303,9.49,91.8,87.6,96.0,better,false,motriskindex-families-2024-v4
porsche-911,2011,14253,8.17,89.1,84.0,94.2,better,false,motriskindex-families-2024-v4
porsche-911,2012,17264,8.45,102.8,97.5,108.1,no different,false,motriskindex-families-2024-v4
porsche-911,2013,14279,6.68,90.2,84.5,95.9,better,false,motriskindex-families-2024-v4
porsche-911,2014,17521,6.35,94.0,88.4,99.5,better,false,motriskindex-families-2024-v4
porsche-911,2015,19250,5.61,90.6,85.2,96.1,better,false,motriskindex-families-2024-v4
porsche-911,2016,19465,5.41,91.5,86.0,97.0,better,false,motriskindex-families-2024-v4
porsche-911,2017,18560,5.22,92.2,86.4,98.0,better,false,motriskindex-families-2024-v4
porsche-911,2018,15916,6.23,113.3,106.3,120.4,worse,false,motriskindex-families-2024-v4
porsche-911,2019,12063,5.31,99.4,91.7,107.1,no different,false,motriskindex-families-2024-v4
porsche-911,2020,4672,4.71,88.1,76.4,99.7,better,false,motriskindex-families-2024-v4
porsche-boxster,1998,3640,30.71,103.6,97.6,109.7,no different,true,motriskindex-families-2024-v4
porsche-boxster,1999,7226,30.2,104.4,100.0,108.7,no different,false,motriskindex-families-2024-v4
porsche-boxster,2000,16408,27.79,99.5,96.6,102.4,no different,false,motriskindex-families-2024-v4
porsche-boxster,2001,22866,28.11,102.8,100.3,105.3,worse,false,motriskindex-families-2024-v4
porsche-boxster,2002,25641,28.59,107.8,105.3,110.3,worse,false,motriskindex-families-2024-v4
porsche-boxster,2003,28608,27.36,107.8,105.4,110.2,worse,false,motriskindex-families-2024-v4
porsche-boxster,2004,23727,25.28,107.1,104.4,109.9,worse,false,motriskindex-families-2024-v4
porsche-boxster,2005,37163,19.69,90.1,88.1,92.2,better,false,motriskindex-families-2024-v4
porsche-boxster,2006,21423,18.92,96.2,93.3,99.2,better,false,motriskindex-families-2024-v4
porsche-boxster,2007,18091,16.41,94.1,90.7,97.4,better,false,motriskindex-families-2024-v4
porsche-boxster,2008,12219,14.48,94.0,89.6,98.3,better,false,motriskindex-families-2024-v4
porsche-boxster,2009,9423,10.51,78.6,73.7,83.5,better,false,motriskindex-families-2024-v4
porsche-boxster,2010,8905,9.64,81.8,76.3,87.3,better,false,motriskindex-families-2024-v4
porsche-boxster,2011,8516,9.91,96.3,89.8,102.8,no different,false,motriskindex-families-2024-v4
porsche-boxster,2012,12060,9.16,98.9,93.1,104.8,no different,false,motriskindex-families-2024-v4
porsche-boxster,2013,14092,7.97,97.4,91.7,103.1,no different,false,motriskindex-families-2024-v4
porsche-boxster,2014,13268,6.96,93.9,87.9,100.0,no different,false,motriskindex-families-2024-v4
porsche-boxster,2015,11829,6.26,91.6,85.0,98.2,better,false,motriskindex-families-2024-v4
porsche-boxster,2016,13713,6.26,98.2,91.7,104.8,no different,false,motriskindex-families-2024-v4
porsche-boxster,2017,9862,5.45,90.8,83.1,98.5,better,false,motriskindex-families-2024-v4
porsche-boxster,2018,7390,6.22,107.8,98.0,117.7,no different,false,motriskindex-families-2024-v4
porsche-boxster,2019,4622,5.5,97.6,85.6,109.6,no different,false,motriskindex-families-2024-v4
porsche-boxster,2020,1311,6.48,116.6,91.8,141.4,no different,true,motriskindex-families-2024-v4
porsche-cayenne,2003,7928,28.04,99.6,95.5,103.8,no different,false,motriskindex-families-2024-v4
porsche-cayenne,2004,15201,29.1,105.2,102.1,108.3,worse,false,motriskindex-families-2024-v4
porsche-cayenne,2005,16993,27.38,101.2,98.3,104.1,no different,false,motriskindex-families-2024-v4
porsche-cayenne,2006,11274,25.16,96.9,93.4,100.5,no different,false,motriskindex-families-2024-v4
porsche-cayenne,2007,8675,25.48,104.0,99.6,108.3,no different,false,motriskindex-families-2024-v4
porsche-cayenne,2008,6937,23.11,99.7,94.9,104.6,no different,false,motriskindex-families-2024-v4
porsche-cayenne,2009,9863,24.37,113.4,108.9,117.9,worse,false,motriskindex-families-2024-v4
porsche-cayenne,2010,10450,18.56,94.0,89.9,98.2,better,false,motriskindex-families-2024-v4
porsche-cayenne,2011,13980,17.49,96.5,92.7,100.3,no different,false,motriskindex-families-2024-v4
porsche-cayenne,2012,22024,16.74,99.4,96.2,102.6,no different,false,motriskindex-families-2024-v4
porsche-cayenne,2013,24273,15.84,101.7,98.5,104.9,no different,false,motriskindex-families-2024-v4
porsche-cayenne,2014,21193,13.58,95.6,92.1,99.1,better,false,motriskindex-families-2024-v4
porsche-cayenne,2015,26791,12.97,100.9,97.6,104.3,no different,false,motriskindex-families-2024-v4
porsche-cayenne,2016,31709,12.81,109.7,106.3,113.0,worse,false,motriskindex-families-2024-v4
porsche-cayenne,2017,18093,11.5,106.9,102.3,111.5,worse,false,motriskindex-families-2024-v4
porsche-cayenne,2018,13357,10.3,101.7,96.3,107.1,no different,false,motriskindex-families-2024-v4
porsche-cayenne,2019,16017,6.31,67.2,63.0,71.3,better,false,motriskindex-families-2024-v4
porsche-cayenne,2020,7286,6.66,74.5,67.9,81.2,better,false,motriskindex-families-2024-v4
porsche-cayman,2005,1742,22.27,107.2,96.5,117.9,no different,true,motriskindex-families-2024-v4
porsche-cayman,2006,17123,21.89,108.8,105.3,112.2,worse,false,motriskindex-families-2024-v4
porsche-cayman,2007,16070,20.26,106.5,102.9,110.2,worse,false,motriskindex-families-2024-v4
porsche-cayman,2008,10043,18.69,108.7,103.8,113.6,worse,false,motriskindex-families-2024-v4
porsche-cayman,2009,7464,11.96,78.3,73.2,83.5,better,false,motriskindex-families-2024-v4
porsche-cayman,2010,6025,11.8,88.8,82.3,95.3,better,false,motriskindex-families-2024-v4
porsche-cayman,2011,6112,9.55,84.9,78.0,91.8,better,false,motriskindex-families-2024-v4
porsche-cayman,2012,3785,8.48,91.0,81.0,100.9,no different,true,motriskindex-families-2024-v4
porsche-cayman,2013,11591,7.24,92.4,86.2,98.7,better,false,motriskindex-families-2024-v4
porsche-cayman,2014,13316,7.19,102.2,95.8,108.7,no different,false,motriskindex-families-2024-v4
porsche-cayman,2015,12229,5.59,90.0,83.3,96.8,better,false,motriskindex-families-2024-v4
porsche-cayman,2016,11225,5.59,94.0,86.7,101.4,no different,false,motriskindex-families-2024-v4
porsche-cayman,2017,8940,5.28,92.3,84.0,100.7,no different,false,motriskindex-families-2024-v4
porsche-cayman,2018,8977,6.45,114.3,105.0,123.6,worse,false,motriskindex-families-2024-v4
porsche-cayman,2019,5277,5.36,98.5,87.0,110.0,no different,false,motriskindex-families-2024-v4
porsche-cayman,2020,1389,4.32,80.0,59.8,100.3,no different,true,motriskindex-families-2024-v4
porsche-macan,2014,13094,11.99,108.6,103.2,114.0,worse,false,motriskindex-families-2024-v4
porsche-macan,2015,39623,10.43,109.8,106.4,113.1,worse,false,motriskindex-families-2024-v4
porsche-macan,2016,46526,8.59,103.8,100.6,107.0,worse,false,motriskindex-families-2024-v4
porsche-macan,2017,52261,7.04,94.3,91.2,97.3,better,false,motriskindex-families-2024-v4
porsche-macan,2018,27628,6.63,94.4,90.1,98.8,better,false,motriskindex-families-2024-v4
porsche-macan,2019,23615,6.19,94.2,89.4,99.0,better,false,motriskindex-families-2024-v4
porsche-macan,2020,10802,6.31,100.3,92.8,107.9,no different,false,motriskindex-families-2024-v4
porsche-panamera,2009,876,10.05,63.2,50.0,76.4,better,true,motriskindex-families-2024-v4
porsche-panamera,2010,3294,14.45,93.8,85.4,102.2,no different,true,motriskindex-families-2024-v4
porsche-panamera,2011,4245,16.44,107.9,99.9,115.9,no different,true,motriskindex-families-2024-v4
porsche-panamera,2012,7356,15.8,107.2,101.0,113.3,worse,false,motriskindex-families-2024-v4
porsche-panamera,2013,8173,15.1,108.6,102.5,114.6,worse,false,motriskindex-families-2024-v4
porsche-panamera,2014,8369,11.81,90.6,84.9,96.2,better,false,motriskindex-families-2024-v4
porsche-panamera,2015,7499,11.87,100.2,93.6,106.7,no different,false,motriskindex-families-2024-v4
porsche-panamera,2016,3951,10.68,98.3,88.9,107.7,no different,true,motriskindex-families-2024-v4
porsche-panamera,2017,9762,8.38,84.5,78.7,90.3,better,false,motriskindex-families-2024-v4
porsche-panamera,2018,5624,10.35,111.1,102.1,120.1,worse,false,motriskindex-families-2024-v4
porsche-panamera,2019,4066,9.57,109.9,99.0,120.8,no different,false,motriskindex-families-2024-v4
porsche-panamera,2020,1332,10.06,120.2,99.9,140.6,no different,true,motriskindex-families-2024-v4
renault-captur,2013,64808,33.67,115.4,113.9,117.0,worse,false,motriskindex-families-2024-v4
renault-captur,2014,203572,27.56,109.6,108.7,110.6,worse,false,motriskindex-families-2024-v4
renault-captur,2015,252965,23.01,107.0,106.1,107.8,worse,false,motriskindex-families-2024-v4
renault-captur,2016,268327,16.86,93.5,92.6,94.4,better,false,motriskindex-families-2024-v4
renault-captur,2017,183682,13.72,86.0,84.9,87.0,better,false,motriskindex-families-2024-v4
renault-captur,2018,147404,14.46,99.2,97.9,100.5,no different,false,motriskindex-families-2024-v4
renault-captur,2019,100898,12.39,95.4,93.7,97.0,better,false,motriskindex-families-2024-v4
renault-captur,2020,40493,9.78,85.1,82.5,87.8,better,false,motriskindex-families-2024-v4
renault-clio,1998,3844,54.16,102.1,97.7,106.5,no different,true,motriskindex-families-2024-v4
renault-clio,1999,11218,53.98,100.7,98.2,103.3,no different,false,motriskindex-families-2024-v4
renault-clio,2000,23872,55.47,103.1,101.3,104.8,worse,false,motriskindex-families-2024-v4
renault-clio,2001,49526,53.87,99.2,98.0,100.4,no different,false,motriskindex-families-2024-v4
renault-clio,2002,86375,53.48,97.2,96.3,98.1,better,false,motriskindex-families-2024-v4
renault-clio,2003,127173,55.84,100.1,99.4,100.8,no different,false,motriskindex-families-2024-v4
renault-clio,2004,170997,56.58,101.1,100.5,101.8,worse,false,motriskindex-families-2024-v4
renault-clio,2005,191827,56.03,100.5,99.9,101.1,no different,false,motriskindex-families-2024-v4
renault-clio,2006,288132,53.76,97.5,97.0,98.0,better,false,motriskindex-families-2024-v4
renault-clio,2007,336671,53.52,98.1,97.6,98.5,better,false,motriskindex-families-2024-v4
renault-clio,2008,245901,52.57,98.0,97.5,98.6,better,false,motriskindex-families-2024-v4
renault-clio,2009,225344,51.17,97.9,97.3,98.5,better,false,motriskindex-families-2024-v4
renault-clio,2010,303193,51.27,101.3,100.8,101.8,worse,false,motriskindex-families-2024-v4
renault-clio,2011,215293,50.46,104.4,103.8,105.0,worse,false,motriskindex-families-2024-v4
renault-clio,2012,175073,48.97,107.9,107.2,108.7,worse,false,motriskindex-families-2024-v4
renault-clio,2013,231931,37.7,90.8,90.2,91.4,better,false,motriskindex-families-2024-v4
renault-clio,2014,297223,36.94,99.9,99.3,100.4,no different,false,motriskindex-families-2024-v4
renault-clio,2015,272354,33.6,105.6,104.9,106.3,worse,false,motriskindex-families-2024-v4
renault-clio,2016,248411,26.78,100.1,99.3,100.8,no different,false,motriskindex-families-2024-v4
renault-clio,2017,185651,20.83,89.2,88.3,90.0,better,false,motriskindex-families-2024-v4
renault-clio,2018,139767,19.95,95.3,94.2,96.4,better,false,motriskindex-families-2024-v4
renault-clio,2019,86463,17.91,98.1,96.6,99.7,better,false,motriskindex-families-2024-v4
renault-clio,2020,33136,15.65,96.3,93.7,98.9,better,false,motriskindex-families-2024-v4
renault-espace,2003,904,44.69,85.0,76.8,93.3,better,true,motriskindex-families-2024-v4
renault-espace,2004,1904,46.85,89.6,83.7,95.5,better,true,motriskindex-families-2024-v4
renault-espace,2005,2746,48.07,94.1,89.0,99.2,better,true,motriskindex-families-2024-v4
renault-espace,2006,3178,50.47,98.4,93.6,103.2,no different,true,motriskindex-families-2024-v4
renault-espace,2007,5532,52.06,101.5,97.8,105.2,no different,false,motriskindex-families-2024-v4
renault-espace,2008,3291,50.2,94.9,90.3,99.5,better,true,motriskindex-families-2024-v4
renault-espace,2009,1883,51.73,99.9,93.6,106.2,no different,true,motriskindex-families-2024-v4
renault-espace,2010,1301,46.96,91.9,84.6,99.2,better,true,motriskindex-families-2024-v4
renault-espace,2011,703,46.23,90.5,80.7,100.4,no different,true,motriskindex-families-2024-v4
renault-g,2010,428,47.2,98.5,84.9,112.1,no different,true,motriskindex-families-2024-v4
renault-g,2011,318,44.03,94.9,79.2,110.6,no different,true,motriskindex-families-2024-v4
renault-g,2012,3664,43.67,96.9,92.1,101.6,no different,true,motriskindex-families-2024-v4
renault-g,2013,8918,43.14,98.8,95.7,101.9,no different,false,motriskindex-families-2024-v4
renault-g,2014,9295,42.9,101.5,98.3,104.6,no different,false,motriskindex-families-2024-v4
renault-g,2015,1104,39.31,96.8,87.7,105.9,no different,true,motriskindex-families-2024-v4
renault-grand-espace,2004,928,46.77,90.5,82.0,99.0,better,true,motriskindex-families-2024-v4
renault-grand-espace,2005,1868,50.21,94.4,88.4,100.4,no different,true,motriskindex-families-2024-v4
renault-grand-espace,2006,2318,50.73,99.6,93.9,105.3,no different,true,motriskindex-families-2024-v4
renault-grand-espace,2007,5668,51.31,100.9,97.3,104.6,no different,false,motriskindex-families-2024-v4
renault-grand-espace,2008,4168,50.24,100.1,95.8,104.4,no different,false,motriskindex-families-2024-v4
renault-grand-espace,2009,2114,49.86,100.7,94.6,106.7,no different,true,motriskindex-families-2024-v4
renault-grand-espace,2010,2614,45.72,96.7,91.2,102.2,no different,true,motriskindex-families-2024-v4
renault-grand-espace,2011,2761,42.45,93.2,87.8,98.5,better,true,motriskindex-families-2024-v4
renault-grand-espace,2012,725,36.41,83.0,73.0,93.1,better,true,motriskindex-families-2024-v4
renault-grand-modus,2008,12288,48.0,101.0,98.4,103.6,no different,false,motriskindex-families-2024-v4
renault-grand-modus,2009,6118,44.97,96.8,93.2,100.4,no different,false,motriskindex-families-2024-v4
renault-grand-modus,2010,11106,45.12,98.9,96.1,101.6,no different,false,motriskindex-families-2024-v4
renault-grand-modus,2011,9039,44.53,100.2,97.1,103.3,no different,false,motriskindex-families-2024-v4
renault-grand-modus,2012,891,45.79,106.0,95.7,116.3,no different,true,motriskindex-families-2024-v4
renault-grand-scenic,2004,3716,58.13,102.0,97.7,106.4,no different,true,motriskindex-families-2024-v4
renault-grand-scenic,2005,22147,57.85,100.7,99.0,102.4,no different,false,motriskindex-families-2024-v4
renault-grand-scenic,2006,23225,56.53,99.5,97.8,101.2,no different,false,motriskindex-families-2024-v4
renault-grand-scenic,2007,30310,57.56,102.5,101.0,104.0,worse,false,motriskindex-families-2024-v4
renault-grand-scenic,2008,25230,55.69,101.8,100.1,103.5,worse,false,motriskindex-families-2024-v4
renault-grand-scenic,2009,20841,50.99,95.8,94.0,97.6,better,false,motriskindex-families-2024-v4
renault-grand-scenic,2010,63425,50.06,97.7,96.6,98.8,better,false,motriskindex-families-2024-v4
renault-grand-scenic,2011,54101,48.14,98.5,97.3,99.7,better,false,motriskindex-families-2024-v4
renault-grand-scenic,2012,19604,45.73,100.7,98.6,102.8,no different,false,motriskindex-families-2024-v4
renault-grand-scenic,2013,6040,40.56,98.4,94.5,102.3,no different,false,motriskindex-families-2024-v4
renault-grand-scenic,2014,9625,37.26,100.6,97.3,103.9,no different,false,motriskindex-families-2024-v4
renault-grand-scenic,2015,16012,28.72,90.2,87.6,92.8,better,false,motriskindex-families-2024-v4
renault-grand-scenic,2016,15006,25.09,91.5,88.6,94.4,better,false,motriskindex-families-2024-v4
renault-grand-scenic,2017,10444,23.82,97.3,93.5,101.2,no different,false,motriskindex-families-2024-v4
renault-grand-scenic,2018,4808,24.48,109.2,103.0,115.5,worse,false,motriskindex-families-2024-v4
renault-grand-scenic,2019,4519,23.66,114.6,107.7,121.5,worse,false,motriskindex-families-2024-v4
renault-grand-scenic,2020,797,20.2,103.2,87.2,119.1,no different,true,motriskindex-families-2024-v4
renault-kadjar,2015,33407,22.26,100.2,97.9,102.5,no different,false,motriskindex-families-2024-v4
renault-kadjar,2016,213249,19.12,100.1,99.2,101.1,no different,false,motriskindex-families-2024-v4
renault-kadjar,2017,141113,16.62,96.8,95.5,98.0,better,false,motriskindex-families-2024-v4
renault-kadjar,2018,78609,17.85,111.3,109.4,113.1,worse,false,motriskindex-families-2024-v4
renault-kadjar,2019,58853,15.23,104.8,102.6,106.9,worse,false,motriskindex-families-2024-v4
renault-kadjar,2020,24830,14.2,108.7,105.1,112.3,worse,false,motriskindex-families-2024-v4
renault-kangoo,1999,926,54.0,100.9,92.0,109.7,no different,true,motriskindex-families-2024-v4
renault-kangoo,2000,4050,55.9,104.4,100.1,108.7,worse,false,motriskindex-families-2024-v4
renault-kangoo,2001,9816,53.59,101.1,98.4,103.9,no different,false,motriskindex-families-2024-v4
renault-kangoo,2002,18045,51.16,97.7,95.8,99.7,better,false,motriskindex-families-2024-v4
renault-kangoo,2003,24712,53.48,102.4,100.6,104.1,worse,false,motriskindex-families-2024-v4
renault-kangoo,2004,34579,52.35,100.8,99.4,102.3,no different,false,motriskindex-families-2024-v4
renault-kangoo,2005,37983,52.31,101.7,100.3,103.1,worse,false,motriskindex-families-2024-v4
renault-kangoo,2006,40409,49.41,96.9,95.6,98.3,better,false,motriskindex-families-2024-v4
renault-kangoo,2007,47537,48.64,95.9,94.7,97.2,better,false,motriskindex-families-2024-v4
renault-kangoo,2008,40362,45.16,89.7,88.4,91.0,better,false,motriskindex-families-2024-v4
renault-kangoo,2009,27971,48.98,97.3,95.7,99.0,better,false,motriskindex-families-2024-v4
renault-kangoo,2010,61224,51.89,103.9,102.8,105.0,worse,false,motriskindex-families-2024-v4
renault-kangoo,2011,66574,50.47,102.5,101.4,103.6,worse,false,motriskindex-families-2024-v4
renault-kangoo,2012,39963,47.22,99.0,97.6,100.4,no different,false,motriskindex-families-2024-v4
renault-kangoo,2013,27857,46.62,102.1,100.3,103.8,worse,false,motriskindex-families-2024-v4
renault-kangoo,2014,38610,42.24,98.3,96.8,99.8,better,false,motriskindex-families-2024-v4
renault-kangoo,2015,47223,38.78,97.5,96.1,98.9,better,false,motriskindex-families-2024-v4
renault-kangoo,2016,39508,35.56,98.5,96.9,100.1,no different,false,motriskindex-families-2024-v4
renault-kangoo,2017,24074,36.41,108.7,106.5,111.0,worse,false,motriskindex-families-2024-v4
renault-kangoo,2018,17852,34.27,107.5,104.8,110.2,worse,false,motriskindex-families-2024-v4
renault-kangoo,2019,16101,29.49,98.3,95.5,101.1,no different,false,motriskindex-families-2024-v4
renault-kangoo,2020,6144,24.27,86.2,81.8,90.6,better,false,motriskindex-families-2024-v4
renault-koleos,2008,3936,45.99,94.3,89.9,98.6,better,true,motriskindex-families-2024-v4
renault-koleos,2009,13709,48.59,100.3,97.9,102.8,no different,false,motriskindex-families-2024-v4
renault-koleos,2010,848,44.81,95.1,85.5,104.7,no different,true,motriskindex-families-2024-v4
renault-koleos,2017,6312,15.45,102.0,95.6,108.4,no different,false,motriskindex-families-2024-v4
renault-koleos,2018,6685,14.21,100.3,93.9,106.7,no different,false,motriskindex-families-2024-v4
renault-koleos,2019,4988,13.77,103.8,96.0,111.6,no different,false,motriskindex-families-2024-v4
renault-koleos,2020,1473,13.51,111.3,95.8,126.8,no different,true,motriskindex-families-2024-v4
renault-laguna,1999,1084,48.89,97.5,89.2,105.9,no different,true,motriskindex-families-2024-v4
renault-laguna,2000,2368,47.72,95.4,89.9,101.0,no different,true,motriskindex-families-2024-v4
renault-laguna,2001,1704,49.77,98.8,92.2,105.5,no different,true,motriskindex-families-2024-v4
renault-laguna,2002,5120,48.63,95.4,91.7,99.2,better,false,motriskindex-families-2024-v4
renault-laguna,2003,8364,51.79,100.7,97.7,103.7,no different,false,motriskindex-families-2024-v4
renault-laguna,2004,11410,52.16,101.0,98.4,103.6,no different,false,motriskindex-families-2024-v4
renault-laguna,2005,12354,52.47,101.6,99.1,104.0,no different,false,motriskindex-families-2024-v4
renault-laguna,2006,13360,50.55,98.8,96.5,101.2,no different,false,motriskindex-families-2024-v4
renault-laguna,2007,22268,51.46,102.9,101.0,104.8,worse,false,motriskindex-families-2024-v4
renault-laguna,2008,34725,47.43,96.9,95.4,98.4,better,false,motriskindex-families-2024-v4
renault-laguna,2009,18316,47.01,98.4,96.3,100.5,no different,false,motriskindex-families-2024-v4
renault-laguna,2010,24096,45.61,98.3,96.4,100.1,no different,false,motriskindex-families-2024-v4
renault-laguna,2011,19880,41.43,92.3,90.3,94.3,better,false,motriskindex-families-2024-v4
renault-laguna,2012,3548,40.59,95.3,90.4,100.2,no different,true,motriskindex-families-2024-v4
renault-master,1998,578,54.33,104.3,92.8,115.8,no different,true,motriskindex-families-2024-v4
renault-master,1999,1020,51.18,99.6,91.0,108.1,no different,true,motriskindex-families-2024-v4
renault-master,2000,2444,52.29,103.7,98.0,109.4,no different,true,motriskindex-families-2024-v4
renault-master,2001,4056,52.17,106.4,101.9,111.0,worse,false,motriskindex-families-2024-v4
renault-master,2002,4642,49.81,106.0,101.7,110.3,worse,false,motriskindex-families-2024-v4
renault-master,2003,5380,44.61,99.1,95.1,103.1,no different,false,motriskindex-families-2024-v4
renault-master,2004,7273,46.87,108.8,105.1,112.4,worse,false,motriskindex-families-2024-v4
renault-master,2005,8864,40.03,97.1,93.9,100.3,no different,false,motriskindex-families-2024-v4
renault-master,2006,14096,35.84,90.5,88.0,93.0,better,false,motriskindex-families-2024-v4
renault-master,2007,16113,35.92,93.6,91.2,96.0,better,false,motriskindex-families-2024-v4
renault-master,2008,12690,38.87,104.0,101.1,106.9,worse,false,motriskindex-families-2024-v4
renault-master,2009,8501,37.47,103.2,99.6,106.8,no different,false,motriskindex-families-2024-v4
renault-master,2010,8075,38.24,109.8,106.0,113.7,worse,false,motriskindex-families-2024-v4
renault-master,2011,7825,36.58,111.1,107.0,115.2,worse,false,motriskindex-families-2024-v4
renault-master,2012,7613,30.24,98.2,94.1,102.2,no different,false,motriskindex-families-2024-v4
renault-master,2013,7076,25.0,87.8,83.7,91.9,better,false,motriskindex-families-2024-v4
renault-master,2014,6365,24.23,92.1,87.5,96.6,better,false,motriskindex-families-2024-v4
renault-master,2015,8253,24.21,99.3,94.9,103.6,no different,false,motriskindex-families-2024-v4
renault-master,2016,8423,23.59,103.4,98.9,108.0,no different,false,motriskindex-families-2024-v4
renault-master,2017,5914,19.89,92.3,87.0,97.5,better,false,motriskindex-families-2024-v4
renault-master,2018,5147,19.74,94.8,89.0,100.6,no different,false,motriskindex-families-2024-v4
renault-master,2019,3572,21.44,105.9,98.4,113.4,no different,true,motriskindex-families-2024-v4
renault-master,2020,1560,21.47,107.5,96.0,119.0,no different,true,motriskindex-families-2024-v4
renault-megane,1998,1218,45.65,96.0,88.0,104.0,no different,true,motriskindex-families-2024-v4
renault-megane,1999,3062,46.31,97.0,92.0,102.1,no different,true,motriskindex-families-2024-v4
renault-megane,2000,8744,49.11,102.4,99.4,105.5,no different,false,motriskindex-families-2024-v4
renault-megane,2001,23696,46.79,95.9,94.1,97.7,better,false,motriskindex-families-2024-v4
renault-megane,2002,34251,46.27,91.9,90.4,93.3,better,false,motriskindex-families-2024-v4
renault-megane,2003,22959,52.29,98.9,97.1,100.7,no different,false,motriskindex-families-2024-v4
renault-megane,2004,40184,56.84,103.8,102.5,105.2,worse,false,motriskindex-families-2024-v4
renault-megane,2005,72045,55.25,100.0,99.1,101.0,no different,false,motriskindex-families-2024-v4
renault-megane,2006,99675,55.92,101.7,100.8,102.5,worse,false,motriskindex-families-2024-v4
renault-megane,2007,135519,54.25,100.0,99.3,100.8,no different,false,motriskindex-families-2024-v4
renault-megane,2008,107117,52.11,98.1,97.3,98.9,better,false,motriskindex-families-2024-v4
renault-megane,2009,128217,50.94,98.4,97.7,99.2,better,false,motriskindex-families-2024-v4
renault-megane,2010,211559,49.57,99.0,98.4,99.6,better,false,motriskindex-families-2024-v4
renault-megane,2011,167945,47.09,98.6,97.9,99.3,better,false,motriskindex-families-2024-v4
renault-megane,2012,109512,44.43,99.0,98.2,99.9,better,false,motriskindex-families-2024-v4
renault-megane,2013,85363,42.46,102.3,101.3,103.4,worse,false,motriskindex-families-2024-v4
renault-megane,2014,82420,41.47,110.0,108.8,111.1,worse,false,motriskindex-families-2024-v4
renault-megane,2015,74337,32.75,97.9,96.7,99.1,better,false,motriskindex-families-2024-v4
renault-megane,2016,54674,24.19,83.4,82.0,84.8,better,false,motriskindex-families-2024-v4
renault-megane,2017,46153,22.11,84.9,83.2,86.5,better,false,motriskindex-families-2024-v4
renault-megane,2018,14287,21.91,90.7,87.5,93.8,better,false,motriskindex-families-2024-v4
renault-megane,2019,12805,20.46,93.2,89.7,96.8,better,false,motriskindex-families-2024-v4
renault-megane,2020,3289,18.73,94.1,86.7,101.5,no different,true,motriskindex-families-2024-v4
renault-modus,2004,13288,55.73,103.8,101.5,106.2,worse,false,motriskindex-families-2024-v4
renault-modus,2005,46844,54.17,101.9,100.7,103.2,worse,false,motriskindex-families-2024-v4
renault-modus,2006,33220,52.23,100.0,98.5,101.5,no different,false,motriskindex-families-2024-v4
renault-modus,2007,25893,48.33,94.8,93.2,96.5,better,false,motriskindex-families-2024-v4
renault-modus,2008,23795,48.21,98.0,96.2,99.8,better,false,motriskindex-families-2024-v4
renault-modus,2009,11878,42.96,91.0,88.5,93.5,better,false,motriskindex-families-2024-v4
renault-modus,2010,19121,44.06,97.0,94.9,99.0,better,false,motriskindex-families-2024-v4
renault-modus,2011,15171,43.61,101.0,98.5,103.4,no different,false,motriskindex-families-2024-v4
renault-modus,2012,1230,45.2,109.2,100.1,118.2,worse,true,motriskindex-families-2024-v4
renault-scenic,1998,348,45.98,95.2,80.5,110.0,no different,true,motriskindex-families-2024-v4
renault-scenic,1999,1624,45.69,93.5,86.7,100.2,no different,true,motriskindex-families-2024-v4
renault-scenic,2000,9714,50.36,102.7,99.8,105.5,no different,false,motriskindex-families-2024-v4
renault-scenic,2001,21636,47.98,96.3,94.5,98.2,better,false,motriskindex-families-2024-v4
renault-scenic,2002,32276,48.55,95.3,93.8,96.8,better,false,motriskindex-families-2024-v4
renault-scenic,2003,35557,49.65,95.0,93.6,96.4,better,false,motriskindex-families-2024-v4
renault-scenic,2004,26999,54.94,101.7,100.0,103.3,no different,false,motriskindex-families-2024-v4
renault-scenic,2005,34290,54.85,102.0,100.5,103.4,worse,false,motriskindex-families-2024-v4
renault-scenic,2006,59586,52.4,98.4,97.3,99.5,better,false,motriskindex-families-2024-v4
renault-scenic,2007,74874,54.04,102.5,101.5,103.5,worse,false,motriskindex-families-2024-v4
renault-scenic,2008,53712,52.7,102.9,101.7,104.1,worse,false,motriskindex-families-2024-v4
renault-scenic,2009,29308,45.47,92.7,91.2,94.3,better,false,motriskindex-families-2024-v4
renault-scenic,2010,82856,45.12,96.7,95.7,97.7,better,false,motriskindex-families-2024-v4
renault-scenic,2011,54550,42.22,96.4,95.1,97.6,better,false,motriskindex-families-2024-v4
renault-scenic,2012,32592,39.98,99.0,97.3,100.7,no different,false,motriskindex-families-2024-v4
renault-scenic,2013,34102,37.96,103.6,101.8,105.4,worse,false,motriskindex-families-2024-v4
renault-scenic,2014,35646,35.39,108.3,106.4,110.2,worse,false,motriskindex-families-2024-v4
renault-scenic,2015,34052,25.11,90.2,88.3,92.1,better,false,motriskindex-families-2024-v4
renault-scenic,2016,15924,19.08,81.9,79.0,84.8,better,false,motriskindex-families-2024-v4
renault-scenic,2017,14741,18.07,88.4,85.1,91.8,better,false,motriskindex-families-2024-v4
renault-scenic,2018,4392,15.98,87.3,80.9,93.8,better,false,motriskindex-families-2024-v4
renault-scenic,2019,1482,14.57,93.4,80.9,105.8,no different,true,motriskindex-families-2024-v4
renault-trafic,1998,222,42.34,79.3,63.2,95.3,better,true,motriskindex-families-2024-v4
renault-trafic,2001,1048,53.24,100.2,91.9,108.5,no different,true,motriskindex-families-2024-v4
renault-trafic,2002,11025,53.71,100.4,97.9,103.0,no different,false,motriskindex-families-2024-v4
renault-trafic,2003,23552,54.39,101.0,99.2,102.7,no different,false,motriskindex-families-2024-v4
renault-trafic,2004,35824,54.92,101.6,100.2,103.0,worse,false,motriskindex-families-2024-v4
renault-trafic,2005,44643,53.13,98.3,97.0,99.5,better,false,motriskindex-families-2024-v4
renault-trafic,2006,57917,54.11,100.2,99.1,101.3,no different,false,motriskindex-families-2024-v4
renault-trafic,2007,61205,53.41,99.1,98.0,100.1,no different,false,motriskindex-families-2024-v4
renault-trafic,2008,55626,51.52,96.3,95.2,97.4,better,false,motriskindex-families-2024-v4
renault-trafic,2009,39016,52.1,98.0,96.7,99.4,better,false,motriskindex-families-2024-v4
renault-trafic,2010,65242,52.55,100.7,99.6,101.7,no different,false,motriskindex-families-2024-v4
renault-trafic,2011,75939,53.85,106.7,105.6,107.7,worse,false,motriskindex-families-2024-v4
renault-trafic,2012,53514,49.74,103.7,102.5,105.0,worse,false,motriskindex-families-2024-v4
renault-trafic,2013,50027,46.23,103.6,102.2,104.9,worse,false,motriskindex-families-2024-v4
renault-trafic,2014,78411,41.89,103.2,102.1,104.3,worse,false,motriskindex-families-2024-v4
renault-trafic,2015,123156,35.02,97.2,96.3,98.1,better,false,motriskindex-families-2024-v4
renault-trafic,2016,139511,29.77,95.0,94.1,95.9,better,false,motriskindex-families-2024-v4
renault-trafic,2017,88275,27.45,97.2,96.0,98.4,better,false,motriskindex-families-2024-v4
renault-trafic,2018,51848,26.66,101.8,100.1,103.5,worse,false,motriskindex-families-2024-v4
renault-trafic,2019,41207,24.01,100.5,98.5,102.5,no different,false,motriskindex-families-2024-v4
renault-trafic,2020,13284,20.83,95.4,91.8,99.0,better,false,motriskindex-families-2024-v4
renault-twingo,2007,6453,46.57,99.7,96.2,103.3,no different,false,motriskindex-families-2024-v4
renault-twingo,2008,38115,47.45,104.3,102.8,105.8,worse,false,motriskindex-families-2024-v4
renault-twingo,2009,20165,40.58,92.0,90.0,94.0,better,false,motriskindex-families-2024-v4
renault-twingo,2010,50495,42.02,99.2,97.9,100.6,no different,false,motriskindex-families-2024-v4
renault-twingo,2011,29301,42.42,107.1,105.2,109.0,worse,false,motriskindex-families-2024-v4
renault-twingo,2012,14622,36.39,100.6,97.9,103.3,no different,false,motriskindex-families-2024-v4
renault-twingo,2013,11276,34.45,106.7,103.4,110.1,worse,false,motriskindex-families-2024-v4
renault-twingo,2014,10351,26.86,94.3,90.7,97.8,better,false,motriskindex-families-2024-v4
renault-twingo,2015,57031,24.43,99.2,97.6,100.9,no different,false,motriskindex-families-2024-v4
renault-twingo,2016,33098,19.72,97.6,95.3,100.0,no different,false,motriskindex-families-2024-v4
renault-twingo,2017,13240,14.59,81.9,78.2,85.5,better,false,motriskindex-families-2024-v4
renault-twingo,2018,5667,15.81,97.1,90.8,103.5,no different,false,motriskindex-families-2024-v4
renault-twingo,2019,1149,11.75,80.5,66.9,94.0,better,true,motriskindex-families-2024-v4
renault-wind,2010,8146,40.54,98.2,94.9,101.6,no different,false,motriskindex-families-2024-v4
renault-wind,2011,15437,41.7,100.3,97.9,102.8,no different,false,motriskindex-families-2024-v4
renault-wind,2012,373,30.83,75.4,61.6,89.2,better,true,motriskindex-families-2024-v4
renault-zoe,2013,3262,35.74,97.9,92.3,103.5,no different,true,motriskindex-families-2024-v4
renault-zoe,2014,9265,33.06,96.7,93.3,100.1,no different,false,motriskindex-families-2024-v4
renault-zoe,2015,19362,30.57,101.4,98.8,104.0,no different,false,motriskindex-families-2024-v4
renault-zoe,2016,17206,25.8,100.1,97.1,103.0,no different,false,motriskindex-families-2024-v4
renault-zoe,2017,10140,25.96,113.3,109.0,117.6,worse,false,motriskindex-families-2024-v4
renault-zoe,2018,12892,24.08,114.5,110.4,118.5,worse,false,motriskindex-families-2024-v4
renault-zoe,2019,11621,19.93,112.5,107.9,117.1,worse,false,motriskindex-families-2024-v4
renault-zoe,2020,18112,11.7,80.6,77.2,84.0,better,false,motriskindex-families-2024-v4
rover-25,2000,8194,41.79,99.1,95.8,102.4,no different,false,motriskindex-families-2024-v4
rover-25,2001,14974,43.85,102.5,100.0,105.0,no different,false,motriskindex-families-2024-v4
rover-25,2002,15270,41.72,96.5,94.2,98.9,better,false,motriskindex-families-2024-v4
rover-25,2003,17235,41.65,96.4,94.2,98.7,better,false,motriskindex-families-2024-v4
rover-25,2004,13745,43.32,98.1,95.6,100.6,no different,false,motriskindex-families-2024-v4
rover-25,2005,8808,40.87,91.2,88.2,94.2,better,false,motriskindex-families-2024-v4
rover-25,2006,1377,42.77,93.5,85.9,101.0,no different,true,motriskindex-families-2024-v4
rover-45,2000,4998,46.3,101.2,97.1,105.3,no different,false,motriskindex-families-2024-v4
rover-45,2001,7814,45.3,97.9,94.7,101.1,no different,false,motriskindex-families-2024-v4
rover-45,2002,8956,47.23,100.7,97.6,103.7,no different,false,motriskindex-families-2024-v4
rover-45,2003,10668,46.29,97.8,95.1,100.6,no different,false,motriskindex-families-2024-v4
rover-45,2004,10937,44.5,93.9,91.3,96.5,better,false,motriskindex-families-2024-v4
rover-45,2005,4854,44.87,96.3,92.3,100.4,no different,false,motriskindex-families-2024-v4
rover-45,2006,256,42.19,93.3,75.7,110.9,no different,true,motriskindex-families-2024-v4
rover-75,1999,1846,43.23,97.7,90.9,104.5,no different,true,motriskindex-families-2024-v4
rover-75,2000,6380,43.92,98.5,94.9,102.2,no different,false,motriskindex-families-2024-v4
rover-75,2001,13950,44.43,98.6,96.1,101.0,no different,false,motriskindex-families-2024-v4
rover-75,2002,27424,45.7,100.5,98.7,102.2,no different,false,motriskindex-families-2024-v4
rover-75,2003,34487,44.87,98.1,96.6,99.7,better,false,motriskindex-families-2024-v4
rover-75,2004,40884,46.27,99.6,98.2,101.0,no different,false,motriskindex-families-2024-v4
rover-75,2005,18561,43.61,93.3,91.3,95.4,better,false,motriskindex-families-2024-v4
rover-75,2006,3175,41.39,90.2,85.3,95.1,better,true,motriskindex-families-2024-v4
rover-mini,1998,3936,34.81,99.5,94.2,104.7,no different,true,motriskindex-families-2024-v4
rover-mini,1999,4708,34.32,100.8,95.9,105.7,no different,false,motriskindex-families-2024-v4
rover-mini,2000,9670,32.82,97.3,93.9,100.7,no different,false,motriskindex-families-2024-v4
rover-mini,2001,3952,31.28,91.7,86.6,96.8,better,true,motriskindex-families-2024-v4
saab-9-3,1998,2896,43.23,105.0,99.2,110.8,no different,true,motriskindex-families-2024-v4
saab-9-3,1999,6432,41.73,100.3,96.5,104.1,no different,false,motriskindex-families-2024-v4
saab-9-3,2000,10150,41.81,100.8,97.8,103.9,no different,false,motriskindex-families-2024-v4
saab-9-3,2001,12964,39.49,95.0,92.4,97.6,better,false,motriskindex-families-2024-v4
saab-9-3,2002,15234,41.07,97.9,95.5,100.3,no different,false,motriskindex-families-2024-v4
saab-9-3,2003,19484,43.49,102.7,100.5,104.9,worse,false,motriskindex-families-2024-v4
saab-9-3,2004,44855,44.02,104.6,103.1,106.0,worse,false,motriskindex-families-2024-v4
saab-9-3,2005,69063,42.95,102.7,101.5,103.9,worse,false,motriskindex-families-2024-v4
saab-9-3,2006,102535,42.67,103.7,102.8,104.7,worse,false,motriskindex-families-2024-v4
saab-9-3,2007,117648,39.39,98.0,97.1,98.9,better,false,motriskindex-families-2024-v4
saab-9-3,2008,92175,37.38,95.5,94.5,96.6,better,false,motriskindex-families-2024-v4
saab-9-3,2009,51372,35.37,94.1,92.7,95.4,better,false,motriskindex-families-2024-v4
saab-9-3,2010,44422,32.6,90.4,88.9,91.8,better,false,motriskindex-families-2024-v4
saab-9-3,2011,29791,32.49,94.9,93.0,96.8,better,false,motriskindex-families-2024-v4
saab-9-3,2012,2291,26.71,82.0,75.5,88.5,better,true,motriskindex-families-2024-v4
saab-9-5,1998,1038,38.73,93.4,84.3,102.6,no different,true,motriskindex-families-2024-v4
saab-9-5,1999,2658,43.19,106.0,99.9,112.1,no different,true,motriskindex-families-2024-v4
saab-9-5,2000,4470,39.46,95.5,91.1,100.0,no different,false,motriskindex-families-2024-v4
saab-9-5,2001,6054,38.42,94.4,90.6,98.2,better,false,motriskindex-families-2024-v4
saab-9-5,2002,8586,43.99,106.6,103.2,110.0,worse,false,motriskindex-families-2024-v4
saab-9-5,2003,9334,43.9,105.7,102.4,108.9,worse,false,motriskindex-families-2024-v4
saab-9-5,2004,14854,42.88,103.2,100.7,105.8,worse,false,motriskindex-families-2024-v4
saab-9-5,2005,17511,42.18,103.0,100.7,105.4,worse,false,motriskindex-families-2024-v4
saab-9-5,2006,18755,38.16,95.9,93.7,98.1,better,false,motriskindex-families-2024-v4
saab-9-5,2007,17383,36.85,95.2,92.8,97.5,better,false,motriskindex-families-2024-v4
saab-9-5,2008,14042,35.47,95.7,93.1,98.4,better,false,motriskindex-families-2024-v4
saab-9-5,2009,8536,34.52,97.2,93.6,100.7,no different,false,motriskindex-families-2024-v4
saab-9-5,2010,7883,29.0,85.7,82.2,89.2,better,false,motriskindex-families-2024-v4
saab-9-5,2011,4198,29.49,91.7,86.6,96.8,better,true,motriskindex-families-2024-v4
saab-9-5,2012,228,23.68,77.7,57.0,98.5,better,true,motriskindex-families-2024-v4
seat-alhambra,2000,448,50.89,87.2,75.9,98.5,better,true,motriskindex-families-2024-v4
seat-alhambra,2001,1402,53.92,94.3,87.6,101.0,no different,true,motriskindex-families-2024-v4
seat-alhambra,2002,3544,57.62,101.8,97.4,106.3,no different,true,motriskindex-families-2024-v4
seat-alhambra,2003,6958,56.11,99.5,96.4,102.7,no different,false,motriskindex-families-2024-v4
seat-alhambra,2004,10118,53.43,96.2,93.6,98.7,better,false,motriskindex-families-2024-v4
seat-alhambra,2005,7538,53.22,96.8,93.8,99.8,better,false,motriskindex-families-2024-v4
seat-alhambra,2006,7582,52.89,99.6,96.6,102.7,no different,false,motriskindex-families-2024-v4
seat-alhambra,2007,7970,52.41,104.0,100.9,107.2,worse,false,motriskindex-families-2024-v4
seat-alhambra,2008,7745,51.62,109.6,106.2,113.0,worse,false,motriskindex-families-2024-v4
seat-alhambra,2009,4810,48.19,114.1,109.5,118.8,worse,false,motriskindex-families-2024-v4
seat-alhambra,2010,4340,41.24,108.6,103.6,113.7,worse,false,motriskindex-families-2024-v4
seat-alhambra,2011,14374,33.9,97.1,94.4,99.8,better,false,motriskindex-families-2024-v4
seat-alhambra,2012,16694,30.14,97.8,95.1,100.5,no different,false,motriskindex-families-2024-v4
seat-alhambra,2013,18025,27.83,102.5,99.6,105.3,no different,false,motriskindex-families-2024-v4
seat-alhambra,2014,21513,25.17,104.8,102.0,107.6,worse,false,motriskindex-families-2024-v4
seat-alhambra,2015,24800,22.73,106.4,103.6,109.2,worse,false,motriskindex-families-2024-v4
seat-alhambra,2016,46869,19.29,98.2,96.2,100.2,no different,false,motriskindex-families-2024-v4
seat-alhambra,2017,56353,17.39,95.5,93.6,97.3,better,false,motriskindex-families-2024-v4
seat-alhambra,2018,17841,16.07,92.9,89.5,96.3,better,false,motriskindex-families-2024-v4
seat-alhambra,2019,13574,14.7,88.3,84.4,92.2,better,false,motriskindex-families-2024-v4
seat-alhambra,2020,2515,14.23,85.3,76.5,94.1,better,true,motriskindex-families-2024-v4
seat-altea,2004,6600,52.36,105.2,101.7,108.8,worse,false,motriskindex-families-2024-v4
seat-altea,2005,14787,49.79,101.9,99.5,104.2,no different,false,motriskindex-families-2024-v4
seat-altea,2006,25544,48.71,102.3,100.5,104.1,worse,false,motriskindex-families-2024-v4
seat-altea,2007,38390,45.96,99.4,98.0,100.9,no different,false,motriskindex-families-2024-v4
seat-altea,2008,30697,44.62,100.1,98.4,101.8,no different,false,motriskindex-families-2024-v4
seat-altea,2009,23423,42.19,100.7,98.7,102.7,no different,false,motriskindex-families-2024-v4
seat-altea,2010,17878,39.48,101.4,99.0,103.7,no different,false,motriskindex-families-2024-v4
seat-altea,2011,16418,32.84,92.7,90.2,95.1,better,false,motriskindex-families-2024-v4
seat-altea,2012,19690,28.92,91.0,88.7,93.4,better,false,motriskindex-families-2024-v4
seat-altea,2013,17290,28.07,99.4,96.6,102.2,no different,false,motriskindex-families-2024-v4
seat-altea,2014,8926,22.78,92.8,88.8,96.9,better,false,motriskindex-families-2024-v4
seat-altea,2015,5250,19.87,93.2,87.6,98.9,better,false,motriskindex-families-2024-v4
seat-arona,2017,5482,16.86,102.6,95.9,109.2,no different,false,motriskindex-families-2024-v4
seat-arona,2018,85434,14.3,103.3,101.4,105.1,worse,false,motriskindex-families-2024-v4
seat-arona,2019,74846,11.47,97.9,95.9,100.0,no different,false,motriskindex-families-2024-v4
seat-arona,2020,32656,11.32,107.5,104.0,110.9,worse,false,motriskindex-families-2024-v4
seat-arosa,1998,1098,42.81,95.2,86.6,103.9,no different,true,motriskindex-families-2024-v4
seat-arosa,1999,1230,41.63,94.4,86.2,102.6,no different,true,motriskindex-families-2024-v4
seat-arosa,2000,2160,39.81,90.1,84.1,96.2,better,true,motriskindex-families-2024-v4
seat-arosa,2001,4276,43.69,98.4,93.9,102.8,no different,false,motriskindex-families-2024-v4
seat-arosa,2002,7138,45.33,99.6,96.2,103.1,no different,false,motriskindex-families-2024-v4
seat-arosa,2003,8829,45.5,99.0,95.9,102.0,no different,false,motriskindex-families-2024-v4
seat-arosa,2004,10388,45.39,97.7,94.9,100.4,no different,false,motriskindex-families-2024-v4
seat-arosa,2005,588,39.63,87.4,76.2,98.6,better,true,motriskindex-families-2024-v4
seat-ateca,2016,20805,10.83,91.4,87.6,95.2,better,false,motriskindex-families-2024-v4
seat-ateca,2017,92779,11.66,104.2,102.3,106.2,worse,false,motriskindex-families-2024-v4
seat-ateca,2018,63842,11.96,111.8,109.3,114.3,worse,false,motriskindex-families-2024-v4
seat-ateca,2019,55404,9.5,92.7,90.2,95.2,better,false,motriskindex-families-2024-v4
seat-ateca,2020,23841,9.58,95.2,91.3,99.1,better,false,motriskindex-families-2024-v4
seat-exeo,2009,9217,32.46,95.5,92.1,99.0,better,false,motriskindex-families-2024-v4
seat-exeo,2010,17281,33.55,102.8,100.2,105.4,worse,false,motriskindex-families-2024-v4
seat-exeo,2011,19386,31.95,102.8,100.3,105.4,worse,false,motriskindex-families-2024-v4
seat-exeo,2012,12054,27.38,95.0,91.7,98.2,better,false,motriskindex-families-2024-v4
seat-exeo,2013,5950,25.18,95.5,90.6,100.3,no different,false,motriskindex-families-2024-v4
seat-ibiza,1999,864,39.35,79.1,70.7,87.6,better,true,motriskindex-families-2024-v4
seat-ibiza,2000,1666,45.02,89.2,82.8,95.5,better,true,motriskindex-families-2024-v4
seat-ibiza,2001,3690,46.12,90.6,86.3,94.9,better,true,motriskindex-families-2024-v4
seat-ibiza,2002,9102,49.62,96.5,93.7,99.3,better,false,motriskindex-families-2024-v4
seat-ibiza,2003,24786,52.74,101.7,99.9,103.4,no different,false,motriskindex-families-2024-v4
seat-ibiza,2004,29407,51.68,99.4,97.8,100.9,no different,false,motriskindex-families-2024-v4
seat-ibiza,2005,35531,52.08,101.2,99.7,102.6,no different,false,motriskindex-families-2024-v4
seat-ibiza,2006,56148,50.32,100.0,98.8,101.1,no different,false,motriskindex-families-2024-v4
seat-ibiza,2007,71437,51.58,106.0,104.9,107.1,worse,false,motriskindex-families-2024-v4
seat-ibiza,2008,85714,50.09,107.6,106.6,108.6,worse,false,motriskindex-families-2024-v4
seat-ibiza,2009,120753,44.41,100.7,99.8,101.5,no different,false,motriskindex-families-2024-v4
seat-ibiza,2010,138887,40.11,96.9,96.1,97.7,better,false,motriskindex-families-2024-v4
seat-ibiza,2011,170742,36.93,95.8,95.0,96.5,better,false,motriskindex-families-2024-v4
seat-ibiza,2012,162729,34.09,95.6,94.8,96.4,better,false,motriskindex-families-2024-v4
seat-ibiza,2013,190680,33.29,101.5,100.7,102.2,worse,false,motriskindex-families-2024-v4
seat-ibiza,2014,221580,29.63,99.7,99.0,100.5,no different,false,motriskindex-families-2024-v4
seat-ibiza,2015,202888,26.95,103.1,102.2,103.9,worse,false,motriskindex-families-2024-v4
seat-ibiza,2016,205185,23.33,105.1,104.2,106.1,worse,false,motriskindex-families-2024-v4
seat-ibiza,2017,150504,20.51,103.3,102.2,104.5,worse,false,motriskindex-families-2024-v4
seat-ibiza,2018,92027,16.3,90.5,89.1,91.9,better,false,motriskindex-families-2024-v4
seat-ibiza,2019,66053,12.08,77.3,75.6,79.0,better,false,motriskindex-families-2024-v4
seat-ibiza,2020,25092,12.83,96.1,92.8,99.4,better,false,motriskindex-families-2024-v4
seat-leon,2000,1640,47.07,110.6,102.8,118.4,worse,true,motriskindex-families-2024-v4
seat-leon,2001,6682,45.65,105.7,102.0,109.5,worse,false,motriskindex-families-2024-v4
seat-leon,2002,13482,44.44,100.8,98.3,103.4,no different,false,motriskindex-families-2024-v4
seat-leon,2003,23684,44.62,100.6,98.7,102.6,no different,false,motriskindex-families-2024-v4
seat-leon,2004,29033,43.16,97.5,95.7,99.2,better,false,motriskindex-families-2024-v4
seat-leon,2005,34330,45.05,102.6,101.0,104.2,worse,false,motriskindex-families-2024-v4
seat-leon,2006,57348,45.41,105.0,103.7,106.2,worse,false,motriskindex-families-2024-v4
seat-leon,2007,76772,41.32,98.5,97.4,99.6,better,false,motriskindex-families-2024-v4
seat-leon,2008,71217,40.27,100.5,99.4,101.7,no different,false,motriskindex-families-2024-v4
seat-leon,2009,67584,39.45,105.4,104.1,106.7,worse,false,motriskindex-families-2024-v4
seat-leon,2010,75074,36.78,107.5,106.2,108.8,worse,false,motriskindex-families-2024-v4
seat-leon,2011,82068,32.28,105.2,104.0,106.5,worse,false,motriskindex-families-2024-v4
seat-leon,2012,107267,28.46,105.1,103.9,106.2,worse,false,motriskindex-families-2024-v4
seat-leon,2013,134398,22.98,96.8,95.8,97.9,better,false,motriskindex-families-2024-v4
seat-leon,2014,213010,19.04,91.6,90.7,92.4,better,false,motriskindex-families-2024-v4
seat-leon,2015,193586,16.96,92.6,91.6,93.6,better,false,motriskindex-families-2024-v4
seat-leon,2016,178756,16.13,98.6,97.5,99.8,better,false,motriskindex-families-2024-v4
seat-leon,2017,176361,14.08,93.6,92.4,94.7,better,false,motriskindex-families-2024-v4
seat-leon,2018,150563,14.56,102.3,101.0,103.7,worse,false,motriskindex-families-2024-v4
seat-leon,2019,99133,15.29,114.6,112.8,116.4,worse,false,motriskindex-families-2024-v4
seat-leon,2020,41446,13.07,102.6,99.9,105.4,no different,false,motriskindex-families-2024-v4
seat-mii,2012,19653,26.0,107.7,104.7,110.6,worse,false,motriskindex-families-2024-v4
seat-mii,2013,39078,23.6,105.7,103.5,107.8,worse,false,motriskindex-families-2024-v4
seat-mii,2014,34348,18.69,90.8,88.6,93.0,better,false,motriskindex-families-2024-v4
seat-mii,2015,29767,18.8,99.7,97.1,102.3,no different,false,motriskindex-families-2024-v4
seat-mii,2016,24702,17.82,107.6,104.4,110.8,worse,false,motriskindex-families-2024-v4
seat-mii,2017,14062,14.24,93.5,89.4,97.6,better,false,motriskindex-families-2024-v4
seat-mii,2018,8888,13.7,95.4,90.1,100.8,no different,false,motriskindex-families-2024-v4
seat-mii,2019,6657,10.05,76.8,71.0,82.7,better,false,motriskindex-families-2024-v4
seat-mii,2020,837,13.5,117.4,95.7,139.0,no different,true,motriskindex-families-2024-v4
seat-tarraco,2019,21265,14.94,104.9,101.3,108.6,worse,false,motriskindex-families-2024-v4
seat-tarraco,2020,6444,13.97,101.1,94.5,107.7,no different,false,motriskindex-families-2024-v4
seat-toledo,2002,872,46.1,89.3,80.5,98.0,better,true,motriskindex-families-2024-v4
seat-toledo,2003,1858,47.36,93.2,87.0,99.4,better,true,motriskindex-families-2024-v4
seat-toledo,2004,1982,45.11,89.5,83.7,95.4,better,true,motriskindex-families-2024-v4
seat-toledo,2005,4958,50.3,98.1,94.2,101.9,no different,false,motriskindex-families-2024-v4
seat-toledo,2006,3731,51.06,101.6,97.1,106.2,no different,true,motriskindex-families-2024-v4
seat-toledo,2007,1883,49.18,97.6,91.4,103.9,no different,true,motriskindex-families-2024-v4
seat-toledo,2008,324,40.74,86.8,72.0,101.6,no different,true,motriskindex-families-2024-v4
seat-toledo,2012,1326,29.49,88.9,80.1,97.7,better,true,motriskindex-families-2024-v4
seat-toledo,2013,13835,32.29,107.0,103.8,110.1,worse,false,motriskindex-families-2024-v4
seat-toledo,2014,12358,27.53,98.0,94.7,101.3,no different,false,motriskindex-families-2024-v4
seat-toledo,2015,10197,26.99,107.0,103.0,111.0,worse,false,motriskindex-families-2024-v4
seat-toledo,2016,7487,21.84,98.8,94.0,103.6,no different,false,motriskindex-families-2024-v4
seat-toledo,2017,7385,18.89,92.9,88.1,97.8,better,false,motriskindex-families-2024-v4
seat-toledo,2018,8140,16.02,85.1,80.5,89.7,better,false,motriskindex-families-2024-v4
seat-toledo,2019,445,11.69,69.9,50.9,88.9,better,true,motriskindex-families-2024-v4
skoda-citigo,2012,41765,19.76,95.0,92.9,97.0,better,false,motriskindex-families-2024-v4
skoda-citigo,2013,77318,19.22,97.5,95.9,99.1,better,false,motriskindex-families-2024-v4
skoda-citigo,2014,101610,18.3,97.8,96.4,99.2,better,false,motriskindex-families-2024-v4
skoda-citigo,2015,88814,18.3,105.7,104.1,107.3,worse,false,motriskindex-families-2024-v4
skoda-citigo,2016,86033,18.04,117.6,115.8,119.5,worse,false,motriskindex-families-2024-v4
skoda-citigo,2017,59746,13.75,97.5,95.4,99.6,better,false,motriskindex-families-2024-v4
skoda-citigo,2018,37683,12.05,90.8,88.1,93.4,better,false,motriskindex-families-2024-v4
skoda-citigo,2019,22909,8.33,70.0,66.9,73.2,better,false,motriskindex-families-2024-v4
skoda-citigo,2020,847,9.92,95.6,75.2,116.0,no different,true,motriskindex-families-2024-v4
skoda-fabia,2000,7402,49.39,99.3,96.1,102.5,no different,false,motriskindex-families-2024-v4
skoda-fabia,2001,31126,49.03,99.1,97.5,100.6,no different,false,motriskindex-families-2024-v4
skoda-fabia,2002,45014,48.72,98.4,97.1,99.7,better,false,motriskindex-families-2024-v4
skoda-fabia,2003,59933,49.69,100.7,99.5,101.8,no different,false,motriskindex-families-2024-v4
skoda-fabia,2004,81035,49.74,102.1,101.1,103.1,worse,false,motriskindex-families-2024-v4
skoda-fabia,2005,102713,48.22,101.2,100.3,102.1,worse,false,motriskindex-families-2024-v4
skoda-fabia,2006,118259,46.63,101.7,100.9,102.6,worse,false,motriskindex-families-2024-v4
skoda-fabia,2007,126336,44.65,102.5,101.6,103.3,worse,false,motriskindex-families-2024-v4
skoda-fabia,2008,142475,43.1,105.8,104.9,106.6,worse,false,motriskindex-families-2024-v4
skoda-fabia,2009,169130,38.44,102.5,101.7,103.3,worse,false,motriskindex-families-2024-v4
skoda-fabia,2010,136288,32.23,95.5,94.6,96.4,better,false,motriskindex-families-2024-v4
skoda-fabia,2011,144853,29.24,96.8,95.9,97.7,better,false,motriskindex-families-2024-v4
skoda-fabia,2012,163542,26.27,97.7,96.8,98.7,better,false,motriskindex-families-2024-v4
skoda-fabia,2013,212958,22.33,93.7,92.9,94.6,better,false,motriskindex-families-2024-v4
skoda-fabia,2014,166229,19.85,94.6,93.6,95.7,better,false,motriskindex-families-2024-v4
skoda-fabia,2015,197704,16.95,91.4,90.5,92.4,better,false,motriskindex-families-2024-v4
skoda-fabia,2016,214735,16.72,101.8,100.8,102.9,worse,false,motriskindex-families-2024-v4
skoda-fabia,2017,172360,15.49,103.3,102.1,104.6,worse,false,motriskindex-families-2024-v4
skoda-fabia,2018,118572,15.47,110.4,108.8,112.0,worse,false,motriskindex-families-2024-v4
skoda-fabia,2019,74281,13.18,101.2,99.2,103.2,no different,false,motriskindex-families-2024-v4
skoda-fabia,2020,28583,12.44,100.6,97.3,103.9,no different,false,motriskindex-families-2024-v4
skoda-kamiq,2019,3450,9.25,92.4,82.3,102.6,no different,true,motriskindex-families-2024-v4
skoda-kamiq,2020,21137,9.96,99.8,95.6,104.1,no different,false,motriskindex-families-2024-v4
skoda-karoq,2017,658,10.03,101.4,77.0,125.9,no different,true,motriskindex-families-2024-v4
skoda-karoq,2018,98447,9.95,103.2,101.2,105.2,worse,false,motriskindex-families-2024-v4
skoda-karoq,2019,73207,8.84,95.2,92.8,97.5,better,false,motriskindex-families-2024-v4
skoda-karoq,2020,37844,10.47,112.6,109.1,116.1,worse,false,motriskindex-families-2024-v4
skoda-kodiaq,2017,58536,9.73,92.3,89.9,94.7,better,false,motriskindex-families-2024-v4
skoda-kodiaq,2018,53715,9.89,99.2,96.6,101.9,no different,false,motriskindex-families-2024-v4
skoda-kodiaq,2019,44381,10.71,113.8,110.5,117.0,worse,false,motriskindex-families-2024-v4
skoda-kodiaq,2020,22207,10.26,114.5,109.8,119.2,worse,false,motriskindex-families-2024-v4
skoda-octavia,1998,354,44.63,99.6,84.1,115.1,no different,true,motriskindex-families-2024-v4
skoda-octavia,1999,1212,47.03,104.9,96.3,113.5,no different,true,motriskindex-families-2024-v4
skoda-octavia,2000,4042,46.02,102.1,97.5,106.7,no different,false,motriskindex-families-2024-v4
skoda-octavia,2001,12910,45.75,101.1,98.6,103.7,no different,false,motriskindex-families-2024-v4
skoda-octavia,2002,21511,44.1,96.7,94.8,98.7,better,false,motriskindex-families-2024-v4
skoda-octavia,2003,30311,46.04,100.4,98.8,102.1,no different,false,motriskindex-families-2024-v4
skoda-octavia,2004,38212,46.87,102.7,101.2,104.2,worse,false,motriskindex-families-2024-v4
skoda-octavia,2005,54225,46.24,103.2,101.9,104.4,worse,false,motriskindex-families-2024-v4
skoda-octavia,2006,81228,44.54,102.2,101.2,103.3,worse,false,motriskindex-families-2024-v4
skoda-octavia,2007,90840,42.18,100.8,99.8,101.8,no different,false,motriskindex-families-2024-v4
skoda-octavia,2008,82152,40.7,102.8,101.7,103.9,worse,false,motriskindex-families-2024-v4
skoda-octavia,2009,91810,36.82,99.8,98.7,100.8,no different,false,motriskindex-families-2024-v4
skoda-octavia,2010,123522,34.79,102.7,101.7,103.6,worse,false,motriskindex-families-2024-v4
skoda-octavia,2011,143002,31.22,101.9,101.0,102.9,worse,false,motriskindex-families-2024-v4
skoda-octavia,2012,138999,30.31,111.6,110.5,112.7,worse,false,motriskindex-families-2024-v4
skoda-octavia,2013,130629,22.92,96.3,95.2,97.4,better,false,motriskindex-families-2024-v4
skoda-octavia,2014,194328,18.66,90.8,89.9,91.8,better,false,motriskindex-families-2024-v4
skoda-octavia,2015,218582,16.79,95.2,94.2,96.1,better,false,motriskindex-families-2024-v4
skoda-octavia,2016,232963,14.39,95.3,94.3,96.3,better,false,motriskindex-families-2024-v4
skoda-octavia,2017,179130,12.5,92.9,91.7,94.1,better,false,motriskindex-families-2024-v4
skoda-octavia,2018,118728,12.02,96.8,95.2,98.3,better,false,motriskindex-families-2024-v4
skoda-octavia,2019,100840,12.58,109.3,107.4,111.2,worse,false,motriskindex-families-2024-v4
skoda-octavia,2020,36376,11.03,101.6,98.4,104.7,no different,false,motriskindex-families-2024-v4
skoda-rapid,2012,1872,30.77,115.2,105.8,124.6,worse,true,motriskindex-families-2024-v4
skoda-rapid,2013,36660,25.32,101.4,99.3,103.4,no different,false,motriskindex-families-2024-v4
skoda-rapid,2014,61789,22.16,96.6,95.0,98.2,better,false,motriskindex-families-2024-v4
skoda-rapid,2015,36475,21.06,99.9,97.7,102.2,no different,false,motriskindex-families-2024-v4
skoda-rapid,2016,46877,19.69,105.5,103.3,107.6,worse,false,motriskindex-families-2024-v4
skoda-rapid,2017,38561,17.58,103.1,100.7,105.6,worse,false,motriskindex-families-2024-v4
skoda-rapid,2018,15164,16.18,100.3,96.3,104.3,no different,false,motriskindex-families-2024-v4
skoda-rapid,2019,2472,11.93,79.7,70.6,88.8,better,true,motriskindex-families-2024-v4
skoda-roomster,2006,5444,49.16,104.2,100.3,108.2,worse,false,motriskindex-families-2024-v4
skoda-roomster,2007,32663,47.49,104.9,103.3,106.6,worse,false,motriskindex-families-2024-v4
skoda-roomster,2008,26925,44.74,106.2,104.3,108.1,worse,false,motriskindex-families-2024-v4
skoda-roomster,2009,13903,41.55,108.5,105.7,111.3,worse,false,motriskindex-families-2024-v4
skoda-roomster,2010,15901,31.66,93.2,90.7,95.8,better,false,motriskindex-families-2024-v4
skoda-roomster,2011,18692,27.25,91.6,89.1,94.1,better,false,motriskindex-families-2024-v4
skoda-roomster,2012,27525,25.9,101.0,98.6,103.3,no different,false,motriskindex-families-2024-v4
skoda-roomster,2013,29869,20.49,94.6,92.2,96.9,better,false,motriskindex-families-2024-v4
skoda-roomster,2014,30628,16.82,90.7,88.2,93.2,better,false,motriskindex-families-2024-v4
skoda-roomster,2015,19034,15.12,91.9,88.6,95.3,better,false,motriskindex-families-2024-v4
skoda-scala,2019,7805,10.6,96.1,89.5,102.6,no different,false,motriskindex-families-2024-v4
skoda-scala,2020,9971,10.83,105.1,98.8,111.3,no different,false,motriskindex-families-2024-v4
skoda-superb,2002,630,42.22,101.2,89.0,113.3,no different,true,motriskindex-families-2024-v4
skoda-superb,2003,1764,44.1,102.7,95.5,109.9,no different,true,motriskindex-families-2024-v4
skoda-superb,2004,2950,41.56,98.2,92.7,103.7,no different,true,motriskindex-families-2024-v4
skoda-superb,2005,4438,41.78,100.6,96.0,105.2,no different,false,motriskindex-families-2024-v4
skoda-superb,2006,3846,42.28,105.5,100.3,110.6,worse,true,motriskindex-families-2024-v4
skoda-superb,2007,3879,40.45,103.6,98.4,108.7,no different,true,motriskindex-families-2024-v4
skoda-superb,2008,4964,37.15,100.5,95.9,105.1,no different,false,motriskindex-families-2024-v4
skoda-superb,2009,13282,35.49,100.9,98.0,103.8,no different,false,motriskindex-families-2024-v4
skoda-superb,2010,23374,34.02,103.6,101.3,105.9,worse,false,motriskindex-families-2024-v4
skoda-superb,2011,34482,30.99,102.3,100.4,104.3,worse,false,motriskindex-families-2024-v4
skoda-superb,2012,47764,28.04,102.6,100.9,104.3,worse,false,motriskindex-families-2024-v4
skoda-superb,2013,44116,24.85,102.2,100.3,104.2,worse,false,motriskindex-families-2024-v4
skoda-superb,2014,54043,21.64,100.5,98.7,102.3,no different,false,motriskindex-families-2024-v4
skoda-superb,2015,54324,19.73,104.2,102.2,106.2,worse,false,motriskindex-families-2024-v4
skoda-superb,2016,96223,15.24,92.0,90.5,93.5,better,false,motriskindex-families-2024-v4
skoda-superb,2017,90552,13.79,91.6,90.0,93.2,better,false,motriskindex-families-2024-v4
skoda-superb,2018,54450,14.68,103.3,101.0,105.5,worse,false,motriskindex-families-2024-v4
skoda-superb,2019,35044,14.98,111.9,108.9,115.0,worse,false,motriskindex-families-2024-v4
skoda-superb,2020,14945,14.67,115.6,110.7,120.4,worse,false,motriskindex-families-2024-v4
skoda-yeti,2009,6402,32.72,105.2,100.7,109.7,worse,false,motriskindex-families-2024-v4
skoda-yeti,2010,43191,31.43,110.8,109.0,112.7,worse,false,motriskindex-families-2024-v4
skoda-yeti,2011,59241,26.36,103.3,101.7,104.9,worse,false,motriskindex-families-2024-v4
skoda-yeti,2012,75147,23.24,102.6,101.1,104.1,worse,false,motriskindex-families-2024-v4
skoda-yeti,2013,114349,18.65,93.7,92.5,95.0,better,false,motriskindex-families-2024-v4
skoda-yeti,2014,135850,17.01,98.4,97.1,99.7,better,false,motriskindex-families-2024-v4
skoda-yeti,2015,139536,15.35,101.4,100.0,102.7,no different,false,motriskindex-families-2024-v4
skoda-yeti,2016,145967,13.92,101.3,99.9,102.7,no different,false,motriskindex-families-2024-v4
skoda-yeti,2017,109273,12.27,96.8,95.2,98.5,better,false,motriskindex-families-2024-v4
skoda-yeti,2018,313,15.65,130.3,93.8,166.8,no different,true,motriskindex-families-2024-v4
smart-city-review-c3a2a143,1999,310,38.71,89.1,73.1,105.0,no different,true,motriskindex-families-2024-v4
smart-city-review-c3a2a143,2000,1060,42.26,99.1,89.9,108.3,no different,true,motriskindex-families-2024-v4
smart-city-review-c3a2a143,2001,3176,42.32,99.0,93.7,104.3,no different,true,motriskindex-families-2024-v4
smart-city-review-c3a2a143,2002,13329,42.84,99.8,97.2,102.4,no different,false,motriskindex-families-2024-v4
smart-city-review-c3a2a143,2003,18354,42.57,99.4,97.2,101.6,no different,false,motriskindex-families-2024-v4
smart-city-review-c3a2a143,2004,13635,41.8,97.1,94.6,99.7,better,false,motriskindex-families-2024-v4
smart-city-review-c3a2a143,2005,7696,42.18,97.5,94.1,100.8,no different,false,motriskindex-families-2024-v4
smart-city-review-c3a2a143,2006,8746,42.93,98.7,95.6,101.9,no different,false,motriskindex-families-2024-v4
smart-city-review-c3a2a143,2007,6534,43.85,100.6,96.9,104.3,no different,false,motriskindex-families-2024-v4
smart-city-review-c3a2a143,2008,1044,33.24,77.7,69.5,85.9,better,true,motriskindex-families-2024-v4
smart-city-review-c3a2a143,2009,939,35.14,82.3,73.5,91.2,better,true,motriskindex-families-2024-v4
smart-city-review-c3a2a143,2010,468,33.76,79.6,67.1,92.0,better,true,motriskindex-families-2024-v4
smart-forfour,2004,7188,46.94,103.3,99.8,106.8,no different,false,motriskindex-families-2024-v4
smart-forfour,2005,19725,44.19,98.9,96.8,101.0,no different,false,motriskindex-families-2024-v4
smart-forfour,2006,16771,42.65,96.4,94.1,98.6,better,false,motriskindex-families-2024-v4
smart-forfour,2007,1289,40.88,94.8,86.7,102.9,no different,true,motriskindex-families-2024-v4
smart-forfour,2015,60952,24.75,105.1,103.5,106.8,worse,false,motriskindex-families-2024-v4
smart-forfour,2016,57691,20.54,102.2,100.4,104.0,worse,false,motriskindex-families-2024-v4
smart-forfour,2017,45795,17.56,97.9,95.8,100.1,no different,false,motriskindex-families-2024-v4
smart-forfour,2018,26989,15.94,94.8,92.0,97.6,better,false,motriskindex-families-2024-v4
smart-forfour,2019,9870,13.95,90.6,85.8,95.4,better,false,motriskindex-families-2024-v4
smart-fortwo,2001,314,40.13,94.2,77.7,110.6,no different,true,motriskindex-families-2024-v4
smart-fortwo,2002,1116,44.44,106.2,96.8,115.5,no different,true,motriskindex-families-2024-v4
smart-fortwo,2003,2686,41.7,101.0,95.1,106.9,no different,true,motriskindex-families-2024-v4
smart-fortwo,2004,10106,40.12,99.1,96.0,102.1,no different,false,motriskindex-families-2024-v4
smart-fortwo,2005,11433,43.26,109.1,106.1,112.2,worse,false,motriskindex-families-2024-v4
smart-fortwo,2006,13432,40.16,103.9,101.1,106.7,worse,false,motriskindex-families-2024-v4
smart-fortwo,2007,26568,38.61,102.5,100.5,104.5,worse,false,motriskindex-families-2024-v4
smart-fortwo,2008,55017,37.5,102.7,101.3,104.1,worse,false,motriskindex-families-2024-v4
smart-fortwo,2009,66621,35.79,102.4,101.1,103.7,worse,false,motriskindex-families-2024-v4
smart-fortwo,2010,62869,35.07,106.1,104.7,107.5,worse,false,motriskindex-families-2024-v4
smart-fortwo,2011,43623,28.86,94.4,92.7,96.0,better,false,motriskindex-families-2024-v4
smart-fortwo,2012,29659,25.42,91.7,89.7,93.8,better,false,motriskindex-families-2024-v4
smart-fortwo,2013,37871,23.73,96.0,94.0,98.0,better,false,motriskindex-families-2024-v4
smart-fortwo,2014,41804,20.5,95.1,93.1,97.1,better,false,motriskindex-families-2024-v4
smart-fortwo,2015,24193,16.74,90.7,87.9,93.5,better,false,motriskindex-families-2024-v4
smart-fortwo,2016,62652,15.36,98.5,96.5,100.5,no different,false,motriskindex-families-2024-v4
smart-fortwo,2017,45768,13.22,95.5,93.1,98.0,better,false,motriskindex-families-2024-v4
smart-fortwo,2018,23682,13.22,104.0,100.3,107.6,worse,false,motriskindex-families-2024-v4
smart-fortwo,2019,9623,10.8,95.7,89.9,101.5,no different,false,motriskindex-families-2024-v4
smart-roadster-review-389672ba,2003,3136,35.52,108.1,101.7,114.4,worse,true,motriskindex-families-2024-v4
smart-roadster-review-389672ba,2004,10813,33.18,99.8,96.6,103.1,no different,false,motriskindex-families-2024-v4
smart-roadster-review-389672ba,2005,5132,31.33,91.4,86.9,95.9,better,false,motriskindex-families-2024-v4
smart-roadster-review-389672ba,2006,2032,32.43,96.6,89.2,103.9,no different,true,motriskindex-families-2024-v4
smart-roadster-review-389672ba,2007,470,27.87,83.8,69.5,98.2,better,true,motriskindex-families-2024-v4
ssangyong-korando,2011,912,44.74,105.9,95.6,116.2,no different,true,motriskindex-families-2024-v4
ssangyong-korando,2012,6226,42.68,105.1,101.1,109.1,worse,false,motriskindex-families-2024-v4
ssangyong-korando,2013,6185,39.37,103.6,99.5,107.7,no different,false,motriskindex-families-2024-v4
ssangyong-korando,2014,10875,34.96,101.8,98.6,105.0,no different,false,motriskindex-families-2024-v4
ssangyong-korando,2015,15932,30.96,101.9,99.1,104.8,no different,false,motriskindex-families-2024-v4
ssangyong-korando,2016,13550,26.6,101.5,98.2,104.8,no different,false,motriskindex-families-2024-v4
ssangyong-korando,2017,8859,20.95,89.5,85.5,93.6,better,false,motriskindex-families-2024-v4
ssangyong-korando,2018,5326,21.03,97.8,92.1,103.5,no different,false,motriskindex-families-2024-v4
ssangyong-korando,2019,3475,17.15,89.9,82.7,97.1,better,true,motriskindex-families-2024-v4
ssangyong-korando,2020,2208,17.53,103.2,92.9,113.5,no different,true,motriskindex-families-2024-v4
ssangyong-musso,2016,676,42.01,108.7,96.1,121.4,no different,true,motriskindex-families-2024-v4
ssangyong-musso,2017,2702,38.93,104.4,98.1,110.7,no different,true,motriskindex-families-2024-v4
ssangyong-musso,2018,3072,39.16,106.1,100.1,112.1,worse,true,motriskindex-families-2024-v4
ssangyong-musso,2019,2798,34.42,97.7,91.5,103.8,no different,true,motriskindex-families-2024-v4
ssangyong-musso,2020,1128,28.9,87.0,77.6,96.5,better,true,motriskindex-families-2024-v4
ssangyong-rexton,2004,1622,49.08,94.9,88.3,101.5,no different,true,motriskindex-families-2024-v4
ssangyong-rexton,2005,3258,49.17,97.6,92.8,102.4,no different,true,motriskindex-families-2024-v4
ssangyong-rexton,2006,2186,50.41,98.8,93.0,104.6,no different,true,motriskindex-families-2024-v4
ssangyong-rexton,2007,1816,50.06,97.3,91.0,103.6,no different,true,motriskindex-families-2024-v4
ssangyong-rexton,2008,1077,48.65,97.3,89.0,105.7,no different,true,motriskindex-families-2024-v4
ssangyong-rexton,2009,2618,48.43,98.4,93.0,103.9,no different,true,motriskindex-families-2024-v4
ssangyong-rexton,2010,559,48.66,101.3,89.2,113.3,no different,true,motriskindex-families-2024-v4
ssangyong-rexton,2011,559,46.15,98.3,86.3,110.3,no different,true,motriskindex-families-2024-v4
ssangyong-rexton,2012,1401,47.61,107.6,99.4,115.7,no different,true,motriskindex-families-2024-v4
ssangyong-rexton,2013,228,37.72,90.6,71.5,109.8,no different,true,motriskindex-families-2024-v4
ssangyong-rexton,2014,4201,42.06,108.5,103.4,113.6,worse,true,motriskindex-families-2024-v4
ssangyong-rexton,2015,4485,36.57,104.1,99.1,109.1,no different,false,motriskindex-families-2024-v4
ssangyong-rexton,2016,4105,29.67,97.0,91.6,102.5,no different,true,motriskindex-families-2024-v4
ssangyong-rexton,2017,4280,27.57,99.3,93.6,104.9,no different,false,motriskindex-families-2024-v4
ssangyong-rexton,2018,2411,20.07,78.5,71.5,85.5,better,true,motriskindex-families-2024-v4
ssangyong-rexton,2019,1641,18.77,82.1,73.0,91.3,better,true,motriskindex-families-2024-v4
ssangyong-rexton,2020,634,22.08,107.7,89.9,125.6,no different,true,motriskindex-families-2024-v4
ssangyong-rodius,2010,208,46.15,92.2,73.7,110.6,no different,true,motriskindex-families-2024-v4
ssangyong-rodius,2012,950,47.79,107.3,97.4,117.1,no different,true,motriskindex-families-2024-v4
ssangyong-rodius,2013,1380,46.38,108.9,100.5,117.4,worse,true,motriskindex-families-2024-v4
ssangyong-rodius,2014,2683,39.69,98.9,93.0,104.9,no different,true,motriskindex-families-2024-v4
ssangyong-rodius,2015,4014,38.07,104.9,99.7,110.2,no different,false,motriskindex-families-2024-v4
ssangyong-rodius,2016,6875,33.37,100.0,95.9,104.1,no different,false,motriskindex-families-2024-v4
ssangyong-rodius,2017,6115,31.19,101.0,96.5,105.6,no different,false,motriskindex-families-2024-v4
ssangyong-rodius,2018,3570,28.52,97.0,91.1,103.0,no different,true,motriskindex-families-2024-v4
ssangyong-rodius,2019,293,23.21,85.8,65.4,106.2,no different,true,motriskindex-families-2024-v4
ssangyong-tivoli,2015,10830,27.17,100.1,96.5,103.7,no different,false,motriskindex-families-2024-v4
ssangyong-tivoli,2016,22657,23.76,99.0,96.4,101.7,no different,false,motriskindex-families-2024-v4
ssangyong-tivoli,2017,12308,22.67,103.5,99.6,107.3,no different,false,motriskindex-families-2024-v4
ssangyong-tivoli,2018,7569,21.63,104.9,99.8,109.9,no different,false,motriskindex-families-2024-v4
ssangyong-tivoli,2019,3836,19.32,102.0,94.6,109.3,no different,true,motriskindex-families-2024-v4
ssangyong-tivoli,2020,1515,18.48,105.7,93.3,118.0,no different,true,motriskindex-families-2024-v4
subaru-forester,1998,768,48.44,105.6,94.9,116.3,no different,true,motriskindex-families-2024-v4
subaru-forester,1999,1684,46.08,104.9,97.5,112.3,no different,true,motriskindex-families-2024-v4
subaru-forester,2000,2554,42.52,98.0,92.2,103.9,no different,true,motriskindex-families-2024-v4
subaru-forester,2001,3930,44.17,103.6,98.7,108.5,no different,true,motriskindex-families-2024-v4
subaru-forester,2002,5310,43.54,103.2,99.0,107.4,no different,false,motriskindex-families-2024-v4
subaru-forester,2003,11368,42.43,101.9,99.0,104.7,no different,false,motriskindex-families-2024-v4
subaru-forester,2004,13194,39.21,95.8,93.2,98.4,better,false,motriskindex-families-2024-v4
subaru-forester,2005,15671,38.07,93.9,91.5,96.3,better,false,motriskindex-families-2024-v4
subaru-forester,2006,13130,40.27,100.9,98.2,103.6,no different,false,motriskindex-families-2024-v4
subaru-forester,2007,11349,37.41,96.2,93.3,99.1,better,false,motriskindex-families-2024-v4
subaru-forester,2008,7465,37.23,99.1,95.4,102.7,no different,false,motriskindex-families-2024-v4
subaru-forester,2009,6688,39.71,109.8,105.7,114.0,worse,false,motriskindex-families-2024-v4
subaru-forester,2010,10493,34.92,103.0,99.6,106.3,no different,false,motriskindex-families-2024-v4
subaru-forester,2011,10387,31.19,99.6,96.2,103.0,no different,false,motriskindex-families-2024-v4
subaru-forester,2012,5085,29.62,104.5,99.3,109.8,no different,false,motriskindex-families-2024-v4
subaru-forester,2013,9570,23.7,94.6,90.7,98.4,better,false,motriskindex-families-2024-v4
subaru-forester,2014,13020,20.81,97.1,93.4,100.7,no different,false,motriskindex-families-2024-v4
subaru-forester,2015,10979,18.93,105.3,100.7,109.8,worse,false,motriskindex-families-2024-v4
subaru-forester,2016,13167,15.28,104.6,100.0,109.2,no different,false,motriskindex-families-2024-v4
subaru-forester,2017,8565,11.78,94.3,88.4,100.1,no different,false,motriskindex-families-2024-v4
subaru-forester,2018,6614,10.02,91.6,84.6,98.6,better,false,motriskindex-families-2024-v4
subaru-forester,2019,5570,8.8,93.9,85.6,102.2,no different,false,motriskindex-families-2024-v4
subaru-forester,2020,739,11.23,142.0,111.4,172.5,worse,true,motriskindex-families-2024-v4
subaru-impreza,1998,2910,31.27,102.6,95.9,109.3,no different,true,motriskindex-families-2024-v4
subaru-impreza,1999,6274,29.55,97.7,93.3,102.2,no different,false,motriskindex-families-2024-v4
subaru-impreza,2000,9672,28.97,95.9,92.4,99.5,better,false,motriskindex-families-2024-v4
subaru-impreza,2001,12836,34.09,113.0,109.7,116.3,worse,false,motriskindex-families-2024-v4
subaru-impreza,2002,15554,31.81,104.8,101.9,107.7,worse,false,motriskindex-families-2024-v4
subaru-impreza,2003,23569,30.75,101.6,99.3,103.9,no different,false,motriskindex-families-2024-v4
subaru-impreza,2004,23223,28.07,93.1,90.9,95.4,better,false,motriskindex-families-2024-v4
subaru-impreza,2005,28401,28.52,95.2,93.1,97.3,better,false,motriskindex-families-2024-v4
subaru-impreza,2006,22627,29.06,98.2,95.9,100.6,no different,false,motriskindex-families-2024-v4
subaru-impreza,2007,24140,29.24,100.4,98.1,102.7,no different,false,motriskindex-families-2024-v4
subaru-impreza,2008,13601,28.25,99.4,96.2,102.5,no different,false,motriskindex-families-2024-v4
subaru-impreza,2009,9742,25.7,92.4,88.8,96.0,better,false,motriskindex-families-2024-v4
subaru-impreza,2010,9909,26.17,98.3,94.5,102.1,no different,false,motriskindex-families-2024-v4
subaru-impreza,2011,1912,22.07,92.1,83.3,100.9,no different,true,motriskindex-families-2024-v4
subaru-impreza,2012,569,16.52,75.7,60.4,91.0,better,true,motriskindex-families-2024-v4
subaru-impreza,2013,201,21.39,105.4,73.9,136.9,no different,true,motriskindex-families-2024-v4
subaru-impreza,2014,1459,16.72,106.0,92.7,119.3,no different,true,motriskindex-families-2024-v4
subaru-impreza,2015,2369,13.59,99.2,88.3,110.0,no different,true,motriskindex-families-2024-v4
subaru-impreza,2016,2058,11.86,97.5,85.3,109.7,no different,true,motriskindex-families-2024-v4
subaru-impreza,2017,1110,9.73,82.0,66.5,97.5,better,true,motriskindex-families-2024-v4
subaru-impreza,2018,1521,10.32,89.7,75.6,103.7,no different,true,motriskindex-families-2024-v4
subaru-impreza,2019,1018,14.05,122.2,102.1,142.2,worse,true,motriskindex-families-2024-v4
subaru-impreza,2020,210,12.38,114.7,70.6,158.9,no different,true,motriskindex-families-2024-v4
subaru-legacy,1999,896,43.3,92.8,83.6,102.1,no different,true,motriskindex-families-2024-v4
subaru-legacy,2000,1780,46.52,100.9,94.0,107.8,no different,true,motriskindex-families-2024-v4
subaru-legacy,2001,2406,45.3,101.1,95.1,107.1,no different,true,motriskindex-families-2024-v4
subaru-legacy,2002,2478,43.99,100.8,94.8,106.8,no different,true,motriskindex-families-2024-v4
subaru-legacy,2003,4182,44.29,102.5,97.8,107.1,no different,true,motriskindex-families-2024-v4
subaru-legacy,2004,7704,41.58,98.3,94.8,101.7,no different,false,motriskindex-families-2024-v4
subaru-legacy,2005,9408,40.42,97.6,94.5,100.7,no different,false,motriskindex-families-2024-v4
subaru-legacy,2006,9258,40.65,101.2,97.9,104.4,no different,false,motriskindex-families-2024-v4
subaru-legacy,2007,6168,38.02,97.3,93.4,101.3,no different,false,motriskindex-families-2024-v4
subaru-legacy,2008,4998,38.18,102.7,98.0,107.3,no different,false,motriskindex-families-2024-v4
subaru-legacy,2009,5202,32.91,93.3,88.9,97.7,better,false,motriskindex-families-2024-v4
subaru-legacy,2010,5891,33.14,98.2,93.8,102.5,no different,false,motriskindex-families-2024-v4
subaru-legacy,2011,5432,30.27,95.3,90.7,99.9,better,false,motriskindex-families-2024-v4
subaru-legacy,2012,2945,27.57,95.1,88.6,101.6,no different,true,motriskindex-families-2024-v4
subaru-legacy,2013,1721,27.43,100.3,91.2,109.3,no different,true,motriskindex-families-2024-v4
subaru-legacy,2015,244,24.18,101.0,75.2,126.7,no different,true,motriskindex-families-2024-v4
subaru-outback,2003,342,39.77,87.3,72.6,101.9,no different,true,motriskindex-families-2024-v4
subaru-outback,2004,3174,43.79,98.3,93.1,103.5,no different,true,motriskindex-families-2024-v4
subaru-outback,2005,4446,46.65,106.3,101.7,110.9,worse,false,motriskindex-families-2024-v4
subaru-outback,2006,5812,41.74,97.7,93.8,101.6,no different,false,motriskindex-families-2024-v4
subaru-outback,2007,4874,41.36,100.5,96.1,104.9,no different,false,motriskindex-families-2024-v4
subaru-outback,2008,3535,41.16,104.1,98.8,109.5,no different,true,motriskindex-families-2024-v4
subaru-outback,2009,4302,38.4,103.1,98.1,108.1,no different,false,motriskindex-families-2024-v4
subaru-outback,2010,6106,33.25,96.0,91.8,100.1,no different,false,motriskindex-families-2024-v4
subaru-outback,2011,6370,31.54,100.8,96.4,105.2,no different,false,motriskindex-families-2024-v4
subaru-outback,2012,3521,27.63,100.9,94.5,107.2,no different,true,motriskindex-families-2024-v4
subaru-outback,2013,3150,25.78,109.1,101.6,116.6,worse,true,motriskindex-families-2024-v4
subaru-outback,2014,2630,20.84,105.0,96.2,113.8,no different,true,motriskindex-families-2024-v4
subaru-outback,2015,8749,15.61,94.3,89.3,99.3,better,false,motriskindex-families-2024-v4
subaru-outback,2016,8417,12.95,94.9,89.3,100.6,no different,false,motriskindex-families-2024-v4
subaru-outback,2017,4377,10.1,83.9,76.1,91.8,better,false,motriskindex-families-2024-v4
subaru-outback,2018,4586,10.44,95.3,86.8,103.8,no different,false,motriskindex-families-2024-v4
subaru-outback,2019,2991,9.66,98.4,87.1,109.8,no different,true,motriskindex-families-2024-v4
subaru-outback,2020,745,8.99,100.7,76.6,124.8,no different,true,motriskindex-families-2024-v4
subaru-wrx,2011,556,11.15,114.0,85.6,142.4,no different,true,motriskindex-families-2024-v4
subaru-wrx,2012,812,14.29,155.2,126.9,183.4,worse,true,motriskindex-families-2024-v4
subaru-wrx,2013,638,15.67,180.2,144.9,215.6,worse,true,motriskindex-families-2024-v4
subaru-wrx,2014,3524,7.83,91.7,80.9,102.5,no different,true,motriskindex-families-2024-v4
subaru-wrx,2015,3161,9.55,114.3,101.4,127.2,worse,true,motriskindex-families-2024-v4
subaru-wrx,2016,3698,8.19,107.0,94.9,119.0,no different,true,motriskindex-families-2024-v4
subaru-wrx,2017,2879,6.25,86.2,73.6,98.7,better,true,motriskindex-families-2024-v4
subaru-wrx,2018,701,4.14,58.3,37.1,79.5,better,true,motriskindex-families-2024-v4
subaru-xv,2012,6185,27.58,106.0,100.9,111.0,worse,false,motriskindex-families-2024-v4
subaru-xv,2013,6489,23.87,105.1,99.8,110.3,no different,false,motriskindex-families-2024-v4
subaru-xv,2014,6916,20.05,102.1,96.7,107.4,no different,false,motriskindex-families-2024-v4
subaru-xv,2015,6998,15.7,94.5,88.9,100.1,no different,false,motriskindex-families-2024-v4
subaru-xv,2016,8110,14.18,106.3,100.2,112.5,worse,false,motriskindex-families-2024-v4
subaru-xv,2017,5617,12.3,106.7,98.7,114.6,no different,false,motriskindex-families-2024-v4
subaru-xv,2018,7646,9.4,91.2,84.5,97.9,better,false,motriskindex-families-2024-v4
subaru-xv,2019,4768,7.19,81.0,72.5,89.6,better,false,motriskindex-families-2024-v4
subaru-xv,2020,987,6.59,91.1,69.0,113.3,no different,true,motriskindex-families-2024-v4
suzuki-alto,2001,534,55.06,102.4,90.7,114.1,no different,true,motriskindex-families-2024-v4
suzuki-alto,2002,502,51.39,95.1,83.5,106.7,no different,true,motriskindex-families-2024-v4
suzuki-alto,2003,9354,54.71,100.7,97.9,103.4,no different,false,motriskindex-families-2024-v4
suzuki-alto,2004,20435,53.78,101.3,99.4,103.2,no different,false,motriskindex-families-2024-v4
suzuki-alto,2005,23095,54.22,106.6,104.7,108.5,worse,false,motriskindex-families-2024-v4
suzuki-alto,2006,13004,53.26,112.6,110.0,115.3,worse,false,motriskindex-families-2024-v4
suzuki-alto,2009,65074,35.47,94.6,93.4,95.8,better,false,motriskindex-families-2024-v4
suzuki-alto,2010,52733,34.69,101.3,99.9,102.8,no different,false,motriskindex-families-2024-v4
suzuki-alto,2011,52981,31.31,99.3,97.8,100.8,no different,false,motriskindex-families-2024-v4
suzuki-alto,2012,53462,29.5,100.6,99.1,102.2,no different,false,motriskindex-families-2024-v4
suzuki-alto,2013,133711,26.73,97.9,96.9,98.9,better,false,motriskindex-families-2024-v4
suzuki-alto,2014,143618,25.44,99.2,98.2,100.2,no different,false,motriskindex-families-2024-v4
suzuki-alto,2015,20470,23.08,97.3,94.6,100.1,no different,false,motriskindex-families-2024-v4
suzuki-baleno,2016,21146,19.24,95.9,92.9,98.8,better,false,motriskindex-families-2024-v4
suzuki-baleno,2017,21535,19.24,106.7,103.5,110.0,worse,false,motriskindex-families-2024-v4
suzuki-baleno,2018,10217,18.41,110.5,105.5,115.5,worse,false,motriskindex-families-2024-v4
suzuki-baleno,2019,5419,12.81,89.3,82.7,96.0,better,false,motriskindex-families-2024-v4
suzuki-carry,1999,608,44.74,94.5,83.2,105.7,no different,true,motriskindex-families-2024-v4
suzuki-carry,2000,2342,44.32,94.6,88.9,100.4,no different,true,motriskindex-families-2024-v4
suzuki-carry,2001,3898,44.33,95.3,90.8,99.8,better,true,motriskindex-families-2024-v4
suzuki-carry,2002,7208,47.23,101.9,98.5,105.4,no different,false,motriskindex-families-2024-v4
suzuki-carry,2003,10464,47.73,103.2,100.4,106.1,worse,false,motriskindex-families-2024-v4
suzuki-carry,2004,13982,44.93,98.0,95.5,100.4,no different,false,motriskindex-families-2024-v4
suzuki-carry,2005,13428,44.1,96.6,94.1,99.0,better,false,motriskindex-families-2024-v4
suzuki-carry,2006,568,47.01,105.7,93.0,118.4,no different,true,motriskindex-families-2024-v4
suzuki-celerio,2014,320,16.88,108.4,79.5,137.4,no different,true,motriskindex-families-2024-v4
suzuki-celerio,2015,79847,15.27,105.0,103.1,106.8,worse,false,motriskindex-families-2024-v4
suzuki-celerio,2016,86879,12.52,98.8,96.9,100.7,no different,false,motriskindex-families-2024-v4
suzuki-celerio,2017,59708,11.44,97.8,95.5,100.1,no different,false,motriskindex-families-2024-v4
suzuki-celerio,2018,28929,11.69,104.6,101.0,108.1,worse,false,motriskindex-families-2024-v4
suzuki-celerio,2019,10559,9.18,88.4,82.8,93.9,better,false,motriskindex-families-2024-v4
suzuki-grand-vitara,1998,646,42.72,98.5,86.9,110.2,no different,true,motriskindex-families-2024-v4
suzuki-grand-vitara,1999,2022,41.25,94.2,87.8,100.5,no different,true,motriskindex-families-2024-v4
suzuki-grand-vitara,2000,4206,44.51,101.5,96.9,106.0,no different,false,motriskindex-families-2024-v4
suzuki-grand-vitara,2001,10376,44.37,100.6,97.7,103.5,no different,false,motriskindex-families-2024-v4
suzuki-grand-vitara,2002,18202,44.46,100.6,98.4,102.8,no different,false,motriskindex-families-2024-v4
suzuki-grand-vitara,2003,25213,44.28,100.0,98.1,101.9,no different,false,motriskindex-families-2024-v4
suzuki-grand-vitara,2004,34453,42.99,98.7,97.2,100.3,no different,false,motriskindex-families-2024-v4
suzuki-grand-vitara,2005,35133,42.5,100.3,98.7,101.9,no different,false,motriskindex-families-2024-v4
suzuki-grand-vitara,2006,31718,41.93,103.1,101.3,104.8,worse,false,motriskindex-families-2024-v4
suzuki-grand-vitara,2007,36085,38.49,100.3,98.6,101.9,no different,false,motriskindex-families-2024-v4
suzuki-grand-vitara,2008,28996,35.45,99.0,97.1,101.0,no different,false,motriskindex-families-2024-v4
suzuki-grand-vitara,2009,23934,32.27,97.9,95.7,100.1,no different,false,motriskindex-families-2024-v4
suzuki-grand-vitara,2010,21561,28.76,95.6,93.2,98.0,better,false,motriskindex-families-2024-v4
suzuki-grand-vitara,2011,16996,26.03,96.9,94.0,99.7,better,false,motriskindex-families-2024-v4
suzuki-grand-vitara,2012,12707,23.91,99.2,95.7,102.8,no different,false,motriskindex-families-2024-v4
suzuki-grand-vitara,2013,12925,19.11,90.7,87.1,94.3,better,false,motriskindex-families-2024-v4
suzuki-grand-vitara,2014,5772,13.37,74.8,69.5,80.0,better,false,motriskindex-families-2024-v4
suzuki-grand-vitara,2015,462,12.77,78.5,58.4,98.5,better,true,motriskindex-families-2024-v4
suzuki-ignis,2000,920,47.83,105.3,95.5,115.1,no different,true,motriskindex-families-2024-v4
suzuki-ignis,2001,7622,45.42,101.4,98.0,104.7,no different,false,motriskindex-families-2024-v4
suzuki-ignis,2002,11142,45.56,102.2,99.4,105.0,no different,false,motriskindex-families-2024-v4
suzuki-ignis,2003,15641,43.65,98.2,95.8,100.5,no different,false,motriskindex-families-2024-v4
suzuki-ignis,2004,20880,43.15,97.6,95.5,99.6,better,false,motriskindex-families-2024-v4
suzuki-ignis,2005,19505,44.45,102.2,100.1,104.4,worse,false,motriskindex-families-2024-v4
suzuki-ignis,2006,14082,41.83,97.9,95.4,100.4,no different,false,motriskindex-families-2024-v4
suzuki-ignis,2007,15611,38.62,93.6,91.2,96.0,better,false,motriskindex-families-2024-v4
suzuki-ignis,2016,2506,16.76,116.6,105.4,127.7,worse,true,motriskindex-families-2024-v4
suzuki-ignis,2017,57518,14.2,107.0,104.7,109.4,worse,false,motriskindex-families-2024-v4
suzuki-ignis,2018,41670,12.24,101.0,98.3,103.8,no different,false,motriskindex-families-2024-v4
suzuki-ignis,2019,18534,9.87,94.2,89.8,98.5,better,false,motriskindex-families-2024-v4
suzuki-ignis,2020,12053,7.99,93.4,87.5,99.3,better,false,motriskindex-families-2024-v4
suzuki-jimny,1998,420,37.62,91.3,77.1,105.5,no different,true,motriskindex-families-2024-v4
suzuki-jimny,1999,3018,43.01,105.3,99.6,111.0,no different,true,motriskindex-families-2024-v4
suzuki-jimny,2000,8052,39.82,98.4,95.0,101.9,no different,false,motriskindex-families-2024-v4
suzuki-jimny,2001,12636,40.42,100.8,98.0,103.5,no different,false,motriskindex-families-2024-v4
suzuki-jimny,2002,19189,39.94,99.5,97.3,101.8,no different,false,motriskindex-families-2024-v4
suzuki-jimny,2003,24284,40.25,100.3,98.3,102.3,no different,false,motriskindex-families-2024-v4
suzuki-jimny,2004,27333,38.59,97.0,95.2,98.9,better,false,motriskindex-families-2024-v4
suzuki-jimny,2005,22903,40.19,103.1,101.0,105.2,worse,false,motriskindex-families-2024-v4
suzuki-jimny,2006,20742,40.07,105.7,103.4,107.9,worse,false,motriskindex-families-2024-v4
suzuki-jimny,2007,20863,35.92,100.3,98.1,102.6,no different,false,motriskindex-families-2024-v4
suzuki-jimny,2008,14152,30.18,90.3,87.6,93.0,better,false,motriskindex-families-2024-v4
suzuki-jimny,2009,9642,26.94,87.3,83.9,90.6,better,false,motriskindex-families-2024-v4
suzuki-jimny,2010,7671,28.29,100.0,95.8,104.3,no different,false,motriskindex-families-2024-v4
suzuki-jimny,2011,8464,26.25,101.7,97.5,105.9,no different,false,motriskindex-families-2024-v4
suzuki-jimny,2012,10148,23.8,101.2,97.2,105.3,no different,false,motriskindex-families-2024-v4
suzuki-jimny,2013,9940,19.54,89.7,85.7,93.7,better,false,motriskindex-families-2024-v4
suzuki-jimny,2014,9717,20.37,102.8,98.3,107.3,no different,false,motriskindex-families-2024-v4
suzuki-jimny,2015,10921,19.01,109.2,104.5,113.9,worse,false,motriskindex-families-2024-v4
suzuki-jimny,2016,11628,15.89,107.6,102.7,112.5,worse,false,motriskindex-families-2024-v4
suzuki-jimny,2017,8991,13.79,104.5,98.7,110.3,no different,false,motriskindex-families-2024-v4
suzuki-jimny,2018,3486,11.93,99.7,90.1,109.3,no different,true,motriskindex-families-2024-v4
suzuki-jimny,2019,5934,5.9,58.1,52.0,64.2,better,false,motriskindex-families-2024-v4
suzuki-jimny,2020,2667,8.14,95.7,83.0,108.4,no different,true,motriskindex-families-2024-v4
suzuki-liana,2001,328,49.39,98.8,83.6,114.0,no different,true,motriskindex-families-2024-v4
suzuki-liana,2002,1978,48.53,96.4,90.3,102.5,no different,true,motriskindex-families-2024-v4
suzuki-liana,2003,2974,50.3,100.4,95.3,105.5,no different,true,motriskindex-families-2024-v4
suzuki-liana,2004,5958,50.12,98.4,94.8,101.9,no different,false,motriskindex-families-2024-v4
suzuki-liana,2005,6004,50.67,97.5,94.0,101.0,no different,false,motriskindex-families-2024-v4
suzuki-liana,2006,3860,51.01,99.0,94.7,103.4,no different,true,motriskindex-families-2024-v4
suzuki-liana,2007,4024,47.94,93.9,89.8,98.1,better,true,motriskindex-families-2024-v4
suzuki-splash,2008,22861,44.68,103.5,101.5,105.5,worse,false,motriskindex-families-2024-v4
suzuki-splash,2009,30917,42.95,105.8,104.0,107.6,worse,false,motriskindex-families-2024-v4
suzuki-splash,2010,16957,40.3,108.0,105.4,110.5,worse,false,motriskindex-families-2024-v4
suzuki-splash,2011,17571,36.87,109.5,106.8,112.1,worse,false,motriskindex-families-2024-v4
suzuki-splash,2012,41627,27.76,94.1,92.4,95.8,better,false,motriskindex-families-2024-v4
suzuki-splash,2013,38651,23.56,93.3,91.3,95.2,better,false,motriskindex-families-2024-v4
suzuki-splash,2014,34299,19.48,92.4,90.2,94.6,better,false,motriskindex-families-2024-v4
suzuki-splash,2015,535,19.25,102.6,82.8,122.4,no different,true,motriskindex-families-2024-v4
suzuki-swift,1999,526,48.67,107.9,94.7,121.2,no different,true,motriskindex-families-2024-v4
suzuki-swift,2000,976,48.36,100.6,91.6,109.7,no different,true,motriskindex-families-2024-v4
suzuki-swift,2001,1954,45.96,94.5,88.3,100.7,no different,true,motriskindex-families-2024-v4
suzuki-swift,2002,4776,47.53,95.9,91.9,99.8,better,false,motriskindex-families-2024-v4
suzuki-swift,2003,1835,45.12,90.5,84.4,96.7,better,true,motriskindex-families-2024-v4
suzuki-swift,2005,23939,51.58,103.9,102.1,105.8,worse,false,motriskindex-families-2024-v4
suzuki-swift,2006,65992,49.84,102.6,101.5,103.7,worse,false,motriskindex-families-2024-v4
suzuki-swift,2007,106669,47.6,101.2,100.3,102.1,worse,false,motriskindex-families-2024-v4
suzuki-swift,2008,102739,47.09,105.2,104.2,106.1,worse,false,motriskindex-families-2024-v4
suzuki-swift,2009,90015,44.02,105.2,104.1,106.2,worse,false,motriskindex-families-2024-v4
suzuki-swift,2010,73986,39.78,104.2,103.1,105.4,worse,false,motriskindex-families-2024-v4
suzuki-swift,2011,72565,32.75,96.2,95.0,97.4,better,false,motriskindex-families-2024-v4
suzuki-swift,2012,102374,28.34,95.1,94.0,96.2,better,false,motriskindex-families-2024-v4
suzuki-swift,2013,98086,24.71,96.3,95.1,97.5,better,false,motriskindex-families-2024-v4
suzuki-swift,2014,112183,21.21,95.8,94.6,97.0,better,false,motriskindex-families-2024-v4
suzuki-swift,2015,137720,18.43,97.0,95.8,98.2,better,false,motriskindex-families-2024-v4
suzuki-swift,2016,116871,16.43,102.9,101.5,104.4,worse,false,motriskindex-families-2024-v4
suzuki-swift,2017,76454,13.45,94.0,92.2,95.8,better,false,motriskindex-families-2024-v4
suzuki-swift,2018,72274,13.0,98.1,96.1,100.0,no different,false,motriskindex-families-2024-v4
suzuki-swift,2019,56063,10.75,90.1,87.8,92.4,better,false,motriskindex-families-2024-v4
suzuki-swift,2020,24346,8.76,84.6,81.0,88.1,better,false,motriskindex-families-2024-v4
suzuki-sx4,2006,14937,51.38,106.5,104.1,108.9,worse,false,motriskindex-families-2024-v4
suzuki-sx4,2007,33741,46.87,99.8,98.2,101.3,no different,false,motriskindex-families-2024-v4
suzuki-sx4,2008,34874,44.79,98.6,97.1,100.2,no different,false,motriskindex-families-2024-v4
suzuki-sx4,2009,25590,44.53,103.6,101.7,105.5,worse,false,motriskindex-families-2024-v4
suzuki-sx4,2010,24449,40.86,103.5,101.5,105.5,worse,false,motriskindex-families-2024-v4
suzuki-sx4,2011,26137,38.46,108.2,106.1,110.4,worse,false,motriskindex-families-2024-v4
suzuki-sx4,2012,22587,38.34,122.9,120.4,125.5,worse,false,motriskindex-families-2024-v4
suzuki-sx4,2013,37548,28.39,106.2,104.2,108.2,worse,false,motriskindex-families-2024-v4
suzuki-sx4,2014,72289,20.23,90.0,88.5,91.5,better,false,motriskindex-families-2024-v4
suzuki-sx4,2015,42076,16.69,88.6,86.5,90.6,better,false,motriskindex-families-2024-v4
suzuki-sx4,2016,37867,14.6,91.9,89.4,94.3,better,false,motriskindex-families-2024-v4
suzuki-sx4,2017,31099,12.99,92.7,89.9,95.6,better,false,motriskindex-families-2024-v4
suzuki-sx4,2018,19296,12.02,93.6,89.8,97.4,better,false,motriskindex-families-2024-v4
suzuki-sx4,2019,10312,9.91,84.8,79.6,90.0,better,false,motriskindex-families-2024-v4
suzuki-sx4,2020,1161,9.47,87.7,71.3,104.1,no different,true,motriskindex-families-2024-v4
suzuki-vitara,1998,1438,45.06,96.5,89.1,104.0,no different,true,motriskindex-families-2024-v4
suzuki-vitara,1999,2124,42.09,93.6,87.5,99.8,better,true,motriskindex-families-2024-v4
suzuki-vitara,2000,1780,45.28,97.6,90.9,104.4,no different,true,motriskindex-families-2024-v4
suzuki-vitara,2001,684,40.06,89.7,79.0,100.3,no different,true,motriskindex-families-2024-v4
suzuki-vitara,2002,1296,43.44,97.3,89.2,105.3,no different,true,motriskindex-families-2024-v4
suzuki-vitara,2003,697,42.75,98.9,87.6,110.1,no different,true,motriskindex-families-2024-v4
suzuki-vitara,2004,1031,42.87,97.0,87.9,106.0,no different,true,motriskindex-families-2024-v4
suzuki-vitara,2005,497,44.47,105.7,91.8,119.6,no different,true,motriskindex-families-2024-v4
suzuki-vitara,2015,61491,14.41,95.3,93.3,97.3,better,false,motriskindex-families-2024-v4
suzuki-vitara,2016,122410,13.7,101.9,100.4,103.4,worse,false,motriskindex-families-2024-v4
suzuki-vitara,2017,108797,13.55,109.9,108.1,111.7,worse,false,motriskindex-families-2024-v4
suzuki-vitara,2018,86058,12.31,106.7,104.7,108.7,worse,false,motriskindex-families-2024-v4
suzuki-vitara,2019,65218,9.7,91.5,89.2,93.7,better,false,motriskindex-families-2024-v4
suzuki-vitara,2020,16054,7.79,79.4,75.0,83.9,better,false,motriskindex-families-2024-v4
suzuki-wagon-r,1998,352,55.68,108.6,93.4,123.8,no different,true,motriskindex-families-2024-v4
suzuki-wagon-r,1999,690,50.43,99.8,89.3,110.3,no different,true,motriskindex-families-2024-v4
suzuki-wagon-r,2000,6422,50.23,103.1,99.6,106.7,no different,false,motriskindex-families-2024-v4
suzuki-wagon-r,2001,13646,49.14,102.9,100.4,105.3,worse,false,motriskindex-families-2024-v4
suzuki-wagon-r,2002,20903,50.42,107.5,105.4,109.5,worse,false,motriskindex-families-2024-v4
suzuki-wagon-r,2003,25855,44.53,98.2,96.4,100.0,no different,false,motriskindex-families-2024-v4
suzuki-wagon-r,2004,24404,41.21,94.5,92.7,96.4,better,false,motriskindex-families-2024-v4
suzuki-wagon-r,2005,19118,39.53,94.1,92.0,96.2,better,false,motriskindex-families-2024-v4
suzuki-wagon-r,2006,8791,36.7,92.7,89.5,95.9,better,false,motriskindex-families-2024-v4
suzuki-wagon-r,2007,7409,36.6,96.3,92.7,99.9,better,false,motriskindex-families-2024-v4
tesla-model-3,2019,48188,15.72,97.3,95.1,99.5,better,false,motriskindex-families-2024-v4
tesla-model-3,2020,63070,17.54,110.0,107.9,112.0,worse,false,motriskindex-families-2024-v4
tesla-model-s,2014,6763,19.78,99.8,94.5,105.2,no different,false,motriskindex-families-2024-v4
tesla-model-s,2015,14003,16.65,95.5,91.7,99.4,better,false,motriskindex-families-2024-v4
tesla-model-s,2016,24572,15.49,99.7,96.6,102.9,no different,false,motriskindex-families-2024-v4
tesla-model-s,2017,22478,13.81,96.9,93.5,100.3,no different,false,motriskindex-families-2024-v4
tesla-model-s,2018,12455,14.08,104.8,99.9,109.7,no different,false,motriskindex-families-2024-v4
tesla-model-s,2019,5904,14.8,116.7,108.9,124.4,worse,false,motriskindex-families-2024-v4
tesla-model-s,2020,2535,19.29,157.8,143.8,171.8,worse,true,motriskindex-families-2024-v4
tesla-model-x,2016,358,9.5,55.7,37.0,74.4,better,true,motriskindex-families-2024-v4
tesla-model-x,2017,18381,14.66,91.4,87.9,94.8,better,false,motriskindex-families-2024-v4
tesla-model-x,2018,9264,16.39,107.2,101.8,112.6,worse,false,motriskindex-families-2024-v4
tesla-model-x,2019,5620,16.03,112.2,104.9,119.5,worse,false,motriskindex-families-2024-v4
tesla-model-x,2020,3814,18.17,136.4,126.3,146.6,worse,true,motriskindex-families-2024-v4
toyota-alphard,2002,1864,26.82,99.3,90.6,108.0,no different,true,motriskindex-families-2024-v4
toyota-alphard,2003,5166,28.07,106.8,101.3,112.3,worse,false,motriskindex-families-2024-v4
toyota-alphard,2004,8589,28.28,109.6,105.3,114.0,worse,false,motriskindex-families-2024-v4
toyota-alphard,2005,7596,26.22,105.6,101.0,110.3,worse,false,motriskindex-families-2024-v4
toyota-alphard,2006,8975,23.86,99.3,95.1,103.5,no different,false,motriskindex-families-2024-v4
toyota-alphard,2007,8782,20.72,87.8,83.8,91.9,better,false,motriskindex-families-2024-v4
toyota-alphard,2008,5579,21.83,94.5,89.2,99.8,better,false,motriskindex-families-2024-v4
toyota-alphard,2009,1233,15.82,70.2,60.3,80.0,better,true,motriskindex-families-2024-v4
toyota-alphard,2010,1478,21.72,97.6,86.9,108.2,no different,true,motriskindex-families-2024-v4
toyota-alphard,2011,423,22.22,97.1,77.5,116.7,no different,true,motriskindex-families-2024-v4
toyota-alphard,2014,450,32.44,99.5,83.4,115.7,no different,true,motriskindex-families-2024-v4
toyota-alphard,2015,2068,35.11,108.4,100.5,116.3,worse,true,motriskindex-families-2024-v4
toyota-alphard,2016,3484,32.58,101.5,95.5,107.4,no different,true,motriskindex-families-2024-v4
toyota-alphard,2017,4009,32.4,102.1,96.6,107.7,no different,false,motriskindex-families-2024-v4
toyota-alphard,2018,3476,31.07,100.3,94.3,106.2,no different,true,motriskindex-families-2024-v4
toyota-alphard,2019,2192,29.93,98.4,90.8,105.9,no different,true,motriskindex-families-2024-v4
toyota-alphard,2020,1530,33.33,111.0,101.4,120.6,worse,true,motriskindex-families-2024-v4
toyota-auris,2006,712,35.67,92.5,81.1,103.8,no different,true,motriskindex-families-2024-v4
toyota-auris,2007,146183,37.27,100.2,99.4,101.1,no different,false,motriskindex-families-2024-v4
toyota-auris,2008,146134,36.46,102.9,102.0,103.8,worse,false,motriskindex-families-2024-v4
toyota-auris,2009,131084,33.8,101.7,100.7,102.6,worse,false,motriskindex-families-2024-v4
toyota-auris,2010,108686,31.59,102.7,101.6,103.8,worse,false,motriskindex-families-2024-v4
toyota-auris,2011,105379,30.61,109.1,107.9,110.3,worse,false,motriskindex-families-2024-v4
toyota-auris,2012,93904,27.84,110.3,109.0,111.6,worse,false,motriskindex-families-2024-v4
toyota-auris,2013,155996,19.84,88.0,87.0,89.0,better,false,motriskindex-families-2024-v4
toyota-auris,2014,192217,19.36,94.9,94.0,95.9,better,false,motriskindex-families-2024-v4
toyota-auris,2015,194394,17.61,95.3,94.3,96.4,better,false,motriskindex-families-2024-v4
toyota-auris,2016,174685,16.36,98.7,97.6,99.8,better,false,motriskindex-families-2024-v4
toyota-auris,2017,133112,14.93,96.8,95.4,98.1,better,false,motriskindex-families-2024-v4
toyota-auris,2018,97443,16.01,108.4,106.7,110.1,worse,false,motriskindex-families-2024-v4
toyota-auris,2019,6321,16.56,119.4,112.2,126.6,worse,false,motriskindex-families-2024-v4
toyota-avensis,1998,4386,42.68,94.9,90.6,99.2,better,false,motriskindex-families-2024-v4
toyota-avensis,1999,8166,44.38,98.7,95.5,101.9,no different,false,motriskindex-families-2024-v4
toyota-avensis,2000,10836,44.06,99.4,96.6,102.2,no different,false,motriskindex-families-2024-v4
toyota-avensis,2001,15804,43.81,99.4,97.0,101.7,no different,false,motriskindex-families-2024-v4
toyota-avensis,2002,21282,44.91,102.5,100.5,104.6,worse,false,motriskindex-families-2024-v4
toyota-avensis,2003,43072,43.63,100.2,98.8,101.6,no different,false,motriskindex-families-2024-v4
toyota-avensis,2004,58998,42.37,98.0,96.8,99.2,better,false,motriskindex-families-2024-v4
toyota-avensis,2005,71206,42.48,100.3,99.1,101.4,no different,false,motriskindex-families-2024-v4
toyota-avensis,2006,84761,41.5,100.3,99.2,101.3,no different,false,motriskindex-families-2024-v4
toyota-avensis,2007,87656,41.56,104.2,103.1,105.3,worse,false,motriskindex-families-2024-v4
toyota-avensis,2008,81099,39.81,105.0,103.8,106.1,worse,false,motriskindex-families-2024-v4
toyota-avensis,2009,73075,33.57,94.9,93.7,96.0,better,false,motriskindex-families-2024-v4
toyota-avensis,2010,75479,31.14,95.1,93.9,96.3,better,false,motriskindex-families-2024-v4
toyota-avensis,2011,57985,28.24,94.9,93.5,96.4,better,false,motriskindex-families-2024-v4
toyota-avensis,2012,61747,25.27,94.3,92.8,95.8,better,false,motriskindex-families-2024-v4
toyota-avensis,2013,39767,23.44,98.3,96.3,100.3,no different,false,motriskindex-families-2024-v4
toyota-avensis,2014,37682,21.72,102.1,99.9,104.4,no different,false,motriskindex-families-2024-v4
toyota-avensis,2015,39037,18.17,96.5,94.2,98.7,better,false,motriskindex-families-2024-v4
toyota-avensis,2016,42435,15.13,91.8,89.5,94.0,better,false,motriskindex-families-2024-v4
toyota-avensis,2017,24936,13.41,89.6,86.6,92.7,better,false,motriskindex-families-2024-v4
toyota-avensis,2018,8543,15.53,110.7,104.7,116.6,worse,false,motriskindex-families-2024-v4
toyota-aygo,2005,20591,48.82,106.9,104.8,109.0,worse,false,motriskindex-families-2024-v4
toyota-aygo,2006,106930,44.8,102.6,101.7,103.5,worse,false,motriskindex-families-2024-v4
toyota-aygo,2007,119767,41.66,100.4,99.5,101.3,no different,false,motriskindex-families-2024-v4
toyota-aygo,2008,138739,41.22,105.7,104.9,106.6,worse,false,motriskindex-families-2024-v4
toyota-aygo,2009,146842,36.09,100.0,99.2,100.9,no different,false,motriskindex-families-2024-v4
toyota-aygo,2010,135271,31.85,97.3,96.4,98.3,better,false,motriskindex-families-2024-v4
toyota-aygo,2011,144239,29.82,102.0,101.1,103.0,worse,false,motriskindex-families-2024-v4
toyota-aygo,2012,165775,26.99,105.0,104.0,105.9,worse,false,motriskindex-families-2024-v4
toyota-aygo,2013,169014,23.89,106.6,105.5,107.6,worse,false,motriskindex-families-2024-v4
toyota-aygo,2014,214063,19.91,102.8,101.8,103.8,worse,false,motriskindex-families-2024-v4
toyota-aygo,2015,255909,15.34,92.6,91.7,93.5,better,false,motriskindex-families-2024-v4
toyota-aygo,2016,245929,13.03,92.8,91.8,93.8,better,false,motriskindex-families-2024-v4
toyota-aygo,2017,202893,11.56,92.2,91.0,93.3,better,false,motriskindex-families-2024-v4
toyota-aygo,2018,155614,11.52,100.0,98.6,101.5,no different,false,motriskindex-families-2024-v4
toyota-aygo,2019,112140,10.01,97.3,95.5,99.1,better,false,motriskindex-families-2024-v4
toyota-aygo,2020,50357,8.81,95.4,92.6,98.2,better,false,motriskindex-families-2024-v4
toyota-c-hr,2016,5252,12.2,84.6,78.1,91.2,better,false,motriskindex-families-2024-v4
toyota-c-hr,2017,132222,13.31,98.1,96.7,99.6,better,false,motriskindex-families-2024-v4
toyota-c-hr,2018,130612,13.88,109.0,107.4,110.6,worse,false,motriskindex-families-2024-v4
toyota-c-hr,2019,89962,11.35,101.1,99.2,103.1,no different,false,motriskindex-families-2024-v4
toyota-c-hr,2020,49558,10.02,102.8,100.0,105.7,no different,false,motriskindex-families-2024-v4
toyota-camry,2019,2258,7.0,99.8,84.3,115.4,no different,true,motriskindex-families-2024-v4
toyota-camry,2020,1156,6.83,100.4,78.3,122.5,no different,true,motriskindex-families-2024-v4
toyota-celica,1998,2330,41.29,97.6,91.5,103.8,no different,true,motriskindex-families-2024-v4
toyota-celica,1999,3140,41.66,98.1,92.8,103.4,no different,true,motriskindex-families-2024-v4
toyota-celica,2000,6352,44.84,106.0,102.1,109.9,worse,false,motriskindex-families-2024-v4
toyota-celica,2001,14148,41.25,97.3,94.8,99.8,better,false,motriskindex-families-2024-v4
toyota-celica,2002,17459,41.38,97.7,95.4,99.9,better,false,motriskindex-families-2024-v4
toyota-celica,2003,21804,43.46,102.0,99.9,104.0,no different,false,motriskindex-families-2024-v4
toyota-celica,2004,22902,43.02,100.8,98.8,102.8,no different,false,motriskindex-families-2024-v4
toyota-celica,2005,18657,41.06,97.2,95.0,99.4,better,false,motriskindex-families-2024-v4
toyota-celica,2006,12135,37.61,90.5,87.9,93.2,better,false,motriskindex-families-2024-v4
toyota-celica,2007,754,33.82,82.8,72.6,92.9,better,true,motriskindex-families-2024-v4
toyota-celica,2008,347,31.7,79.4,64.5,94.2,better,true,motriskindex-families-2024-v4
toyota-corolla,1998,10196,45.29,104.9,101.9,107.9,worse,false,motriskindex-families-2024-v4
toyota-corolla,1999,16568,40.69,95.3,93.0,97.5,better,false,motriskindex-families-2024-v4
toyota-corolla,2000,20762,40.46,95.8,93.7,97.8,better,false,motriskindex-families-2024-v4
toyota-corolla,2001,34960,37.97,90.6,89.1,92.2,better,false,motriskindex-families-2024-v4
toyota-corolla,2002,70108,42.25,101.8,100.6,102.9,worse,false,motriskindex-families-2024-v4
toyota-corolla,2003,98145,42.25,102.6,101.6,103.6,worse,false,motriskindex-families-2024-v4
toyota-corolla,2004,124984,41.59,102.5,101.7,103.4,worse,false,motriskindex-families-2024-v4
toyota-corolla,2005,177971,38.85,98.3,97.5,99.0,better,false,motriskindex-families-2024-v4
toyota-corolla,2006,183755,37.3,96.7,96.0,97.4,better,false,motriskindex-families-2024-v4
toyota-corolla,2007,66920,36.75,97.8,96.6,99.0,better,false,motriskindex-families-2024-v4
toyota-corolla,2008,45562,36.08,98.6,97.1,100.2,no different,false,motriskindex-families-2024-v4
toyota-corolla,2009,16278,34.5,97.8,95.2,100.3,no different,false,motriskindex-families-2024-v4
toyota-corolla,2010,943,32.34,94.6,84.0,105.2,no different,true,motriskindex-families-2024-v4
toyota-corolla,2017,318,10.06,90.9,59.4,122.5,no different,true,motriskindex-families-2024-v4
toyota-corolla,2019,80991,11.29,104.2,102.0,106.3,worse,false,motriskindex-families-2024-v4
toyota-corolla,2020,56011,10.66,100.8,98.2,103.3,no different,false,motriskindex-families-2024-v4
toyota-estima,2000,950,50.95,96.9,88.3,105.5,no different,true,motriskindex-families-2024-v4
toyota-estima,2001,1054,45.35,100.5,91.5,109.6,no different,true,motriskindex-families-2024-v4
toyota-estima,2002,1660,42.89,109.9,101.9,118.0,worse,true,motriskindex-families-2024-v4
toyota-estima,2003,2506,40.06,110.6,103.7,117.4,worse,true,motriskindex-families-2024-v4
toyota-estima,2004,2926,33.29,99.9,93.6,106.2,no different,true,motriskindex-families-2024-v4
toyota-estima,2005,2469,33.37,111.7,104.1,119.3,worse,true,motriskindex-families-2024-v4
toyota-estima,2006,8071,24.98,91.2,87.2,95.2,better,false,motriskindex-families-2024-v4
toyota-estima,2007,8207,25.41,102.3,97.9,106.7,no different,false,motriskindex-families-2024-v4
toyota-estima,2008,10094,21.43,95.2,91.1,99.2,better,false,motriskindex-families-2024-v4
toyota-estima,2009,9968,19.89,94.2,90.0,98.3,better,false,motriskindex-families-2024-v4
toyota-estima,2010,9722,19.4,97.4,93.0,101.8,no different,false,motriskindex-families-2024-v4
toyota-estima,2011,7072,18.98,98.2,93.0,103.5,no different,false,motriskindex-families-2024-v4
toyota-estima,2012,8283,18.28,94.4,89.7,99.2,better,false,motriskindex-families-2024-v4
toyota-estima,2013,8138,18.7,92.7,88.0,97.3,better,false,motriskindex-families-2024-v4
toyota-estima,2014,6828,20.71,96.5,91.5,101.6,no different,false,motriskindex-families-2024-v4
toyota-estima,2015,5089,26.35,122.0,115.5,128.5,worse,false,motriskindex-families-2024-v4
toyota-estima,2016,6495,25.25,112.6,107.2,118.1,worse,false,motriskindex-families-2024-v4
toyota-estima,2017,5160,25.47,107.5,101.7,113.3,worse,false,motriskindex-families-2024-v4
toyota-estima,2018,4376,25.69,101.3,95.4,107.2,no different,false,motriskindex-families-2024-v4
toyota-estima,2019,4167,24.74,94.5,88.7,100.3,no different,false,motriskindex-families-2024-v4
toyota-estima,2020,2017,28.51,108.5,99.6,117.3,no different,true,motriskindex-families-2024-v4
toyota-gt86,2012,13534,16.44,100.8,96.6,104.9,no different,false,motriskindex-families-2024-v4
toyota-gt86,2013,17462,14.92,100.6,96.7,104.4,no different,false,motriskindex-families-2024-v4
toyota-gt86,2014,10435,13.93,100.3,95.1,105.5,no different,false,motriskindex-families-2024-v4
toyota-gt86,2015,7934,13.59,107.6,101.2,114.1,worse,false,motriskindex-families-2024-v4
toyota-gt86,2016,7086,10.32,94.1,87.3,100.9,no different,false,motriskindex-families-2024-v4
toyota-gt86,2017,6011,9.47,95.2,87.4,103.0,no different,false,motriskindex-families-2024-v4
toyota-gt86,2018,3268,9.27,100.1,88.8,111.4,no different,true,motriskindex-families-2024-v4
toyota-gt86,2019,1730,7.46,91.5,75.7,107.3,no different,true,motriskindex-families-2024-v4
toyota-gt86,2020,744,5.11,74.8,51.0,98.6,better,true,motriskindex-families-2024-v4
toyota-hiace,1998,3388,42.38,101.1,95.9,106.3,no different,true,motriskindex-families-2024-v4
toyota-hiace,1999,4458,41.0,98.4,93.9,102.9,no different,false,motriskindex-families-2024-v4
toyota-hiace,2000,7686,42.05,102.7,99.2,106.3,no different,false,motriskindex-families-2024-v4
toyota-hiace,2001,10530,39.75,98.4,95.4,101.4,no different,false,motriskindex-families-2024-v4
toyota-hiace,2002,12390,39.26,98.7,95.9,101.5,no different,false,motriskindex-families-2024-v4
toyota-hiace,2003,13950,40.36,103.4,100.7,106.1,worse,false,motriskindex-families-2024-v4
toyota-hiace,2004,15519,38.7,102.2,99.6,104.8,no different,false,motriskindex-families-2024-v4
toyota-hiace,2005,16633,36.04,98.0,95.5,100.5,no different,false,motriskindex-families-2024-v4
toyota-hiace,2006,18436,35.56,100.2,97.8,102.6,no different,false,motriskindex-families-2024-v4
toyota-hiace,2007,22814,32.73,95.8,93.6,98.0,better,false,motriskindex-families-2024-v4
toyota-hiace,2008,19736,32.01,97.1,94.7,99.5,better,false,motriskindex-families-2024-v4
toyota-hiace,2009,10872,30.97,97.3,94.0,100.6,no different,false,motriskindex-families-2024-v4
toyota-hiace,2010,10040,30.85,99.8,96.3,103.4,no different,false,motriskindex-families-2024-v4
toyota-hiace,2011,6313,30.24,100.3,95.8,104.8,no different,false,motriskindex-families-2024-v4
toyota-hiace,2012,1192,29.87,102.2,91.5,112.8,no different,true,motriskindex-families-2024-v4
toyota-hiace,2013,594,31.48,109.4,93.7,125.1,no different,true,motriskindex-families-2024-v4
toyota-hiace,2014,336,31.85,112.5,91.2,133.9,no different,true,motriskindex-families-2024-v4
toyota-hiace,2015,316,34.81,122.9,100.0,145.9,no different,true,motriskindex-families-2024-v4
toyota-hilux,1998,3832,47.55,100.3,95.7,104.9,no different,true,motriskindex-families-2024-v4
toyota-hilux,1999,4868,46.18,99.0,94.9,103.1,no different,false,motriskindex-families-2024-v4
toyota-hilux,2000,5854,46.22,100.4,96.6,104.1,no different,false,motriskindex-families-2024-v4
toyota-hilux,2001,7458,45.8,100.3,97.0,103.7,no different,false,motriskindex-families-2024-v4
toyota-hilux,2002,12454,46.33,101.7,99.1,104.4,no different,false,motriskindex-families-2024-v4
toyota-hilux,2003,13219,45.71,101.0,98.5,103.6,no different,false,motriskindex-families-2024-v4
toyota-hilux,2004,18273,45.81,101.7,99.6,103.9,no different,false,motriskindex-families-2024-v4
toyota-hilux,2005,14678,42.98,96.5,94.1,98.8,better,false,motriskindex-families-2024-v4
toyota-hilux,2006,15032,43.57,98.8,96.5,101.2,no different,false,motriskindex-families-2024-v4
toyota-hilux,2007,25712,42.03,97.2,95.4,99.1,better,false,motriskindex-families-2024-v4
toyota-hilux,2008,27125,41.53,98.7,96.9,100.6,no different,false,motriskindex-families-2024-v4
toyota-hilux,2009,23921,41.42,101.8,99.8,103.8,no different,false,motriskindex-families-2024-v4
toyota-hilux,2010,32355,39.69,101.4,99.7,103.2,no different,false,motriskindex-families-2024-v4
toyota-hilux,2011,46898,38.38,103.3,101.8,104.8,worse,false,motriskindex-families-2024-v4
toyota-hilux,2012,47569,34.56,99.3,97.8,100.8,no different,false,motriskindex-families-2024-v4
toyota-hilux,2013,49778,32.44,101.3,99.7,102.8,no different,false,motriskindex-families-2024-v4
toyota-hilux,2014,58495,29.16,100.3,98.8,101.8,no different,false,motriskindex-families-2024-v4
toyota-hilux,2015,66489,27.53,105.2,103.7,106.7,worse,false,motriskindex-families-2024-v4
toyota-hilux,2016,53076,23.06,100.4,98.6,102.2,no different,false,motriskindex-families-2024-v4
toyota-hilux,2017,51592,17.48,84.2,82.4,85.9,better,false,motriskindex-families-2024-v4
toyota-hilux,2018,39404,19.04,97.4,95.2,99.6,better,false,motriskindex-families-2024-v4
toyota-hilux,2019,26209,18.47,101.9,99.0,104.7,no different,false,motriskindex-families-2024-v4
toyota-hilux,2020,14877,18.26,108.9,104.8,113.0,worse,false,motriskindex-families-2024-v4
toyota-iq,2009,70602,24.47,102.4,100.9,103.9,worse,false,motriskindex-families-2024-v4
toyota-iq,2010,41935,22.67,100.6,98.6,102.7,no different,false,motriskindex-families-2024-v4
toyota-iq,2011,27881,21.22,101.1,98.5,103.7,no different,false,motriskindex-families-2024-v4
toyota-iq,2012,25782,18.81,97.1,94.4,99.9,better,false,motriskindex-families-2024-v4
toyota-iq,2013,14466,16.63,94.7,90.9,98.5,better,false,motriskindex-families-2024-v4
toyota-iq,2014,9249,13.28,83.8,79.1,88.4,better,false,motriskindex-families-2024-v4
toyota-land-cruiser,1998,5418,38.46,98.0,93.8,102.2,no different,false,motriskindex-families-2024-v4
toyota-land-cruiser,1999,7332,40.4,104.1,100.4,107.9,worse,false,motriskindex-families-2024-v4
toyota-land-cruiser,2000,8256,38.13,99.8,96.4,103.3,no different,false,motriskindex-families-2024-v4
toyota-land-cruiser,2001,12712,37.11,97.6,94.8,100.4,no different,false,motriskindex-families-2024-v4
toyota-land-cruiser,2002,14225,37.8,100.1,97.4,102.7,no different,false,motriskindex-families-2024-v4
toyota-land-cruiser,2003,18395,37.46,99.9,97.5,102.2,no different,false,motriskindex-families-2024-v4
toyota-land-cruiser,2004,23134,38.13,101.8,99.7,103.9,no different,false,motriskindex-families-2024-v4
toyota-land-cruiser,2005,21780,35.9,98.2,96.0,100.4,no different,false,motriskindex-families-2024-v4
toyota-land-cruiser,2006,15569,36.03,102.2,99.5,104.9,no different,false,motriskindex-families-2024-v4
toyota-land-cruiser,2007,12687,33.35,99.3,96.3,102.3,no different,false,motriskindex-families-2024-v4
toyota-land-cruiser,2008,7473,30.84,98.3,94.3,102.3,no different,false,motriskindex-families-2024-v4
toyota-land-cruiser,2009,4869,29.64,103.7,98.3,109.0,no different,false,motriskindex-families-2024-v4
toyota-land-cruiser,2010,7392,22.89,90.0,85.7,94.3,better,false,motriskindex-families-2024-v4
toyota-land-cruiser,2011,5240,22.86,100.6,94.9,106.3,no different,false,motriskindex-families-2024-v4
toyota-land-cruiser,2012,4705,18.36,92.4,86.2,98.5,better,false,motriskindex-families-2024-v4
toyota-land-cruiser,2013,4734,16.16,91.0,84.6,97.5,better,false,motriskindex-families-2024-v4
toyota-land-cruiser,2014,7935,14.14,87.3,82.2,92.4,better,false,motriskindex-families-2024-v4
toyota-land-cruiser,2015,8109,15.48,102.5,96.8,108.2,no different,false,motriskindex-families-2024-v4
toyota-land-cruiser,2016,6797,13.83,99.9,93.5,106.3,no different,false,motriskindex-families-2024-v4
toyota-land-cruiser,2017,4218,13.06,99.3,91.0,107.6,no different,false,motriskindex-families-2024-v4
toyota-land-cruiser,2018,4554,12.78,99.8,91.7,107.9,no different,false,motriskindex-families-2024-v4
toyota-land-cruiser,2019,3147,12.23,100.1,90.1,110.1,no different,true,motriskindex-families-2024-v4
toyota-land-cruiser,2020,1251,10.87,95.2,79.2,111.2,no different,true,motriskindex-families-2024-v4
toyota-mr2,1998,1286,42.46,106.8,97.9,115.8,no different,true,motriskindex-families-2024-v4
toyota-mr2,1999,1718,37.83,98.3,90.7,105.9,no different,true,motriskindex-families-2024-v4
toyota-mr2,2000,9480,39.24,103.0,99.7,106.3,no different,false,motriskindex-families-2024-v4
toyota-mr2,2001,11258,39.08,103.6,100.6,106.7,worse,false,motriskindex-families-2024-v4
toyota-mr2,2002,13723,39.82,106.6,103.8,109.5,worse,false,motriskindex-families-2024-v4
toyota-mr2,2003,15423,36.52,99.1,96.5,101.7,no different,false,motriskindex-families-2024-v4
toyota-mr2,2004,14207,34.72,96.0,93.3,98.7,better,false,motriskindex-families-2024-v4
toyota-mr2,2005,9972,32.87,93.6,90.4,96.8,better,false,motriskindex-families-2024-v4
toyota-mr2,2006,8831,29.02,86.8,83.5,90.2,better,false,motriskindex-families-2024-v4
toyota-mr2,2007,401,34.16,102.9,85.7,120.2,no different,true,motriskindex-families-2024-v4
toyota-mr2,2008,250,28.8,94.7,72.9,116.6,no different,true,motriskindex-families-2024-v4
toyota-previa,1998,1142,51.14,101.6,93.4,109.9,no different,true,motriskindex-families-2024-v4
toyota-previa,1999,960,50.83,102.2,93.1,111.3,no different,true,motriskindex-families-2024-v4
toyota-previa,2000,3506,50.09,102.3,97.5,107.1,no different,true,motriskindex-families-2024-v4
toyota-previa,2001,8134,49.5,102.4,99.2,105.5,no different,false,motriskindex-families-2024-v4
toyota-previa,2002,8762,47.04,98.1,95.1,101.1,no different,false,motriskindex-families-2024-v4
toyota-previa,2003,10923,47.34,99.4,96.7,102.1,no different,false,motriskindex-families-2024-v4
toyota-previa,2004,11199,46.97,99.4,96.7,102.0,no different,false,motriskindex-families-2024-v4
toyota-previa,2005,10060,44.25,95.4,92.6,98.2,better,false,motriskindex-families-2024-v4
toyota-previa,2006,7827,43.35,94.5,91.3,97.7,better,false,motriskindex-families-2024-v4
toyota-previa,2007,424,44.81,100.7,86.3,115.0,no different,true,motriskindex-families-2024-v4
toyota-previa,2008,290,38.62,88.0,71.7,104.3,no different,true,motriskindex-families-2024-v4
toyota-prius,2001,1026,34.7,86.4,77.5,95.4,better,true,motriskindex-families-2024-v4
toyota-prius,2002,740,36.49,92.9,81.8,104.0,no different,true,motriskindex-families-2024-v4
toyota-prius,2003,1812,38.85,101.2,93.7,108.7,no different,true,motriskindex-families-2024-v4
toyota-prius,2004,11597,38.44,102.9,99.9,106.0,no different,false,motriskindex-families-2024-v4
toyota-prius,2005,30288,36.89,101.0,99.2,102.9,no different,false,motriskindex-families-2024-v4
toyota-prius,2006,43173,37.22,105.0,103.3,106.6,worse,false,motriskindex-families-2024-v4
toyota-prius,2007,77680,34.45,100.9,99.7,102.1,no different,false,motriskindex-families-2024-v4
toyota-prius,2008,78815,32.04,98.9,97.7,100.1,no different,false,motriskindex-families-2024-v4
toyota-prius,2009,80657,31.08,102.3,101.1,103.6,worse,false,motriskindex-families-2024-v4
toyota-prius,2010,118317,29.63,104.9,103.8,106.0,worse,false,motriskindex-families-2024-v4
toyota-prius,2011,93221,27.91,107.9,106.6,109.2,worse,false,motriskindex-families-2024-v4
toyota-prius,2012,106135,23.3,99.8,98.5,101.0,no different,false,motriskindex-families-2024-v4
toyota-prius,2013,109056,21.12,100.4,99.1,101.7,no different,false,motriskindex-families-2024-v4
toyota-prius,2014,122181,18.99,99.2,97.9,100.5,no different,false,motriskindex-families-2024-v4
toyota-prius,2015,125800,18.7,106.3,104.9,107.6,worse,false,motriskindex-families-2024-v4
toyota-prius,2016,139617,13.94,88.4,87.1,89.6,better,false,motriskindex-families-2024-v4
toyota-prius,2017,109639,11.73,80.0,78.7,81.4,better,false,motriskindex-families-2024-v4
toyota-prius,2018,87235,12.32,89.7,88.0,91.4,better,false,motriskindex-families-2024-v4
toyota-prius,2019,80738,14.28,109.6,107.6,111.6,worse,false,motriskindex-families-2024-v4
toyota-prius,2020,25136,14.32,113.7,110.0,117.4,worse,false,motriskindex-families-2024-v4
toyota-proace,2013,2260,43.98,101.9,95.5,108.2,no different,true,motriskindex-families-2024-v4
toyota-proace,2014,9426,44.01,109.6,106.2,112.9,worse,false,motriskindex-families-2024-v4
toyota-proace,2015,12577,43.56,119.4,116.2,122.6,worse,false,motriskindex-families-2024-v4
toyota-proace,2016,6806,34.57,107.6,103.2,111.9,worse,false,motriskindex-families-2024-v4
toyota-proace,2017,16744,23.35,80.8,78.3,83.4,better,false,motriskindex-families-2024-v4
toyota-proace,2018,15071,26.63,97.7,94.7,100.7,no different,false,motriskindex-families-2024-v4
toyota-proace,2019,9444,24.45,95.1,91.2,98.9,better,false,motriskindex-families-2024-v4
toyota-proace,2020,5362,24.04,100.1,94.7,105.6,no different,false,motriskindex-families-2024-v4
toyota-rav4,1998,6614,42.61,100.0,96.3,103.7,no different,false,motriskindex-families-2024-v4
toyota-rav4,1999,7526,42.81,102.8,99.3,106.4,no different,false,motriskindex-families-2024-v4
toyota-rav4,2000,11554,41.96,102.8,99.9,105.7,no different,false,motriskindex-families-2024-v4
toyota-rav4,2001,29846,41.11,102.2,100.4,104.0,worse,false,motriskindex-families-2024-v4
toyota-rav4,2002,55649,40.29,101.0,99.7,102.3,no different,false,motriskindex-families-2024-v4
toyota-rav4,2003,73980,39.61,100.4,99.3,101.6,no different,false,motriskindex-families-2024-v4
toyota-rav4,2004,88334,37.26,95.9,94.8,96.9,better,false,motriskindex-families-2024-v4
toyota-rav4,2005,94029,35.83,94.0,93.0,95.0,better,false,motriskindex-families-2024-v4
toyota-rav4,2006,80522,38.12,102.9,101.8,104.1,worse,false,motriskindex-families-2024-v4
toyota-rav4,2007,81914,37.53,105.3,104.1,106.5,worse,false,motriskindex-families-2024-v4
toyota-rav4,2008,64633,35.24,105.2,103.8,106.6,worse,false,motriskindex-families-2024-v4
toyota-rav4,2009,39909,31.07,100.9,99.1,102.7,no different,false,motriskindex-families-2024-v4
toyota-rav4,2010,46761,27.15,97.1,95.4,98.8,better,false,motriskindex-families-2024-v4
toyota-rav4,2011,43587,24.31,97.9,96.0,99.7,better,false,motriskindex-families-2024-v4
toyota-rav4,2012,38661,20.9,95.8,93.7,97.9,better,false,motriskindex-families-2024-v4
toyota-rav4,2013,68202,17.69,92.7,91.1,94.4,better,false,motriskindex-families-2024-v4
toyota-rav4,2014,69956,17.01,100.5,98.7,102.3,no different,false,motriskindex-families-2024-v4
toyota-rav4,2015,62530,15.7,105.3,103.3,107.4,worse,false,motriskindex-families-2024-v4
toyota-rav4,2016,86242,11.98,93.8,92.0,95.6,better,false,motriskindex-families-2024-v4
toyota-rav4,2017,75190,12.08,104.3,102.2,106.5,worse,false,motriskindex-families-2024-v4
toyota-rav4,2018,52115,12.14,111.9,109.1,114.6,worse,false,motriskindex-families-2024-v4
toyota-rav4,2019,47004,7.81,80.1,77.5,82.7,better,false,motriskindex-families-2024-v4
toyota-rav4,2020,36798,7.87,92.9,89.5,96.3,better,false,motriskindex-families-2024-v4
toyota-starlet,1998,8926,38.32,95.5,92.3,98.7,better,false,motriskindex-families-2024-v4
toyota-starlet,1999,5374,37.25,95.6,91.4,99.8,better,false,motriskindex-families-2024-v4
toyota-urban-cruiser,2009,14116,28.07,100.9,97.7,104.0,no different,false,motriskindex-families-2024-v4
toyota-urban-cruiser,2010,13546,27.0,103.1,99.8,106.4,no different,false,motriskindex-families-2024-v4
toyota-urban-cruiser,2011,11351,24.58,99.7,96.0,103.4,no different,false,motriskindex-families-2024-v4
toyota-urban-cruiser,2012,6555,20.53,90.5,85.6,95.3,better,false,motriskindex-families-2024-v4
toyota-vellfire,2008,1262,18.38,101.9,88.8,115.0,no different,true,motriskindex-families-2024-v4
toyota-vellfire,2009,1626,15.93,93.9,82.4,105.3,no different,true,motriskindex-families-2024-v4
toyota-vellfire,2010,2153,16.49,109.4,98.0,120.8,no different,true,motriskindex-families-2024-v4
toyota-vellfire,2011,722,17.87,127.9,105.9,150.0,worse,true,motriskindex-families-2024-v4
toyota-vellfire,2012,818,10.76,88.0,69.6,106.4,no different,true,motriskindex-families-2024-v4
toyota-verso,2007,478,34.31,93.5,79.1,107.8,no different,true,motriskindex-families-2024-v4
toyota-verso,2008,918,37.47,104.9,93.8,115.9,no different,true,motriskindex-families-2024-v4
toyota-verso,2009,23303,34.15,99.6,97.4,101.8,no different,false,motriskindex-families-2024-v4
toyota-verso,2010,37083,35.42,108.6,106.7,110.4,worse,false,motriskindex-families-2024-v4
toyota-verso,2011,45363,30.34,99.4,97.7,101.1,no different,false,motriskindex-families-2024-v4
toyota-verso,2012,34473,30.01,107.7,105.6,109.8,worse,false,motriskindex-families-2024-v4
toyota-verso,2013,37305,24.82,98.3,96.3,100.3,no different,false,motriskindex-families-2024-v4
toyota-verso,2014,33943,22.31,97.4,95.2,99.6,better,false,motriskindex-families-2024-v4
toyota-verso,2015,36175,19.3,94.1,91.9,96.4,better,false,motriskindex-families-2024-v4
toyota-verso,2016,39540,17.52,97.2,94.9,99.5,better,false,motriskindex-families-2024-v4
toyota-verso,2017,22190,14.39,86.9,83.9,90.0,better,false,motriskindex-families-2024-v4
toyota-verso,2018,5966,15.44,97.7,91.4,104.1,no different,false,motriskindex-families-2024-v4
toyota-vitz,2011,746,11.8,80.7,63.8,97.5,better,true,motriskindex-families-2024-v4
toyota-vitz,2012,1060,15.19,108.3,91.5,125.0,no different,true,motriskindex-families-2024-v4
toyota-yaris,1999,19058,49.35,104.6,102.5,106.7,worse,false,motriskindex-families-2024-v4
toyota-yaris,2000,61004,47.08,100.9,99.7,102.1,no different,false,motriskindex-families-2024-v4
toyota-yaris,2001,122042,44.54,96.5,95.7,97.3,better,false,motriskindex-families-2024-v4
toyota-yaris,2002,160614,44.09,96.3,95.5,97.0,better,false,motriskindex-families-2024-v4
toyota-yaris,2003,193936,45.95,100.9,100.2,101.6,worse,false,motriskindex-families-2024-v4
toyota-yaris,2004,213580,45.69,102.1,101.4,102.7,worse,false,motriskindex-families-2024-v4
toyota-yaris,2005,241592,43.67,100.4,99.8,101.0,no different,false,motriskindex-families-2024-v4
toyota-yaris,2006,229414,43.03,102.6,102.0,103.3,worse,false,motriskindex-families-2024-v4
toyota-yaris,2007,262910,41.33,103.5,102.8,104.1,worse,false,motriskindex-families-2024-v4
toyota-yaris,2008,271435,39.48,105.1,104.5,105.8,worse,false,motriskindex-families-2024-v4
toyota-yaris,2009,284533,32.12,92.4,91.8,93.0,better,false,motriskindex-families-2024-v4
toyota-yaris,2010,212784,31.57,98.9,98.2,99.7,better,false,motriskindex-families-2024-v4
toyota-yaris,2011,180394,26.98,93.2,92.4,94.0,better,false,motriskindex-families-2024-v4
toyota-yaris,2012,302727,27.08,104.2,103.5,104.9,worse,false,motriskindex-families-2024-v4
toyota-yaris,2013,317548,24.56,107.0,106.2,107.7,worse,false,motriskindex-families-2024-v4
toyota-yaris,2014,318897,21.34,105.3,104.6,106.1,worse,false,motriskindex-families-2024-v4
toyota-yaris,2015,339931,16.24,91.3,90.5,92.1,better,false,motriskindex-families-2024-v4
toyota-yaris,2016,315954,14.0,91.8,90.9,92.6,better,false,motriskindex-families-2024-v4
toyota-yaris,2017,253089,13.19,95.9,94.9,97.0,better,false,motriskindex-families-2024-v4
toyota-yaris,2018,197941,12.61,98.8,97.5,100.0,no different,false,motriskindex-families-2024-v4
toyota-yaris,2019,142454,11.0,93.8,92.3,95.3,better,false,motriskindex-families-2024-v4
toyota-yaris,2020,62562,10.22,95.8,93.4,98.1,better,false,motriskindex-families-2024-v4
tvr-chimaera,1998,2284,16.99,104.5,94.1,114.9,no different,true,motriskindex-families-2024-v4
tvr-chimaera,1999,2614,14.84,88.4,79.6,97.2,better,true,motriskindex-families-2024-v4
tvr-chimaera,2000,1044,13.03,81.3,67.7,95.0,better,true,motriskindex-families-2024-v4
tvr-chimaera,2001,292,13.7,86.5,59.7,113.4,no different,true,motriskindex-families-2024-v4
vauxhall-adam,2012,492,27.24,86.2,71.6,100.8,no different,true,motriskindex-families-2024-v4
vauxhall-adam,2013,84916,30.41,102.3,101.0,103.5,worse,false,motriskindex-families-2024-v4
vauxhall-adam,2014,147311,27.82,102.2,101.2,103.1,worse,false,motriskindex-families-2024-v4
vauxhall-adam,2015,119141,24.38,98.6,97.4,99.7,better,false,motriskindex-families-2024-v4
vauxhall-adam,2016,104196,21.95,100.8,99.5,102.1,no different,false,motriskindex-families-2024-v4
vauxhall-adam,2017,71568,19.09,96.4,94.8,98.0,better,false,motriskindex-families-2024-v4
vauxhall-adam,2018,38422,18.99,101.8,99.5,104.1,no different,false,motriskindex-families-2024-v4
vauxhall-adam,2019,24205,17.95,102.9,99.8,105.9,no different,false,motriskindex-families-2024-v4
vauxhall-agila,2000,5192,46.34,103.7,99.6,107.9,no different,false,motriskindex-families-2024-v4
vauxhall-agila,2001,12368,43.9,99.5,96.9,102.2,no different,false,motriskindex-families-2024-v4
vauxhall-agila,2002,13405,44.09,101.7,99.2,104.3,no different,false,motriskindex-families-2024-v4
vauxhall-agila,2003,23279,42.29,99.2,97.3,101.2,no different,false,motriskindex-families-2024-v4
vauxhall-agila,2004,20648,39.91,94.1,92.0,96.1,better,false,motriskindex-families-2024-v4
vauxhall-agila,2005,19729,40.34,96.1,94.0,98.2,better,false,motriskindex-families-2024-v4
vauxhall-agila,2006,17712,36.95,89.0,86.9,91.2,better,false,motriskindex-families-2024-v4
vauxhall-agila,2007,14784,36.51,89.3,86.9,91.7,better,false,motriskindex-families-2024-v4
vauxhall-agila,2008,37959,42.88,107.5,105.9,109.2,worse,false,motriskindex-families-2024-v4
vauxhall-agila,2009,68034,41.08,107.4,106.1,108.6,worse,false,motriskindex-families-2024-v4
vauxhall-agila,2010,45115,36.7,103.0,101.4,104.5,worse,false,motriskindex-families-2024-v4
vauxhall-agila,2011,49264,33.9,103.9,102.3,105.4,worse,false,motriskindex-families-2024-v4
vauxhall-agila,2012,45313,27.46,95.1,93.4,96.8,better,false,motriskindex-families-2024-v4
vauxhall-agila,2013,39027,22.75,91.7,89.8,93.6,better,false,motriskindex-families-2024-v4
vauxhall-agila,2014,39152,18.33,88.2,86.1,90.2,better,false,motriskindex-families-2024-v4
vauxhall-agila,2015,2376,13.68,82.3,73.3,91.2,better,true,motriskindex-families-2024-v4
vauxhall-ampera,2012,4074,25.63,97.3,91.4,103.2,no different,false,motriskindex-families-2024-v4
vauxhall-ampera,2013,2524,26.07,104.5,96.5,112.5,no different,true,motriskindex-families-2024-v4
vauxhall-ampera,2014,5330,23.15,98.1,92.6,103.6,no different,false,motriskindex-families-2024-v4
vauxhall-ampera,2015,852,19.72,87.5,74.2,100.7,no different,true,motriskindex-families-2024-v4
vauxhall-antara,2007,6650,47.55,97.8,94.4,101.2,no different,false,motriskindex-families-2024-v4
vauxhall-antara,2008,9906,47.01,99.3,96.5,102.2,no different,false,motriskindex-families-2024-v4
vauxhall-antara,2009,11248,47.57,102.9,100.1,105.6,worse,false,motriskindex-families-2024-v4
vauxhall-antara,2010,3489,46.8,104.0,99.0,109.1,no different,true,motriskindex-families-2024-v4
vauxhall-antara,2011,11233,44.53,103.0,100.2,105.9,worse,false,motriskindex-families-2024-v4
vauxhall-antara,2012,73412,40.86,99.3,98.1,100.4,no different,false,motriskindex-families-2024-v4
vauxhall-antara,2013,81895,38.89,99.9,98.8,101.0,no different,false,motriskindex-families-2024-v4
vauxhall-antara,2014,30509,35.63,99.6,97.7,101.4,no different,false,motriskindex-families-2024-v4
vauxhall-antara,2015,23651,31.61,98.2,96.0,100.4,no different,false,motriskindex-families-2024-v4
vauxhall-antara,2016,9324,28.24,101.5,97.7,105.4,no different,false,motriskindex-families-2024-v4
vauxhall-astra,1998,8452,49.38,100.3,97.2,103.3,no different,false,motriskindex-families-2024-v4
vauxhall-astra,1999,21956,49.64,101.7,99.8,103.6,no different,false,motriskindex-families-2024-v4
vauxhall-astra,2000,43056,48.46,99.3,98.0,100.7,no different,false,motriskindex-families-2024-v4
vauxhall-astra,2001,77660,47.95,97.7,96.7,98.6,better,false,motriskindex-families-2024-v4
vauxhall-astra,2002,136065,49.59,100.2,99.5,101.0,no different,false,motriskindex-families-2024-v4
vauxhall-astra,2003,171133,48.69,97.8,97.1,98.4,better,false,motriskindex-families-2024-v4
vauxhall-astra,2004,194847,50.21,100.9,100.2,101.5,worse,false,motriskindex-families-2024-v4
vauxhall-astra,2005,344412,50.34,102.1,101.6,102.5,worse,false,motriskindex-families-2024-v4
vauxhall-astra,2006,463195,49.52,102.6,102.2,103.0,worse,false,motriskindex-families-2024-v4
vauxhall-astra,2007,672806,47.16,101.0,100.6,101.3,worse,false,motriskindex-families-2024-v4
vauxhall-astra,2008,620508,45.34,101.6,101.2,102.0,worse,false,motriskindex-families-2024-v4
vauxhall-astra,2009,537511,44.37,104.9,104.5,105.3,worse,false,motriskindex-families-2024-v4
vauxhall-astra,2010,691267,38.5,97.1,96.7,97.5,better,false,motriskindex-families-2024-v4
vauxhall-astra,2011,573339,35.22,95.7,95.2,96.1,better,false,motriskindex-families-2024-v4
vauxhall-astra,2012,565675,33.06,96.8,96.3,97.2,better,false,motriskindex-families-2024-v4
vauxhall-astra,2013,611218,30.58,98.8,98.4,99.3,better,false,motriskindex-families-2024-v4
vauxhall-astra,2014,584394,29.14,107.9,107.4,108.4,worse,false,motriskindex-families-2024-v4
vauxhall-astra,2015,534471,23.38,100.5,99.9,101.0,no different,false,motriskindex-families-2024-v4
vauxhall-astra,2016,633172,17.2,87.8,87.2,88.3,better,false,motriskindex-families-2024-v4
vauxhall-astra,2017,450501,15.24,88.6,87.9,89.2,better,false,motriskindex-families-2024-v4
vauxhall-astra,2018,213088,15.5,98.5,97.5,99.6,better,false,motriskindex-families-2024-v4
vauxhall-astra,2019,107042,14.07,100.7,99.1,102.3,no different,false,motriskindex-families-2024-v4
vauxhall-astra,2020,7357,10.52,84.4,78.5,90.4,better,false,motriskindex-families-2024-v4
vauxhall-astravan,2001,318,50.94,101.0,85.5,116.6,no different,true,motriskindex-families-2024-v4
vauxhall-astravan,2002,714,59.66,118.8,107.5,130.1,worse,true,motriskindex-families-2024-v4
vauxhall-astravan,2003,3696,51.3,102.1,97.5,106.7,no different,true,motriskindex-families-2024-v4
vauxhall-astravan,2004,19975,51.07,101.1,99.1,103.1,no different,false,motriskindex-families-2024-v4
vauxhall-astravan,2005,28641,51.93,103.0,101.3,104.6,worse,false,motriskindex-families-2024-v4
vauxhall-astravan,2006,28143,48.83,98.2,96.6,99.9,better,false,motriskindex-families-2024-v4
vauxhall-astravan,2007,15601,45.57,94.9,92.7,97.1,better,false,motriskindex-families-2024-v4
vauxhall-astravan,2008,14960,46.36,98.9,96.5,101.2,no different,false,motriskindex-families-2024-v4
vauxhall-astravan,2009,7135,44.37,98.3,94.8,101.7,no different,false,motriskindex-families-2024-v4
vauxhall-astravan,2010,10482,40.67,93.7,90.9,96.5,better,false,motriskindex-families-2024-v4
vauxhall-astravan,2011,10351,38.15,93.4,90.5,96.3,better,false,motriskindex-families-2024-v4
vauxhall-astravan,2012,4089,36.34,94.1,89.3,98.9,better,true,motriskindex-families-2024-v4
vauxhall-cascada,2013,8827,24.41,99.6,95.4,103.9,no different,false,motriskindex-families-2024-v4
vauxhall-cascada,2014,7924,24.91,108.0,103.2,112.8,worse,false,motriskindex-families-2024-v4
vauxhall-cascada,2015,6343,20.75,100.4,95.0,105.8,no different,false,motriskindex-families-2024-v4
vauxhall-cascada,2016,5661,16.36,90.7,84.9,96.5,better,false,motriskindex-families-2024-v4
vauxhall-cascada,2017,1942,14.62,88.9,78.6,99.2,better,true,motriskindex-families-2024-v4
vauxhall-cascada,2018,346,11.85,79.3,55.0,103.6,no different,true,motriskindex-families-2024-v4
vauxhall-combo,1998,482,46.89,83.5,72.6,94.3,better,true,motriskindex-families-2024-v4
vauxhall-combo,1999,898,42.98,77.9,70.1,85.7,better,true,motriskindex-families-2024-v4
vauxhall-combo,2000,1076,51.3,92.3,84.6,100.0,no different,true,motriskindex-families-2024-v4
vauxhall-combo,2001,2172,51.29,92.4,87.0,97.8,better,true,motriskindex-families-2024-v4
vauxhall-combo,2002,14344,55.67,100.0,97.8,102.2,no different,false,motriskindex-families-2024-v4
vauxhall-combo,2003,37721,56.2,100.6,99.3,102.0,no different,false,motriskindex-families-2024-v4
vauxhall-combo,2004,47030,56.76,102.1,100.9,103.4,worse,false,motriskindex-families-2024-v4
vauxhall-combo,2005,52977,54.45,99.3,98.1,100.4,no different,false,motriskindex-families-2024-v4
vauxhall-combo,2006,68092,54.51,102.0,101.0,103.1,worse,false,motriskindex-families-2024-v4
vauxhall-combo,2007,78984,53.08,103.3,102.3,104.3,worse,false,motriskindex-families-2024-v4
vauxhall-combo,2008,89693,50.08,102.0,101.0,102.9,worse,false,motriskindex-families-2024-v4
vauxhall-combo,2009,59929,47.0,100.7,99.5,101.8,no different,false,motriskindex-families-2024-v4
vauxhall-combo,2010,91745,38.7,87.1,86.2,88.0,better,false,motriskindex-families-2024-v4
vauxhall-combo,2011,97331,37.88,88.8,87.9,89.7,better,false,motriskindex-families-2024-v4
vauxhall-combo,2012,39761,46.96,113.6,112.0,115.2,worse,false,motriskindex-families-2024-v4
vauxhall-combo,2013,43052,42.28,105.5,104.0,107.0,worse,false,motriskindex-families-2024-v4
vauxhall-combo,2014,61730,39.04,102.2,100.9,103.4,worse,false,motriskindex-families-2024-v4
vauxhall-combo,2015,64449,36.65,100.5,99.2,101.8,no different,false,motriskindex-families-2024-v4
vauxhall-combo,2016,60936,34.82,101.4,100.0,102.7,no different,false,motriskindex-families-2024-v4
vauxhall-combo,2017,37254,32.07,99.1,97.3,100.8,no different,false,motriskindex-families-2024-v4
vauxhall-combo,2018,21519,30.87,99.8,97.4,102.2,no different,false,motriskindex-families-2024-v4
vauxhall-combo,2019,79773,28.26,96.2,95.0,97.5,better,false,motriskindex-families-2024-v4
vauxhall-combo,2020,36340,32.15,113.0,111.0,115.1,worse,false,motriskindex-families-2024-v4
vauxhall-corsa,1998,10332,45.37,88.7,86.2,91.3,better,false,motriskindex-families-2024-v4
vauxhall-corsa,1999,17022,45.4,87.8,85.9,89.8,better,false,motriskindex-families-2024-v4
vauxhall-corsa,2000,29552,49.21,94.3,92.7,95.8,better,false,motriskindex-families-2024-v4
vauxhall-corsa,2001,85286,53.89,101.9,100.9,102.8,worse,false,motriskindex-families-2024-v4
vauxhall-corsa,2002,132396,53.44,100.6,99.9,101.4,no different,false,motriskindex-families-2024-v4
vauxhall-corsa,2003,188523,53.68,101.2,100.6,101.8,worse,false,motriskindex-families-2024-v4
vauxhall-corsa,2004,220983,54.04,102.6,102.0,103.2,worse,false,motriskindex-families-2024-v4
vauxhall-corsa,2005,269626,54.09,104.4,103.9,105.0,worse,false,motriskindex-families-2024-v4
vauxhall-corsa,2006,337481,52.45,103.9,103.4,104.4,worse,false,motriskindex-families-2024-v4
vauxhall-corsa,2007,582663,48.52,99.2,98.9,99.6,better,false,motriskindex-families-2024-v4
vauxhall-corsa,2008,703249,46.87,99.3,98.9,99.6,better,false,motriskindex-families-2024-v4
vauxhall-corsa,2009,683851,44.81,98.6,98.3,99.0,better,false,motriskindex-families-2024-v4
vauxhall-corsa,2010,687699,43.34,99.8,99.4,100.1,no different,false,motriskindex-families-2024-v4
vauxhall-corsa,2011,713640,39.45,96.1,95.8,96.5,better,false,motriskindex-families-2024-v4
vauxhall-corsa,2012,802796,38.08,99.1,98.7,99.4,better,false,motriskindex-families-2024-v4
vauxhall-corsa,2013,780351,37.47,106.5,106.1,106.8,worse,false,motriskindex-families-2024-v4
vauxhall-corsa,2014,854936,34.49,110.7,110.3,111.1,worse,false,motriskindex-families-2024-v4
vauxhall-corsa,2015,986008,26.19,94.0,93.6,94.3,better,false,motriskindex-families-2024-v4
vauxhall-corsa,2016,845340,22.03,92.2,91.8,92.6,better,false,motriskindex-families-2024-v4
vauxhall-corsa,2017,496899,19.22,89.4,88.8,89.9,better,false,motriskindex-families-2024-v4
vauxhall-corsa,2018,374197,19.46,96.5,95.8,97.2,better,false,motriskindex-families-2024-v4
vauxhall-corsa,2019,214025,19.15,102.9,101.9,103.9,worse,false,motriskindex-families-2024-v4
vauxhall-corsa,2020,288,15.97,94.3,67.0,121.5,no different,true,motriskindex-families-2024-v4
vauxhall-corsavan,2002,770,53.77,97.2,87.8,106.5,no different,true,motriskindex-families-2024-v4
vauxhall-corsavan,2003,1844,51.74,95.1,89.0,101.1,no different,true,motriskindex-families-2024-v4
vauxhall-corsavan,2004,1590,49.18,92.2,85.8,98.7,better,true,motriskindex-families-2024-v4
vauxhall-corsavan,2005,3002,53.76,102.8,97.8,107.8,no different,true,motriskindex-families-2024-v4
vauxhall-corsavan,2006,6184,53.62,105.0,101.4,108.6,worse,false,motriskindex-families-2024-v4
vauxhall-corsavan,2007,8761,49.1,98.6,95.6,101.5,no different,false,motriskindex-families-2024-v4
vauxhall-corsavan,2008,11589,48.2,99.0,96.4,101.6,no different,false,motriskindex-families-2024-v4
vauxhall-corsavan,2009,8056,43.43,92.9,89.8,96.0,better,false,motriskindex-families-2024-v4
vauxhall-corsavan,2010,7573,44.25,98.7,95.3,102.0,no different,false,motriskindex-families-2024-v4
vauxhall-corsavan,2011,8457,42.11,97.8,94.5,101.0,no different,false,motriskindex-families-2024-v4
vauxhall-corsavan,2012,3974,42.27,102.0,97.1,106.8,no different,true,motriskindex-families-2024-v4
vauxhall-corsavan,2016,206,23.79,63.6,45.8,81.4,better,true,motriskindex-families-2024-v4
vauxhall-crossland,2017,23397,15.13,95.3,92.1,98.4,better,false,motriskindex-families-2024-v4
vauxhall-crossland,2018,89927,14.37,102.5,100.8,104.3,worse,false,motriskindex-families-2024-v4
vauxhall-crossland,2019,82475,11.77,96.5,94.6,98.4,better,false,motriskindex-families-2024-v4
vauxhall-crossland,2020,55867,13.04,116.8,114.1,119.5,worse,false,motriskindex-families-2024-v4
vauxhall-grandland,2017,400,10.0,66.9,46.1,87.6,better,true,motriskindex-families-2024-v4
vauxhall-grandland,2018,114202,15.35,109.4,107.8,111.1,worse,false,motriskindex-families-2024-v4
vauxhall-grandland,2019,115255,12.15,97.4,95.8,99.0,better,false,motriskindex-families-2024-v4
vauxhall-grandland,2020,56179,11.34,98.4,96.0,100.8,no different,false,motriskindex-families-2024-v4
vauxhall-insignia,2008,2224,35.25,92.4,85.9,98.9,better,true,motriskindex-families-2024-v4
vauxhall-insignia,2009,188193,37.46,101.6,100.8,102.3,worse,false,motriskindex-families-2024-v4
vauxhall-insignia,2010,235996,35.1,98.6,97.9,99.3,better,false,motriskindex-families-2024-v4
vauxhall-insignia,2011,338251,33.73,98.2,97.6,98.8,better,false,motriskindex-families-2024-v4
vauxhall-insignia,2012,269114,33.24,101.1,100.5,101.8,worse,false,motriskindex-families-2024-v4
vauxhall-insignia,2013,257575,30.9,99.9,99.3,100.6,no different,false,motriskindex-families-2024-v4
vauxhall-insignia,2014,296779,28.97,100.8,100.1,101.5,worse,false,motriskindex-families-2024-v4
vauxhall-insignia,2015,331546,26.54,100.7,100.0,101.4,no different,false,motriskindex-families-2024-v4
vauxhall-insignia,2016,258040,25.01,106.9,106.1,107.8,worse,false,motriskindex-families-2024-v4
vauxhall-insignia,2017,149433,19.6,91.3,90.3,92.4,better,false,motriskindex-families-2024-v4
vauxhall-insignia,2018,92148,17.96,89.4,88.1,90.8,better,false,motriskindex-families-2024-v4
vauxhall-insignia,2019,41862,18.2,97.9,95.7,100.1,no different,false,motriskindex-families-2024-v4
vauxhall-insignia,2020,4056,15.71,91.3,84.2,98.4,better,false,motriskindex-families-2024-v4
vauxhall-meriva,2003,12090,54.95,98.4,96.0,100.7,no different,false,motriskindex-families-2024-v4
vauxhall-meriva,2004,52068,56.73,101.9,100.7,103.0,worse,false,motriskindex-families-2024-v4
vauxhall-meriva,2005,61570,56.33,102.5,101.4,103.6,worse,false,motriskindex-families-2024-v4
vauxhall-meriva,2006,82762,54.43,102.9,101.9,103.8,worse,false,motriskindex-families-2024-v4
vauxhall-meriva,2007,87042,53.04,105.1,104.2,106.1,worse,false,motriskindex-families-2024-v4
vauxhall-meriva,2008,89762,50.79,107.3,106.3,108.3,worse,false,motriskindex-families-2024-v4
vauxhall-meriva,2009,80712,48.41,110.6,109.5,111.7,worse,false,motriskindex-families-2024-v4
vauxhall-meriva,2010,136797,39.72,99.7,98.8,100.5,no different,false,motriskindex-families-2024-v4
vauxhall-meriva,2011,188179,31.75,88.7,88.0,89.4,better,false,motriskindex-families-2024-v4
vauxhall-meriva,2012,108253,28.79,90.4,89.4,91.4,better,false,motriskindex-families-2024-v4
vauxhall-meriva,2013,90536,28.03,100.5,99.2,101.7,no different,false,motriskindex-families-2024-v4
vauxhall-meriva,2014,86184,21.44,89.9,88.6,91.1,better,false,motriskindex-families-2024-v4
vauxhall-meriva,2015,92279,19.16,96.1,94.7,97.5,better,false,motriskindex-families-2024-v4
vauxhall-meriva,2016,72393,16.52,100.3,98.5,102.1,no different,false,motriskindex-families-2024-v4
vauxhall-meriva,2017,42224,14.43,101.0,98.4,103.5,no different,false,motriskindex-families-2024-v4
vauxhall-mokka,2012,9175,29.46,91.8,88.4,95.3,better,false,motriskindex-families-2024-v4
vauxhall-mokka,2013,142859,28.11,95.9,94.9,96.8,better,false,motriskindex-families-2024-v4
vauxhall-mokka,2014,354125,25.15,96.2,95.5,96.8,better,false,motriskindex-families-2024-v4
vauxhall-mokka,2015,478517,23.36,103.1,102.5,103.7,worse,false,motriskindex-families-2024-v4
vauxhall-mokka,2016,442994,20.85,111.2,110.4,111.9,worse,false,motriskindex-families-2024-v4
vauxhall-mokka,2017,346590,15.84,96.2,95.4,97.0,better,false,motriskindex-families-2024-v4
vauxhall-mokka,2018,225299,13.94,94.4,93.3,95.4,better,false,motriskindex-families-2024-v4
vauxhall-mokka,2019,114596,13.84,108.8,107.1,110.5,worse,false,motriskindex-families-2024-v4
vauxhall-movano,2000,630,51.75,106.5,94.9,118.0,no different,true,motriskindex-families-2024-v4
vauxhall-movano,2001,946,51.16,104.6,95.3,113.9,no different,true,motriskindex-families-2024-v4
vauxhall-movano,2002,1420,52.39,108.2,100.5,116.0,worse,true,motriskindex-families-2024-v4
vauxhall-movano,2003,2382,48.53,100.8,95.0,106.6,no different,true,motriskindex-families-2024-v4
vauxhall-movano,2004,2476,46.08,97.5,91.8,103.2,no different,true,motriskindex-families-2024-v4
vauxhall-movano,2005,2377,49.01,105.1,99.1,111.2,no different,true,motriskindex-families-2024-v4
vauxhall-movano,2006,2691,44.11,96.8,91.3,102.3,no different,true,motriskindex-families-2024-v4
vauxhall-movano,2007,2271,41.13,93.6,87.6,99.6,better,true,motriskindex-families-2024-v4
vauxhall-movano,2008,3620,43.01,101.3,96.3,106.4,no different,true,motriskindex-families-2024-v4
vauxhall-movano,2009,1620,47.35,122.6,113.9,131.3,worse,true,motriskindex-families-2024-v4
vauxhall-movano,2010,1155,40.0,108.1,98.2,118.0,no different,true,motriskindex-families-2024-v4
vauxhall-movano,2011,1147,38.19,107.9,97.8,118.0,no different,true,motriskindex-families-2024-v4
vauxhall-movano,2012,1730,38.03,112.9,104.3,121.5,worse,true,motriskindex-families-2024-v4
vauxhall-movano,2013,2115,27.61,87.8,80.7,94.9,better,true,motriskindex-families-2024-v4
vauxhall-movano,2014,2951,29.89,98.7,92.1,105.2,no different,true,motriskindex-families-2024-v4
vauxhall-movano,2015,2305,28.33,94.2,87.0,101.4,no different,true,motriskindex-families-2024-v4
vauxhall-movano,2016,6318,29.44,103.8,99.1,108.5,no different,false,motriskindex-families-2024-v4
vauxhall-movano,2017,2872,25.17,93.9,87.1,100.8,no different,true,motriskindex-families-2024-v4
vauxhall-movano,2018,1382,29.45,113.6,102.5,124.6,worse,true,motriskindex-families-2024-v4
vauxhall-movano,2019,1205,32.45,127.1,114.5,139.7,worse,true,motriskindex-families-2024-v4
vauxhall-movano,2020,780,25.13,101.2,87.0,115.4,no different,true,motriskindex-families-2024-v4
vauxhall-omega,1998,392,41.84,125.2,106.1,144.4,worse,true,motriskindex-families-2024-v4
vauxhall-omega,1999,976,37.7,110.5,99.2,121.8,no different,true,motriskindex-families-2024-v4
vauxhall-omega,2000,2070,37.1,105.8,98.3,113.3,no different,true,motriskindex-families-2024-v4
vauxhall-omega,2001,4772,36.0,99.1,94.4,103.8,no different,false,motriskindex-families-2024-v4
vauxhall-omega,2002,6130,36.67,96.2,92.2,100.2,no different,false,motriskindex-families-2024-v4
vauxhall-omega,2003,6518,37.07,94.8,91.0,98.6,better,false,motriskindex-families-2024-v4
vauxhall-omega,2004,266,34.59,89.6,71.3,107.9,no different,true,motriskindex-families-2024-v4
vauxhall-signum,2003,1722,49.71,102.7,95.8,109.6,no different,true,motriskindex-families-2024-v4
vauxhall-signum,2004,5376,51.53,105.8,101.8,109.7,worse,false,motriskindex-families-2024-v4
vauxhall-signum,2005,6768,47.93,99.0,95.6,102.4,no different,false,motriskindex-families-2024-v4
vauxhall-signum,2006,11238,45.64,94.1,91.6,96.7,better,false,motriskindex-families-2024-v4
vauxhall-signum,2007,6346,46.14,94.8,91.4,98.2,better,false,motriskindex-families-2024-v4
vauxhall-signum,2008,360,44.44,94.0,79.4,108.6,no different,true,motriskindex-families-2024-v4
vauxhall-tigra,2004,5004,50.52,100.2,96.3,104.1,no different,false,motriskindex-families-2024-v4
vauxhall-tigra,2005,19916,50.75,100.0,98.0,101.9,no different,false,motriskindex-families-2024-v4
vauxhall-tigra,2006,27757,50.03,99.6,97.9,101.2,no different,false,motriskindex-families-2024-v4
vauxhall-tigra,2007,24423,49.0,98.6,96.8,100.3,no different,false,motriskindex-families-2024-v4
vauxhall-tigra,2008,18806,48.15,98.5,96.5,100.6,no different,false,motriskindex-families-2024-v4
vauxhall-tigra,2009,22780,46.08,96.8,95.0,98.7,better,false,motriskindex-families-2024-v4
vauxhall-vectra,1998,2134,45.27,99.0,92.8,105.3,no different,true,motriskindex-families-2024-v4
vauxhall-vectra,1999,4786,44.76,96.2,92.1,100.2,no different,false,motriskindex-families-2024-v4
vauxhall-vectra,2000,8852,45.53,96.6,93.6,99.6,better,false,motriskindex-families-2024-v4
vauxhall-vectra,2001,13960,46.66,98.1,95.7,100.5,no different,false,motriskindex-families-2024-v4
vauxhall-vectra,2002,16566,47.98,98.8,96.7,101.0,no different,false,motriskindex-families-2024-v4
vauxhall-vectra,2003,24082,51.15,103.6,101.8,105.4,worse,false,motriskindex-families-2024-v4
vauxhall-vectra,2004,41579,51.11,102.9,101.5,104.2,worse,false,motriskindex-families-2024-v4
vauxhall-vectra,2005,64897,50.77,101.4,100.3,102.5,worse,false,motriskindex-families-2024-v4
vauxhall-vectra,2006,115692,48.8,97.8,97.0,98.6,better,false,motriskindex-families-2024-v4
vauxhall-vectra,2007,182774,48.58,97.5,96.9,98.2,better,false,motriskindex-families-2024-v4
vauxhall-vectra,2008,190455,47.89,96.3,95.7,97.0,better,false,motriskindex-families-2024-v4
vauxhall-vectra,2009,31276,46.62,94.5,93.0,96.1,better,false,motriskindex-families-2024-v4
vauxhall-viva,2015,56901,15.08,96.0,94.0,98.0,better,false,motriskindex-families-2024-v4
vauxhall-viva,2016,153576,13.68,102.1,100.7,103.5,worse,false,motriskindex-families-2024-v4
vauxhall-viva,2017,92097,12.53,102.8,100.9,104.7,worse,false,motriskindex-families-2024-v4
vauxhall-viva,2018,38721,11.89,102.7,99.7,105.7,no different,false,motriskindex-families-2024-v4
vauxhall-viva,2019,20826,10.79,100.2,96.1,104.4,no different,false,motriskindex-families-2024-v4
vauxhall-vivaro,2001,1486,52.76,97.0,90.2,103.8,no different,true,motriskindex-families-2024-v4
vauxhall-vivaro,2002,14073,55.14,101.2,98.9,103.4,no different,false,motriskindex-families-2024-v4
vauxhall-vivaro,2003,35773,55.7,101.4,100.0,102.9,no different,false,motriskindex-families-2024-v4
vauxhall-vivaro,2004,64496,55.33,100.5,99.4,101.5,no different,false,motriskindex-families-2024-v4
vauxhall-vivaro,2005,90547,54.48,98.6,97.7,99.5,better,false,motriskindex-families-2024-v4
vauxhall-vivaro,2006,108170,55.53,100.6,99.8,101.4,no different,false,motriskindex-families-2024-v4
vauxhall-vivaro,2007,120023,54.18,98.5,97.7,99.2,better,false,motriskindex-families-2024-v4
vauxhall-vivaro,2008,116592,53.04,96.9,96.2,97.7,better,false,motriskindex-families-2024-v4
vauxhall-vivaro,2009,54305,52.96,97.8,96.7,98.9,better,false,motriskindex-families-2024-v4
vauxhall-vivaro,2010,80911,54.44,102.7,101.8,103.7,worse,false,motriskindex-families-2024-v4
vauxhall-vivaro,2011,129565,54.44,106.4,105.6,107.2,worse,false,motriskindex-families-2024-v4
vauxhall-vivaro,2012,103697,50.98,105.2,104.3,106.1,worse,false,motriskindex-families-2024-v4
vauxhall-vivaro,2013,119749,47.17,105.0,104.2,105.9,worse,false,motriskindex-families-2024-v4
vauxhall-vivaro,2014,146181,41.6,102.4,101.5,103.2,worse,false,motriskindex-families-2024-v4
vauxhall-vivaro,2015,252114,34.03,94.4,93.7,95.0,better,false,motriskindex-families-2024-v4
vauxhall-vivaro,2016,219304,29.84,94.6,93.9,95.3,better,false,motriskindex-families-2024-v4
vauxhall-vivaro,2017,120195,27.27,95.9,94.8,96.9,better,false,motriskindex-families-2024-v4
vauxhall-vivaro,2018,81774,25.32,96.1,94.7,97.4,better,false,motriskindex-families-2024-v4
vauxhall-vivaro,2019,49749,25.21,104.3,102.4,106.1,worse,false,motriskindex-families-2024-v4
vauxhall-vivaro,2020,30230,25.34,112.3,109.8,114.8,worse,false,motriskindex-families-2024-v4
vauxhall-zafira,1999,1992,54.82,105.4,99.2,111.7,no different,true,motriskindex-families-2024-v4
vauxhall-zafira,2000,8084,53.93,103.8,100.7,106.9,worse,false,motriskindex-families-2024-v4
vauxhall-zafira,2001,20776,51.62,99.6,97.7,101.4,no different,false,motriskindex-families-2024-v4
vauxhall-zafira,2002,44855,51.75,99.4,98.1,100.7,no different,false,motriskindex-families-2024-v4
vauxhall-zafira,2003,70983,52.74,100.9,99.9,101.9,no different,false,motriskindex-families-2024-v4
vauxhall-zafira,2004,117808,51.9,99.2,98.4,99.9,better,false,motriskindex-families-2024-v4
vauxhall-zafira,2005,133599,52.38,101.2,100.5,102.0,worse,false,motriskindex-families-2024-v4
vauxhall-zafira,2006,195150,50.07,98.5,97.9,99.1,better,false,motriskindex-families-2024-v4
vauxhall-zafira,2007,249835,49.2,99.6,99.0,100.1,no different,false,motriskindex-families-2024-v4
vauxhall-zafira,2008,268485,47.67,100.4,99.8,100.9,no different,false,motriskindex-families-2024-v4
vauxhall-zafira,2009,156866,45.89,102.0,101.2,102.7,worse,false,motriskindex-families-2024-v4
vauxhall-zafira,2010,249875,43.4,102.9,102.3,103.5,worse,false,motriskindex-families-2024-v4
vauxhall-zafira,2011,179585,39.22,100.6,99.8,101.3,no different,false,motriskindex-families-2024-v4
vauxhall-zafira,2012,206909,35.47,99.5,98.8,100.2,no different,false,motriskindex-families-2024-v4
vauxhall-zafira,2013,334342,31.0,96.5,95.9,97.1,better,false,motriskindex-families-2024-v4
vauxhall-zafira,2014,319584,27.9,96.8,96.1,97.4,better,false,motriskindex-families-2024-v4
vauxhall-zafira,2015,164994,23.48,92.7,91.7,93.6,better,false,motriskindex-families-2024-v4
vauxhall-zafira,2016,135595,20.99,95.3,94.2,96.4,better,false,motriskindex-families-2024-v4
vauxhall-zafira,2017,115376,18.57,93.0,91.8,94.3,better,false,motriskindex-families-2024-v4
vauxhall-zafira,2018,35693,19.52,105.4,103.0,107.9,worse,false,motriskindex-families-2024-v4
volkswagen-amarok,2011,6707,34.93,111.3,106.8,115.8,worse,false,motriskindex-families-2024-v4
volkswagen-amarok,2012,14365,32.43,112.7,109.5,116.0,worse,false,motriskindex-families-2024-v4
volkswagen-amarok,2013,20768,25.91,98.3,95.7,101.0,no different,false,motriskindex-families-2024-v4
volkswagen-amarok,2014,25608,22.64,95.1,92.7,97.6,better,false,motriskindex-families-2024-v4
volkswagen-amarok,2015,31835,20.88,99.2,96.8,101.6,no different,false,motriskindex-families-2024-v4
volkswagen-amarok,2016,28646,17.88,97.5,94.9,100.2,no different,false,motriskindex-families-2024-v4
volkswagen-amarok,2017,21951,16.33,98.9,95.7,102.2,no different,false,motriskindex-families-2024-v4
volkswagen-amarok,2018,19862,16.19,105.5,101.9,109.2,worse,false,motriskindex-families-2024-v4
volkswagen-amarok,2019,16233,14.01,99.3,95.3,103.4,no different,false,motriskindex-families-2024-v4
volkswagen-amarok,2020,5225,13.19,100.6,93.1,108.1,no different,false,motriskindex-families-2024-v4
volkswagen-arteon,2017,4846,11.8,90.5,83.1,97.9,better,false,motriskindex-families-2024-v4
volkswagen-arteon,2018,14970,13.51,105.8,101.2,110.4,worse,false,motriskindex-families-2024-v4
volkswagen-arteon,2019,12017,12.55,100.0,94.9,105.0,no different,false,motriskindex-families-2024-v4
volkswagen-arteon,2020,4484,14.12,113.5,104.6,122.3,worse,false,motriskindex-families-2024-v4
volkswagen-beetle,1999,492,47.56,86.6,75.5,97.7,better,true,motriskindex-families-2024-v4
volkswagen-beetle,2000,16492,55.69,102.0,99.9,104.0,no different,false,motriskindex-families-2024-v4
volkswagen-beetle,2001,24642,52.89,98.1,96.4,99.7,better,false,motriskindex-families-2024-v4
volkswagen-beetle,2002,27932,52.76,98.9,97.3,100.5,no different,false,motriskindex-families-2024-v4
volkswagen-beetle,2003,47753,52.78,100.2,98.9,101.4,no different,false,motriskindex-families-2024-v4
volkswagen-beetle,2004,58901,52.16,100.2,99.1,101.3,no different,false,motriskindex-families-2024-v4
volkswagen-beetle,2005,49422,48.0,94.5,93.3,95.7,better,false,motriskindex-families-2024-v4
volkswagen-beetle,2006,43064,47.95,97.4,96.1,98.8,better,false,motriskindex-families-2024-v4
volkswagen-beetle,2007,37393,48.73,103.3,101.8,104.8,worse,false,motriskindex-families-2024-v4
volkswagen-beetle,2008,29305,45.62,102.6,100.8,104.3,worse,false,motriskindex-families-2024-v4
volkswagen-beetle,2009,20789,42.65,102.6,100.4,104.7,worse,false,motriskindex-families-2024-v4
volkswagen-beetle,2010,24019,37.95,98.4,96.4,100.4,no different,false,motriskindex-families-2024-v4
volkswagen-beetle,2011,7545,36.18,101.9,98.1,105.7,no different,false,motriskindex-families-2024-v4
volkswagen-beetle,2012,24724,31.27,95.7,93.6,97.8,better,false,motriskindex-families-2024-v4
volkswagen-beetle,2013,48819,29.9,99.5,97.9,101.1,no different,false,motriskindex-families-2024-v4
volkswagen-beetle,2014,39856,27.2,99.8,97.9,101.7,no different,false,motriskindex-families-2024-v4
volkswagen-beetle,2015,35929,24.0,99.4,97.3,101.5,no different,false,motriskindex-families-2024-v4
volkswagen-beetle,2016,25038,20.97,102.9,100.1,105.7,worse,false,motriskindex-families-2024-v4
volkswagen-beetle,2017,14256,17.26,95.3,91.6,99.1,better,false,motriskindex-families-2024-v4
volkswagen-beetle,2018,6405,15.14,92.1,86.3,97.9,better,false,motriskindex-families-2024-v4
volkswagen-bora,1999,3012,47.68,107.1,101.6,112.6,worse,true,motriskindex-families-2024-v4
volkswagen-bora,2000,7448,45.86,102.9,99.4,106.3,no different,false,motriskindex-families-2024-v4
volkswagen-bora,2001,10448,43.42,98.1,95.3,101.0,no different,false,motriskindex-families-2024-v4
volkswagen-bora,2002,18161,44.07,98.6,96.5,100.8,no different,false,motriskindex-families-2024-v4
volkswagen-bora,2003,20389,44.26,97.4,95.4,99.4,better,false,motriskindex-families-2024-v4
volkswagen-bora,2004,21171,44.69,97.7,95.7,99.6,better,false,motriskindex-families-2024-v4
volkswagen-bora,2005,23913,44.22,96.7,94.8,98.5,better,false,motriskindex-families-2024-v4
volkswagen-bora,2006,3228,44.73,96.3,91.3,101.2,no different,true,motriskindex-families-2024-v4
volkswagen-caddy,1998,712,42.98,90.7,80.6,100.9,no different,true,motriskindex-families-2024-v4
volkswagen-caddy,1999,1746,44.9,94.5,87.9,101.1,no different,true,motriskindex-families-2024-v4
volkswagen-caddy,2000,3032,47.96,102.6,97.3,107.8,no different,true,motriskindex-families-2024-v4
volkswagen-caddy,2001,2984,51.14,110.5,104.9,116.0,worse,true,motriskindex-families-2024-v4
volkswagen-caddy,2002,5056,47.11,102.8,98.6,106.9,no different,false,motriskindex-families-2024-v4
volkswagen-caddy,2003,5384,46.58,102.3,98.3,106.3,no different,false,motriskindex-families-2024-v4
volkswagen-caddy,2004,17959,47.09,105.5,103.2,107.7,worse,false,motriskindex-families-2024-v4
volkswagen-caddy,2005,27274,45.5,103.7,101.9,105.6,worse,false,motriskindex-families-2024-v4
volkswagen-caddy,2006,39504,44.22,103.1,101.6,104.6,worse,false,motriskindex-families-2024-v4
volkswagen-caddy,2007,58556,42.12,100.6,99.3,101.8,no different,false,motriskindex-families-2024-v4
volkswagen-caddy,2008,66701,39.7,98.2,97.0,99.4,better,false,motriskindex-families-2024-v4
volkswagen-caddy,2009,79551,39.42,101.7,100.5,102.8,worse,false,motriskindex-families-2024-v4
volkswagen-caddy,2010,105887,38.69,105.2,104.2,106.2,worse,false,motriskindex-families-2024-v4
volkswagen-caddy,2011,138676,33.6,97.2,96.4,98.1,better,false,motriskindex-families-2024-v4
volkswagen-caddy,2012,112429,31.1,96.8,95.8,97.8,better,false,motriskindex-families-2024-v4
volkswagen-caddy,2013,140460,28.59,96.1,95.2,97.0,better,false,motriskindex-families-2024-v4
volkswagen-caddy,2014,134095,26.64,96.7,95.7,97.7,better,false,motriskindex-families-2024-v4
volkswagen-caddy,2015,135725,25.46,99.5,98.4,100.5,no different,false,motriskindex-families-2024-v4
volkswagen-caddy,2016,145724,26.23,111.3,110.2,112.4,worse,false,motriskindex-families-2024-v4
volkswagen-caddy,2017,111268,23.09,104.0,102.7,105.3,worse,false,motriskindex-families-2024-v4
volkswagen-caddy,2018,76466,18.99,88.6,87.2,90.1,better,false,motriskindex-families-2024-v4
volkswagen-caddy,2019,53237,19.83,96.7,94.8,98.5,better,false,motriskindex-families-2024-v4
volkswagen-caddy,2020,19909,18.88,96.5,93.4,99.6,better,false,motriskindex-families-2024-v4
volkswagen-california,2007,214,28.97,109.2,82.0,136.4,no different,true,motriskindex-families-2024-v4
volkswagen-california,2008,424,23.11,90.2,72.4,108.1,no different,true,motriskindex-families-2024-v4
volkswagen-california,2009,382,26.18,105.3,84.7,126.0,no different,true,motriskindex-families-2024-v4
volkswagen-california,2010,3286,24.95,104.0,96.8,111.1,no different,true,motriskindex-families-2024-v4
volkswagen-california,2011,4235,23.23,101.6,95.2,107.9,no different,true,motriskindex-families-2024-v4
volkswagen-california,2012,6395,23.19,107.3,101.9,112.8,worse,false,motriskindex-families-2024-v4
volkswagen-california,2013,6505,17.99,90.5,85.3,95.7,better,false,motriskindex-families-2024-v4
volkswagen-california,2014,8082,19.13,105.3,100.0,110.5,no different,false,motriskindex-families-2024-v4
volkswagen-california,2015,9879,16.55,102.3,97.3,107.2,no different,false,motriskindex-families-2024-v4
volkswagen-california,2016,9174,14.58,104.5,98.9,110.1,no different,false,motriskindex-families-2024-v4
volkswagen-california,2017,12198,11.86,94.8,89.9,99.7,better,false,motriskindex-families-2024-v4
volkswagen-california,2018,8079,11.56,99.6,93.2,106.0,no different,false,motriskindex-families-2024-v4
volkswagen-california,2019,6348,10.46,100.5,92.8,108.1,no different,false,motriskindex-families-2024-v4
volkswagen-california,2020,1978,8.39,92.8,78.7,107.0,no different,true,motriskindex-families-2024-v4
volkswagen-caravelle,1998,1782,48.6,101.8,95.0,108.6,no different,true,motriskindex-families-2024-v4
volkswagen-caravelle,1999,2724,47.65,101.5,96.0,107.0,no different,true,motriskindex-families-2024-v4
volkswagen-caravelle,2000,4774,45.33,98.3,94.2,102.5,no different,false,motriskindex-families-2024-v4
volkswagen-caravelle,2001,7004,45.86,99.1,95.7,102.5,no different,false,motriskindex-families-2024-v4
volkswagen-caravelle,2002,7990,44.74,96.7,93.6,99.9,better,false,motriskindex-families-2024-v4
volkswagen-caravelle,2003,6838,47.41,102.1,98.6,105.6,no different,false,motriskindex-families-2024-v4
volkswagen-caravelle,2004,5862,45.31,98.5,94.8,102.3,no different,false,motriskindex-families-2024-v4
volkswagen-caravelle,2005,7655,45.76,101.0,97.6,104.3,no different,false,motriskindex-families-2024-v4
volkswagen-caravelle,2006,6817,46.05,104.9,101.2,108.6,worse,false,motriskindex-families-2024-v4
volkswagen-caravelle,2007,6581,41.92,100.0,96.3,103.8,no different,false,motriskindex-families-2024-v4
volkswagen-caravelle,2008,6248,41.29,104.2,100.2,108.2,worse,false,motriskindex-families-2024-v4
volkswagen-caravelle,2009,4470,38.23,105.0,100.0,110.0,no different,false,motriskindex-families-2024-v4
volkswagen-caravelle,2010,6732,32.38,96.3,92.3,100.4,no different,false,motriskindex-families-2024-v4
volkswagen-caravelle,2011,7265,29.03,94.6,90.5,98.6,better,false,motriskindex-families-2024-v4
volkswagen-caravelle,2012,8918,26.69,95.8,91.9,99.6,better,false,motriskindex-families-2024-v4
volkswagen-caravelle,2013,7682,22.91,90.6,86.4,94.8,better,false,motriskindex-families-2024-v4
volkswagen-caravelle,2014,6779,22.27,95.6,90.8,100.4,no different,false,motriskindex-families-2024-v4
volkswagen-caravelle,2015,7852,22.71,106.8,101.9,111.8,worse,false,motriskindex-families-2024-v4
volkswagen-caravelle,2016,11064,20.63,108.4,103.9,112.8,worse,false,motriskindex-families-2024-v4
volkswagen-caravelle,2017,9089,16.95,96.0,91.2,100.8,no different,false,motriskindex-families-2024-v4
volkswagen-caravelle,2018,4698,18.03,107.0,99.8,114.2,no different,false,motriskindex-families-2024-v4
volkswagen-caravelle,2019,4096,14.62,93.5,86.0,101.0,no different,false,motriskindex-families-2024-v4
volkswagen-caravelle,2020,1979,13.69,95.4,84.1,106.8,no different,true,motriskindex-families-2024-v4
volkswagen-cc,2010,614,32.9,112.4,96.9,127.9,no different,true,motriskindex-families-2024-v4
volkswagen-cc,2011,2670,29.96,106.8,99.4,114.2,no different,true,motriskindex-families-2024-v4
volkswagen-cc,2012,27867,26.55,99.4,97.2,101.7,no different,false,motriskindex-families-2024-v4
volkswagen-cc,2013,37904,26.32,105.2,103.1,107.2,worse,false,motriskindex-families-2024-v4
volkswagen-cc,2014,40177,24.17,105.0,102.9,107.1,worse,false,motriskindex-families-2024-v4
volkswagen-cc,2015,31417,19.2,92.9,90.6,95.3,better,false,motriskindex-families-2024-v4
volkswagen-cc,2016,21440,16.32,89.0,86.1,92.0,better,false,motriskindex-families-2024-v4
volkswagen-cc,2017,2353,14.36,84.8,75.7,93.8,better,true,motriskindex-families-2024-v4
volkswagen-crafter,2006,862,40.84,106.8,95.6,117.9,no different,true,motriskindex-families-2024-v4
volkswagen-crafter,2007,4699,37.56,99.8,95.2,104.5,no different,false,motriskindex-families-2024-v4
volkswagen-crafter,2008,4142,37.25,100.0,95.0,104.9,no different,true,motriskindex-families-2024-v4
volkswagen-crafter,2009,2284,37.7,102.8,95.9,109.6,no different,true,motriskindex-families-2024-v4
volkswagen-crafter,2010,3385,35.6,99.7,94.1,105.4,no different,true,motriskindex-families-2024-v4
volkswagen-crafter,2011,3032,34.66,100.7,94.6,106.7,no different,true,motriskindex-families-2024-v4
volkswagen-crafter,2012,4685,36.41,110.6,105.4,115.9,worse,false,motriskindex-families-2024-v4
volkswagen-crafter,2013,4391,32.75,105.6,100.2,111.1,worse,false,motriskindex-families-2024-v4
volkswagen-crafter,2014,5421,27.28,95.1,90.3,100.0,no different,false,motriskindex-families-2024-v4
volkswagen-crafter,2015,5062,24.73,94.9,89.6,100.1,no different,false,motriskindex-families-2024-v4
volkswagen-crafter,2016,3434,24.11,101.7,94.7,108.6,no different,true,motriskindex-families-2024-v4
volkswagen-crafter,2017,1990,20.05,91.8,82.8,100.8,no different,true,motriskindex-families-2024-v4
volkswagen-crafter,2018,2349,18.77,91.9,83.3,100.5,no different,true,motriskindex-families-2024-v4
volkswagen-crafter,2019,1827,14.94,78.9,69.5,88.3,better,true,motriskindex-families-2024-v4
volkswagen-crafter,2020,735,15.51,84.8,69.2,100.3,no different,true,motriskindex-families-2024-v4
volkswagen-e-golf,2018,1910,14.14,106.9,94.1,119.6,no different,true,motriskindex-families-2024-v4
volkswagen-e-golf,2019,18183,13.03,101.1,97.0,105.2,no different,false,motriskindex-families-2024-v4
volkswagen-e-golf,2020,7760,13.47,107.0,100.5,113.4,worse,false,motriskindex-families-2024-v4
volkswagen-eos,2006,17550,39.79,103.6,101.2,106.0,worse,false,motriskindex-families-2024-v4
volkswagen-eos,2007,43666,38.3,103.3,101.7,104.8,worse,false,motriskindex-families-2024-v4
volkswagen-eos,2008,35505,33.77,95.5,93.7,97.2,better,false,motriskindex-families-2024-v4
volkswagen-eos,2009,16686,32.89,98.5,95.9,101.2,no different,false,motriskindex-families-2024-v4
volkswagen-eos,2010,24000,32.58,104.8,102.4,107.1,worse,false,motriskindex-families-2024-v4
volkswagen-eos,2011,15604,25.78,91.8,89.0,94.7,better,false,motriskindex-families-2024-v4
volkswagen-eos,2012,4252,21.97,88.3,82.6,93.9,better,true,motriskindex-families-2024-v4
volkswagen-eos,2013,5075,19.39,89.6,84.0,95.2,better,false,motriskindex-families-2024-v4
volkswagen-eos,2014,3731,16.4,87.0,80.1,93.9,better,true,motriskindex-families-2024-v4
volkswagen-eos,2015,3090,14.24,91.0,82.5,99.5,better,true,motriskindex-families-2024-v4
volkswagen-fox,2006,39754,46.12,95.4,94.1,96.8,better,false,motriskindex-families-2024-v4
volkswagen-fox,2007,66580,48.32,101.2,100.1,102.3,worse,false,motriskindex-families-2024-v4
volkswagen-fox,2008,57194,48.11,103.2,102.0,104.4,worse,false,motriskindex-families-2024-v4
volkswagen-fox,2009,58780,45.15,100.2,99.0,101.4,no different,false,motriskindex-families-2024-v4
volkswagen-fox,2010,91425,43.15,99.3,98.3,100.3,no different,false,motriskindex-families-2024-v4
volkswagen-fox,2011,27677,37.84,92.9,91.1,94.6,better,false,motriskindex-families-2024-v4
volkswagen-fox,2012,820,31.71,81.1,71.3,91.0,better,true,motriskindex-families-2024-v4
volkswagen-golf,1998,13714,47.6,99.8,97.3,102.2,no different,false,motriskindex-families-2024-v4
volkswagen-golf,1999,41006,48.05,101.4,99.9,102.8,no different,false,motriskindex-families-2024-v4
volkswagen-golf,2000,79426,47.59,100.5,99.5,101.6,no different,false,motriskindex-families-2024-v4
volkswagen-golf,2001,153294,47.45,100.1,99.4,100.8,no different,false,motriskindex-families-2024-v4
volkswagen-golf,2002,268246,46.33,97.9,97.3,98.4,better,false,motriskindex-families-2024-v4
volkswagen-golf,2003,298844,45.67,96.9,96.4,97.5,better,false,motriskindex-families-2024-v4
volkswagen-golf,2004,277281,50.32,108.0,107.4,108.5,worse,false,motriskindex-families-2024-v4
volkswagen-golf,2005,377136,46.93,103.6,103.1,104.1,worse,false,motriskindex-families-2024-v4
volkswagen-golf,2006,470156,45.31,104.0,103.6,104.5,worse,false,motriskindex-families-2024-v4
volkswagen-golf,2007,582204,40.97,99.0,98.6,99.4,better,false,motriskindex-families-2024-v4
volkswagen-golf,2008,546090,38.35,99.0,98.6,99.4,better,false,motriskindex-families-2024-v4
volkswagen-golf,2009,546146,33.87,94.9,94.5,95.3,better,false,motriskindex-families-2024-v4
volkswagen-golf,2010,542211,34.01,105.3,104.8,105.8,worse,false,motriskindex-families-2024-v4
volkswagen-golf,2011,587510,30.7,106.9,106.4,107.4,worse,false,motriskindex-families-2024-v4
volkswagen-golf,2012,590550,26.31,104.8,104.3,105.3,worse,false,motriskindex-families-2024-v4
volkswagen-golf,2013,622668,20.84,96.1,95.6,96.6,better,false,motriskindex-families-2024-v4
volkswagen-golf,2014,725767,17.65,95.1,94.6,95.6,better,false,motriskindex-families-2024-v4
volkswagen-golf,2015,759507,14.73,91.3,90.8,91.9,better,false,motriskindex-families-2024-v4
volkswagen-golf,2016,735572,13.84,94.9,94.3,95.5,better,false,motriskindex-families-2024-v4
volkswagen-golf,2017,674908,12.61,93.8,93.2,94.4,better,false,motriskindex-families-2024-v4
volkswagen-golf,2018,441691,12.91,101.4,100.6,102.2,worse,false,motriskindex-families-2024-v4
volkswagen-golf,2019,247014,10.43,84.5,83.5,85.6,better,false,motriskindex-families-2024-v4
volkswagen-golf,2020,21021,8.64,68.8,65.6,71.9,better,false,motriskindex-families-2024-v4
volkswagen-jetta,2005,622,41.48,101.1,88.8,113.5,no different,true,motriskindex-families-2024-v4
volkswagen-jetta,2006,29654,41.79,103.0,101.2,104.8,worse,false,motriskindex-families-2024-v4
volkswagen-jetta,2007,36298,39.47,100.0,98.4,101.7,no different,false,motriskindex-families-2024-v4
volkswagen-jetta,2008,24546,37.45,97.5,95.5,99.5,better,false,motriskindex-families-2024-v4
volkswagen-jetta,2009,15965,34.75,94.7,92.2,97.2,better,false,motriskindex-families-2024-v4
volkswagen-jetta,2010,9238,34.25,97.3,93.9,100.6,no different,false,motriskindex-families-2024-v4
volkswagen-jetta,2011,12374,33.57,100.6,97.5,103.7,no different,false,motriskindex-families-2024-v4
volkswagen-jetta,2012,15309,31.37,100.2,97.4,103.1,no different,false,motriskindex-families-2024-v4
volkswagen-jetta,2013,13590,29.29,100.5,97.4,103.7,no different,false,motriskindex-families-2024-v4
volkswagen-jetta,2014,12561,27.26,100.4,97.0,103.8,no different,false,motriskindex-families-2024-v4
volkswagen-jetta,2015,14017,23.49,95.5,92.2,98.7,better,false,motriskindex-families-2024-v4
volkswagen-jetta,2016,9518,21.2,98.4,94.1,102.7,no different,false,motriskindex-families-2024-v4
volkswagen-jetta,2017,3553,18.63,94.1,86.9,101.2,no different,true,motriskindex-families-2024-v4
volkswagen-lt,1999,510,37.25,80.9,69.4,92.4,better,true,motriskindex-families-2024-v4
volkswagen-lt,2000,832,54.09,118.1,107.2,129.0,worse,true,motriskindex-families-2024-v4
volkswagen-lt,2001,1338,50.67,110.5,102.1,118.8,worse,true,motriskindex-families-2024-v4
volkswagen-lt,2002,2708,47.64,103.0,97.4,108.6,no different,true,motriskindex-families-2024-v4
volkswagen-lt,2003,3299,45.47,96.7,91.8,101.6,no different,true,motriskindex-families-2024-v4
volkswagen-lt,2004,3811,46.73,99.4,94.8,104.0,no different,true,motriskindex-families-2024-v4
volkswagen-lt,2005,3648,46.74,98.4,93.7,103.1,no different,true,motriskindex-families-2024-v4
volkswagen-lt,2006,2002,47.25,100.8,94.4,107.2,no different,true,motriskindex-families-2024-v4
volkswagen-lupo,1999,4400,43.45,100.4,95.9,104.9,no different,false,motriskindex-families-2024-v4
volkswagen-lupo,2000,11278,41.89,97.5,94.7,100.3,no different,false,motriskindex-families-2024-v4
volkswagen-lupo,2001,16412,43.18,100.5,98.2,102.9,no different,false,motriskindex-families-2024-v4
volkswagen-lupo,2002,23314,44.14,103.2,101.3,105.2,worse,false,motriskindex-families-2024-v4
volkswagen-lupo,2003,15536,41.63,97.9,95.5,100.3,no different,false,motriskindex-families-2024-v4
volkswagen-lupo,2004,15162,39.14,93.8,91.4,96.2,better,false,motriskindex-families-2024-v4
volkswagen-lupo,2005,5771,35.3,86.9,83.1,90.6,better,false,motriskindex-families-2024-v4
volkswagen-passat,1998,3952,48.23,101.2,96.6,105.7,no different,true,motriskindex-families-2024-v4
volkswagen-passat,1999,7450,50.39,106.5,103.1,109.9,worse,false,motriskindex-families-2024-v4
volkswagen-passat,2000,10696,49.87,107.1,104.2,109.9,worse,false,motriskindex-families-2024-v4
volkswagen-passat,2001,24680,47.09,102.1,100.2,103.9,worse,false,motriskindex-families-2024-v4
volkswagen-passat,2002,43537,46.08,100.6,99.2,102.0,no different,false,motriskindex-families-2024-v4
volkswagen-passat,2003,64733,44.83,99.3,98.1,100.4,no different,false,motriskindex-families-2024-v4
volkswagen-passat,2004,74262,44.05,99.1,98.1,100.2,no different,false,motriskindex-families-2024-v4
volkswagen-passat,2005,92768,44.11,101.1,100.1,102.1,worse,false,motriskindex-families-2024-v4
volkswagen-passat,2006,126391,44.83,105.6,104.7,106.5,worse,false,motriskindex-families-2024-v4
volkswagen-passat,2007,163995,40.8,99.8,99.0,100.5,no different,false,motriskindex-families-2024-v4
volkswagen-passat,2008,160478,38.64,98.4,97.7,99.2,better,false,motriskindex-families-2024-v4
volkswagen-passat,2009,166993,36.69,98.2,97.4,99.0,better,false,motriskindex-families-2024-v4
volkswagen-passat,2010,154477,35.77,102.0,101.2,102.9,worse,false,motriskindex-families-2024-v4
volkswagen-passat,2011,211768,31.84,98.5,97.8,99.3,better,false,motriskindex-families-2024-v4
volkswagen-passat,2012,176246,29.74,101.2,100.3,102.1,worse,false,motriskindex-families-2024-v4
volkswagen-passat,2013,147363,26.79,101.5,100.5,102.5,worse,false,motriskindex-families-2024-v4
volkswagen-passat,2014,174660,24.02,102.8,101.9,103.8,worse,false,motriskindex-families-2024-v4
volkswagen-passat,2015,186010,19.27,93.6,92.6,94.6,better,false,motriskindex-families-2024-v4
volkswagen-passat,2016,178982,17.97,96.2,95.1,97.2,better,false,motriskindex-families-2024-v4
volkswagen-passat,2017,140092,15.51,89.9,88.7,91.1,better,false,motriskindex-families-2024-v4
volkswagen-passat,2018,80273,15.77,96.7,95.0,98.4,better,false,motriskindex-families-2024-v4
volkswagen-passat,2019,38758,13.53,86.3,83.9,88.6,better,false,motriskindex-families-2024-v4
volkswagen-passat,2020,18215,12.5,79.8,76.5,83.0,better,false,motriskindex-families-2024-v4
volkswagen-polo,1998,7238,42.8,85.8,82.8,88.8,better,false,motriskindex-families-2024-v4
volkswagen-polo,1999,16656,41.33,81.4,79.5,83.3,better,false,motriskindex-families-2024-v4
volkswagen-polo,2000,48600,47.47,92.8,91.6,94.0,better,false,motriskindex-families-2024-v4
volkswagen-polo,2001,78686,48.8,94.7,93.7,95.6,better,false,motriskindex-families-2024-v4
volkswagen-polo,2002,127683,53.53,102.9,102.2,103.7,worse,false,motriskindex-families-2024-v4
volkswagen-polo,2003,199273,53.13,101.9,101.3,102.5,worse,false,motriskindex-families-2024-v4
volkswagen-polo,2004,226999,52.89,102.5,101.9,103.0,worse,false,motriskindex-families-2024-v4
volkswagen-polo,2005,249824,52.09,103.1,102.5,103.7,worse,false,motriskindex-families-2024-v4
volkswagen-polo,2006,286938,48.97,100.3,99.8,100.8,no different,false,motriskindex-families-2024-v4
volkswagen-polo,2007,307747,45.64,97.6,97.1,98.1,better,false,motriskindex-families-2024-v4
volkswagen-polo,2008,317869,44.65,100.7,100.1,101.2,worse,false,motriskindex-families-2024-v4
volkswagen-polo,2009,280968,41.73,99.9,99.4,100.5,no different,false,motriskindex-families-2024-v4
volkswagen-polo,2010,437365,38.92,99.8,99.3,100.2,no different,false,motriskindex-families-2024-v4
volkswagen-polo,2011,451883,37.12,103.1,102.6,103.6,worse,false,motriskindex-families-2024-v4
volkswagen-polo,2012,417086,33.13,101.0,100.5,101.5,worse,false,motriskindex-families-2024-v4
volkswagen-polo,2013,429221,31.04,105.0,104.5,105.6,worse,false,motriskindex-families-2024-v4
volkswagen-polo,2014,489725,26.92,102.8,102.2,103.3,worse,false,motriskindex-families-2024-v4
volkswagen-polo,2015,569384,20.56,91.5,91.0,92.0,better,false,motriskindex-families-2024-v4
volkswagen-polo,2016,572335,16.99,90.9,90.3,91.5,better,false,motriskindex-families-2024-v4
volkswagen-polo,2017,438415,15.76,96.1,95.3,96.8,better,false,motriskindex-families-2024-v4
volkswagen-polo,2018,306516,15.19,101.8,100.9,102.7,worse,false,motriskindex-families-2024-v4
volkswagen-polo,2019,184698,13.97,108.5,107.2,109.8,worse,false,motriskindex-families-2024-v4
volkswagen-polo,2020,41892,11.1,101.1,98.2,104.0,no different,false,motriskindex-families-2024-v4
volkswagen-scirocco,2008,12127,37.66,99.0,96.1,101.8,no different,false,motriskindex-families-2024-v4
volkswagen-scirocco,2009,64753,36.99,100.3,99.0,101.5,no different,false,motriskindex-families-2024-v4
volkswagen-scirocco,2010,74405,37.07,105.5,104.3,106.8,worse,false,motriskindex-families-2024-v4
volkswagen-scirocco,2011,69256,34.27,105.3,103.9,106.6,worse,false,motriskindex-families-2024-v4
volkswagen-scirocco,2012,49227,29.15,98.0,96.4,99.6,better,false,motriskindex-families-2024-v4
volkswagen-scirocco,2013,49499,26.38,98.3,96.7,100.0,no different,false,motriskindex-families-2024-v4
volkswagen-scirocco,2014,41835,23.42,98.3,96.3,100.2,no different,false,motriskindex-families-2024-v4
volkswagen-scirocco,2015,61088,19.97,95.3,93.6,97.0,better,false,motriskindex-families-2024-v4
volkswagen-scirocco,2016,58873,17.96,93.9,92.1,95.7,better,false,motriskindex-families-2024-v4
volkswagen-scirocco,2017,44409,16.86,94.9,92.8,97.1,better,false,motriskindex-families-2024-v4
volkswagen-scirocco,2018,4755,15.92,94.6,87.9,101.4,no different,false,motriskindex-families-2024-v4
volkswagen-sharan,1999,586,50.17,94.4,83.6,105.2,no different,true,motriskindex-families-2024-v4
volkswagen-sharan,2000,1208,55.63,104.3,96.4,112.2,no different,true,motriskindex-families-2024-v4
volkswagen-sharan,2001,2698,53.37,98.4,93.3,103.5,no different,true,motriskindex-families-2024-v4
volkswagen-sharan,2002,5694,53.88,99.4,95.8,102.9,no different,false,motriskindex-families-2024-v4
volkswagen-sharan,2003,8320,54.83,101.0,98.0,103.9,no different,false,motriskindex-families-2024-v4
volkswagen-sharan,2004,11941,53.32,99.2,96.8,101.7,no different,false,motriskindex-families-2024-v4
volkswagen-sharan,2005,16612,51.73,97.3,95.3,99.4,better,false,motriskindex-families-2024-v4
volkswagen-sharan,2006,14840,52.15,101.0,98.8,103.3,no different,false,motriskindex-families-2024-v4
volkswagen-sharan,2007,14979,51.21,105.1,102.7,107.4,worse,false,motriskindex-families-2024-v4
volkswagen-sharan,2008,10382,49.35,109.2,106.2,112.2,worse,false,motriskindex-families-2024-v4
volkswagen-sharan,2009,7794,48.61,116.8,113.1,120.5,worse,false,motriskindex-families-2024-v4
volkswagen-sharan,2010,9499,40.94,108.1,104.7,111.5,worse,false,motriskindex-families-2024-v4
volkswagen-sharan,2011,22885,31.41,90.9,88.8,93.0,better,false,motriskindex-families-2024-v4
volkswagen-sharan,2012,21652,29.78,97.1,94.8,99.5,better,false,motriskindex-families-2024-v4
volkswagen-sharan,2013,25321,27.83,102.6,100.3,105.0,worse,false,motriskindex-families-2024-v4
volkswagen-sharan,2014,33441,24.71,103.9,101.6,106.1,worse,false,motriskindex-families-2024-v4
volkswagen-sharan,2015,36792,21.04,100.8,98.6,103.1,no different,false,motriskindex-families-2024-v4
volkswagen-sharan,2016,37464,18.03,94.8,92.6,97.1,better,false,motriskindex-families-2024-v4
volkswagen-sharan,2017,33146,16.42,94.1,91.6,96.6,better,false,motriskindex-families-2024-v4
volkswagen-sharan,2018,23593,14.84,91.4,88.3,94.4,better,false,motriskindex-families-2024-v4
volkswagen-sharan,2019,32948,14.38,93.7,91.1,96.4,better,false,motriskindex-families-2024-v4
volkswagen-sharan,2020,4885,15.29,99.6,92.4,106.7,no different,false,motriskindex-families-2024-v4
volkswagen-t-cross,2019,33713,9.6,97.2,93.9,100.6,no different,false,motriskindex-families-2024-v4
volkswagen-t-cross,2020,22762,10.03,110.8,106.3,115.3,worse,false,motriskindex-families-2024-v4
volkswagen-t-roc,2017,202,2.97,31.2,6.2,56.2,better,true,motriskindex-families-2024-v4
volkswagen-t-roc,2018,110763,10.41,112.9,110.9,115.0,worse,false,motriskindex-families-2024-v4
volkswagen-t-roc,2019,106953,8.23,94.2,92.2,96.1,better,false,motriskindex-families-2024-v4
volkswagen-t-roc,2020,51228,8.11,97.8,94.8,100.8,no different,false,motriskindex-families-2024-v4
volkswagen-tiguan,2008,55120,35.71,101.2,99.8,102.6,no different,false,motriskindex-families-2024-v4
volkswagen-tiguan,2009,75169,34.95,104.6,103.3,105.8,worse,false,motriskindex-families-2024-v4
volkswagen-tiguan,2010,77973,33.33,107.3,106.0,108.6,worse,false,motriskindex-families-2024-v4
volkswagen-tiguan,2011,78413,29.56,105.3,103.9,106.6,worse,false,motriskindex-families-2024-v4
volkswagen-tiguan,2012,102808,25.5,103.0,101.8,104.3,worse,false,motriskindex-families-2024-v4
volkswagen-tiguan,2013,137649,21.46,100.3,99.2,101.5,no different,false,motriskindex-families-2024-v4
volkswagen-tiguan,2014,171575,18.71,102.8,101.7,103.9,worse,false,motriskindex-families-2024-v4
volkswagen-tiguan,2015,222250,14.96,96.2,95.1,97.2,better,false,motriskindex-families-2024-v4
volkswagen-tiguan,2016,208046,12.52,89.9,88.8,91.0,better,false,motriskindex-families-2024-v4
volkswagen-tiguan,2017,255879,12.38,96.9,95.9,98.0,better,false,motriskindex-families-2024-v4
volkswagen-tiguan,2018,211688,13.69,113.4,112.1,114.8,worse,false,motriskindex-families-2024-v4
volkswagen-tiguan,2019,183817,11.22,96.2,94.9,97.5,better,false,motriskindex-families-2024-v4
volkswagen-tiguan,2020,75638,11.53,97.0,95.0,99.1,better,false,motriskindex-families-2024-v4
volkswagen-touareg,2003,3230,35.11,95.2,89.6,100.7,no different,true,motriskindex-families-2024-v4
volkswagen-touareg,2004,11971,37.32,101.6,98.6,104.6,no different,false,motriskindex-families-2024-v4
volkswagen-touareg,2005,20158,37.19,101.0,98.8,103.3,no different,false,motriskindex-families-2024-v4
volkswagen-touareg,2006,26364,35.62,97.9,96.0,99.9,better,false,motriskindex-families-2024-v4
volkswagen-touareg,2007,28328,35.96,101.6,99.6,103.5,no different,false,motriskindex-families-2024-v4
volkswagen-touareg,2008,19812,35.8,106.2,103.7,108.7,worse,false,motriskindex-families-2024-v4
volkswagen-touareg,2009,14233,34.15,108.9,105.9,112.0,worse,false,motriskindex-families-2024-v4
volkswagen-touareg,2010,8954,29.67,103.4,99.5,107.3,no different,false,motriskindex-families-2024-v4
volkswagen-touareg,2011,20071,24.32,93.6,91.0,96.3,better,false,motriskindex-families-2024-v4
volkswagen-touareg,2012,21976,20.79,88.8,86.3,91.4,better,false,motriskindex-families-2024-v4
volkswagen-touareg,2013,26744,18.58,87.1,84.7,89.5,better,false,motriskindex-families-2024-v4
volkswagen-touareg,2014,35174,16.42,83.1,81.0,85.3,better,false,motriskindex-families-2024-v4
volkswagen-touareg,2015,46568,19.81,110.0,107.8,112.3,worse,false,motriskindex-families-2024-v4
volkswagen-touareg,2016,43441,19.73,120.1,117.6,122.7,worse,false,motriskindex-families-2024-v4
volkswagen-touareg,2017,31814,17.09,111.6,108.6,114.6,worse,false,motriskindex-families-2024-v4
volkswagen-touareg,2018,11013,10.95,75.1,70.9,79.3,better,false,motriskindex-families-2024-v4
volkswagen-touareg,2019,15186,10.54,79.3,75.4,83.2,better,false,motriskindex-families-2024-v4
volkswagen-touareg,2020,6039,9.74,79.4,73.0,85.8,better,false,motriskindex-families-2024-v4
volkswagen-touran,2003,7578,48.77,100.4,97.2,103.7,no different,false,motriskindex-families-2024-v4
volkswagen-touran,2004,45330,49.42,103.2,101.8,104.5,worse,false,motriskindex-families-2024-v4
volkswagen-touran,2005,63310,48.4,102.4,101.2,103.5,worse,false,motriskindex-families-2024-v4
volkswagen-touran,2006,73862,48.03,104.4,103.3,105.5,worse,false,motriskindex-families-2024-v4
volkswagen-touran,2007,85056,42.42,96.1,95.1,97.1,better,false,motriskindex-families-2024-v4
volkswagen-touran,2008,70056,42.17,100.6,99.4,101.7,no different,false,motriskindex-families-2024-v4
volkswagen-touran,2009,69064,40.73,103.5,102.3,104.7,worse,false,motriskindex-families-2024-v4
volkswagen-touran,2010,60971,38.8,105.9,104.5,107.2,worse,false,motriskindex-families-2024-v4
volkswagen-touran,2011,67933,31.68,94.3,93.1,95.6,better,false,motriskindex-families-2024-v4
volkswagen-touran,2012,63249,28.44,93.9,92.5,95.2,better,false,motriskindex-families-2024-v4
volkswagen-touran,2013,58050,26.21,97.2,95.6,98.7,better,false,motriskindex-families-2024-v4
volkswagen-touran,2014,53775,22.52,94.8,93.2,96.5,better,false,motriskindex-families-2024-v4
volkswagen-touran,2015,42133,19.12,92.1,90.0,94.1,better,false,motriskindex-families-2024-v4
volkswagen-touran,2016,40255,18.07,95.8,93.6,98.0,better,false,motriskindex-families-2024-v4
volkswagen-touran,2017,40708,17.07,98.5,96.2,100.8,no different,false,motriskindex-families-2024-v4
volkswagen-touran,2018,26477,18.09,110.9,107.7,114.0,worse,false,motriskindex-families-2024-v4
volkswagen-touran,2019,14250,13.89,88.2,84.3,92.1,better,false,motriskindex-families-2024-v4
volkswagen-touran,2020,6771,12.05,74.9,69.8,80.1,better,false,motriskindex-families-2024-v4
volkswagen-transporter,1998,16896,48.18,97.8,95.7,99.9,better,false,motriskindex-families-2024-v4
volkswagen-transporter,1999,26282,47.72,98.9,97.1,100.6,no different,false,motriskindex-families-2024-v4
volkswagen-transporter,2000,40236,47.76,101.2,99.7,102.6,no different,false,motriskindex-families-2024-v4
volkswagen-transporter,2001,67796,47.15,100.9,99.8,102.0,no different,false,motriskindex-families-2024-v4
volkswagen-transporter,2002,72854,45.84,99.1,98.1,100.2,no different,false,motriskindex-families-2024-v4
volkswagen-transporter,2003,78568,45.91,100.3,99.3,101.3,no different,false,motriskindex-families-2024-v4
volkswagen-transporter,2004,102422,46.54,102.9,102.0,103.8,worse,false,motriskindex-families-2024-v4
volkswagen-transporter,2005,112032,44.92,101.1,100.2,101.9,worse,false,motriskindex-families-2024-v4
volkswagen-transporter,2006,126819,44.34,102.4,101.5,103.2,worse,false,motriskindex-families-2024-v4
volkswagen-transporter,2007,149140,42.43,101.5,100.7,102.3,worse,false,motriskindex-families-2024-v4
volkswagen-transporter,2008,140476,41.0,103.0,102.1,103.8,worse,false,motriskindex-families-2024-v4
volkswagen-transporter,2009,100860,38.7,103.3,102.3,104.3,worse,false,motriskindex-families-2024-v4
volkswagen-transporter,2010,118103,33.11,95.2,94.3,96.2,better,false,motriskindex-families-2024-v4
volkswagen-transporter,2011,131795,30.24,94.4,93.4,95.3,better,false,motriskindex-families-2024-v4
volkswagen-transporter,2012,135023,28.54,96.9,96.0,97.9,better,false,motriskindex-families-2024-v4
volkswagen-transporter,2013,156434,25.72,95.4,94.4,96.3,better,false,motriskindex-families-2024-v4
volkswagen-transporter,2014,172749,25.16,101.9,101.0,102.9,worse,false,motriskindex-families-2024-v4
volkswagen-transporter,2015,194211,22.81,101.2,100.2,102.1,worse,false,motriskindex-families-2024-v4
volkswagen-transporter,2016,213725,20.08,97.3,96.4,98.2,better,false,motriskindex-families-2024-v4
volkswagen-transporter,2017,181470,19.12,99.3,98.3,100.4,no different,false,motriskindex-families-2024-v4
volkswagen-transporter,2018,134840,18.3,100.4,99.1,101.6,no different,false,motriskindex-families-2024-v4
volkswagen-transporter,2019,91618,17.45,101.8,100.2,103.4,worse,false,motriskindex-families-2024-v4
volkswagen-transporter,2020,42078,17.51,107.2,104.7,109.6,worse,false,motriskindex-families-2024-v4
volkswagen-up,2012,151582,20.68,98.7,97.6,99.8,better,false,motriskindex-families-2024-v4
volkswagen-up,2013,216882,19.41,99.2,98.3,100.2,no different,false,motriskindex-families-2024-v4
volkswagen-up,2014,229806,17.64,96.5,95.5,97.4,better,false,motriskindex-families-2024-v4
volkswagen-up,2015,178613,18.35,109.1,107.9,110.3,worse,false,motriskindex-families-2024-v4
volkswagen-up,2016,140783,17.15,115.8,114.3,117.3,worse,false,motriskindex-families-2024-v4
volkswagen-up,2017,122613,13.22,96.6,95.1,98.1,better,false,motriskindex-families-2024-v4
volkswagen-up,2018,90493,12.02,93.8,92.0,95.5,better,false,motriskindex-families-2024-v4
volkswagen-up,2019,41660,8.3,72.1,69.7,74.5,better,false,motriskindex-families-2024-v4
volkswagen-up,2020,9933,8.49,85.1,79.3,90.8,better,false,motriskindex-families-2024-v4
volvo-c30,2006,1574,39.9,91.9,84.7,99.1,better,true,motriskindex-families-2024-v4
volvo-c30,2007,31125,41.49,97.6,95.9,99.2,better,false,motriskindex-families-2024-v4
volvo-c30,2008,42080,43.72,105.0,103.5,106.5,worse,false,motriskindex-families-2024-v4
volvo-c30,2009,66821,40.2,100.1,98.9,101.3,no different,false,motriskindex-families-2024-v4
volvo-c30,2010,62391,38.56,99.4,98.2,100.7,no different,false,motriskindex-families-2024-v4
volvo-c30,2011,37485,38.05,102.3,100.6,104.0,worse,false,motriskindex-families-2024-v4
volvo-c30,2012,33378,32.59,93.0,91.2,94.7,better,false,motriskindex-families-2024-v4
volvo-c30,2013,11162,30.16,92.4,89.3,95.6,better,false,motriskindex-families-2024-v4
volvo-c70,1998,364,37.36,103.8,86.3,121.2,no different,true,motriskindex-families-2024-v4
volvo-c70,1999,1062,37.1,101.7,91.7,111.8,no different,true,motriskindex-families-2024-v4
volvo-c70,2000,1926,37.28,99.9,92.6,107.2,no different,true,motriskindex-families-2024-v4
volvo-c70,2001,3594,36.67,96.0,90.8,101.2,no different,true,motriskindex-families-2024-v4
volvo-c70,2002,4456,39.0,98.2,93.6,102.8,no different,false,motriskindex-families-2024-v4
volvo-c70,2003,6976,38.27,93.8,90.2,97.3,better,false,motriskindex-families-2024-v4
volvo-c70,2004,7812,39.44,95.9,92.6,99.3,better,false,motriskindex-families-2024-v4
volvo-c70,2005,5684,37.54,89.0,85.3,92.8,better,false,motriskindex-families-2024-v4
volvo-c70,2006,14838,43.94,103.6,101.1,106.1,worse,false,motriskindex-families-2024-v4
volvo-c70,2007,15795,42.53,100.0,97.6,102.3,no different,false,motriskindex-families-2024-v4
volvo-c70,2008,14180,44.13,104.4,101.8,106.9,worse,false,motriskindex-families-2024-v4
volvo-c70,2009,10828,41.87,103.0,100.0,106.0,no different,false,motriskindex-families-2024-v4
volvo-c70,2010,8571,37.76,97.5,94.1,100.9,no different,false,motriskindex-families-2024-v4
volvo-c70,2011,5571,35.43,97.3,93.1,101.6,no different,false,motriskindex-families-2024-v4
volvo-c70,2012,3143,30.73,90.1,84.4,95.8,better,true,motriskindex-families-2024-v4
volvo-c70,2013,2648,26.47,85.2,78.9,91.5,better,true,motriskindex-families-2024-v4
volvo-s40,1998,1718,50.99,102.8,96.0,109.6,no different,true,motriskindex-families-2024-v4
volvo-s40,1999,2826,51.17,101.3,96.1,106.5,no different,true,motriskindex-families-2024-v4
volvo-s40,2000,4712,46.82,94.9,90.9,98.8,better,false,motriskindex-families-2024-v4
volvo-s40,2001,6948,47.29,97.2,93.9,100.6,no different,false,motriskindex-families-2024-v4
volvo-s40,2002,10041,48.87,101.4,98.6,104.3,no different,false,motriskindex-families-2024-v4
volvo-s40,2003,14195,50.62,105.9,103.5,108.4,worse,false,motriskindex-families-2024-v4
volvo-s40,2004,23099,48.86,104.2,102.3,106.2,worse,false,motriskindex-families-2024-v4
volvo-s40,2005,28500,44.99,98.3,96.6,100.0,no different,false,motriskindex-families-2024-v4
volvo-s40,2006,29347,41.48,93.1,91.4,94.7,better,false,motriskindex-families-2024-v4
volvo-s40,2007,29292,41.53,95.6,93.9,97.3,better,false,motriskindex-families-2024-v4
volvo-s40,2008,43264,42.37,99.9,98.5,101.4,no different,false,motriskindex-families-2024-v4
volvo-s40,2009,32943,40.16,98.1,96.5,99.8,better,false,motriskindex-families-2024-v4
volvo-s40,2010,26572,39.4,99.6,97.7,101.5,no different,false,motriskindex-families-2024-v4
volvo-s40,2011,18194,39.04,102.3,99.9,104.6,no different,false,motriskindex-families-2024-v4
volvo-s40,2012,15155,35.35,96.3,93.7,98.9,better,false,motriskindex-families-2024-v4
volvo-s40,2013,381,38.06,108.1,90.5,125.7,no different,true,motriskindex-families-2024-v4
volvo-s60,2000,404,41.58,94.6,80.3,108.9,no different,true,motriskindex-families-2024-v4
volvo-s60,2001,5602,45.73,104.4,100.4,108.5,worse,false,motriskindex-families-2024-v4
volvo-s60,2002,13753,43.61,99.8,97.3,102.3,no different,false,motriskindex-families-2024-v4
volvo-s60,2003,18253,45.6,103.8,101.6,106.1,worse,false,motriskindex-families-2024-v4
volvo-s60,2004,20517,43.75,100.9,98.8,103.0,no different,false,motriskindex-families-2024-v4
volvo-s60,2005,21741,40.27,94.7,92.7,96.7,better,false,motriskindex-families-2024-v4
volvo-s60,2006,15799,39.68,97.5,95.1,99.9,better,false,motriskindex-families-2024-v4
volvo-s60,2007,9188,39.55,103.6,100.2,107.0,worse,false,motriskindex-families-2024-v4
volvo-s60,2008,4558,37.6,107.2,102.1,112.2,worse,false,motriskindex-families-2024-v4
volvo-s60,2009,697,36.01,109.8,96.2,123.3,no different,true,motriskindex-families-2024-v4
volvo-s60,2010,8054,24.53,81.6,78.0,85.2,better,false,motriskindex-families-2024-v4
volvo-s60,2011,22504,26.48,95.3,92.9,97.7,better,false,motriskindex-families-2024-v4
volvo-s60,2012,21042,27.74,108.2,105.5,111.0,worse,false,motriskindex-families-2024-v4
volvo-s60,2013,16629,23.69,100.1,97.0,103.2,no different,false,motriskindex-families-2024-v4
volvo-s60,2014,16695,21.58,99.1,95.9,102.3,no different,false,motriskindex-families-2024-v4
volvo-s60,2015,14488,19.23,97.7,94.1,101.4,no different,false,motriskindex-families-2024-v4
volvo-s60,2016,13644,18.07,104.5,100.4,108.7,worse,false,motriskindex-families-2024-v4
volvo-s60,2017,10462,15.19,96.4,91.7,101.2,no different,false,motriskindex-families-2024-v4
volvo-s60,2018,6400,14.73,99.8,93.4,106.2,no different,false,motriskindex-families-2024-v4
volvo-s60,2019,5740,10.44,77.1,70.9,83.2,better,false,motriskindex-families-2024-v4
volvo-s60,2020,3311,11.02,88.9,79.8,98.0,better,true,motriskindex-families-2024-v4
volvo-s80,1999,1214,43.66,102.1,93.4,110.8,no different,true,motriskindex-families-2024-v4
volvo-s80,2000,2176,44.58,104.9,98.3,111.5,no different,true,motriskindex-families-2024-v4
volvo-s80,2001,4496,44.26,103.9,99.3,108.5,no different,false,motriskindex-families-2024-v4
volvo-s80,2002,6432,43.19,102.8,99.0,106.7,no different,false,motriskindex-families-2024-v4
volvo-s80,2003,7989,41.13,100.4,97.0,103.9,no different,false,motriskindex-families-2024-v4
volvo-s80,2004,7576,40.23,102.3,98.7,105.9,no different,false,motriskindex-families-2024-v4
volvo-s80,2005,7605,39.03,104.2,100.5,108.0,worse,false,motriskindex-families-2024-v4
volvo-s80,2006,5402,32.58,94.2,89.8,98.6,better,false,motriskindex-families-2024-v4
volvo-s80,2007,10787,30.75,93.6,90.4,96.8,better,false,motriskindex-families-2024-v4
volvo-s80,2008,9154,29.7,96.8,93.1,100.4,no different,false,motriskindex-families-2024-v4
volvo-s80,2009,5853,28.99,99.2,94.4,103.9,no different,false,motriskindex-families-2024-v4
volvo-s80,2010,7248,26.89,97.1,92.8,101.4,no different,false,motriskindex-families-2024-v4
volvo-s80,2011,5092,25.61,98.4,93.0,103.7,no different,false,motriskindex-families-2024-v4
volvo-s80,2012,4155,25.7,107.0,100.6,113.5,worse,true,motriskindex-families-2024-v4
volvo-s80,2013,4972,21.62,97.7,91.8,103.5,no different,false,motriskindex-families-2024-v4
volvo-s80,2014,4377,17.66,89.2,82.9,95.5,better,true,motriskindex-families-2024-v4
volvo-s80,2015,4412,14.87,86.7,80.1,93.3,better,false,motriskindex-families-2024-v4
volvo-s80,2016,1625,13.6,87.7,76.1,99.2,better,true,motriskindex-families-2024-v4
volvo-s90,2016,2888,13.64,110.5,99.6,121.4,no different,true,motriskindex-families-2024-v4
volvo-s90,2017,13087,11.32,97.1,92.1,102.0,no different,false,motriskindex-families-2024-v4
volvo-s90,2018,17820,10.81,98.7,94.3,103.1,no different,false,motriskindex-families-2024-v4
volvo-s90,2019,10936,11.57,110.4,104.3,116.5,worse,false,motriskindex-families-2024-v4
volvo-s90,2020,3116,11.1,110.4,98.8,122.0,no different,true,motriskindex-families-2024-v4
volvo-v40,1998,1624,58.0,107.3,100.4,114.1,worse,true,motriskindex-families-2024-v4
volvo-v40,1999,3370,54.66,102.5,97.8,107.1,no different,true,motriskindex-families-2024-v4
volvo-v40,2000,5508,50.84,95.4,91.9,98.9,better,false,motriskindex-families-2024-v4
volvo-v40,2001,10822,50.14,94.4,91.9,96.9,better,false,motriskindex-families-2024-v4
volvo-v40,2002,15516,52.4,97.1,95.0,99.3,better,false,motriskindex-families-2024-v4
volvo-v40,2003,20442,53.99,99.3,97.4,101.1,no different,false,motriskindex-families-2024-v4
volvo-v40,2004,15441,53.9,97.9,95.8,100.0,no different,false,motriskindex-families-2024-v4
volvo-v40,2012,27031,30.72,100.7,98.6,102.9,no different,false,motriskindex-families-2024-v4
volvo-v40,2013,127551,28.24,98.7,97.7,99.8,better,false,motriskindex-families-2024-v4
volvo-v40,2014,180368,28.15,106.2,105.2,107.1,worse,false,motriskindex-families-2024-v4
volvo-v40,2015,173860,25.6,107.6,106.6,108.6,worse,false,motriskindex-families-2024-v4
volvo-v40,2016,170840,20.25,98.1,97.0,99.1,better,false,motriskindex-families-2024-v4
volvo-v40,2017,129515,16.99,91.4,90.1,92.6,better,false,motriskindex-families-2024-v4
volvo-v40,2018,91295,16.2,94.4,92.8,95.9,better,false,motriskindex-families-2024-v4
volvo-v40,2019,41664,14.0,92.4,90.0,94.8,better,false,motriskindex-families-2024-v4
volvo-v50,2004,16260,49.12,102.8,100.5,105.0,worse,false,motriskindex-families-2024-v4
volvo-v50,2005,37508,48.41,102.4,100.9,103.9,worse,false,motriskindex-families-2024-v4
volvo-v50,2006,43452,44.22,95.3,94.0,96.7,better,false,motriskindex-families-2024-v4
volvo-v50,2007,42532,44.68,98.0,96.6,99.4,better,false,motriskindex-families-2024-v4
volvo-v50,2008,74847,45.44,102.0,100.9,103.0,worse,false,motriskindex-families-2024-v4
volvo-v50,2009,61179,42.41,98.0,96.8,99.2,better,false,motriskindex-families-2024-v4
volvo-v50,2010,59748,41.28,98.8,97.5,100.0,no different,false,motriskindex-families-2024-v4
volvo-v50,2011,50215,41.22,101.5,100.2,102.9,worse,false,motriskindex-families-2024-v4
volvo-v50,2012,35687,37.82,96.0,94.4,97.6,better,false,motriskindex-families-2024-v4
volvo-v60,2010,2532,25.12,85.1,78.4,91.7,better,true,motriskindex-families-2024-v4
volvo-v60,2011,29455,28.48,100.6,98.4,102.7,no different,false,motriskindex-families-2024-v4
volvo-v60,2012,51884,29.73,111.2,109.5,113.0,worse,false,motriskindex-families-2024-v4
volvo-v60,2013,39866,24.28,98.8,96.8,100.7,no different,false,motriskindex-families-2024-v4
volvo-v60,2014,41163,21.98,98.3,96.2,100.3,no different,false,motriskindex-families-2024-v4
volvo-v60,2015,37041,19.32,95.7,93.5,98.0,better,false,motriskindex-families-2024-v4
volvo-v60,2016,42500,18.28,100.8,98.6,103.1,no different,false,motriskindex-families-2024-v4
volvo-v60,2017,30132,16.84,101.8,99.0,104.6,no different,false,motriskindex-families-2024-v4
volvo-v60,2018,27091,14.43,93.5,90.5,96.4,better,false,motriskindex-families-2024-v4
volvo-v60,2019,24216,13.83,95.6,92.3,98.8,better,false,motriskindex-families-2024-v4
volvo-v60,2020,9248,12.55,90.7,85.5,95.9,better,false,motriskindex-families-2024-v4
volvo-v70,1998,6180,48.41,98.9,95.4,102.4,no different,false,motriskindex-families-2024-v4
volvo-v70,1999,10588,45.81,94.5,91.9,97.2,better,false,motriskindex-families-2024-v4
volvo-v70,2000,19150,46.07,95.7,93.7,97.7,better,false,motriskindex-families-2024-v4
volvo-v70,2001,27200,49.27,103.4,101.7,105.2,worse,false,motriskindex-families-2024-v4
volvo-v70,2002,39827,48.76,103.1,101.7,104.6,worse,false,motriskindex-families-2024-v4
volvo-v70,2003,40358,47.98,103.1,101.7,104.6,worse,false,motriskindex-families-2024-v4
volvo-v70,2004,43889,46.77,103.4,101.9,104.8,worse,false,motriskindex-families-2024-v4
volvo-v70,2005,47414,42.93,98.9,97.5,100.2,no different,false,motriskindex-families-2024-v4
volvo-v70,2006,36279,41.96,102.2,100.6,103.8,worse,false,motriskindex-families-2024-v4
volvo-v70,2007,35130,38.19,99.0,97.3,100.7,no different,false,motriskindex-families-2024-v4
volvo-v70,2008,41774,31.52,88.2,86.7,89.8,better,false,motriskindex-families-2024-v4
volvo-v70,2009,44297,33.41,100.9,99.2,102.5,no different,false,motriskindex-families-2024-v4
volvo-v70,2010,33318,29.49,96.5,94.5,98.4,better,false,motriskindex-families-2024-v4
volvo-v70,2011,23905,27.22,96.7,94.4,99.1,better,false,motriskindex-families-2024-v4
volvo-v70,2012,17627,27.18,105.0,102.0,107.9,worse,false,motriskindex-families-2024-v4
volvo-v70,2013,18874,23.38,99.0,96.1,102.0,no different,false,motriskindex-families-2024-v4
volvo-v70,2014,21871,20.16,94.7,91.9,97.5,better,false,motriskindex-families-2024-v4
volvo-v70,2015,22360,16.47,86.6,83.8,89.3,better,false,motriskindex-families-2024-v4
volvo-v70,2016,8464,15.21,88.9,84.0,93.8,better,false,motriskindex-families-2024-v4
volvo-v90,2016,4766,15.42,101.6,94.2,108.9,no different,false,motriskindex-families-2024-v4
volvo-v90,2017,27689,12.11,88.5,85.5,91.5,better,false,motriskindex-families-2024-v4
volvo-v90,2018,27863,13.37,102.5,99.2,105.8,no different,false,motriskindex-families-2024-v4
volvo-v90,2019,20291,14.57,118.2,113.9,122.4,worse,false,motriskindex-families-2024-v4
volvo-v90,2020,5673,14.17,121.3,112.9,129.6,worse,false,motriskindex-families-2024-v4
volvo-xc40,2018,46459,10.19,101.0,98.1,103.9,no different,false,motriskindex-families-2024-v4
volvo-xc40,2019,76271,10.44,109.4,107.0,111.8,worse,false,motriskindex-families-2024-v4
volvo-xc40,2020,73853,9.34,99.7,97.3,102.0,no different,false,motriskindex-families-2024-v4
volvo-xc60,2008,3080,26.82,88.9,82.8,94.9,better,true,motriskindex-families-2024-v4
volvo-xc60,2009,36284,29.1,98.0,96.1,99.9,better,false,motriskindex-families-2024-v4
volvo-xc60,2010,49345,29.63,102.8,101.1,104.4,worse,false,motriskindex-families-2024-v4
volvo-xc60,2011,51324,28.64,103.6,102.0,105.3,worse,false,motriskindex-families-2024-v4
volvo-xc60,2012,54800,28.33,108.7,107.0,110.4,worse,false,motriskindex-families-2024-v4
volvo-xc60,2013,57351,24.45,102.2,100.5,103.9,worse,false,motriskindex-families-2024-v4
volvo-xc60,2014,98147,22.37,104.8,103.4,106.2,worse,false,motriskindex-families-2024-v4
volvo-xc60,2015,139864,18.85,100.6,99.4,101.8,no different,false,motriskindex-families-2024-v4
volvo-xc60,2016,163620,17.95,110.5,109.3,111.8,worse,false,motriskindex-families-2024-v4
volvo-xc60,2017,142910,13.52,93.6,92.3,95.0,better,false,motriskindex-families-2024-v4
volvo-xc60,2018,76176,10.77,80.9,79.1,82.6,better,false,motriskindex-families-2024-v4
volvo-xc60,2019,56899,10.89,88.4,86.2,90.6,better,false,motriskindex-families-2024-v4
volvo-xc60,2020,24223,9.37,80.4,77.1,83.7,better,false,motriskindex-families-2024-v4
volvo-xc70,2002,1332,46.1,100.9,92.9,108.8,no different,true,motriskindex-families-2024-v4
volvo-xc70,2003,6843,48.09,107.5,103.8,111.1,worse,false,motriskindex-families-2024-v4
volvo-xc70,2004,10678,46.5,107.1,104.1,110.1,worse,false,motriskindex-families-2024-v4
volvo-xc70,2005,16726,41.77,100.8,98.5,103.2,no different,false,motriskindex-families-2024-v4
volvo-xc70,2006,15156,40.93,104.4,101.8,107.0,worse,false,motriskindex-families-2024-v4
volvo-xc70,2007,15971,37.84,103.6,101.0,106.3,worse,false,motriskindex-families-2024-v4
volvo-xc70,2008,11733,29.15,86.6,83.7,89.5,better,false,motriskindex-families-2024-v4
volvo-xc70,2009,11803,27.86,90.1,87.0,93.2,better,false,motriskindex-families-2024-v4
volvo-xc70,2010,16102,27.93,97.7,94.8,100.5,no different,false,motriskindex-families-2024-v4
volvo-xc70,2011,20650,26.65,100.6,98.0,103.3,no different,false,motriskindex-families-2024-v4
volvo-xc70,2012,15036,26.88,110.3,106.9,113.7,worse,false,motriskindex-families-2024-v4
volvo-xc70,2013,17415,22.68,100.4,97.3,103.5,no different,false,motriskindex-families-2024-v4
volvo-xc70,2014,19097,19.18,92.0,89.0,95.0,better,false,motriskindex-families-2024-v4
volvo-xc70,2015,17736,17.08,89.9,86.7,93.1,better,false,motriskindex-families-2024-v4
volvo-xc70,2016,11402,18.18,104.0,99.6,108.5,no different,false,motriskindex-families-2024-v4
volvo-xc90,2003,15482,48.63,104.6,102.3,107.0,worse,false,motriskindex-families-2024-v4
volvo-xc90,2004,40499,46.93,102.4,101.0,103.9,worse,false,motriskindex-families-2024-v4
volvo-xc90,2005,48401,45.35,101.0,99.7,102.4,no different,false,motriskindex-families-2024-v4
volvo-xc90,2006,37738,43.21,99.1,97.6,100.6,no different,false,motriskindex-families-2024-v4
volvo-xc90,2007,35058,42.85,101.9,100.3,103.6,worse,false,motriskindex-families-2024-v4
volvo-xc90,2008,20606,39.75,98.8,96.7,100.9,no different,false,motriskindex-families-2024-v4
volvo-xc90,2009,39540,38.26,99.4,97.8,101.0,no different,false,motriskindex-families-2024-v4
volvo-xc90,2010,69012,37.35,102.2,100.9,103.4,worse,false,motriskindex-families-2024-v4
volvo-xc90,2011,48086,35.8,105.4,103.9,107.0,worse,false,motriskindex-families-2024-v4
volvo-xc90,2012,32901,28.67,93.1,91.2,95.0,better,false,motriskindex-families-2024-v4
volvo-xc90,2013,26727,26.09,94.7,92.5,97.0,better,false,motriskindex-families-2024-v4
volvo-xc90,2014,25372,24.11,100.6,98.1,103.1,no different,false,motriskindex-families-2024-v4
volvo-xc90,2015,30005,18.62,91.2,88.8,93.6,better,false,motriskindex-families-2024-v4
volvo-xc90,2016,58191,16.94,98.6,96.6,100.5,no different,false,motriskindex-families-2024-v4
volvo-xc90,2017,53082,13.76,90.2,88.1,92.3,better,false,motriskindex-families-2024-v4
volvo-xc90,2018,44401,13.43,95.2,92.8,97.6,better,false,motriskindex-families-2024-v4
volvo-xc90,2019,36606,13.6,104.9,102.0,107.8,worse,false,motriskindex-families-2024-v4
volvo-xc90,2020,14927,12.64,104.1,99.4,108.8,no different,false,motriskindex-families-2024-v4
